"Relative Time (Process)","StudyAbroadGPT-7B - system/gpu.0.memoryAllocatedBytes","StudyAbroadGPT-7B - system/gpu.0.memoryAllocatedBytes__MIN","StudyAbroadGPT-7B - system/gpu.0.memoryAllocatedBytes__MAX"
"15.425162786","430833664","430833664","430833664"
"25.411170905","4602068992","4602068992","4602068992"
"35.41650665","4769841152","4769841152","4769841152"
"45.412082953","4950196224","4950196224","4950196224"
"55.411647896","7563247616","7563247616","7563247616"
"65.410750028","7680688128","7680688128","7680688128"
"75.411987443","7726825472","7726825472","7726825472"
"85.411154126","7731019776","7731019776","7731019776"
"95.413444781","7731019776","7731019776","7731019776"
"105.411745891","7731019776","7731019776","7731019776"
"115.41526759","7731019776","7731019776","7731019776"
"125.41274821","7731019776","7731019776","7731019776"
"135.411143151","7814905856","7814905856","7814905856"
"145.411460307","7814905856","7814905856","7814905856"
"155.411179978","7827488768","7827488768","7827488768"
"165.412856815","7827488768","7827488768","7827488768"
"175.411718585","7827488768","7827488768","7827488768"
"185.417926847","7827488768","7827488768","7827488768"
"195.416734093","7827488768","7827488768","7827488768"
"205.412168924","7827488768","7827488768","7827488768"
"215.412241878","7827488768","7827488768","7827488768"
"225.410963416","7827488768","7827488768","7827488768"
"235.410916983","7827488768","7827488768","7827488768"
"245.412930809","7827488768","7827488768","7827488768"
"255.413412871","7827488768","7827488768","7827488768"
"265.413962464","7827488768","7827488768","7827488768"
"275.411847665","7827488768","7827488768","7827488768"
"285.412324095","7827488768","7827488768","7827488768"
"295.411800343","7827488768","7827488768","7827488768"
"305.410990462","7827488768","7827488768","7827488768"
"315.411803627","7827488768","7827488768","7827488768"
"325.411617658","7827488768","7827488768","7827488768"
"335.411659993","7827488768","7827488768","7827488768"
"345.411543407","7827488768","7827488768","7827488768"
"355.413576806","7827488768","7827488768","7827488768"
"365.413375701","7827488768","7827488768","7827488768"
"375.411880802","7827488768","7827488768","7827488768"
"385.411386865","7827488768","7827488768","7827488768"
"395.411922033","7827488768","7827488768","7827488768"
"405.411579238","7827488768","7827488768","7827488768"
"415.413208171","7827488768","7827488768","7827488768"
"425.411391685","7827488768","7827488768","7827488768"
"435.420564496","7827488768","7827488768","7827488768"
"445.411278326","7827488768","7827488768","7827488768"
"455.41154727","7827488768","7827488768","7827488768"
"465.411873358","7827488768","7827488768","7827488768"
"475.411543309","7827488768","7827488768","7827488768"
"485.411307525","7827488768","7827488768","7827488768"
"495.414186389","7827488768","7827488768","7827488768"
"505.411627115","7827488768","7827488768","7827488768"
"515.411643092","7827488768","7827488768","7827488768"
"525.411536543","7827488768","7827488768","7827488768"
"535.411961667","7827488768","7827488768","7827488768"
"545.414903766","7827488768","7827488768","7827488768"
"555.411574335","7827488768","7827488768","7827488768"
"565.411605238","7827488768","7827488768","7827488768"
"575.411886907","7827488768","7827488768","7827488768"
"585.411148157","7827488768","7827488768","7827488768"
"595.411790811","7827488768","7827488768","7827488768"
"605.412844287","7827488768","7827488768","7827488768"
"615.410959963","7827488768","7827488768","7827488768"
"625.411152162","7827488768","7827488768","7827488768"
"635.41115456","7827488768","7827488768","7827488768"
"645.411396866","7827488768","7827488768","7827488768"
"655.411215965","7827488768","7827488768","7827488768"
"665.411447617","7827488768","7827488768","7827488768"
"675.411708735","7829585920","7829585920","7829585920"
"685.413250269","7829585920","7829585920","7829585920"
"695.415712913","7829585920","7829585920","7829585920"
"705.414790098","7829585920","7829585920","7829585920"
"715.416117331","7829585920","7829585920","7829585920"
"725.41243373","7829585920","7829585920","7829585920"
"735.412204049","7829585920","7829585920","7829585920"
"745.422772159","7829585920","7829585920","7829585920"
"755.41140016","7829585920","7829585920","7829585920"
"765.413200131","7829585920","7829585920","7829585920"
"775.411287526","7829585920","7829585920","7829585920"
"785.413768296","7829585920","7829585920","7829585920"
"795.414209559","7829585920","7829585920","7829585920"
"805.410863026","7829585920","7829585920","7829585920"
"815.418935021","7829585920","7829585920","7829585920"
"825.411161662","7829585920","7829585920","7829585920"
"835.411784927","7829585920","7829585920","7829585920"
"845.411410987","7829585920","7829585920","7829585920"
"855.411450387","7829585920","7829585920","7829585920"
"865.411566001","7829585920","7829585920","7829585920"
"875.411758451","7829585920","7829585920","7829585920"
"885.411256187","7829585920","7829585920","7829585920"
"895.413545923","7829585920","7829585920","7829585920"
"905.414758753","7829585920","7829585920","7829585920"
"915.414766365","7829585920","7829585920","7829585920"
"925.411433485","7829585920","7829585920","7829585920"
"935.416039687","7829585920","7829585920","7829585920"
"945.415146133","7829585920","7829585920","7829585920"
"955.411211883","7829585920","7829585920","7829585920"
"965.410949956","7829585920","7829585920","7829585920"
"975.411458911","7829585920","7829585920","7829585920"
"985.41217042","7829585920","7829585920","7829585920"
"995.410882181","7829585920","7829585920","7829585920"
"1005.416159593","7829585920","7829585920","7829585920"
"1015.417560419","7829585920","7829585920","7829585920"
"1025.41220331","7829585920","7829585920","7829585920"
"1035.412366807","7829585920","7829585920","7829585920"
"1045.411945639","7829585920","7829585920","7829585920"
"1055.411855749","7829585920","7829585920","7829585920"
"1065.411972843","7829585920","7829585920","7829585920"
"1075.414148612","7829585920","7829585920","7829585920"
"1085.412118514","7829585920","7829585920","7829585920"
"1095.411621803","7829585920","7829585920","7829585920"
"1105.411358289","7829585920","7829585920","7829585920"
"1165.411526091","7829585920","7829585920","7829585920"
"1175.411280377","9540861952","9540861952","9540861952"
"1185.411684127","10778181632","10778181632","10778181632"
"1195.411098065","11294081024","11294081024","11294081024"
"1205.411416427","11367481344","11367481344","11367481344"
"1215.414845045","11369578496","11369578496","11369578496"
"1225.416654044","11369578496","11369578496","11369578496"
"1235.421953468","11369578496","11369578496","11369578496"
"1245.412685559","11369578496","11369578496","11369578496"
"1255.411782876","11369578496","11369578496","11369578496"
"1265.417403917","11451367424","11451367424","11451367424"
"1275.412366462","11451367424","11451367424","11451367424"
"1285.412067447","11459756032","11459756032","11459756032"
"1295.412269139","11463950336","11463950336","11463950336"
"1305.414049776","11463950336","11463950336","11463950336"
"1315.412324033","11463950336","11463950336","11463950336"
"1325.411433718","11463950336","11463950336","11463950336"
"1335.411620528","11463950336","11463950336","11463950336"
"1345.42071848","11463950336","11463950336","11463950336"
"1355.411978755","11463950336","11463950336","11463950336"
"1365.411280973","11463950336","11463950336","11463950336"
"1375.411685197","11463950336","11463950336","11463950336"
"1385.412401337","11463950336","11463950336","11463950336"
"1395.413757554","11463950336","11463950336","11463950336"
"1405.415982389","11463950336","11463950336","11463950336"
"1415.414811241","11463950336","11463950336","11463950336"
"1425.411018948","11463950336","11463950336","11463950336"
"1435.417357699","11463950336","11463950336","11463950336"
"1445.412702813","11463950336","11463950336","11463950336"
"1455.411861168","11463950336","11463950336","11463950336"
"1465.411470573","11463950336","11463950336","11463950336"
"1475.416475973","11463950336","11463950336","11463950336"
"1485.411978191","11463950336","11463950336","11463950336"
"1495.411225047","11463950336","11463950336","11463950336"
"1505.411418593","11463950336","11463950336","11463950336"
"1515.412096692","11463950336","11463950336","11463950336"
"1525.411797115","11463950336","11463950336","11463950336"
"1535.41215091","11463950336","11463950336","11463950336"
"1545.411575285","11463950336","11463950336","11463950336"
"1555.413502788","11463950336","11463950336","11463950336"
"1565.411770218","11463950336","11463950336","11463950336"
"1575.411377596","11463950336","11463950336","11463950336"
"1585.413201754","11463950336","11463950336","11463950336"
"1595.41208573","11463950336","11463950336","11463950336"
"1605.411505287","11463950336","11463950336","11463950336"
"1615.41119377","11463950336","11463950336","11463950336"
"1625.414853191","11463950336","11463950336","11463950336"
"1635.411561774","11463950336","11463950336","11463950336"
"1645.411175304","11463950336","11463950336","11463950336"
"1655.414889588","11463950336","11463950336","11463950336"
"1665.412189542","11463950336","11463950336","11463950336"
"1675.411589644","11463950336","11463950336","11463950336"
"1685.411341906","11463950336","11463950336","11463950336"
"1695.41133584","11463950336","11463950336","11463950336"
"1705.411849433","11463950336","11463950336","11463950336"
"1715.411816956","11463950336","11463950336","11463950336"
"1725.411594798","11463950336","11463950336","11463950336"
"1735.411436234","11463950336","11463950336","11463950336"
"1745.412907621","11463950336","11463950336","11463950336"
"1755.412017972","11463950336","11463950336","11463950336"
"1765.412928491","11463950336","11463950336","11463950336"
"1775.411452888","11463950336","11463950336","11463950336"
"1785.41129968","11463950336","11463950336","11463950336"
"1795.411356581","11463950336","11463950336","11463950336"
"1805.41169315","11466047488","11466047488","11466047488"
"1815.412798172","11466047488","11466047488","11466047488"
"1825.411378939","11466047488","11466047488","11466047488"
"1835.411087002","11466047488","11466047488","11466047488"
"1845.415328485","11466047488","11466047488","11466047488"
"1855.412131859","11466047488","11466047488","11466047488"
"1865.411642772","11466047488","11466047488","11466047488"
"1875.411685599","11466047488","11466047488","11466047488"
"1885.415151084","11466047488","11466047488","11466047488"
"1895.410943346","11466047488","11466047488","11466047488"
"1905.411863177","11466047488","11466047488","11466047488"
"1915.414444999","11466047488","11466047488","11466047488"
"1925.411661817","11466047488","11466047488","11466047488"
"1935.411822146","11466047488","11466047488","11466047488"
"1945.410928452","11466047488","11466047488","11466047488"
"1955.411954203","11466047488","11466047488","11466047488"
"1965.411688597","11466047488","11466047488","11466047488"
"1975.411296676","11466047488","11466047488","11466047488"
"1985.411615627","11466047488","11466047488","11466047488"
"1995.411671586","11466047488","11466047488","11466047488"
"2005.411340933","11466047488","11466047488","11466047488"
"2015.411535953","11466047488","11466047488","11466047488"
"2025.419728547","11466047488","11466047488","11466047488"
"2035.416590021","11466047488","11466047488","11466047488"
"2045.410984659","11466047488","11466047488","11466047488"
"2055.410947966","11466047488","11466047488","11466047488"
"2065.417816842","11466047488","11466047488","11466047488"
"2075.41819205","11466047488","11466047488","11466047488"
"2085.411611926","11466047488","11466047488","11466047488"
"2095.412664482","11466047488","11466047488","11466047488"
"2105.413740336","11466047488","11466047488","11466047488"
"2115.412671575","11466047488","11466047488","11466047488"
"2125.411266492","11466047488","11466047488","11466047488"
"2135.412028954","11466047488","11466047488","11466047488"
"2145.412587752","11466047488","11466047488","11466047488"
"2155.416712195","11466047488","11466047488","11466047488"
"2165.411165136","11466047488","11466047488","11466047488"
"2175.411513244","11466047488","11466047488","11466047488"
"2185.412031306","11466047488","11466047488","11466047488"
"2195.410952215","11466047488","11466047488","11466047488"
"2205.411903602","11466047488","11466047488","11466047488"
"2215.414278402","11466047488","11466047488","11466047488"
"2225.412007559","11466047488","11466047488","11466047488"
"2235.411102679","11466047488","11466047488","11466047488"
"2245.411622578","11466047488","11466047488","11466047488"
"2255.418894774","11466047488","11466047488","11466047488"
"2265.414956628","11466047488","11466047488","11466047488"
"2275.41184301","11466047488","11466047488","11466047488"
"2285.410963977","11466047488","11466047488","11466047488"
"2295.412530662","11466047488","11466047488","11466047488"
"2305.412772184","11466047488","11466047488","11466047488"
"2315.411893112","11466047488","11466047488","11466047488"
"2325.412098662","11466047488","11466047488","11466047488"
"2335.411781539","11466047488","11466047488","11466047488"
"2345.413673703","11466047488","11466047488","11466047488"
"2355.411483871","11466047488","11466047488","11466047488"
"2365.414724332","11466047488","11466047488","11466047488"
"2375.411127442","11466047488","11466047488","11466047488"
"2385.412079876","11466047488","11466047488","11466047488"
"2395.413505507","11466047488","11466047488","11466047488"
"2405.411173636","11466047488","11466047488","11466047488"
"2415.411728608","11466047488","11466047488","11466047488"
"2425.41421959","11466047488","11466047488","11466047488"
"2435.411555875","11466047488","11466047488","11466047488"
"2445.412270359","11466047488","11466047488","11466047488"
"2455.415381257","11466047488","11466047488","11466047488"
"2465.411972076","11466047488","11466047488","11466047488"
"2475.411609934","11466047488","11466047488","11466047488"
"2485.420319276","11466047488","11466047488","11466047488"
"2495.412461321","11466047488","11466047488","11466047488"
"2505.411227115","11466047488","11466047488","11466047488"
"2515.412221748","11466047488","11466047488","11466047488"
"2525.41166809","11466047488","11466047488","11466047488"
"2535.411933454","11466047488","11466047488","11466047488"
"2545.411108089","11466047488","11466047488","11466047488"
"2555.415908782","11466047488","11466047488","11466047488"
"2565.41164305","11466047488","11466047488","11466047488"
"2575.411383217","11466047488","11466047488","11466047488"
"2585.411887438","11466047488","11466047488","11466047488"
"2595.411575131","11466047488","11466047488","11466047488"
"2605.412543687","11466047488","11466047488","11466047488"
"2615.412879141","11466047488","11466047488","11466047488"
"2625.412219673","11466047488","11466047488","11466047488"
"2635.415326391","11466047488","11466047488","11466047488"
"2645.412669842","11466047488","11466047488","11466047488"
"2655.414269862","11466047488","11466047488","11466047488"
"2665.411804598","11466047488","11466047488","11466047488"
"2675.412909718","11466047488","11466047488","11466047488"
"2685.41492717","11466047488","11466047488","11466047488"
"2695.415691622","11466047488","11466047488","11466047488"
"2705.411692869","11466047488","11466047488","11466047488"
"2715.417262523","11466047488","11466047488","11466047488"
"2725.411737993","11466047488","11466047488","11466047488"
"2735.416437092","11466047488","11466047488","11466047488"
"2745.412202607","11466047488","11466047488","11466047488"
"2755.412723218","11466047488","11466047488","11466047488"
"2765.413595791","11466047488","11466047488","11466047488"
"2775.411016321","11466047488","11466047488","11466047488"
"2785.412239832","11466047488","11466047488","11466047488"
"2795.412653782","11466047488","11466047488","11466047488"
"2805.41127622","11466047488","11466047488","11466047488"
"2815.411299777","11466047488","11466047488","11466047488"
"2825.414858823","11466047488","11466047488","11466047488"
"2835.411694564","11466047488","11466047488","11466047488"
"2845.410824718","11466047488","11466047488","11466047488"
"2855.411135127","11466047488","11466047488","11466047488"
"2865.413289655","11466047488","11466047488","11466047488"
"2875.411754195","11466047488","11466047488","11466047488"
"2885.411952961","11466047488","11466047488","11466047488"
"2895.410986276","11466047488","11466047488","11466047488"
"2905.418403418","11466047488","11466047488","11466047488"
"2915.414726061","11466047488","11466047488","11466047488"
"2925.412528514","11466047488","11466047488","11466047488"
"2935.411922667","11466047488","11466047488","11466047488"
"2945.411438928","11466047488","11466047488","11466047488"
"2955.419458695","11466047488","11466047488","11466047488"
"2965.41245981","11466047488","11466047488","11466047488"
"2975.411159761","11466047488","11466047488","11466047488"
"2985.4129458","11466047488","11466047488","11466047488"
"2995.411836221","11466047488","11466047488","11466047488"
"3005.411503274","11466047488","11466047488","11466047488"
"3015.41202553","11466047488","11466047488","11466047488"
"3025.412129055","11466047488","11466047488","11466047488"
"3035.41113689","11466047488","11466047488","11466047488"
"3045.412566135","11466047488","11466047488","11466047488"
"3055.41143894","11466047488","11466047488","11466047488"
"3065.41114961","11466047488","11466047488","11466047488"
"3075.411812485","11466047488","11466047488","11466047488"
"3085.411781058","11466047488","11466047488","11466047488"
"3095.411323811","11466047488","11466047488","11466047488"
"3105.413356756","11466047488","11466047488","11466047488"
"3115.411721513","11468144640","11468144640","11468144640"
"3125.411144028","11468144640","11468144640","11468144640"
"3135.410916046","11468144640","11468144640","11468144640"
"3145.412565269","11468144640","11468144640","11468144640"
"3155.411772288","11468144640","11468144640","11468144640"
"3165.41139911","11468144640","11468144640","11468144640"
"3175.411626393","11468144640","11468144640","11468144640"
"3185.415291662","11468144640","11468144640","11468144640"
"3195.418259217","11468144640","11468144640","11468144640"
"3205.413663598","11468144640","11468144640","11468144640"
"3215.411990932","11468144640","11468144640","11468144640"
"3225.415938272","11468144640","11468144640","11468144640"
"3235.414777553","11468144640","11468144640","11468144640"
"3245.412894779","11468144640","11468144640","11468144640"
"3255.412327642","11468144640","11468144640","11468144640"
"3265.416183394","11468144640","11468144640","11468144640"
"3275.415586583","11468144640","11468144640","11468144640"
"3285.411374381","11468144640","11468144640","11468144640"
"3295.411724031","11468144640","11468144640","11468144640"
"3305.415908253","11468144640","11468144640","11468144640"
"3315.411827801","11468144640","11468144640","11468144640"
"3325.412928082","11468144640","11468144640","11468144640"
"3335.412504007","11468144640","11468144640","11468144640"
"3345.411899448","11468144640","11468144640","11468144640"
"3355.415283073","11468144640","11468144640","11468144640"
"3365.412171197","11468144640","11468144640","11468144640"
"3375.411887322","11468144640","11468144640","11468144640"
"3385.415729345","11468144640","11468144640","11468144640"
"3395.413464974","11468144640","11468144640","11468144640"
"3405.411836476","11468144640","11468144640","11468144640"
"3415.411663239","11468144640","11468144640","11468144640"
"3425.413046437","11468144640","11468144640","11468144640"
"3435.41222471","11468144640","11468144640","11468144640"
"3445.41202448","11468144640","11468144640","11468144640"
"3455.411501937","11468144640","11468144640","11468144640"
"3465.411740223","11468144640","11468144640","11468144640"
"3475.414189522","11468144640","11468144640","11468144640"
"3485.411418823","11468144640","11468144640","11468144640"
"3495.412666936","11468144640","11468144640","11468144640"
"3505.414221256","11468144640","11468144640","11468144640"
"3515.412248484","11468144640","11468144640","11468144640"
"3525.411449694","11468144640","11468144640","11468144640"
"3535.412392024","11468144640","11468144640","11468144640"
"3545.412229875","11468144640","11468144640","11468144640"
"3555.411300369","11468144640","11468144640","11468144640"
"3565.415825152","11468144640","11468144640","11468144640"
"3575.410949271","11468144640","11468144640","11468144640"
"3585.412363193","11468144640","11468144640","11468144640"
"3595.411394325","11468144640","11468144640","11468144640"
"3605.411601172","11468144640","11468144640","11468144640"
"3615.415986935","11468144640","11468144640","11468144640"
"3625.411864321","11468144640","11468144640","11468144640"
"3635.411411223","11468144640","11468144640","11468144640"
"3645.412200551","11468144640","11468144640","11468144640"
"3655.41381964","11468144640","11468144640","11468144640"
"3665.4120409","11468144640","11468144640","11468144640"
"3675.411426767","11468144640","11468144640","11468144640"
"3685.41247843","11468144640","11468144640","11468144640"
"3695.41121119","11468144640","11468144640","11468144640"
"3705.414031439","11468144640","11468144640","11468144640"
"3715.411874095","11468144640","11468144640","11468144640"
"3725.411789728","11468144640","11468144640","11468144640"
"3735.411520204","11468144640","11468144640","11468144640"
"3745.41126627","11468144640","11468144640","11468144640"
"3755.411623597","11468144640","11468144640","11468144640"
"3765.412567579","11468144640","11468144640","11468144640"
"3775.4123153","11468144640","11468144640","11468144640"
"3785.41610154","11468144640","11468144640","11468144640"
"3795.411575585","11468144640","11468144640","11468144640"
"3805.411674456","11468144640","11468144640","11468144640"
"3815.414091634","11468144640","11468144640","11468144640"
"3825.411660241","11468144640","11468144640","11468144640"
"3835.411720595","11468144640","11468144640","11468144640"
"3845.411603942","11468144640","11468144640","11468144640"
"3855.411410609","11468144640","11468144640","11468144640"
"3865.412122833","11468144640","11468144640","11468144640"
"3875.411448973","11468144640","11468144640","11468144640"
"3885.411172585","11468144640","11468144640","11468144640"
"3895.412336278","11468144640","11468144640","11468144640"
"3905.411326343","11468144640","11468144640","11468144640"
"3915.411600168","11468144640","11468144640","11468144640"
"3925.411138106","11468144640","11468144640","11468144640"
"3935.414650514","11468144640","11468144640","11468144640"
"3945.411224131","11468144640","11468144640","11468144640"
"3955.411527363","11468144640","11468144640","11468144640"
"3965.411134542","11468144640","11468144640","11468144640"
"3975.411738568","11468144640","11468144640","11468144640"
"3985.411737955","11468144640","11468144640","11468144640"
"3995.411733064","11468144640","11468144640","11468144640"
"4005.411638418","11468144640","11468144640","11468144640"
"4015.411785785","11468144640","11468144640","11468144640"
"4025.416441103","11468144640","11468144640","11468144640"
"4035.412585433","11468144640","11468144640","11468144640"
"4045.411685431","11468144640","11468144640","11468144640"
"4055.411179653","11468144640","11468144640","11468144640"
"4065.411197727","11468144640","11468144640","11468144640"
"4075.412704652","11468144640","11468144640","11468144640"
"4085.411683538","11468144640","11468144640","11468144640"
"4095.416198941","11468144640","11468144640","11468144640"
"4105.412114284","11468144640","11468144640","11468144640"
"4115.411753024","11468144640","11468144640","11468144640"
"4125.411903796","11468144640","11468144640","11468144640"
"4135.411431945","11468144640","11468144640","11468144640"
"4145.414139948","11468144640","11468144640","11468144640"
"4155.414993476","11468144640","11468144640","11468144640"
"4165.411279047","11468144640","11468144640","11468144640"
"4175.41092232","11468144640","11468144640","11468144640"
"4185.411775702","11468144640","11468144640","11468144640"
"4195.411983621","11468144640","11468144640","11468144640"
"4205.411901324","11468144640","11468144640","11468144640"
"4215.412958295","11468144640","11468144640","11468144640"
"4225.411759082","11468144640","11468144640","11468144640"
"4235.414241777","11468144640","11468144640","11468144640"
"4245.411837143","11468144640","11468144640","11468144640"
"4255.412181322","11468144640","11468144640","11468144640"
"4265.411068585","11468144640","11468144640","11468144640"
"4275.414172243","11468144640","11468144640","11468144640"
"4285.412727077","11468144640","11468144640","11468144640"
"4295.412047745","11468144640","11468144640","11468144640"
"4305.412316981","11468144640","11468144640","11468144640"
"4315.410896534","11468144640","11468144640","11468144640"
"4325.411141583","11468144640","11468144640","11468144640"
"4335.411796243","11468144640","11468144640","11468144640"
"4345.414026569","11468144640","11468144640","11468144640"
"4355.411444373","11468144640","11468144640","11468144640"
"4365.412180272","11468144640","11468144640","11468144640"
"4375.415355515","11468144640","11468144640","11468144640"
"4385.410981157","11468144640","11468144640","11468144640"
"4395.411910005","11468144640","11468144640","11468144640"
"4405.411313303","11468144640","11468144640","11468144640"
"4415.412789567","11468144640","11468144640","11468144640"
"4425.411631902","11468144640","11468144640","11468144640"
"4435.411403519","11468144640","11468144640","11468144640"
"4445.411445977","11468144640","11468144640","11468144640"
"4455.410982678","11468144640","11468144640","11468144640"
"4465.411938311","11468144640","11468144640","11468144640"
"4475.416395645","11468144640","11468144640","11468144640"
"4485.411582772","11468144640","11468144640","11468144640"
"4495.41144944","11468144640","11468144640","11468144640"
"4505.411692229","11468144640","11468144640","11468144640"
"4515.411985858","11468144640","11468144640","11468144640"
"4525.412561691","11468144640","11468144640","11468144640"
"4535.411802924","11468144640","11468144640","11468144640"
"4545.412233711","11468144640","11468144640","11468144640"
"4555.411343626","11468144640","11468144640","11468144640"
"4565.417542099","11468144640","11468144640","11468144640"
"4575.414976976","11468144640","11468144640","11468144640"
"4585.411935821","11468144640","11468144640","11468144640"
"4595.41091824","11468144640","11468144640","11468144640"
"4605.411597997","11468144640","11468144640","11468144640"
"4615.415628076","11468144640","11468144640","11468144640"
"4625.411628074","11468144640","11468144640","11468144640"
"4635.417137778","11468144640","11468144640","11468144640"
"4645.411522476","11468144640","11468144640","11468144640"
"4655.411107846","11468144640","11468144640","11468144640"
"4665.411556531","11468144640","11468144640","11468144640"
"4675.415020139","11468144640","11468144640","11468144640"
"4685.412048616","11468144640","11468144640","11468144640"
"4695.410947429","11468144640","11468144640","11468144640"
"4705.414130225","11468144640","11468144640","11468144640"
"4715.411427952","11468144640","11468144640","11468144640"
"4725.412731143","11468144640","11468144640","11468144640"
"4735.411486408","11468144640","11468144640","11468144640"
"4745.414613794","11468144640","11468144640","11468144640"
"4755.411465772","11468144640","11468144640","11468144640"
"4765.417970233","11468144640","11468144640","11468144640"
"4775.418225195","11468144640","11468144640","11468144640"
"4785.4125644","11468144640","11468144640","11468144640"
"4795.411198539","11468144640","11468144640","11468144640"
"4805.410995006","11468144640","11468144640","11468144640"
"4815.417311036","11468144640","11468144640","11468144640"
"4825.411859034","11468144640","11468144640","11468144640"
"4835.412154757","11468144640","11468144640","11468144640"
"4845.412242882","11468144640","11468144640","11468144640"
"4855.411421882","11468144640","11468144640","11468144640"
"4865.410760101","11468144640","11468144640","11468144640"
"4875.411271798","11468144640","11468144640","11468144640"
"4885.411845216","11468144640","11468144640","11468144640"
"4895.411696467","11468144640","11468144640","11468144640"
"4905.411156044","11468144640","11468144640","11468144640"
"4915.411613157","11468144640","11468144640","11468144640"
"4925.412454119","11468144640","11468144640","11468144640"
"4935.41094946","11468144640","11468144640","11468144640"
"4945.411097451","11468144640","11468144640","11468144640"
"4955.411075622","11468144640","11468144640","11468144640"
"4965.412198008","11468144640","11468144640","11468144640"
"4975.415365615","11468144640","11468144640","11468144640"
"4985.413327206","11468144640","11468144640","11468144640"
"4995.410899753","11468144640","11468144640","11468144640"
"5005.412497238","11468144640","11468144640","11468144640"
"5015.415762986","11468144640","11468144640","11468144640"
"5025.415778945","11468144640","11468144640","11468144640"
"5035.412575305","11468144640","11468144640","11468144640"
"5045.411197361","11468144640","11468144640","11468144640"
"5055.417270607","11468144640","11468144640","11468144640"
"5065.41254392","11468144640","11468144640","11468144640"
"5075.411879732","11468144640","11468144640","11468144640"
"5085.412316808","11468144640","11468144640","11468144640"
"5095.413861218","11468144640","11468144640","11468144640"
"5105.416465378","11468144640","11468144640","11468144640"
"5115.412833804","11468144640","11468144640","11468144640"
"5125.413131234","11468144640","11468144640","11468144640"
"5135.411910132","11468144640","11468144640","11468144640"
"5145.411282997","11468144640","11468144640","11468144640"
"5155.411852133","11468144640","11468144640","11468144640"
"5165.412187957","11468144640","11468144640","11468144640"
"5175.411423852","11468144640","11468144640","11468144640"
"5185.411780484","11468144640","11468144640","11468144640"
"5195.411876483","11468144640","11468144640","11468144640"
"5205.411728005","11468144640","11468144640","11468144640"
"5215.410897451","11468144640","11468144640","11468144640"
"5225.418901019","11468144640","11468144640","11468144640"
"5235.411601852","11468144640","11468144640","11468144640"
"5245.412196396","11468144640","11468144640","11468144640"
"5255.41341614","11468144640","11468144640","11468144640"
"5265.410942662","11468144640","11468144640","11468144640"
"5275.412392525","11468144640","11468144640","11468144640"
"5285.412361137","11468144640","11468144640","11468144640"
"5295.411828667","11468144640","11468144640","11468144640"
"5305.413166232","11468144640","11468144640","11468144640"
"5315.411453526","11468144640","11468144640","11468144640"
"5325.412625452","11468144640","11468144640","11468144640"
"5335.411909625","11468144640","11468144640","11468144640"
"5345.411741492","11468144640","11468144640","11468144640"
"5355.411398135","11468144640","11468144640","11468144640"
"5365.411649297","11468144640","11468144640","11468144640"
"5375.411434836","11468144640","11468144640","11468144640"
"5385.418016377","11468144640","11468144640","11468144640"
"5395.411334014","11468144640","11468144640","11468144640"
"5405.413813352","11468144640","11468144640","11468144640"
"5415.411733599","11468144640","11468144640","11468144640"
"5425.420727213","11468144640","11468144640","11468144640"
"5435.4114517","11468144640","11468144640","11468144640"
"5445.412683613","11468144640","11468144640","11468144640"
"5455.41219522","11468144640","11468144640","11468144640"
"5465.411952708","11468144640","11468144640","11468144640"
"5475.416679485","11468144640","11468144640","11468144640"
"5485.411533177","11468144640","11468144640","11468144640"
"5495.41327887","11468144640","11468144640","11468144640"
"5505.411426212","11468144640","11468144640","11468144640"
"5515.412216785","11468144640","11468144640","11468144640"
"5525.411577782","11468144640","11468144640","11468144640"
"5535.412939855","11468144640","11468144640","11468144640"
"5545.410899582","11468144640","11468144640","11468144640"
"5555.41386251","11468144640","11468144640","11468144640"
"5565.412568081","11468144640","11468144640","11468144640"
"5575.411995721","11468144640","11468144640","11468144640"
"5585.413962998","11468144640","11468144640","11468144640"
"5595.412749419","11468144640","11468144640","11468144640"
"5605.411272615","11468144640","11468144640","11468144640"
"5615.415209118","11468144640","11468144640","11468144640"
"5625.42277779","11468144640","11468144640","11468144640"
"5635.414624362","11468144640","11468144640","11468144640"
"5645.411048182","11468144640","11468144640","11468144640"
"5655.412284789","11468144640","11468144640","11468144640"
"5665.411319653","11468144640","11468144640","11468144640"
"5675.411776056","11468144640","11468144640","11468144640"
"5685.412801151","11468144640","11468144640","11468144640"
"5695.411079259","11468144640","11468144640","11468144640"
"5705.412101938","11468144640","11468144640","11468144640"
"5715.411631286","11468144640","11468144640","11468144640"
"5725.416782814","11468144640","11468144640","11468144640"
"5735.411292024","11468144640","11468144640","11468144640"
"5745.41214693","11468144640","11468144640","11468144640"
"5755.412486179","11468144640","11468144640","11468144640"
"5765.411470871","11468144640","11468144640","11468144640"
"5775.414051854","11468144640","11468144640","11468144640"
"5785.412592758","11468144640","11468144640","11468144640"
"5795.411126976","11468144640","11468144640","11468144640"
"5805.412426518","11468144640","11468144640","11468144640"
"5815.413858624","11468144640","11468144640","11468144640"
"5825.419230085","11468144640","11468144640","11468144640"
"5835.41283342","11468144640","11468144640","11468144640"
"5845.411376084","11468144640","11468144640","11468144640"
"5855.414410676","11468144640","11468144640","11468144640"
"5865.415347797","11468144640","11468144640","11468144640"
"5875.412254094","11468144640","11468144640","11468144640"
"5885.415112073","11468144640","11468144640","11468144640"
"5895.411499385","11468144640","11468144640","11468144640"
"5905.411079253","11468144640","11468144640","11468144640"
"5915.411417224","11468144640","11468144640","11468144640"
"5925.412710795","11468144640","11468144640","11468144640"
"5935.412456254","11468144640","11468144640","11468144640"
"5945.410947866","11468144640","11468144640","11468144640"
"5955.411235643","11468144640","11468144640","11468144640"
"5965.416361704","11468144640","11468144640","11468144640"
"5975.410777359","11468144640","11468144640","11468144640"
"5985.411006392","11468144640","11468144640","11468144640"
"5995.41181754","11468144640","11468144640","11468144640"
"6005.412070937","11468144640","11468144640","11468144640"
"6015.411909619","11468144640","11468144640","11468144640"
"6025.413377131","11468144640","11468144640","11468144640"
"6035.411676401","11468144640","11468144640","11468144640"
"6045.410853619","11468144640","11468144640","11468144640"
"6055.41190972","11468144640","11468144640","11468144640"
"6065.412305462","11468144640","11468144640","11468144640"
"6075.423772725","11468144640","11468144640","11468144640"
"6085.411243386","11468144640","11468144640","11468144640"
"6095.411784284","11468144640","11468144640","11468144640"
"6105.411341676","11468144640","11468144640","11468144640"
"6115.411651614","11468144640","11468144640","11468144640"
"6125.411677638","11468144640","11468144640","11468144640"
"6135.411516478","11468144640","11468144640","11468144640"
"6145.411421422","11468144640","11468144640","11468144640"
"6155.41355591","11468144640","11468144640","11468144640"
"6165.412135057","11468144640","11468144640","11468144640"
"6175.411787945","11468144640","11468144640","11468144640"
"6185.415005784","11468144640","11468144640","11468144640"
"6195.411557255","11468144640","11468144640","11468144640"
"6205.411214593","11468144640","11468144640","11468144640"
"6215.411932127","11468144640","11468144640","11468144640"
"6225.417741847","11468144640","11468144640","11468144640"
"6235.413190352","11468144640","11468144640","11468144640"
"6245.411644422","11468144640","11468144640","11468144640"
"6255.411667831","11468144640","11468144640","11468144640"
"6265.412938382","11468144640","11468144640","11468144640"
"6275.411980022","11468144640","11468144640","11468144640"
"6285.41162377","11468144640","11468144640","11468144640"
"6295.413141969","11468144640","11468144640","11468144640"
"6305.41214119","11468144640","11468144640","11468144640"
"6315.411573872","11468144640","11468144640","11468144640"
"6325.41235574","11468144640","11468144640","11468144640"
"6335.411625455","11468144640","11468144640","11468144640"
"6345.418116037","11468144640","11468144640","11468144640"
"6355.415880673","11468144640","11468144640","11468144640"
"6365.410776369","11468144640","11468144640","11468144640"
"6375.411448498","11468144640","11468144640","11468144640"
"6385.420605084","11468144640","11468144640","11468144640"
"6395.413899981","11468144640","11468144640","11468144640"
"6405.411811119","11468144640","11468144640","11468144640"
"6415.414862011","11468144640","11468144640","11468144640"
"6425.411411491","11468144640","11468144640","11468144640"
"6435.411152785","11468144640","11468144640","11468144640"
"6445.411743661","11468144640","11468144640","11468144640"
"6455.411372979","11468144640","11468144640","11468144640"
"6465.411605788","11468144640","11468144640","11468144640"
"6475.411836944","11468144640","11468144640","11468144640"
"6485.411213628","11468144640","11468144640","11468144640"
"6495.415892002","11468144640","11468144640","11468144640"
"6505.411350388","11468144640","11468144640","11468144640"
"6515.411723232","11468144640","11468144640","11468144640"
"6525.414254905","11468144640","11468144640","11468144640"
"6535.413709337","11468144640","11468144640","11468144640"
"6545.412772404","11468144640","11468144640","11468144640"
"6555.411687865","11468144640","11468144640","11468144640"
"6565.411246657","11468144640","11468144640","11468144640"
"6575.411448231","11468144640","11468144640","11468144640"
"6585.412792487","11468144640","11468144640","11468144640"
"6595.414748994","11468144640","11468144640","11468144640"
"6605.412676028","11468144640","11468144640","11468144640"
"6615.412675827","11468144640","11468144640","11468144640"
"6625.416235341","11468144640","11468144640","11468144640"
"6635.411263427","11468144640","11468144640","11468144640"
"6645.411835355","11468144640","11468144640","11468144640"
"6655.412236447","11468144640","11468144640","11468144640"
"6665.411761764","11468144640","11468144640","11468144640"
"6675.417607684","11468144640","11468144640","11468144640"
"6685.41166645","11468144640","11468144640","11468144640"
"6695.411712261","11468144640","11468144640","11468144640"
"6705.411005731","11468144640","11468144640","11468144640"
"6715.412565232","11468144640","11468144640","11468144640"
"6725.412787554","11468144640","11468144640","11468144640"
"6735.416417804","11468144640","11468144640","11468144640"
"6745.415216505","11468144640","11468144640","11468144640"
"6755.411204199","11468144640","11468144640","11468144640"
"6765.411202966","11468144640","11468144640","11468144640"
"6775.411068108","11468144640","11468144640","11468144640"
"6785.411322115","11468144640","11468144640","11468144640"
"6795.411360875","11468144640","11468144640","11468144640"
"6805.411529686","11468144640","11468144640","11468144640"
"6815.414144215","11468144640","11468144640","11468144640"
"6825.411785617","11468144640","11468144640","11468144640"
"6835.412175223","11468144640","11468144640","11468144640"
"6845.415324455","11468144640","11468144640","11468144640"
"6855.411459023","11468144640","11468144640","11468144640"
"6865.411381799","11468144640","11468144640","11468144640"
"6875.411450242","11468144640","11468144640","11468144640"
"6885.411733604","11468144640","11468144640","11468144640"
"6895.413631836","11468144640","11468144640","11468144640"
"6905.41220331","11468144640","11468144640","11468144640"
"6915.411367127","11468144640","11468144640","11468144640"
"6925.410833943","11468144640","11468144640","11468144640"
"6935.41803182","11468144640","11468144640","11468144640"
"6945.412048688","11468144640","11468144640","11468144640"
"6955.411623089","11468144640","11468144640","11468144640"
"6965.413185372","11468144640","11468144640","11468144640"
"6975.412107328","11468144640","11468144640","11468144640"
"6985.411434455","11468144640","11468144640","11468144640"
"6995.410864401","11468144640","11468144640","11468144640"
"7005.412443357","11468144640","11468144640","11468144640"
"7015.411427426","11468144640","11468144640","11468144640"
"7025.41210309","11468144640","11468144640","11468144640"
"7035.419625844","11468144640","11468144640","11468144640"
"7045.411399343","11468144640","11468144640","11468144640"
"7055.415930159","11468144640","11468144640","11468144640"
"7065.41183735","11468144640","11468144640","11468144640"
"7075.411509628","11468144640","11468144640","11468144640"
"7085.411428785","11468144640","11468144640","11468144640"
"7095.411191609","11468144640","11468144640","11468144640"
"7105.41104051","11468144640","11468144640","11468144640"
"7115.41147993","11468144640","11468144640","11468144640"
"7125.411825987","11468144640","11468144640","11468144640"
"7135.411696187","11468144640","11468144640","11468144640"
"7145.411368681","11468144640","11468144640","11468144640"
"7155.4117383","11468144640","11468144640","11468144640"
"7165.411690041","11468144640","11468144640","11468144640"
"7175.416513409","11468144640","11468144640","11468144640"
"7185.411794059","11468144640","11468144640","11468144640"
"7195.412335592","11468144640","11468144640","11468144640"
"7205.411831509","11468144640","11468144640","11468144640"
"7215.412346908","11468144640","11468144640","11468144640"
"7225.415303533","11468144640","11468144640","11468144640"
"7235.412866385","11468144640","11468144640","11468144640"
"7245.412006662","11468144640","11468144640","11468144640"
"7255.411298817","11468144640","11468144640","11468144640"
"7265.4117241","11468144640","11468144640","11468144640"
"7275.410917156","11468144640","11468144640","11468144640"
"7285.412436295","11468144640","11468144640","11468144640"
"7295.411912065","11468144640","11468144640","11468144640"
"7305.411876876","11468144640","11468144640","11468144640"
"7315.411560071","11468144640","11468144640","11468144640"
"7325.411895999","11468144640","11468144640","11468144640"
"7335.411633473","11468144640","11468144640","11468144640"
"7345.412173522","11468144640","11468144640","11468144640"
"7355.411106465","11468144640","11468144640","11468144640"
"7365.411327138","11468144640","11468144640","11468144640"
"7375.413843476","11468144640","11468144640","11468144640"
"7385.411946143","11468144640","11468144640","11468144640"
"7395.412888164","11468144640","11468144640","11468144640"
"7405.412625601","11468144640","11468144640","11468144640"
"7415.412719441","11468144640","11468144640","11468144640"
"7425.411336143","11468144640","11468144640","11468144640"
"7435.413130826","11468144640","11468144640","11468144640"
"7445.411457531","11468144640","11468144640","11468144640"
"7455.411512456","11468144640","11468144640","11468144640"
"7465.414218143","11468144640","11468144640","11468144640"
"7475.411607068","11468144640","11468144640","11468144640"
"7485.411280781","11468144640","11468144640","11468144640"
"7495.411382658","11468144640","11468144640","11468144640"
"7505.411700461","11468144640","11468144640","11468144640"
"7515.412408728","11468144640","11468144640","11468144640"
"7525.411258861","11468144640","11468144640","11468144640"
"7535.411417441","11468144640","11468144640","11468144640"
"7545.411048589","11468144640","11468144640","11468144640"
"7555.412241979","11468144640","11468144640","11468144640"
"7565.412256608","11468144640","11468144640","11468144640"
"7575.411906601","11468144640","11468144640","11468144640"
"7585.412449584","11468144640","11468144640","11468144640"
"7595.411447388","11468144640","11468144640","11468144640"
"7605.414672165","11468144640","11468144640","11468144640"
"7615.413399657","11468144640","11468144640","11468144640"
"7625.412545189","11468144640","11468144640","11468144640"
"7635.41557482","11468144640","11468144640","11468144640"
"7645.414348086","11468144640","11468144640","11468144640"
"7655.413136764","11468144640","11468144640","11468144640"
"7665.410798322","11468144640","11468144640","11468144640"
"7675.410886306","11468144640","11468144640","11468144640"
"7685.416125315","11468144640","11468144640","11468144640"
"7695.412294658","11468144640","11468144640","11468144640"
"7705.410853312","11468144640","11468144640","11468144640"
"7715.41142571","11468144640","11468144640","11468144640"
"7725.413213106","11468144640","11468144640","11468144640"
"7735.411717404","11468144640","11468144640","11468144640"
"7745.411833064","11468144640","11468144640","11468144640"
"7755.411779191","11468144640","11468144640","11468144640"
"7765.41184969","11468144640","11468144640","11468144640"
"7775.413807674","11468144640","11468144640","11468144640"
"7785.411687533","11468144640","11468144640","11468144640"
"7795.412236667","11468144640","11468144640","11468144640"
"7805.41168768","11468144640","11468144640","11468144640"
"7815.415570248","11468144640","11468144640","11468144640"
"7825.413615468","11468144640","11468144640","11468144640"
"7835.411497063","11468144640","11468144640","11468144640"
"7845.412361314","11468144640","11468144640","11468144640"
"7855.411014664","11468144640","11468144640","11468144640"
"7865.412445862","11468144640","11468144640","11468144640"
"7875.411252928","11468144640","11468144640","11468144640"
"7885.410986581","11468144640","11468144640","11468144640"
"7895.414295333","11468144640","11468144640","11468144640"
"7905.414170497","11468144640","11468144640","11468144640"
"7915.41139238","11468144640","11468144640","11468144640"
"7925.416415274","11468144640","11468144640","11468144640"
"7935.411765366","11468144640","11468144640","11468144640"
"7945.414294694","11468144640","11468144640","11468144640"
"7955.414652241","11468144640","11468144640","11468144640"
"7965.411041643","11468144640","11468144640","11468144640"
"7975.411325222","11468144640","11468144640","11468144640"
"7985.416624729","11468144640","11468144640","11468144640"
"7995.414535419","11468144640","11468144640","11468144640"
"8005.411576351","11468144640","11468144640","11468144640"
"8015.413032309","11468144640","11468144640","11468144640"
"8025.411588827","11468144640","11468144640","11468144640"
"8035.416859308","11468144640","11468144640","11468144640"
"8045.411701037","11468144640","11468144640","11468144640"
"8055.412420561","11468144640","11468144640","11468144640"
"8065.412158941","11468144640","11468144640","11468144640"
"8075.412423025","11468144640","11468144640","11468144640"
"8085.418446892","11468144640","11468144640","11468144640"
"8095.411314387","11468144640","11468144640","11468144640"
"8105.4155639","11468144640","11468144640","11468144640"
"8115.414093514","11468144640","11468144640","11468144640"
"8125.411886567","11468144640","11468144640","11468144640"
"8135.410859157","11468144640","11468144640","11468144640"
"8145.415673522","11468144640","11468144640","11468144640"
"8155.412759315","11468144640","11468144640","11468144640"
"8165.411234652","11468144640","11468144640","11468144640"
"8175.411925313","11468144640","11468144640","11468144640"
"8185.413569796","11468144640","11468144640","11468144640"
"8195.411776841","11468144640","11468144640","11468144640"
"8205.416342219","11468144640","11468144640","11468144640"
"8215.411248706","11468144640","11468144640","11468144640"
"8225.411947861","11468144640","11468144640","11468144640"
"8235.411797533","11468144640","11468144640","11468144640"
"8245.412213082","11468144640","11468144640","11468144640"
"8255.412224219","11468144640","11468144640","11468144640"
"8265.411098695","11468144640","11468144640","11468144640"
"8275.411443934","11468144640","11468144640","11468144640"
"8285.412239287","11468144640","11468144640","11468144640"
"8295.412050465","11468144640","11468144640","11468144640"
"8305.411856865","11468144640","11468144640","11468144640"
"8315.416549274","11468144640","11468144640","11468144640"
"8325.412105997","11468144640","11468144640","11468144640"
"8335.411138065","11468144640","11468144640","11468144640"
"8345.411598525","11468144640","11468144640","11468144640"
"8355.411294741","11468144640","11468144640","11468144640"
"8365.411464787","11489116160","11489116160","11489116160"
"8375.413021901","11489116160","11489116160","11489116160"
"8385.411708713","11489116160","11489116160","11489116160"
"8395.411462211","11489116160","11489116160","11489116160"
"8405.417415513","11489116160","11489116160","11489116160"
"8415.413142439","11489116160","11489116160","11489116160"
"8425.411938471","11489116160","11489116160","11489116160"
"8435.414227643","11489116160","11489116160","11489116160"
"8445.411174097","11489116160","11489116160","11489116160"
"8455.419267463","11489116160","11489116160","11489116160"
"8465.411260479","11489116160","11489116160","11489116160"
"8475.411243994","11489116160","11489116160","11489116160"
"8485.411709332","11489116160","11489116160","11489116160"
"8495.419633624","11489116160","11489116160","11489116160"
"8505.411948464","11489116160","11489116160","11489116160"
"8515.411644413","11489116160","11489116160","11489116160"
"8525.411198213","11489116160","11489116160","11489116160"
"8535.411918489","11489116160","11489116160","11489116160"
"8545.412198099","11489116160","11489116160","11489116160"
"8555.413325685","11489116160","11489116160","11489116160"
"8565.411727634","11489116160","11489116160","11489116160"
"8575.411193578","11489116160","11489116160","11489116160"
"8585.411909355","11489116160","11489116160","11489116160"
"8595.415168248","11489116160","11489116160","11489116160"
"8605.411580904","11489116160","11489116160","11489116160"
"8615.410890485","11489116160","11489116160","11489116160"
"8625.411589935","11489116160","11489116160","11489116160"
"8635.410986092","11489116160","11489116160","11489116160"
"8645.410963826","11489116160","11489116160","11489116160"
"8655.415330927","11489116160","11489116160","11489116160"
"8665.412265789","11489116160","11489116160","11489116160"
"8675.415963643","11489116160","11489116160","11489116160"
"8685.411135643","11489116160","11489116160","11489116160"
"8695.411977163","11489116160","11489116160","11489116160"
"8705.411701469","11489116160","11489116160","11489116160"
"8715.414989032","11489116160","11489116160","11489116160"
"8725.413671391","11489116160","11489116160","11489116160"
"8735.411950973","11489116160","11489116160","11489116160"
"8745.420402003","11489116160","11489116160","11489116160"
"8755.412885201","11489116160","11489116160","11489116160"
"8765.4110916","11489116160","11489116160","11489116160"
"8775.411341589","11489116160","11489116160","11489116160"
"8785.410864959","11489116160","11489116160","11489116160"
"8795.416774009","11489116160","11489116160","11489116160"
"8805.4116846","11489116160","11489116160","11489116160"
"8815.411653838","11489116160","11489116160","11489116160"
"8825.411435601","11489116160","11489116160","11489116160"
"8835.412579621","11489116160","11489116160","11489116160"
"8845.411558524","11489116160","11489116160","11489116160"
"8855.414882364","11489116160","11489116160","11489116160"
"8865.415814538","11489116160","11489116160","11489116160"
"8875.41196801","11489116160","11489116160","11489116160"
"8885.411297795","11489116160","11489116160","11489116160"
"8895.413409901","11489116160","11489116160","11489116160"
"8905.411681586","11489116160","11489116160","11489116160"
"8915.411824869","11489116160","11489116160","11489116160"
"8925.41188914","11489116160","11489116160","11489116160"
"8935.411015052","11489116160","11489116160","11489116160"
"8945.411812489","11489116160","11489116160","11489116160"
"8955.41542505","11489116160","11489116160","11489116160"
"8965.414522883","11489116160","11489116160","11489116160"
"8975.411463876","11489116160","11489116160","11489116160"
"8985.412053437","11489116160","11489116160","11489116160"
"8995.412824909","11489116160","11489116160","11489116160"
"9005.41178688","11489116160","11489116160","11489116160"
"9015.412437497","11489116160","11489116160","11489116160"
"9025.411839677","11489116160","11489116160","11489116160"
"9035.410909569","11489116160","11489116160","11489116160"
"9045.411417581","11489116160","11489116160","11489116160"
"9055.412315899","11489116160","11489116160","11489116160"
"9065.419968982","11489116160","11489116160","11489116160"
"9075.417759846","11489116160","11489116160","11489116160"
"9085.411040067","11489116160","11489116160","11489116160"
"9095.411957167","11489116160","11489116160","11489116160"
"9105.412312482","11489116160","11489116160","11489116160"
"9115.412670115","11489116160","11489116160","11489116160"
"9125.411352784","11489116160","11489116160","11489116160"
"9135.4111428","11489116160","11489116160","11489116160"
"9145.412128087","11489116160","11489116160","11489116160"
"9155.411491496","11489116160","11489116160","11489116160"
"9165.411540977","11489116160","11489116160","11489116160"
"9175.41341153","11489116160","11489116160","11489116160"
"9185.418483039","11489116160","11489116160","11489116160"
"9195.410967492","11489116160","11489116160","11489116160"
"9205.411211147","11489116160","11489116160","11489116160"
"9215.41552917","11489116160","11489116160","11489116160"
"9225.414264696","11489116160","11489116160","11489116160"
"9235.412021879","11489116160","11489116160","11489116160"
"9245.411822092","11489116160","11489116160","11489116160"
"9255.413920857","11489116160","11489116160","11489116160"
"9265.412511333","11489116160","11489116160","11489116160"
"9275.412396718","11489116160","11489116160","11489116160"
"9285.411278201","11489116160","11489116160","11489116160"
"9295.415848517","11489116160","11489116160","11489116160"
"9305.410961338","11489116160","11489116160","11489116160"
"9315.414792759","11489116160","11489116160","11489116160"
"9325.411575976","11489116160","11489116160","11489116160"
"9335.411493905","11489116160","11489116160","11489116160"
"9345.412135457","11489116160","11489116160","11489116160"
"9355.411739228","11489116160","11489116160","11489116160"
"9365.411520523","11489116160","11489116160","11489116160"
"9375.412434257","11489116160","11489116160","11489116160"
"9385.411740795","11489116160","11489116160","11489116160"
"9395.413397261","11489116160","11489116160","11489116160"
"9405.411853568","11489116160","11489116160","11489116160"
"9415.416343248","11489116160","11489116160","11489116160"
"9425.411692852","11489116160","11489116160","11489116160"
"9435.412738042","11489116160","11489116160","11489116160"
"9445.411544223","11489116160","11489116160","11489116160"
"9455.412603446","11489116160","11489116160","11489116160"
"9465.411458015","11489116160","11489116160","11489116160"
"9475.413944247","11489116160","11489116160","11489116160"
"9485.412220502","11489116160","11489116160","11489116160"
"9495.411876868","11489116160","11489116160","11489116160"
"9505.411735335","11489116160","11489116160","11489116160"
"9515.413351091","11489116160","11489116160","11489116160"
"9525.413980204","11489116160","11489116160","11489116160"
"9535.411357884","11489116160","11489116160","11489116160"
"9545.411828414","11489116160","11489116160","11489116160"
"9555.415567845","11489116160","11489116160","11489116160"
"9565.411942131","11489116160","11489116160","11489116160"
"9575.411520012","11489116160","11489116160","11489116160"
"9585.413928662","11489116160","11489116160","11489116160"
"9595.41644865","11489116160","11489116160","11489116160"
"9605.411824638","11489116160","11489116160","11489116160"
"9615.411106633","11489116160","11489116160","11489116160"
"9625.411227322","11489116160","11489116160","11489116160"
"9635.414800986","11489116160","11489116160","11489116160"
"9645.411925331","11489116160","11489116160","11489116160"
"9655.411893869","11489116160","11489116160","11489116160"
"9665.415911562","11489116160","11489116160","11489116160"
"9675.415139869","11489116160","11489116160","11489116160"
"9685.413179519","11489116160","11489116160","11489116160"
"9695.411113059","11489116160","11489116160","11489116160"
"9705.419333847","11489116160","11489116160","11489116160"
"9715.414174309","11489116160","11489116160","11489116160"
"9725.411747687","11489116160","11489116160","11489116160"
"9735.411996849","11489116160","11489116160","11489116160"
"9745.413598405","11489116160","11489116160","11489116160"
"9755.411573072","11489116160","11489116160","11489116160"
"9765.411014431","11489116160","11489116160","11489116160"
"9775.411439138","11489116160","11489116160","11489116160"
"9785.411877847","11489116160","11489116160","11489116160"
"9795.411573961","11489116160","11489116160","11489116160"
"9805.412863962","11489116160","11489116160","11489116160"
"9815.412022469","11489116160","11489116160","11489116160"
"9825.411475212","11489116160","11489116160","11489116160"
"9835.41192085","11489116160","11489116160","11489116160"
"9845.411710799","11489116160","11489116160","11489116160"
"9855.411417228","11489116160","11489116160","11489116160"
"9865.411919018","11489116160","11489116160","11489116160"
"9875.411482605","11489116160","11489116160","11489116160"
"9885.414977426","11489116160","11489116160","11489116160"
"9895.412788114","11489116160","11489116160","11489116160"
"9905.416602883","11489116160","11489116160","11489116160"
"9915.411612635","11489116160","11489116160","11489116160"
"9925.411038782","11489116160","11489116160","11489116160"
"9935.416323601","11489116160","11489116160","11489116160"
"9945.412322514","11489116160","11489116160","11489116160"
"9955.411516272","11489116160","11489116160","11489116160"
"9965.41188992","11489116160","11489116160","11489116160"
"9975.411433873","11489116160","11489116160","11489116160"
"9985.411440342","11489116160","11489116160","11489116160"
"9995.411557189","11489116160","11489116160","11489116160"
"10005.41497429","11489116160","11489116160","11489116160"
"10015.413472695","11489116160","11489116160","11489116160"
"10025.415502334","11489116160","11489116160","11489116160"
"10035.411100009","11489116160","11489116160","11489116160"
"10045.411791741","11489116160","11489116160","11489116160"
"10055.412251889","11489116160","11489116160","11489116160"
"10065.411713313","11489116160","11489116160","11489116160"
"10075.411662917","11489116160","11489116160","11489116160"
"10085.411802445","11489116160","11489116160","11489116160"
"10095.411518025","11489116160","11489116160","11489116160"
"10105.411019772","11489116160","11489116160","11489116160"
"10115.412121134","11489116160","11489116160","11489116160"
"10125.411660218","11489116160","11489116160","11489116160"
"10135.411407263","11489116160","11489116160","11489116160"
"10145.41764225","11489116160","11489116160","11489116160"
"10155.416434492","11489116160","11489116160","11489116160"
"10165.415733484","11489116160","11489116160","11489116160"
"10175.41237326","11489116160","11489116160","11489116160"
"10185.411201846","11489116160","11489116160","11489116160"
"10195.412034","11489116160","11489116160","11489116160"
"10205.411608996","11489116160","11489116160","11489116160"
"10215.412889079","11489116160","11489116160","11489116160"
"10225.414468489","11489116160","11489116160","11489116160"
"10235.411350868","11489116160","11489116160","11489116160"
"10245.411872358","11489116160","11489116160","11489116160"
"10255.410888814","11489116160","11489116160","11489116160"
"10265.411602472","11489116160","11489116160","11489116160"
"10275.41429325","11489116160","11489116160","11489116160"
"10285.411732181","11489116160","11489116160","11489116160"
"10295.411158918","11489116160","11489116160","11489116160"
"10305.411473582","11489116160","11489116160","11489116160"
"10315.411353641","11489116160","11489116160","11489116160"
"10325.411306633","11489116160","11489116160","11489116160"
"10335.414227834","11489116160","11489116160","11489116160"
"10345.412219529","11489116160","11489116160","11489116160"
"10355.411589748","11489116160","11489116160","11489116160"
"10365.411577788","11489116160","11489116160","11489116160"
"10375.411048922","11489116160","11489116160","11489116160"
"10385.410940941","11489116160","11489116160","11489116160"
"10395.413496121","11489116160","11489116160","11489116160"
"10405.412670575","11489116160","11489116160","11489116160"
"10415.4118349","11489116160","11489116160","11489116160"
"10425.411512607","11489116160","11489116160","11489116160"
"10435.411977136","11489116160","11489116160","11489116160"
"10445.411938515","11489116160","11489116160","11489116160"
"10455.414731835","11489116160","11489116160","11489116160"
"10465.411931301","11489116160","11489116160","11489116160"
"10475.413109947","11489116160","11489116160","11489116160"
"10485.411158019","11489116160","11489116160","11489116160"
"10495.418882854","11489116160","11489116160","11489116160"
"10505.41143518","11489116160","11489116160","11489116160"
"10515.411007857","11489116160","11489116160","11489116160"
"10525.412104487","11489116160","11489116160","11489116160"
"10535.418389249","11489116160","11489116160","11489116160"
"10545.412021829","11489116160","11489116160","11489116160"
"10555.413159223","11489116160","11489116160","11489116160"
"10565.411697707","11489116160","11489116160","11489116160"
"10575.412230851","11489116160","11489116160","11489116160"
"10585.411871941","11489116160","11489116160","11489116160"
"10595.412833172","11489116160","11489116160","11489116160"
"10605.411677812","11489116160","11489116160","11489116160"
"10615.411744091","11489116160","11489116160","11489116160"
"10625.410916154","11489116160","11489116160","11489116160"
"10635.414267995","11489116160","11489116160","11489116160"
"10645.411265685","11489116160","11489116160","11489116160"
"10655.411359603","11489116160","11489116160","11489116160"
"10665.411166761","11489116160","11489116160","11489116160"
"10675.411731404","11489116160","11489116160","11489116160"
"10685.41223705","11489116160","11489116160","11489116160"
"10695.411625838","11489116160","11489116160","11489116160"
"10705.412120439","11489116160","11489116160","11489116160"
"10715.412341459","11489116160","11489116160","11489116160"
"10725.411776606","11489116160","11489116160","11489116160"
"10735.416916819","11489116160","11489116160","11489116160"
"10745.411335014","11489116160","11489116160","11489116160"
"10755.411686724","11489116160","11489116160","11489116160"
"10765.413301716","11489116160","11489116160","11489116160"
"10775.411569438","11489116160","11489116160","11489116160"
"10785.411029332","11489116160","11489116160","11489116160"
"10795.413426805","11489116160","11489116160","11489116160"
"10805.410921191","11489116160","11489116160","11489116160"
"10815.417175335","11489116160","11489116160","11489116160"
"10825.414135193","11489116160","11489116160","11489116160"
"10835.414944075","11489116160","11489116160","11489116160"
"10845.412162128","11489116160","11489116160","11489116160"
"10855.413933298","11489116160","11489116160","11489116160"
"10865.4109623","11489116160","11489116160","11489116160"
"10875.412397348","11489116160","11489116160","11489116160"
"10885.412677909","11489116160","11489116160","11489116160"
"10895.421042681","11489116160","11489116160","11489116160"
"10905.411742305","11489116160","11489116160","11489116160"
"10915.411797077","11489116160","11489116160","11489116160"
"10925.41144593","11489116160","11489116160","11489116160"
"10935.413415778","11489116160","11489116160","11489116160"
"10945.411746102","11489116160","11489116160","11489116160"
"10955.411949694","11489116160","11489116160","11489116160"
"10965.411224206","11489116160","11489116160","11489116160"
"10975.413087847","11489116160","11489116160","11489116160"
"10985.410801581","11489116160","11489116160","11489116160"
"10995.414729985","11489116160","11489116160","11489116160"
"11005.411699617","11489116160","11489116160","11489116160"
"11015.411012922","11489116160","11489116160","11489116160"
"11025.411205973","11489116160","11489116160","11489116160"
"11035.414558836","11489116160","11489116160","11489116160"
"11045.413600007","11489116160","11489116160","11489116160"
"11055.413049688","11489116160","11489116160","11489116160"
"11065.412674818","11489116160","11489116160","11489116160"
"11075.411084045","11489116160","11489116160","11489116160"
"11085.410843959","11489116160","11489116160","11489116160"
"11095.413044334","11489116160","11489116160","11489116160"
"11105.41240184","11489116160","11489116160","11489116160"
"11115.411901975","11489116160","11489116160","11489116160"
"11125.411345163","11489116160","11489116160","11489116160"
"11135.414510556","11489116160","11489116160","11489116160"
"11145.411611429","11489116160","11489116160","11489116160"
"11155.411140066","11489116160","11489116160","11489116160"
"11165.41634564","11489116160","11489116160","11489116160"
"11175.415983425","11489116160","11489116160","11489116160"
"11185.411646053","11489116160","11489116160","11489116160"
"11195.411436011","11489116160","11489116160","11489116160"
"11205.411527159","11489116160","11489116160","11489116160"
"11215.41156479","11489116160","11489116160","11489116160"
"11225.411169588","11489116160","11489116160","11489116160"
"11235.41064321","11489116160","11489116160","11489116160"
"11245.411682144","11489116160","11489116160","11489116160"
"11255.412230613","11489116160","11489116160","11489116160"
"11265.41203481","11489116160","11489116160","11489116160"
"11275.411246063","11489116160","11489116160","11489116160"
"11285.412556145","11489116160","11489116160","11489116160"
"11295.411892367","11489116160","11489116160","11489116160"
"11305.411187851","11489116160","11489116160","11489116160"
"11315.413968415","11489116160","11489116160","11489116160"
"11325.410849662","11489116160","11489116160","11489116160"
"11335.411278914","11489116160","11489116160","11489116160"
"11345.411558051","11489116160","11489116160","11489116160"
"11355.411353889","11489116160","11489116160","11489116160"
"11365.411534218","11489116160","11489116160","11489116160"
"11375.412252958","11489116160","11489116160","11489116160"
"11385.413301833","11489116160","11489116160","11489116160"
"11395.41241853","11489116160","11489116160","11489116160"
"11405.411302055","11489116160","11489116160","11489116160"
"11415.419275469","11489116160","11489116160","11489116160"
"11425.411262523","11489116160","11489116160","11489116160"
"11435.411646802","11489116160","11489116160","11489116160"
"11445.411414863","11489116160","11489116160","11489116160"
"11455.411597042","11489116160","11489116160","11489116160"
"11465.411272806","11489116160","11489116160","11489116160"
"11475.41175865","11489116160","11489116160","11489116160"
"11485.412340491","11489116160","11489116160","11489116160"
"11495.41750397","11489116160","11489116160","11489116160"
"11505.412180197","11489116160","11489116160","11489116160"
"11515.412408937","11489116160","11489116160","11489116160"
"11525.411070445","11489116160","11489116160","11489116160"
"11535.410871737","11489116160","11489116160","11489116160"
"11545.413106512","11489116160","11489116160","11489116160"
"11555.411597142","11489116160","11489116160","11489116160"
"11565.411590392","11489116160","11489116160","11489116160"
"11575.411504354","11489116160","11489116160","11489116160"
"11585.416489106","11489116160","11489116160","11489116160"
"11595.412025994","11489116160","11489116160","11489116160"
"11605.412595358","11489116160","11489116160","11489116160"
"11615.411677729","11489116160","11489116160","11489116160"
"11625.41097465","11489116160","11489116160","11489116160"
"11635.411443459","11489116160","11489116160","11489116160"
"11645.410634247","11489116160","11489116160","11489116160"
"11655.412638387","11489116160","11489116160","11489116160"
"11665.41179934","11489116160","11489116160","11489116160"
"11675.4118183","11489116160","11489116160","11489116160"
"11685.411333374","11489116160","11489116160","11489116160"
"11695.412166093","11489116160","11489116160","11489116160"
"11705.411651329","11489116160","11489116160","11489116160"
"11715.414618222","11489116160","11489116160","11489116160"
"11725.411733376","11489116160","11489116160","11489116160"
"11735.411420389","11489116160","11489116160","11489116160"
"11745.412574193","11489116160","11489116160","11489116160"
"11755.412325205","11489116160","11489116160","11489116160"
"11765.412268177","11489116160","11489116160","11489116160"
"11775.411222619","11489116160","11489116160","11489116160"
"11785.411332948","11489116160","11489116160","11489116160"
"11795.414849294","11489116160","11489116160","11489116160"
"11805.412749306","11489116160","11489116160","11489116160"
"11815.410985546","11489116160","11489116160","11489116160"
"11825.410824394","11489116160","11489116160","11489116160"
"11835.412277461","11489116160","11489116160","11489116160"
"11845.411427993","11489116160","11489116160","11489116160"
"11855.41244567","11489116160","11489116160","11489116160"
"11865.412430048","11489116160","11489116160","11489116160"
"11875.411640663","11489116160","11489116160","11489116160"
"11885.412587152","11489116160","11489116160","11489116160"
"11895.411188356","11489116160","11489116160","11489116160"
"11905.411630995","11489116160","11489116160","11489116160"
"11915.41366728","11489116160","11489116160","11489116160"
"11925.411495113","11489116160","11489116160","11489116160"
"11935.410658871","11489116160","11489116160","11489116160"
"11945.412170248","11489116160","11489116160","11489116160"
"11955.4170121","11489116160","11489116160","11489116160"
"11965.411603741","11489116160","11489116160","11489116160"
"11975.416717935","11489116160","11489116160","11489116160"
"11985.415629573","11489116160","11489116160","11489116160"
"11995.411719891","11489116160","11489116160","11489116160"
"12005.410830456","11489116160","11489116160","11489116160"
"12015.41598256","11489116160","11489116160","11489116160"
"12025.414809515","11489116160","11489116160","11489116160"
"12035.411194352","11489116160","11489116160","11489116160"
"12045.411678725","11489116160","11489116160","11489116160"
"12055.41170128","11489116160","11489116160","11489116160"
"12065.410938775","11489116160","11489116160","11489116160"
"12075.413659741","11489116160","11489116160","11489116160"
"12085.411263359","11489116160","11489116160","11489116160"
"12095.411788135","11489116160","11489116160","11489116160"
"12105.41463963","11489116160","11489116160","11489116160"
"12115.412228011","11489116160","11489116160","11489116160"
"12125.411978399","11489116160","11489116160","11489116160"
"12135.412438506","11489116160","11489116160","11489116160"
"12145.411624558","11489116160","11489116160","11489116160"
"12155.412788265","11489116160","11489116160","11489116160"
"12165.411264308","11489116160","11489116160","11489116160"
"12175.416789726","11489116160","11489116160","11489116160"
"12185.412524708","11489116160","11489116160","11489116160"
"12195.415173386","11489116160","11489116160","11489116160"
"12205.411706571","11489116160","11489116160","11489116160"
"12215.411422914","11489116160","11489116160","11489116160"
"12225.411328874","11489116160","11489116160","11489116160"
"12235.415335318","11489116160","11489116160","11489116160"
"12245.411344528","11489116160","11489116160","11489116160"
"12255.411789578","11489116160","11489116160","11489116160"
"12265.411033273","11489116160","11489116160","11489116160"
"12275.411137328","11489116160","11489116160","11489116160"
"12285.41138343","11489116160","11489116160","11489116160"
"12295.413727305","11489116160","11489116160","11489116160"
"12305.411136438","11489116160","11489116160","11489116160"
"12315.413542365","11489116160","11489116160","11489116160"
"12325.413046811","11489116160","11489116160","11489116160"
"12335.410938779","11489116160","11489116160","11489116160"
"12345.411466449","11489116160","11489116160","11489116160"
"12355.416674525","11489116160","11489116160","11489116160"
"12365.412097766","11489116160","11489116160","11489116160"
"12375.411881532","11489116160","11489116160","11489116160"
"12385.411308335","11489116160","11489116160","11489116160"
"12395.415215525","11489116160","11489116160","11489116160"
"12405.412571883","11489116160","11489116160","11489116160"
"12415.41097255","11489116160","11489116160","11489116160"
"12425.412050208","11489116160","11489116160","11489116160"
"12435.411324969","11489116160","11489116160","11489116160"
"12445.411418236","11489116160","11489116160","11489116160"
"12455.417842019","11489116160","11489116160","11489116160"
"12465.41253231","11489116160","11489116160","11489116160"
"12475.411356277","11489116160","11489116160","11489116160"
"12485.411429084","11489116160","11489116160","11489116160"
"12495.414772009","11489116160","11489116160","11489116160"
"12505.410964365","11489116160","11489116160","11489116160"
"12515.413021697","11489116160","11489116160","11489116160"
"12525.411388611","11489116160","11489116160","11489116160"
"12535.410867256","11489116160","11489116160","11489116160"
"12545.411731349","11489116160","11489116160","11489116160"
"12555.411525398","11489116160","11489116160","11489116160"
"12565.411458025","11489116160","11489116160","11489116160"
"12575.411011446","11489116160","11489116160","11489116160"
"12585.412027474","11489116160","11489116160","11489116160"
"12595.416759559","11489116160","11489116160","11489116160"
"12605.41321051","11489116160","11489116160","11489116160"
"12615.411675921","11489116160","11489116160","11489116160"
"12625.412473837","11489116160","11489116160","11489116160"
"12635.416724396","11489116160","11489116160","11489116160"
"12645.412299778","11489116160","11489116160","11489116160"
"12655.411460146","11489116160","11489116160","11489116160"
"12665.411726708","11489116160","11489116160","11489116160"
"12675.412662889","11489116160","11489116160","11489116160"
"12685.415454782","11489116160","11489116160","11489116160"
"12695.411563748","11489116160","11489116160","11489116160"
"12705.413091546","11489116160","11489116160","11489116160"
"12715.416708171","11489116160","11489116160","11489116160"
"12725.414656464","11489116160","11489116160","11489116160"
"12735.410855684","11489116160","11489116160","11489116160"
"12745.413684032","11489116160","11489116160","11489116160"
"12755.411805631","11489116160","11489116160","11489116160"
"12765.411412727","11489116160","11489116160","11489116160"
"12775.412176554","11489116160","11489116160","11489116160"
"12785.411161239","11489116160","11489116160","11489116160"
"12795.411888749","11489116160","11489116160","11489116160"
"12805.411561272","11489116160","11489116160","11489116160"
"12815.411217408","11489116160","11489116160","11489116160"
"12825.41200372","11489116160","11489116160","11489116160"
"12835.411754687","11489116160","11489116160","11489116160"
"12845.411609044","11489116160","11489116160","11489116160"
"12855.416045738","11489116160","11489116160","11489116160"
"12865.411490944","11489116160","11489116160","11489116160"
"12875.41143739","11489116160","11489116160","11489116160"
"12885.41626405","11489116160","11489116160","11489116160"
"12895.410908279","11489116160","11489116160","11489116160"
"12905.411355699","11489116160","11489116160","11489116160"
"12915.413852081","11489116160","11489116160","11489116160"
"12925.411887113","11489116160","11489116160","11489116160"
"12935.411543478","11489116160","11489116160","11489116160"
"12945.4115625","11489116160","11489116160","11489116160"
"12955.412200175","11489116160","11489116160","11489116160"
"12965.411435311","11489116160","11489116160","11489116160"
"12975.41250896","11489116160","11489116160","11489116160"
"12985.410914598","11489116160","11489116160","11489116160"
"12995.410957068","11489116160","11489116160","11489116160"
"13005.413022291","11489116160","11489116160","11489116160"
"13015.411809145","11489116160","11489116160","11489116160"
"13025.411447649","11489116160","11489116160","11489116160"
"13035.411588795","11489116160","11489116160","11489116160"
"13045.412180444","11489116160","11489116160","11489116160"
"13055.411791451","11489116160","11489116160","11489116160"
"13065.413841696","11489116160","11489116160","11489116160"
"13075.415812464","11489116160","11489116160","11489116160"
"13085.411040457","11489116160","11489116160","11489116160"
"13095.411397598","11489116160","11489116160","11489116160"
"13105.410853034","11489116160","11489116160","11489116160"
"13115.416479185","11489116160","11489116160","11489116160"
"13125.411215967","11489116160","11489116160","11489116160"
"13135.4142032","11489116160","11489116160","11489116160"
"13145.413608465","11489116160","11489116160","11489116160"
"13155.411138778","11489116160","11489116160","11489116160"
"13165.412081757","11489116160","11489116160","11489116160"
"13175.411070815","11489116160","11489116160","11489116160"
"13185.413125497","11489116160","11489116160","11489116160"
"13195.411359027","11489116160","11489116160","11489116160"
"13205.41231487","11489116160","11489116160","11489116160"
"13215.412345184","11489116160","11489116160","11489116160"
"13225.412695365","11489116160","11489116160","11489116160"
"13235.411611046","11489116160","11489116160","11489116160"
"13245.411153191","11489116160","11489116160","11489116160"
"13255.411400816","11489116160","11489116160","11489116160"
"13265.411458829","11489116160","11489116160","11489116160"
"13275.41268247","11489116160","11489116160","11489116160"
"13285.411977","11489116160","11489116160","11489116160"
"13295.411385853","11489116160","11489116160","11489116160"
"13305.413094623","11489116160","11489116160","11489116160"
"13315.412438333","11489116160","11489116160","11489116160"
"13325.411588357","11489116160","11489116160","11489116160"
"13335.41113007","11489116160","11489116160","11489116160"
"13345.421094375","11489116160","11489116160","11489116160"
"13355.411930153","11489116160","11489116160","11489116160"
"13365.411707562","11489116160","11489116160","11489116160"
"13375.410937384","11489116160","11489116160","11489116160"
"13385.412345287","11489116160","11489116160","11489116160"
"13395.413128831","11489116160","11489116160","11489116160"
"13405.411863551","11489116160","11489116160","11489116160"
"13415.411707576","11489116160","11489116160","11489116160"
"13425.41166484","11489116160","11489116160","11489116160"
"13435.412871235","11489116160","11489116160","11489116160"
"13445.411216997","11489116160","11489116160","11489116160"
"13455.411175096","11489116160","11489116160","11489116160"
"13465.412607914","11489116160","11489116160","11489116160"
"13475.411292781","11489116160","11489116160","11489116160"
"13485.4142939","11489116160","11489116160","11489116160"
"13495.411709542","11489116160","11489116160","11489116160"
"13505.411722204","11489116160","11489116160","11489116160"
"13515.41111739","11489116160","11489116160","11489116160"
"13525.411960703","11489116160","11489116160","11489116160"
"13535.411678603","11489116160","11489116160","11489116160"
"13545.412026936","11489116160","11489116160","11489116160"
"13555.41312175","11489116160","11489116160","11489116160"
"13565.41140249","11489116160","11489116160","11489116160"
"13575.41181931","11489116160","11489116160","11489116160"
"13585.416221719","11489116160","11489116160","11489116160"
"13595.410840598","11489116160","11489116160","11489116160"
"13605.411432195","11489116160","11489116160","11489116160"
"13615.41087375","11489116160","11489116160","11489116160"
"13625.410957829","11489116160","11489116160","11489116160"
"13635.41199417","11489116160","11489116160","11489116160"
"13645.411105529","11489116160","11489116160","11489116160"
"13655.412128124","11489116160","11489116160","11489116160"
"13665.411863077","11489116160","11489116160","11489116160"
"13675.411874043","11489116160","11489116160","11489116160"
"13685.417331012","11489116160","11489116160","11489116160"
"13695.411337938","11489116160","11489116160","11489116160"
"13705.412835169","11489116160","11489116160","11489116160"
"13715.415327904","11489116160","11489116160","11489116160"
"13725.41447303","11489116160","11489116160","11489116160"
"13735.411371927","11489116160","11489116160","11489116160"
"13745.412270156","11489116160","11489116160","11489116160"
"13755.411011842","11489116160","11489116160","11489116160"
"13765.411424392","11489116160","11489116160","11489116160"
"13775.414950122","11489116160","11489116160","11489116160"
"13785.415884233","11489116160","11489116160","11489116160"
"13795.411002003","11489116160","11489116160","11489116160"
"13805.412268388","11489116160","11489116160","11489116160"
"13815.41187251","11489116160","11489116160","11489116160"
"13825.411632698","11489116160","11489116160","11489116160"
"13835.412011056","11489116160","11489116160","11489116160"
"13845.412608983","11489116160","11489116160","11489116160"
"13855.413473192","11489116160","11489116160","11489116160"
"13865.412021948","11489116160","11489116160","11489116160"
"13875.411269547","11489116160","11489116160","11489116160"
"13885.411922994","11489116160","11489116160","11489116160"
"13895.411902691","11489116160","11489116160","11489116160"
"13905.412019522","11489116160","11489116160","11489116160"
"13915.412511352","11489116160","11489116160","11489116160"
"13925.412737548","11489116160","11489116160","11489116160"
"13935.413683178","11489116160","11489116160","11489116160"
"13945.418038512","11489116160","11489116160","11489116160"
"13955.413428355","11489116160","11489116160","11489116160"
"13965.41123403","11489116160","11489116160","11489116160"
"13975.411438774","11489116160","11489116160","11489116160"
"13985.414997204","11489116160","11489116160","11489116160"
"13995.41222087","11489116160","11489116160","11489116160"
"14005.411996701","11489116160","11489116160","11489116160"
"14015.410927875","11489116160","11489116160","11489116160"
"14025.411592438","11489116160","11489116160","11489116160"
"14035.417840077","11489116160","11489116160","11489116160"
"14045.411269262","11489116160","11489116160","11489116160"
"14055.412179805","11489116160","11489116160","11489116160"
"14065.418432933","11489116160","11489116160","11489116160"
"14075.411269932","11489116160","11489116160","11489116160"
"14085.411850326","11489116160","11489116160","11489116160"
"14095.411524697","11489116160","11489116160","11489116160"
"14105.415134634","11489116160","11489116160","11489116160"
"14115.41613984","11489116160","11489116160","11489116160"
"14125.412029787","11489116160","11489116160","11489116160"
"14135.415035861","11489116160","11489116160","11489116160"
"14145.412026888","11489116160","11489116160","11489116160"
"14155.411825102","11489116160","11489116160","11489116160"
"14165.413269422","11489116160","11489116160","11489116160"
"14175.412694031","11489116160","11489116160","11489116160"
"14185.411565871","11489116160","11489116160","11489116160"
"14195.412714951","11489116160","11489116160","11489116160"
"14205.414093358","11489116160","11489116160","11489116160"
"14215.411419181","11489116160","11489116160","11489116160"
"14225.412341364","11489116160","11489116160","11489116160"
"14235.414595666","11489116160","11489116160","11489116160"
"14245.418117596","11489116160","11489116160","11489116160"
"14255.411151511","11489116160","11489116160","11489116160"
"14265.411447243","11489116160","11489116160","11489116160"
"14275.411159009","11489116160","11489116160","11489116160"
"14285.411457995","11489116160","11489116160","11489116160"
"14295.412089119","11489116160","11489116160","11489116160"
"14305.411823837","11489116160","11489116160","11489116160"
"14315.413251808","11489116160","11489116160","11489116160"
"14325.414696334","11489116160","11489116160","11489116160"
"14335.411281874","11489116160","11489116160","11489116160"
"14345.411417716","11489116160","11489116160","11489116160"
"14355.411534337","11489116160","11489116160","11489116160"
"14365.414306623","11489116160","11489116160","11489116160"
"14375.410952553","11489116160","11489116160","11489116160"
"14385.411453061","11489116160","11489116160","11489116160"
"14395.414106955","11489116160","11489116160","11489116160"
"14405.412000258","11489116160","11489116160","11489116160"
"14415.411951147","11489116160","11489116160","11489116160"
"14425.410880642","11489116160","11489116160","11489116160"
"14435.411776019","11489116160","11489116160","11489116160"
"14445.413878881","11489116160","11489116160","11489116160"
"14455.411598466","11489116160","11489116160","11489116160"
"14465.41167202","11489116160","11489116160","11489116160"
"14475.41226575","11489116160","11489116160","11489116160"
"14485.411202983","11489116160","11489116160","11489116160"
"14495.411965442","11489116160","11489116160","11489116160"
"14505.412461166","11489116160","11489116160","11489116160"
"14515.411731838","11489116160","11489116160","11489116160"
"14525.411315438","11489116160","11489116160","11489116160"
"14535.416245179","11489116160","11489116160","11489116160"
"14545.41405029","11489116160","11489116160","11489116160"
"14555.411637723","11489116160","11489116160","11489116160"
"14565.411277298","11489116160","11489116160","11489116160"
"14575.414582041","11489116160","11489116160","11489116160"
"14585.411440629","11489116160","11489116160","11489116160"
"14595.411666161","11489116160","11489116160","11489116160"
"14605.411902854","11489116160","11489116160","11489116160"
"14615.411270198","11489116160","11489116160","11489116160"
"14625.411368652","11489116160","11489116160","11489116160"
"14635.412309791","11489116160","11489116160","11489116160"
"14645.41146079","11489116160","11489116160","11489116160"
"14655.4122431","11489116160","11489116160","11489116160"
"14665.411979518","11489116160","11489116160","11489116160"
"14675.411691755","11489116160","11489116160","11489116160"
"14685.412905332","11489116160","11489116160","11489116160"
"14695.411994773","11489116160","11489116160","11489116160"
"14705.411711681","11489116160","11489116160","11489116160"
"14715.411436298","11489116160","11489116160","11489116160"
"14725.414082399","11489116160","11489116160","11489116160"
"14735.411369312","11489116160","11489116160","11489116160"
"14745.414872325","11489116160","11489116160","11489116160"
"14755.411704676","11489116160","11489116160","11489116160"
"14765.411151285","11489116160","11489116160","11489116160"
"14775.411097679","11489116160","11489116160","11489116160"
"14785.41170766","11489116160","11489116160","11489116160"
"14795.411845455","11489116160","11489116160","11489116160"
"14805.411227646","11489116160","11489116160","11489116160"
"14815.414618673","11489116160","11489116160","11489116160"
"14825.41290328","11489116160","11489116160","11489116160"
"14835.414611578","11489116160","11489116160","11489116160"
"14845.416576392","11489116160","11489116160","11489116160"
"14855.411187383","11489116160","11489116160","11489116160"
"14865.41579597","11489116160","11489116160","11489116160"
"14875.412451235","11489116160","11489116160","11489116160"
"14885.411412778","11489116160","11489116160","11489116160"
"14895.415977967","11489116160","11489116160","11489116160"
"14905.412525403","11489116160","11489116160","11489116160"
"14915.41193132","11489116160","11489116160","11489116160"
"14925.41123794","11489116160","11489116160","11489116160"
"14935.414516192","11489116160","11489116160","11489116160"
"14945.411585967","11489116160","11489116160","11489116160"
"14955.411238352","11489116160","11489116160","11489116160"
"14965.411029574","11489116160","11489116160","11489116160"
"14975.411535619","11489116160","11489116160","11489116160"
"14985.415129716","11489116160","11489116160","11489116160"
"14995.411206449","11489116160","11489116160","11489116160"
"15005.411222091","11489116160","11489116160","11489116160"
"15015.412164964","11489116160","11489116160","11489116160"
"15025.414369494","11489116160","11489116160","11489116160"
"15035.413321621","11489116160","11489116160","11489116160"
"15045.411696579","11489116160","11489116160","11489116160"
"15055.412436901","11489116160","11489116160","11489116160"
"15065.412003113","11489116160","11489116160","11489116160"
"15075.410980392","11489116160","11489116160","11489116160"
"15085.413852314","11489116160","11489116160","11489116160"
"15095.411857564","11489116160","11489116160","11489116160"
"15105.41117416","11489116160","11489116160","11489116160"
"15115.411249659","11489116160","11489116160","11489116160"
"15125.41672082","11489116160","11489116160","11489116160"
"15135.415228059","11489116160","11489116160","11489116160"
"15145.411176723","11489116160","11489116160","11489116160"
"15155.411729769","11489116160","11489116160","11489116160"
"15165.413360727","11489116160","11489116160","11489116160"
"15175.410812727","11489116160","11489116160","11489116160"
"15185.411942164","11489116160","11489116160","11489116160"
"15195.411973417","11489116160","11489116160","11489116160"
"15205.411867284","11489116160","11489116160","11489116160"
"15215.411350429","11489116160","11489116160","11489116160"
"15225.417541196","11489116160","11489116160","11489116160"
"15235.414914398","11489116160","11489116160","11489116160"
"15245.411623677","11489116160","11489116160","11489116160"
"15255.415206611","11489116160","11489116160","11489116160"
"15265.414017487","11489116160","11489116160","11489116160"
"15275.411513892","11489116160","11489116160","11489116160"
"15285.411969837","11489116160","11489116160","11489116160"
"15295.411841214","11489116160","11489116160","11489116160"
"15305.412121217","11489116160","11489116160","11489116160"
"15315.411538617","11489116160","11489116160","11489116160"
"15325.410999965","11489116160","11489116160","11489116160"
"15335.41716732","11489116160","11489116160","11489116160"
"15345.410940977","11489116160","11489116160","11489116160"
"15355.412259862","11489116160","11489116160","11489116160"
"15365.415205916","11489116160","11489116160","11489116160"
"15375.411162648","11489116160","11489116160","11489116160"
"15385.413192088","11489116160","11489116160","11489116160"
"15395.411710031","11489116160","11489116160","11489116160"
"15405.411386136","11489116160","11489116160","11489116160"
"15415.416440351","11489116160","11489116160","11489116160"
"15425.415540426","11489116160","11489116160","11489116160"
"15435.417433668","11489116160","11489116160","11489116160"
"15445.411884161","11489116160","11489116160","11489116160"
"15455.414609053","11489116160","11489116160","11489116160"
"15465.414566273","11489116160","11489116160","11489116160"
"15475.41128586","11489116160","11489116160","11489116160"
"15485.411308863","11489116160","11489116160","11489116160"
"15495.415678946","11489116160","11489116160","11489116160"
"15505.415253652","11489116160","11489116160","11489116160"
"15515.411218755","11489116160","11489116160","11489116160"
"15525.411013961","11489116160","11489116160","11489116160"
"15535.414309967","11489116160","11489116160","11489116160"
"15545.413009217","11489116160","11489116160","11489116160"
"15555.411568636","11489116160","11489116160","11489116160"
"15565.41149475","11489116160","11489116160","11489116160"
"15575.412446627","11489116160","11489116160","11489116160"
"15585.411410415","11489116160","11489116160","11489116160"
"15595.411315349","11489116160","11489116160","11489116160"
"15605.414564638","11489116160","11489116160","11489116160"
"15615.413227602","11489116160","11489116160","11489116160"
"15625.415995838","11489116160","11489116160","11489116160"
"15635.411340892","11489116160","11489116160","11489116160"
"15645.414447519","11489116160","11489116160","11489116160"
"15655.411398083","11489116160","11489116160","11489116160"
"15665.411733601","11489116160","11489116160","11489116160"
"15675.411730814","11489116160","11489116160","11489116160"
"15685.412562296","11489116160","11489116160","11489116160"
"15695.415708579","11489116160","11489116160","11489116160"
"15705.411120088","11489116160","11489116160","11489116160"
"15715.41235391","11489116160","11489116160","11489116160"
"15725.411741857","11489116160","11489116160","11489116160"
"15735.411646958","11489116160","11489116160","11489116160"
"15745.413192116","11489116160","11489116160","11489116160"
"15755.411138971","11489116160","11489116160","11489116160"
"15765.412686347","11489116160","11489116160","11489116160"
"15775.413164323","11489116160","11489116160","11489116160"
"15785.416848519","11489116160","11489116160","11489116160"
"15795.41113365","11489116160","11489116160","11489116160"
"15805.410865563","11489116160","11489116160","11489116160"
"15815.41573461","11489116160","11489116160","11489116160"
"15825.411095985","11489116160","11489116160","11489116160"
"15835.411579241","11489116160","11489116160","11489116160"
"15845.411427871","11489116160","11489116160","11489116160"
"15855.411252492","11489116160","11489116160","11489116160"
"15865.411277955","11489116160","11489116160","11489116160"
"15875.410976627","11489116160","11489116160","11489116160"
"15885.411688232","11489116160","11489116160","11489116160"
"15895.418174209","11489116160","11489116160","11489116160"
"15905.411205902","11489116160","11489116160","11489116160"
"15915.41126283","11489116160","11489116160","11489116160"
"15925.4131369","11489116160","11489116160","11489116160"
"15935.41187201","11489116160","11489116160","11489116160"
"15945.412220379","11489116160","11489116160","11489116160"
"15955.41247029","11489116160","11489116160","11489116160"
"15965.412502693","11489116160","11489116160","11489116160"
"15975.419678438","11489116160","11489116160","11489116160"
"15985.412209417","11489116160","11489116160","11489116160"
"15995.411356281","11489116160","11489116160","11489116160"
"16005.420297151","11489116160","11489116160","11489116160"
"16015.41461106","11489116160","11489116160","11489116160"
"16025.415185802","11489116160","11489116160","11489116160"
"16035.412119891","11489116160","11489116160","11489116160"
"16045.411009861","11489116160","11489116160","11489116160"
"16055.410987097","11489116160","11489116160","11489116160"
"16065.411703219","11489116160","11489116160","11489116160"
"16075.41154775","11489116160","11489116160","11489116160"
"16085.412764567","11489116160","11489116160","11489116160"
"16095.411779951","11489116160","11489116160","11489116160"
"16105.411579933","11489116160","11489116160","11489116160"
"16115.412043851","11489116160","11489116160","11489116160"
"16125.411290401","11489116160","11489116160","11489116160"
"16135.41160907","11489116160","11489116160","11489116160"
"16145.411507802","11489116160","11489116160","11489116160"
"16155.413932798","11489116160","11489116160","11489116160"
"16165.412116674","11489116160","11489116160","11489116160"
"16175.41325895","11489116160","11489116160","11489116160"
"16185.416793222","11489116160","11489116160","11489116160"
"16195.412579377","11489116160","11489116160","11489116160"
"16205.411569287","11489116160","11489116160","11489116160"
"16215.411435628","11489116160","11489116160","11489116160"
"16225.411516739","11489116160","11489116160","11489116160"
"16235.411506437","11489116160","11489116160","11489116160"
"16245.411878512","11489116160","11489116160","11489116160"
"16255.411452305","11489116160","11489116160","11489116160"
"16265.410952195","11489116160","11489116160","11489116160"
"16275.414367298","11489116160","11489116160","11489116160"
"16285.41338949","11489116160","11489116160","11489116160"
"16295.411086767","11489116160","11489116160","11489116160"
"16305.411863361","11489116160","11489116160","11489116160"
"16315.411849125","11489116160","11489116160","11489116160"
"16325.411346509","11489116160","11489116160","11489116160"
"16335.414278841","11489116160","11489116160","11489116160"
"16345.411165037","11489116160","11489116160","11489116160"
"16355.413161757","11489116160","11489116160","11489116160"
"16365.411182993","11489116160","11489116160","11489116160"
"16375.411991954","11489116160","11489116160","11489116160"
"16385.414040552","11489116160","11489116160","11489116160"
"16395.414828545","11489116160","11489116160","11489116160"
"16405.412473367","11489116160","11489116160","11489116160"
"16415.411183225","11489116160","11489116160","11489116160"
"16425.410967297","11489116160","11489116160","11489116160"
"16435.418873709","11489116160","11489116160","11489116160"
"16445.411260544","11489116160","11489116160","11489116160"
"16455.411069457","11489116160","11489116160","11489116160"
"16465.414052931","11489116160","11489116160","11489116160"
"16475.411720659","11489116160","11489116160","11489116160"
"16485.411528304","11489116160","11489116160","11489116160"
"16495.412704558","11489116160","11489116160","11489116160"
"16505.411389632","11489116160","11489116160","11489116160"
"16515.411890958","11489116160","11489116160","11489116160"
"16525.412789396","11489116160","11489116160","11489116160"
"16535.412603164","11489116160","11489116160","11489116160"
"16545.4122294","11489116160","11489116160","11489116160"
"16555.411665097","11489116160","11489116160","11489116160"
"16565.411768055","11489116160","11489116160","11489116160"
"16575.412086041","11489116160","11489116160","11489116160"
"16585.411528418","11489116160","11489116160","11489116160"
"16595.412360592","11489116160","11489116160","11489116160"
"16605.412549215","11489116160","11489116160","11489116160"
"16615.412316564","11489116160","11489116160","11489116160"
"16625.411450121","11489116160","11489116160","11489116160"
"16635.411722008","11489116160","11489116160","11489116160"
"16645.412085111","11489116160","11489116160","11489116160"
"16655.411345897","11489116160","11489116160","11489116160"
"16665.412177693","11489116160","11489116160","11489116160"
"16675.412422763","11489116160","11489116160","11489116160"
"16685.411541434","11489116160","11489116160","11489116160"
"16695.411735329","11489116160","11489116160","11489116160"
"16705.410925661","11489116160","11489116160","11489116160"
"16715.413026897","11489116160","11489116160","11489116160"
"16725.411703539","11489116160","11489116160","11489116160"
"16735.417109808","11489116160","11489116160","11489116160"
"16745.411806843","11489116160","11489116160","11489116160"
"16755.411424655","11489116160","11489116160","11489116160"
"16765.411584571","11489116160","11489116160","11489116160"
"16775.413770942","11489116160","11489116160","11489116160"
"16785.413139985","11489116160","11489116160","11489116160"
"16795.411604733","11489116160","11489116160","11489116160"
"16805.411205363","11489116160","11489116160","11489116160"
"16815.414737276","11489116160","11489116160","11489116160"
"16825.41155854","11489116160","11489116160","11489116160"
"16835.411025773","11489116160","11489116160","11489116160"
"16845.411913702","11489116160","11489116160","11489116160"
"16855.411421998","11489116160","11489116160","11489116160"
"16865.410919466","11489116160","11489116160","11489116160"
"16875.412388529","11489116160","11489116160","11489116160"
"16885.411220052","11489116160","11489116160","11489116160"
"16895.410953839","11489116160","11489116160","11489116160"
"16905.411163155","11489116160","11489116160","11489116160"
"16915.412411194","11489116160","11489116160","11489116160"
"16925.411439862","11489116160","11489116160","11489116160"
"16935.412305253","11489116160","11489116160","11489116160"
"16945.412024813","11489116160","11489116160","11489116160"
"16955.412293367","11489116160","11489116160","11489116160"
"16965.416906348","11489116160","11489116160","11489116160"
"16975.41639745","11489116160","11489116160","11489116160"
"16985.411087936","11489116160","11489116160","11489116160"
"16995.418844262","11489116160","11489116160","11489116160"
"17005.411002284","11489116160","11489116160","11489116160"
"17015.411433585","11489116160","11489116160","11489116160"
"17025.416205959","11489116160","11489116160","11489116160"
"17035.413623555","11489116160","11489116160","11489116160"
"17045.412886008","11489116160","11489116160","11489116160"
"17055.415457861","11489116160","11489116160","11489116160"
"17065.411144614","11489116160","11489116160","11489116160"
"17075.422205086","11489116160","11489116160","11489116160"
"17085.415441127","11489116160","11489116160","11489116160"
"17095.415527053","11489116160","11489116160","11489116160"
"17105.410959575","11489116160","11489116160","11489116160"
"17115.417015602","11489116160","11489116160","11489116160"
"17125.412598467","11489116160","11489116160","11489116160"
"17135.415765473","11489116160","11489116160","11489116160"
"17145.411648351","11489116160","11489116160","11489116160"
"17155.415783059","11489116160","11489116160","11489116160"
"17165.415492692","11489116160","11489116160","11489116160"
"17175.411016628","11489116160","11489116160","11489116160"
"17185.412176223","11489116160","11489116160","11489116160"
"17195.411863744","11489116160","11489116160","11489116160"
"17205.411277024","11489116160","11489116160","11489116160"
"17215.411776228","11489116160","11489116160","11489116160"
"17225.414702742","11489116160","11489116160","11489116160"
"17235.412717337","11489116160","11489116160","11489116160"
"17245.411469857","11489116160","11489116160","11489116160"
"17255.411664709","11489116160","11489116160","11489116160"
"17265.411755402","11489116160","11489116160","11489116160"
"17275.411315296","11489116160","11489116160","11489116160"
"17285.411651735","11489116160","11489116160","11489116160"
"17295.411496768","11489116160","11489116160","11489116160"
"17305.414526704","11489116160","11489116160","11489116160"
"17315.414795574","11489116160","11489116160","11489116160"
"17325.412884664","11489116160","11489116160","11489116160"
"17335.411854237","11489116160","11489116160","11489116160"
"17345.410899099","11489116160","11489116160","11489116160"
"17355.410881324","11489116160","11489116160","11489116160"
"17365.411553281","11489116160","11489116160","11489116160"
"17375.415279109","11489116160","11489116160","11489116160"
"17385.413181137","11489116160","11489116160","11489116160"
"17395.412397113","11489116160","11489116160","11489116160"
"17405.41192163","11489116160","11489116160","11489116160"
"17415.41327304","11489116160","11489116160","11489116160"
"17425.415445775","11489116160","11489116160","11489116160"
"17435.411658329","11489116160","11489116160","11489116160"
"17445.411331354","11489116160","11489116160","11489116160"
"17455.411478077","11489116160","11489116160","11489116160"
"17465.411039266","11489116160","11489116160","11489116160"
"17475.414749461","11489116160","11489116160","11489116160"
"17485.412078142","11489116160","11489116160","11489116160"
"17495.41156014","11489116160","11489116160","11489116160"
"17505.415433692","11489116160","11489116160","11489116160"
"17515.413709523","11489116160","11489116160","11489116160"
"17525.411817504","11489116160","11489116160","11489116160"
"17535.411616286","11489116160","11489116160","11489116160"
"17545.4125467","11489116160","11489116160","11489116160"
"17555.41143363","11489116160","11489116160","11489116160"
"17565.411328914","11489116160","11489116160","11489116160"
"17575.41246371","11489116160","11489116160","11489116160"
"17585.414201662","11489116160","11489116160","11489116160"
"17595.419076207","11489116160","11489116160","11489116160"
"17605.411766236","11489116160","11489116160","11489116160"
"17615.411264976","11489116160","11489116160","11489116160"
"17625.411184759","11489116160","11489116160","11489116160"
"17635.411902861","11489116160","11489116160","11489116160"
"17645.411371383","11489116160","11489116160","11489116160"
"17655.410928919","11489116160","11489116160","11489116160"
"17665.412037337","11489116160","11489116160","11489116160"
"17675.412934846","11489116160","11489116160","11489116160"
"17685.410911133","11489116160","11489116160","11489116160"
"17695.411186295","11489116160","11489116160","11489116160"
"17705.418137232","11489116160","11489116160","11489116160"
"17715.413100252","11489116160","11489116160","11489116160"
"17725.412194179","11489116160","11489116160","11489116160"
"17735.415641859","11489116160","11489116160","11489116160"
"17745.41266363","11489116160","11489116160","11489116160"
"17755.411442736","11489116160","11489116160","11489116160"
"17765.412080062","11489116160","11489116160","11489116160"
"17775.413860412","11489116160","11489116160","11489116160"
"17785.4118634","11489116160","11489116160","11489116160"
"17795.411809385","11489116160","11489116160","11489116160"
"17805.411413798","11489116160","11489116160","11489116160"
"17815.413402252","11489116160","11489116160","11489116160"
"17825.410840576","11489116160","11489116160","11489116160"
"17835.412168478","11489116160","11489116160","11489116160"
"17845.411432367","11489116160","11489116160","11489116160"
"17855.411676856","11489116160","11489116160","11489116160"
"17865.410988497","11489116160","11489116160","11489116160"
"17875.411851972","11489116160","11489116160","11489116160"
"17885.414596553","11489116160","11489116160","11489116160"
"17895.411929844","11489116160","11489116160","11489116160"
"17905.411838415","11489116160","11489116160","11489116160"
"17915.411644422","11489116160","11489116160","11489116160"
"17925.41201219","11489116160","11489116160","11489116160"
"17935.411466531","11489116160","11489116160","11489116160"
"17945.411935088","11489116160","11489116160","11489116160"
"17955.411665603","11489116160","11489116160","11489116160"
"17965.415940901","11489116160","11489116160","11489116160"
"17975.412212719","11489116160","11489116160","11489116160"
"17985.410907908","11489116160","11489116160","11489116160"
"17995.412164785","11489116160","11489116160","11489116160"
"18005.411715474","11489116160","11489116160","11489116160"
"18015.412579927","11489116160","11489116160","11489116160"
"18025.414366235","11489116160","11489116160","11489116160"
"18035.411745261","11489116160","11489116160","11489116160"
"18045.411449953","11489116160","11489116160","11489116160"
"18055.412268778","11489116160","11489116160","11489116160"
"18065.415591221","11489116160","11489116160","11489116160"
"18075.414728955","11489116160","11489116160","11489116160"
"18085.411641915","11489116160","11489116160","11489116160"
"18095.411459766","11489116160","11489116160","11489116160"
"18105.412263263","11489116160","11489116160","11489116160"
"18115.411198578","11489116160","11489116160","11489116160"
"18125.413680857","11489116160","11489116160","11489116160"
"18135.413168418","11489116160","11489116160","11489116160"
"18145.411144881","11489116160","11489116160","11489116160"
"18155.411293803","11489116160","11489116160","11489116160"
"18165.412387127","11489116160","11489116160","11489116160"
"18175.412662875","11489116160","11489116160","11489116160"
"18185.411628242","11489116160","11489116160","11489116160"
"18195.412041299","11489116160","11489116160","11489116160"
"18205.411281048","11489116160","11489116160","11489116160"
"18215.413684928","11489116160","11489116160","11489116160"
"18225.411252903","11489116160","11489116160","11489116160"
"18235.41170825","11489116160","11489116160","11489116160"
"18245.412167197","11489116160","11489116160","11489116160"
"18255.417327407","11489116160","11489116160","11489116160"
"18265.4115229","11489116160","11489116160","11489116160"
"18275.411458114","11489116160","11489116160","11489116160"
"18285.420706364","11489116160","11489116160","11489116160"
"18295.414613042","11489116160","11489116160","11489116160"
"18305.415027125","11489116160","11489116160","11489116160"
"18315.414121931","11489116160","11489116160","11489116160"
"18325.413005741","11489116160","11489116160","11489116160"
"18335.413969824","11489116160","11489116160","11489116160"
"18345.41137197","11489116160","11489116160","11489116160"
"18355.411023364","11489116160","11489116160","11489116160"
"18365.411676087","11489116160","11489116160","11489116160"
"18375.413764493","11489116160","11489116160","11489116160"
"18385.412553814","11489116160","11489116160","11489116160"
"18395.411870042","11489116160","11489116160","11489116160"
"18405.418608965","11489116160","11489116160","11489116160"
"18415.415793535","11489116160","11489116160","11489116160"
"18425.413494124","11489116160","11489116160","11489116160"
"18435.411182109","11489116160","11489116160","11489116160"
"18445.411589932","11489116160","11489116160","11489116160"
"18455.411733169","11489116160","11489116160","11489116160"
"18465.411442565","11489116160","11489116160","11489116160"
"18475.414434277","11489116160","11489116160","11489116160"
"18485.410825606","11489116160","11489116160","11489116160"
"18495.410996249","11489116160","11489116160","11489116160"
"18505.411746515","11489116160","11489116160","11489116160"
"18515.411600669","11489116160","11489116160","11489116160"
"18525.411507637","11489116160","11489116160","11489116160"
"18535.411049068","11489116160","11489116160","11489116160"
"18545.411533541","11489116160","11489116160","11489116160"
"18555.418513696","11489116160","11489116160","11489116160"
"18565.413694354","11489116160","11489116160","11489116160"
"18575.410858969","11489116160","11489116160","11489116160"
"18585.411103786","11489116160","11489116160","11489116160"
"18595.412821622","11489116160","11489116160","11489116160"
"18605.414904207","11489116160","11489116160","11489116160"
"18615.414468271","11489116160","11489116160","11489116160"
"18625.411434639","11489116160","11489116160","11489116160"
"18635.411442584","11489116160","11489116160","11489116160"
"18645.41462623","11489116160","11489116160","11489116160"
"18655.413865691","11489116160","11489116160","11489116160"
"18665.411602723","11489116160","11489116160","11489116160"
"18675.418768125","11489116160","11489116160","11489116160"
"18685.412286233","11489116160","11489116160","11489116160"
"18695.413704484","11489116160","11489116160","11489116160"
"18705.410955478","11489116160","11489116160","11489116160"
"18715.410902409","11489116160","11489116160","11489116160"
"18725.413692794","11489116160","11489116160","11489116160"
"18735.411709924","11489116160","11489116160","11489116160"
"18745.411683044","11489116160","11489116160","11489116160"
"18755.412591127","11489116160","11489116160","11489116160"
"18765.411370658","11489116160","11489116160","11489116160"
"18775.411142735","11489116160","11489116160","11489116160"
"18785.41074566","11489116160","11489116160","11489116160"
"18795.412606745","11489116160","11489116160","11489116160"
"18805.411450004","11489116160","11489116160","11489116160"
"18815.416207406","11489116160","11489116160","11489116160"
"18825.410909786","11489116160","11489116160","11489116160"
"18835.411912266","11489116160","11489116160","11489116160"
"18845.410956169","11489116160","11489116160","11489116160"
"18855.412017693","11489116160","11489116160","11489116160"
"18865.414657036","11489116160","11489116160","11489116160"
"18875.411780157","11489116160","11489116160","11489116160"
"18885.41299209","11489116160","11489116160","11489116160"
"18895.411917256","11489116160","11489116160","11489116160"
"18905.411193715","11489116160","11489116160","11489116160"
"18915.410943641","11489116160","11489116160","11489116160"
"18925.411899857","11489116160","11489116160","11489116160"
"18935.411430959","11489116160","11489116160","11489116160"
"18945.419483209","11489116160","11489116160","11489116160"
"18955.411352589","11489116160","11489116160","11489116160"
"18965.41470277","11489116160","11489116160","11489116160"
"18975.410881324","11489116160","11489116160","11489116160"
"18985.411906244","11489116160","11489116160","11489116160"
"18995.413552089","11489116160","11489116160","11489116160"
"19005.415322895","11489116160","11489116160","11489116160"
"19015.411566972","11489116160","11489116160","11489116160"
"19025.411735325","11489116160","11489116160","11489116160"
"19035.41814536","11489116160","11489116160","11489116160"
"19045.412112405","11489116160","11489116160","11489116160"
"19055.411318459","11489116160","11489116160","11489116160"
"19065.411632354","11489116160","11489116160","11489116160"
"19075.410919171","11489116160","11489116160","11489116160"
"19085.411626939","11489116160","11489116160","11489116160"
"19095.411828614","11489116160","11489116160","11489116160"
"19105.415412517","11489116160","11489116160","11489116160"
"19115.413483734","11489116160","11489116160","11489116160"
"19125.412264333","11489116160","11489116160","11489116160"
"19135.412307672","11489116160","11489116160","11489116160"
"19145.414174703","11489116160","11489116160","11489116160"
"19155.412821677","11489116160","11489116160","11489116160"
"19165.411785967","11489116160","11489116160","11489116160"
"19175.413683034","11489116160","11489116160","11489116160"
"19185.411885101","11489116160","11489116160","11489116160"
"19195.414860324","11489116160","11489116160","11489116160"
"19205.411801765","11489116160","11489116160","11489116160"
"19215.41165154","11489116160","11489116160","11489116160"
"19225.414878464","11489116160","11489116160","11489116160"
"19235.41134472","11489116160","11489116160","11489116160"
"19245.411462533","11489116160","11489116160","11489116160"
"19255.411690469","11489116160","11489116160","11489116160"
"19265.416271762","11489116160","11489116160","11489116160"
"19275.411183275","11489116160","11489116160","11489116160"
"19285.41116831","11489116160","11489116160","11489116160"
"19295.415356679","11489116160","11489116160","11489116160"
"19305.414333855","11489116160","11489116160","11489116160"
"19315.418994285","11489116160","11489116160","11489116160"
"19325.413439369","11489116160","11489116160","11489116160"
"19335.411726214","11489116160","11489116160","11489116160"
"19345.412243432","11489116160","11489116160","11489116160"
"19355.411409069","11489116160","11489116160","11489116160"
"19365.411625577","11489116160","11489116160","11489116160"
"19375.411524855","11489116160","11489116160","11489116160"
"19385.414954959","11489116160","11489116160","11489116160"
"19395.411077387","11489116160","11489116160","11489116160"
"19405.411714139","11489116160","11489116160","11489116160"
"19415.41220394","11489116160","11489116160","11489116160"
"19425.411485922","11489116160","11489116160","11489116160"
"19435.412095721","11489116160","11489116160","11489116160"
"19445.411289194","11489116160","11489116160","11489116160"
"19455.412159413","11489116160","11489116160","11489116160"
"19465.411138264","11489116160","11489116160","11489116160"
"19475.411233725","11489116160","11489116160","11489116160"
"19485.412319048","11489116160","11489116160","11489116160"
"19495.417075964","11489116160","11489116160","11489116160"
"19505.411627738","11489116160","11489116160","11489116160"
"19515.412018506","11489116160","11489116160","11489116160"
"19525.415458771","11489116160","11489116160","11489116160"
"19535.411927974","11489116160","11489116160","11489116160"
"19545.412359599","11489116160","11489116160","11489116160"
"19555.417245553","11489116160","11489116160","11489116160"
"19565.414099056","11489116160","11489116160","11489116160"
"19575.411904289","11489116160","11489116160","11489116160"
"19585.412756917","11489116160","11489116160","11489116160"
"19595.412098722","11489116160","11489116160","11489116160"
"19605.411348936","11489116160","11489116160","11489116160"
"19615.414596103","11489116160","11489116160","11489116160"
"19625.413135969","11489116160","11489116160","11489116160"
"19635.411218866","11489116160","11489116160","11489116160"
"19645.411591585","11489116160","11489116160","11489116160"
"19655.411188553","11489116160","11489116160","11489116160"
"19665.411942138","11489116160","11489116160","11489116160"
"19675.411208725","11489116160","11489116160","11489116160"
"19685.411432656","11489116160","11489116160","11489116160"
"19695.411623157","11489116160","11489116160","11489116160"
"19705.411871591","11489116160","11489116160","11489116160"
"19715.412215345","11489116160","11489116160","11489116160"
"19725.412906102","11489116160","11489116160","11489116160"
"19735.411340287","11489116160","11489116160","11489116160"
"19745.411619173","11489116160","11489116160","11489116160"
"19755.412181755","11489116160","11489116160","11489116160"
"19765.412909541","11489116160","11489116160","11489116160"
"19775.411887504","11489116160","11489116160","11489116160"
"19785.415996571","11489116160","11489116160","11489116160"
"19795.412846482","11489116160","11489116160","11489116160"
"19805.412234051","11489116160","11489116160","11489116160"
"19815.411644052","11489116160","11489116160","11489116160"
"19825.411622832","11489116160","11489116160","11489116160"
"19835.410839492","11489116160","11489116160","11489116160"
"19845.411888416","11489116160","11489116160","11489116160"
"19855.412301373","11489116160","11489116160","11489116160"
"19865.41238304","11489116160","11489116160","11489116160"
"19875.41218203","11489116160","11489116160","11489116160"
"19885.411374271","11489116160","11489116160","11489116160"
"19895.413434449","11489116160","11489116160","11489116160"
"19905.411878333","11489116160","11489116160","11489116160"
"19915.412597635","11489116160","11489116160","11489116160"
"19925.412279645","11489116160","11489116160","11489116160"
"19935.416261429","11489116160","11489116160","11489116160"
"19945.411437492","11489116160","11489116160","11489116160"
"19955.412591944","11489116160","11489116160","11489116160"
"19965.411903742","11489116160","11489116160","11489116160"
"19975.411989724","11489116160","11489116160","11489116160"
"19985.412131215","11489116160","11489116160","11489116160"
"19995.413325102","11489116160","11489116160","11489116160"
"20005.41210521","11489116160","11489116160","11489116160"
"20015.414738761","11489116160","11489116160","11489116160"
"20025.411579709","11489116160","11489116160","11489116160"
"20035.413312477","11489116160","11489116160","11489116160"
"20045.411308638","11489116160","11489116160","11489116160"
"20055.415867175","11489116160","11489116160","11489116160"
"20065.411411831","11489116160","11489116160","11489116160"
"20075.410899156","11489116160","11489116160","11489116160"
"20085.41351569","11489116160","11489116160","11489116160"
"20095.416433605","11489116160","11489116160","11489116160"
"20105.41193267","11489116160","11489116160","11489116160"
"20115.411733931","11489116160","11489116160","11489116160"
"20125.412600939","11489116160","11489116160","11489116160"
"20135.411462576","11489116160","11489116160","11489116160"
"20145.412426192","11489116160","11489116160","11489116160"
"20155.411032559","11489116160","11489116160","11489116160"
"20165.417511918","11489116160","11489116160","11489116160"
"20175.412216944","11489116160","11489116160","11489116160"
"20185.411542675","11489116160","11489116160","11489116160"
"20195.414654573","11489116160","11489116160","11489116160"
"20205.410681827","11489116160","11489116160","11489116160"
"20215.411633814","11489116160","11489116160","11489116160"
"20225.412994935","11489116160","11489116160","11489116160"
"20235.41146275","11489116160","11489116160","11489116160"
"20245.412278481","11489116160","11489116160","11489116160"
"20255.411531172","11489116160","11489116160","11489116160"
"20265.411767421","11489116160","11489116160","11489116160"
"20275.416192387","11489116160","11489116160","11489116160"
"20285.411604251","11489116160","11489116160","11489116160"
"20295.411438048","11489116160","11489116160","11489116160"
"20305.41074606","11489116160","11489116160","11489116160"
"20315.414228371","11489116160","11489116160","11489116160"
"20325.411028254","11489116160","11489116160","11489116160"
"20335.410839191","11489116160","11489116160","11489116160"
"20345.414593954","11489116160","11489116160","11489116160"
"20355.412673542","11489116160","11489116160","11489116160"
"20365.412237366","11489116160","11489116160","11489116160"
"20375.414606598","11489116160","11489116160","11489116160"
"20385.412556626","11489116160","11489116160","11489116160"
"20395.411814209","11489116160","11489116160","11489116160"
"20405.415877942","11489116160","11489116160","11489116160"
"20415.412384781","11489116160","11489116160","11489116160"
"20425.411695941","11489116160","11489116160","11489116160"
"20435.418070423","11489116160","11489116160","11489116160"
"20445.411354967","11489116160","11489116160","11489116160"
"20455.410668117","11489116160","11489116160","11489116160"
"20465.411600641","11489116160","11489116160","11489116160"
"20475.412101737","11489116160","11489116160","11489116160"
"20485.410751184","11489116160","11489116160","11489116160"
"20495.411753985","11489116160","11489116160","11489116160"
"20505.413073486","11489116160","11489116160","11489116160"
"20515.411184111","11489116160","11489116160","11489116160"
"20525.411327899","11489116160","11489116160","11489116160"
"20535.411023183","11489116160","11489116160","11489116160"
"20545.410995427","11489116160","11489116160","11489116160"
"20555.411940353","11489116160","11489116160","11489116160"
"20565.411240289","11489116160","11489116160","11489116160"
"20575.411670571","11489116160","11489116160","11489116160"
"20585.414614768","11489116160","11489116160","11489116160"
"20595.412005727","11489116160","11489116160","11489116160"
"20605.415095031","11489116160","11489116160","11489116160"
"20615.411363006","11489116160","11489116160","11489116160"
"20625.412626867","11489116160","11489116160","11489116160"
"20635.419225253","11489116160","11489116160","11489116160"
"20645.41111751","11489116160","11489116160","11489116160"
"20655.411253983","11489116160","11489116160","11489116160"
"20665.418812255","11489116160","11489116160","11489116160"
"20675.411854047","11489116160","11489116160","11489116160"
"20685.412831509","11489116160","11489116160","11489116160"
"20695.411118648","11489116160","11489116160","11489116160"
"20705.414531906","11489116160","11489116160","11489116160"
"20715.411295648","11489116160","11489116160","11489116160"
"20725.412855753","11489116160","11489116160","11489116160"
"20735.419676862","11489116160","11489116160","11489116160"
"20745.412213712","11489116160","11489116160","11489116160"
"20755.411781146","11489116160","11489116160","11489116160"
"20765.411127212","11489116160","11489116160","11489116160"
"20775.411900914","11489116160","11489116160","11489116160"
"20785.416049567","11489116160","11489116160","11489116160"
"20795.411668707","11489116160","11489116160","11489116160"
"20805.412070626","11489116160","11489116160","11489116160"
"20815.411440846","11489116160","11489116160","11489116160"
"20825.414395225","11489116160","11489116160","11489116160"
"20835.410903316","11489116160","11489116160","11489116160"
"20845.417256408","11489116160","11489116160","11489116160"
"20855.412080907","11489116160","11489116160","11489116160"
"20865.413074522","11489116160","11489116160","11489116160"
"20875.411786355","11489116160","11489116160","11489116160"
"20885.411159365","11489116160","11489116160","11489116160"
"20895.411858433","11489116160","11489116160","11489116160"
"20905.416318656","11489116160","11489116160","11489116160"
"20915.411312613","11489116160","11489116160","11489116160"
"20925.420506259","11489116160","11489116160","11489116160"
"20935.414798704","11489116160","11489116160","11489116160"
"20945.411339667","11489116160","11489116160","11489116160"
"20955.412692392","11489116160","11489116160","11489116160"
"20965.410843417","11489116160","11489116160","11489116160"
"20975.411485508","11489116160","11489116160","11489116160"
"20985.412029648","11489116160","11489116160","11489116160"
"20995.411048406","11489116160","11489116160","11489116160"
"21005.41115382","11489116160","11489116160","11489116160"
"21015.411174191","11489116160","11489116160","11489116160"
"21025.412010121","11489116160","11489116160","11489116160"
"21035.411531666","11489116160","11489116160","11489116160"
"21045.410807805","11489116160","11489116160","11489116160"
"21055.410907174","11489116160","11489116160","11489116160"
"21065.413589199","11489116160","11489116160","11489116160"
"21075.411154131","11489116160","11489116160","11489116160"
"21085.411889643","11489116160","11489116160","11489116160"
"21095.411926805","11489116160","11489116160","11489116160"
"21105.415934155","11489116160","11489116160","11489116160"
"21115.411561251","11489116160","11489116160","11489116160"
"21125.411691546","11489116160","11489116160","11489116160"
"21135.411664606","11489116160","11489116160","11489116160"
"21145.411813706","11489116160","11489116160","11489116160"
"21155.411716463","11489116160","11489116160","11489116160"
"21165.411007726","11489116160","11489116160","11489116160"
"21175.414131007","11489116160","11489116160","11489116160"
"21185.412355094","11489116160","11489116160","11489116160"
"21195.410958494","11489116160","11489116160","11489116160"
"21205.411491341","11489116160","11489116160","11489116160"
"21215.411144121","11489116160","11489116160","11489116160"
"21225.415965416","11489116160","11489116160","11489116160"
"21235.412002091","11489116160","11489116160","11489116160"
"21245.411347355","11489116160","11489116160","11489116160"
"21255.410797256","11489116160","11489116160","11489116160"
"21265.414690998","11489116160","11489116160","11489116160"
"21275.41143294","11489116160","11489116160","11489116160"
"21285.411779562","11489116160","11489116160","11489116160"
"21295.411261685","11489116160","11489116160","11489116160"
"21305.411117526","11489116160","11489116160","11489116160"
"21315.411817156","11489116160","11489116160","11489116160"
"21325.411743139","11489116160","11489116160","11489116160"
"21335.410923686","11489116160","11489116160","11489116160"
"21345.411586221","11489116160","11489116160","11489116160"
"21355.411100041","11489116160","11489116160","11489116160"
"21365.414738323","11489116160","11489116160","11489116160"
"21375.410958013","11489116160","11489116160","11489116160"
"21385.413664776","11489116160","11489116160","11489116160"
"21395.411742374","11489116160","11489116160","11489116160"
"21405.412509937","11489116160","11489116160","11489116160"
"21415.416779707","11489116160","11489116160","11489116160"
"21425.411983897","11489116160","11489116160","11489116160"
"21435.411504492","11489116160","11489116160","11489116160"
"21445.411770402","11489116160","11489116160","11489116160"
"21455.411731832","11489116160","11489116160","11489116160"
"21465.414796665","11489116160","11489116160","11489116160"
"21475.412425026","11489116160","11489116160","11489116160"
"21485.414610619","11489116160","11489116160","11489116160"
"21495.411737289","11489116160","11489116160","11489116160"
"21505.411828295","11489116160","11489116160","11489116160"
"21515.412289871","11489116160","11489116160","11489116160"
"21525.411566255","11489116160","11489116160","11489116160"
"21535.410959568","11489116160","11489116160","11489116160"
"21545.413382714","11489116160","11489116160","11489116160"
"21555.412409617","11489116160","11489116160","11489116160"
"21565.410853061","11489116160","11489116160","11489116160"
"21575.411662959","11489116160","11489116160","11489116160"
"21585.41441544","11489116160","11489116160","11489116160"
"21595.411163625","11489116160","11489116160","11489116160"
"21605.414583713","11489116160","11489116160","11489116160"
"21615.411029177","11489116160","11489116160","11489116160"
"21625.411322382","11489116160","11489116160","11489116160"
"21635.414531085","11489116160","11489116160","11489116160"
"21645.411504803","11489116160","11489116160","11489116160"
"21655.41170018","11489116160","11489116160","11489116160"
"21665.411873787","11489116160","11489116160","11489116160"
"21675.414143549","11489116160","11489116160","11489116160"
"21685.411627634","11489116160","11489116160","11489116160"
"21695.412628","11489116160","11489116160","11489116160"
"21705.411436984","11489116160","11489116160","11489116160"
"21715.411856421","11489116160","11489116160","11489116160"
"21725.412381919","11489116160","11489116160","11489116160"
"21735.413360233","11489116160","11489116160","11489116160"
"21745.413363563","11489116160","11489116160","11489116160"
"21755.416473772","11489116160","11489116160","11489116160"
"21765.412606195","11489116160","11489116160","11489116160"
"21775.41502054","11489116160","11489116160","11489116160"
"21785.413047487","11489116160","11489116160","11489116160"
"21795.41142496","11489116160","11489116160","11489116160"
"21805.411449574","11489116160","11489116160","11489116160"
"21815.412398965","11489116160","11489116160","11489116160"
"21825.412333113","11489116160","11489116160","11489116160"
"21835.412071517","11489116160","11489116160","11489116160"
"21845.412094384","11489116160","11489116160","11489116160"
"21855.411684957","11489116160","11489116160","11489116160"
"21865.411393681","11489116160","11489116160","11489116160"
"21875.411983804","11489116160","11489116160","11489116160"
"21885.420743848","11489116160","11489116160","11489116160"
"21895.416388958","11489116160","11489116160","11489116160"
"21905.41120506","11489116160","11489116160","11489116160"
"21915.412163033","11489116160","11489116160","11489116160"
"21925.416572535","11489116160","11489116160","11489116160"
"21935.413674203","11489116160","11489116160","11489116160"
"21945.410895658","11489116160","11489116160","11489116160"
"21955.413488925","11489116160","11489116160","11489116160"
"21965.415297453","11489116160","11489116160","11489116160"
"21975.412302389","11489116160","11489116160","11489116160"
"21985.411688803","11489116160","11489116160","11489116160"
"21995.41099758","11489116160","11489116160","11489116160"
"22005.411176737","11489116160","11489116160","11489116160"
"22015.412721314","11489116160","11489116160","11489116160"
"22025.411577031","11489116160","11489116160","11489116160"
"22035.41115759","11489116160","11489116160","11489116160"
"22045.412794871","11489116160","11489116160","11489116160"
"22055.411471331","11489116160","11489116160","11489116160"
"22065.411538565","11489116160","11489116160","11489116160"
"22075.415527924","11489116160","11489116160","11489116160"
"22085.411966646","11489116160","11489116160","11489116160"
"22095.411984464","11489116160","11489116160","11489116160"
"22105.412352945","11489116160","11489116160","11489116160"
"22115.411365395","11489116160","11489116160","11489116160"
"22125.411559135","11489116160","11489116160","11489116160"
"22135.411892921","11489116160","11489116160","11489116160"
"22145.411526141","11489116160","11489116160","11489116160"
"22155.411850268","11489116160","11489116160","11489116160"
"22165.411488442","11489116160","11489116160","11489116160"
"22175.411726331","11489116160","11489116160","11489116160"
"22185.411479748","11489116160","11489116160","11489116160"
"22195.41771005","11489116160","11489116160","11489116160"
"22205.415028993","11489116160","11489116160","11489116160"
"22215.418107443","11489116160","11489116160","11489116160"
"22225.411551024","11489116160","11489116160","11489116160"
"22235.41181597","11489116160","11489116160","11489116160"
"22245.411795287","11489116160","11489116160","11489116160"
"22255.413806954","11489116160","11489116160","11489116160"
"22265.411418244","11489116160","11489116160","11489116160"
"22275.410900863","11489116160","11489116160","11489116160"
"22285.413886392","11489116160","11489116160","11489116160"
"22295.411602212","11489116160","11489116160","11489116160"
"22305.411284477","11489116160","11489116160","11489116160"
"22315.414142447","11489116160","11489116160","11489116160"
"22325.411145657","11489116160","11489116160","11489116160"
"22335.411243103","11489116160","11489116160","11489116160"
"22345.411006746","11489116160","11489116160","11489116160"
"22355.410919939","11489116160","11489116160","11489116160"
"22365.411567796","11489116160","11489116160","11489116160"
"22375.410999082","11489116160","11489116160","11489116160"
"22385.411441955","11489116160","11489116160","11489116160"
"22395.420929948","11489116160","11489116160","11489116160"
"22405.414120522","11489116160","11489116160","11489116160"
"22415.411146886","11489116160","11489116160","11489116160"
"22425.410993703","11489116160","11489116160","11489116160"
"22435.412349014","11489116160","11489116160","11489116160"
"22445.41160683","11489116160","11489116160","11489116160"
"22455.415431298","11489116160","11489116160","11489116160"
"22465.41245829","11489116160","11489116160","11489116160"
"22475.411971777","11489116160","11489116160","11489116160"
"22485.413440752","11489116160","11489116160","11489116160"
"22495.412726073","11489116160","11489116160","11489116160"
"22505.412432528","11556225024","11556225024","11556225024"
"22515.41091563","11556225024","11556225024","11556225024"
"22525.411734797","11556225024","11556225024","11556225024"
"22535.410897348","11556225024","11556225024","11556225024"
"22545.41219946","11556225024","11556225024","11556225024"
"22555.411201847","11556225024","11556225024","11556225024"
"22565.411435841","11556225024","11556225024","11556225024"
"22575.411372067","11556225024","11556225024","11556225024"
"22585.411537001","11556225024","11556225024","11556225024"
"22595.412843188","11556225024","11556225024","11556225024"
"22605.411348198","11556225024","11556225024","11556225024"
"22615.411265835","11556225024","11556225024","11556225024"
"22775.411693486","5191368704","5191368704","5191368704"
"22785.412247218","5191368704","5191368704","5191368704"
"22825.411309537","5191368704","5191368704","5191368704"
"22895.412129727","5191368704","5191368704","5191368704"
"23165.410852469","5191368704","5191368704","5191368704"
"23175.410951642","5191368704","5191368704","5191368704"
"23735.411809428","5191368704","5191368704","5191368704"
"23745.411985866","14104264704","14104264704","14104264704"
"23755.413535802","14104264704","14104264704","14104264704"
"23765.411525562","14104264704","14104264704","14104264704"
"23775.411473392","14104264704","14104264704","14104264704"
"23785.411322184","14104264704","14104264704","14104264704"
"23795.414205548","14104264704","14104264704","14104264704"
"23805.410675285","9595387904","9595387904","9595387904"
"23815.411662744","5317197824","5317197824","5317197824"
"23825.412009404","14062321664","14062321664","14062321664"
"23835.411818005","14104264704","14104264704","14104264704"
"23845.414435924","14104264704","14104264704","14104264704"
"23855.413622886","14104264704","14104264704","14104264704"
"23865.413013182","14104264704","14104264704","14104264704"
"23875.412149596","14104264704","14104264704","14104264704"
"23885.411627594","14104264704","14104264704","14104264704"
"23895.410916072","14104264704","14104264704","14104264704"
"23905.412483719","14104264704","14104264704","14104264704"
"23915.411929245","14104264704","14104264704","14104264704"
"23925.410735442","14104264704","14104264704","14104264704"
"23935.411865707","14104264704","14104264704","14104264704"
"23945.414130796","14104264704","14104264704","14104264704"
"23955.422960364","14104264704","14104264704","14104264704"
"23965.411434901","14104264704","14104264704","14104264704"
"23975.415647203","14104264704","14104264704","14104264704"
"23985.414186618","14104264704","14104264704","14104264704"
"23995.415701072","14104264704","14104264704","14104264704"
"24005.415935807","14104264704","14104264704","14104264704"
"24015.413742565","14104264704","14104264704","14104264704"
"24025.4115708","5359140864","5359140864","5359140864"
"24035.410426062","5317197824","5317197824","5317197824"
"24185.411843267","14104264704","14104264704","14104264704"
"24195.411637232","14104264704","14104264704","14104264704"
"24205.41135783","14104264704","14104264704","14104264704"
"24215.411147422","14104264704","14104264704","14104264704"
"24225.411620244","14104264704","14104264704","14104264704"
"24235.411848124","14104264704","14104264704","14104264704"
"24365.411133672","13475119104","13475119104","13475119104"
"24375.41101276","13475119104","13475119104","13475119104"
"24385.411511192","13475119104","13475119104","13475119104"
"24435.411047088","6114115584","6114115584","6114115584"
"24445.411867952","6114115584","6114115584","6114115584"
"24455.411126821","6114115584","6114115584","6114115584"