"Relative Time (Process)","StudyAbroadGPT-7B - system/cpu","StudyAbroadGPT-7B - system/cpu__MIN","StudyAbroadGPT-7B - system/cpu__MAX"
"15.409319057","1.1847787739274875","1.1847787739274875","1.1847787739274875"
"25.407394499","1.8356858201585629","1.8356858201585629","1.8356858201585629"
"35.412249392","2.0476819779096793","2.0476819779096793","2.0476819779096793"
"45.407426339","2.16970009875038","2.16970009875038","2.16970009875038"
"55.407273893","2.4234113432012876","2.4234113432012876","2.4234113432012876"
"65.406799258","2.6981407660177497","2.6981407660177497","2.6981407660177497"
"75.407508654","2.968339749326719","2.968339749326719","2.968339749326719"
"85.40686782","3.231491700580149","3.231491700580149","3.231491700580149"
"95.406661462","3.48843000873503","3.48843000873503","3.48843000873503"
"105.407212065","3.7396623018948825","3.7396623018948825","3.7396623018948825"
"115.406679942","3.98510506655004","3.98510506655004","3.98510506655004"
"125.408046368","4.224658890916814","4.224658890916814","4.224658890916814"
"135.406851197","4.458823831348249","4.458823831348249","4.458823831348249"
"145.407377451","4.688319186523643","4.688319186523643","4.688319186523643"
"155.406948153","4.912207711260962","4.912207711260962","4.912207711260962"
"165.407416635","5.131209969946357","5.131209969946357","5.131209969946357"
"175.407582166","5.345490784313938","5.345490784313938","5.345490784313938"
"185.406701456","5.555470637509199","5.555470637509199","5.555470637509199"
"195.407747899","5.761006158977971","5.761006158977971","5.761006158977971"
"205.407425036","5.961994213651559","5.961994213651559","5.961994213651559"
"215.40709581","6.158826753200156","6.158826753200156","6.158826753200156"
"225.406908268","6.352141627504189","6.352141627504189","6.352141627504189"
"235.406995567","6.541285302997269","6.541285302997269","6.541285302997269"
"245.407601286","6.726631190929869","6.726631190929869","6.726631190929869"
"255.407586893","6.908055762326619","6.908055762326619","6.908055762326619"
"265.407730029","7.086153439876137","7.086153439876137","7.086153439876137"
"275.407630295","7.260787361592751","7.260787361592751","7.260787361592751"
"285.406930434","7.430611676541408","7.430611676541408","7.430611676541408"
"295.406946234","7.597188102911967","7.597188102911967","7.597188102911967"
"305.406554567","7.761798460536305","7.761798460536305","7.761798460536305"
"315.407814551","7.923546431208425","7.923546431208425","7.923546431208425"
"325.407587736","8.082301892936318","8.082301892936318","8.082301892936318"
"335.406560692","8.238143636613973","8.238143636613973","8.238143636613973"
"345.407580953","8.390903919164176","8.390903919164176","8.390903919164176"
"355.407113602","8.54136218928855","8.54136218928855","8.54136218928855"
"365.407602518","8.688674666785676","8.688674666785676","8.688674666785676"
"375.406751359","8.8336063438506","8.8336063438506","8.8336063438506"
"385.407284662","8.975758606099511","8.975758606099511","8.975758606099511"
"395.407332602","9.115870908547539","9.115870908547539","9.115870908547539"
"405.4075416","9.253345040422548","9.253345040422548","9.253345040422548"
"415.407119983","9.388254906521542","9.388254906521542","9.388254906521542"
"425.406755469","9.521084125371978","9.521084125371978","9.521084125371978"
"435.406695962","9.651673538394652","9.651673538394652","9.651673538394652"
"445.406754276","9.780080905203597","9.780080905203597","9.780080905203597"
"455.40752628","9.90635448978241","9.90635448978241","9.90635448978241"
"465.40709659","10.030563613285617","10.030563613285617","10.030563613285617"
"475.407295831","10.152742952243555","10.152742952243555","10.152742952243555"
"485.407031251","10.27274913176427","10.27274913176427","10.27274913176427"
"495.407635982","10.391024545241693","10.391024545241693","10.391024545241693"
"505.407477632","10.507426036636941","10.507426036636941","10.507426036636941"
"515.407598583","10.621787466275883","10.621787466275883","10.621787466275883"
"525.408279335","10.734754205058449","10.734754205058449","10.734754205058449"
"535.407875399","10.845571065381312","10.845571065381312","10.845571065381312"
"545.406989494","10.954884156696949","10.954884156696949","10.954884156696949"
"555.407543921","11.0623213799157","11.0623213799157","11.0623213799157"
"565.406664223","11.168519051553101","11.168519051553101","11.168519051553101"
"575.407678778","11.272911573871326","11.272911573871326","11.272911573871326"
"585.406707242","11.375573132225318","11.375573132225318","11.375573132225318"
"595.406893914","11.476886073810444","11.476886073810444","11.476886073810444"
"605.407479185","11.576703068265928","11.576703068265928","11.576703068265928"
"615.406829609","11.675070096925248","11.675070096925248","11.675070096925248"
"625.407258782","11.772000052432311","11.772000052432311","11.772000052432311"
"635.40718766","11.867357243673316","11.867357243673316","11.867357243673316"
"645.407482983","11.961701774543245","11.961701774543245","11.961701774543245"
"655.406947475","12.054359220396146","12.054359220396146","12.054359220396146"
"665.407258661","12.146053525390435","12.146053525390435","12.146053525390435"
"675.406883262","12.236118951176339","12.236118951176339","12.236118951176339"
"685.407735164","12.325094499146699","12.325094499146699","12.325094499146699"
"695.407024694","12.412853695524033","12.412853695524033","12.412853695524033"
"705.407468605","12.499402568273009","12.499402568273009","12.499402568273009"
"715.407174983","12.584770529529846","12.584770529529846","12.584770529529846"
"725.40689199","12.668985974679273","12.668985974679273","12.668985974679273"
"735.407759583","12.752059186346244","12.752059186346244","12.752059186346244"
"745.407005501","12.83403726944834","12.83403726944834","12.83403726944834"
"755.407154412","12.914919343717544","12.914919343717544","12.914919343717544"
"765.407256134","12.994734781510685","12.994734781510685","12.994734781510685"
"775.407330584","13.073342269699836","13.073342269699836","13.073342269699836"
"785.406640528","13.151096296042583","13.151096296042583","13.151096296042583"
"795.407648889","13.227669159010539","13.227669159010539","13.227669159010539"
"805.407042445","13.303593333444107","13.303593333444107","13.303593333444107"
"815.406908113","13.378225468081585","13.378225468081585","13.378225468081585"
"825.407163018","13.451908135432058","13.451908135432058","13.451908135432058"
"835.407661746","13.524975330261485","13.524975330261485","13.524975330261485"
"845.407272162","13.596821692619436","13.596821692619436","13.596821692619436"
"855.407263463","13.667926867375465","13.667926867375465","13.667926867375465"
"865.407378752","13.737996727735743","13.737996727735743","13.737996727735743"
"875.407530549","13.80735853034696","13.80735853034696","13.80735853034696"
"885.406557235","13.87588256979609","13.87588256979609","13.87588256979609"
"895.407416082","13.943711791698579","13.943711791698579","13.943711791698579"
"905.407359831","14.010427333123431","14.010427333123431","14.010427333123431"
"915.40757305","14.07649091388266","14.07649091388266","14.07649091388266"
"925.407246895","14.141771298173312","14.141771298173312","14.141771298173312"
"935.406781487","14.206130056770588","14.206130056770588","14.206130056770588"
"945.407328145","14.270017447279002","14.270017447279002","14.270017447279002"
"955.407170123","14.33286849221404","14.33286849221404","14.33286849221404"
"965.406726156","14.395136172789634","14.395136172789634","14.395136172789634"
"975.407338703","14.456673670819493","14.456673670819493","14.456673670819493"
"985.407317299","14.51750862249713","14.51750862249713","14.51750862249713"
"995.407028255","14.577505961736952","14.577505961736952","14.577505961736952"
"1005.406974091","14.636960273908716","14.636960273908716","14.636960273908716"
"1015.407547787","14.69559746552729","14.69559746552729","14.69559746552729"
"1025.407144881","14.75372026199676","14.75372026199676","14.75372026199676"
"1035.40783205","14.811184638460238","14.811184638460238","14.811184638460238"
"1045.407436372","14.867879466970358","14.867879466970358","14.867879466970358"
"1055.406921782","14.924224923975506","14.924224923975506","14.924224923975506"
"1065.407642133","14.979664702715692","14.979664702715692","14.979664702715692"
"1075.407473264","15.034642176336128","15.034642176336128","15.034642176336128"
"1085.407335801","15.089020778418293","15.089020778418293","15.089020778418293"
"1095.407147751","15.142675271567715","15.142675271567715","15.142675271567715"
"1105.407274325","15.196018905285548","15.196018905285548","15.196018905285548"
"1165.407443364","14.760747708240565","14.760747708240565","14.760747708240565"
"1175.406965273","14.819848124247178","14.819848124247178","14.819848124247178"
"1185.407283812","14.853038434059295","14.853038434059295","14.853038434059295"
"1195.406655547","14.90515309515778","14.90515309515778","14.90515309515778"
"1205.406601237","14.956858319960538","14.956858319960538","14.956858319960538"
"1215.407092711","15.007906938136836","15.007906938136836","15.007906938136836"
"1225.40755636","15.058692206560211","15.058692206560211","15.058692206560211"
"1235.407904764","15.108716305625952","15.108716305625952","15.108716305625952"
"1245.406750119","15.158374013498525","15.158374013498525","15.158374013498525"
"1255.407682162","15.207397855428468","15.207397855428468","15.207397855428468"
"1265.407727124","15.256066342341787","15.256066342341787","15.256066342341787"
"1275.407582108","15.304132729282731","15.304132729282731","15.304132729282731"
"1285.407374816","15.351850802223627","15.351850802223627","15.351850802223627"
"1295.407026239","15.399102735376703","15.399102735376703","15.399102735376703"
"1305.40689143","15.445894451029849","15.445894451029849","15.445894451029849"
"1315.407674752","15.492227065278358","15.492227065278358","15.492227065278358"
"1325.407090782","15.538002254991207","15.538002254991207","15.538002254991207"
"1335.40721436","15.583454054649739","15.583454054649739","15.583454054649739"
"1345.40678851","15.62835699602637","15.62835699602637","15.62835699602637"
"1355.407461611","15.67306323132295","15.67306323132295","15.67306323132295"
"1365.407142289","15.717118704351206","15.717118704351206","15.717118704351206"
"1375.407434475","15.760871841172673","15.760871841172673","15.760871841172673"
"1385.407200579","15.8042199862913","15.8042199862913","15.8042199862913"
"1395.406528546","15.847167418854843","15.847167418854843","15.847167418854843"
"1405.407251113","15.889706667454544","15.889706667454544","15.889706667454544"
"1415.407019278","15.931860487108212","15.931860487108212","15.931860487108212"
"1425.406812084","15.973627271240112","15.973627271240112","15.973627271240112"
"1435.407464305","16.014891163000918","16.014891163000918","16.014891163000918"
"1445.407271576","16.055898829690868","16.055898829690868","16.055898829690868"
"1455.407588278","16.096531612988358","16.096531612988358","16.096531612988358"
"1465.407216689","16.13680324505572","16.13680324505572","16.13680324505572"
"1475.407568102","16.17659444033253","16.17659444033253","16.17659444033253"
"1485.407851261","16.216143746847568","16.216143746847568","16.216143746847568"
"1495.407236759","16.255347087297782","16.255347087297782","16.255347087297782"
"1505.407423235","16.294196417299943","16.294196417299943","16.294196417299943"
"1515.406538986","16.33271151896335","16.33271151896335","16.33271151896335"
"1525.407457162","16.370655607563634","16.370655607563634","16.370655607563634"
"1535.406791811","16.408498406032656","16.408498406032656","16.408498406032656"
"1545.406827291","16.445788809354028","16.445788809354028","16.445788809354028"
"1555.407619018","16.48307555938329","16.48307555938329","16.48307555938329"
"1565.407481756","16.519938899784783","16.519938899784783","16.519938899784783"
"1575.407009172","16.556380624266932","16.556380624266932","16.556380624266932"
"1585.407181842","16.592613222993954","16.592613222993954","16.592613222993954"
"1595.406798895","16.62854073035236","16.62854073035236","16.62854073035236"
"1605.406799216","16.66405465858984","16.66405465858984","16.66405465858984"
"1615.406849491","16.699373707410757","16.699373707410757","16.699373707410757"
"1625.406771271","16.734291574365944","16.734291574365944","16.734291574365944"
"1635.407251923","16.769017690239988","16.769017690239988","16.769017690239988"
"1645.406911912","16.803355357114906","16.803355357114906","16.803355357114906"
"1655.407441184","16.837401798408926","16.837401798408926","16.837401798408926"
"1665.406901195","16.871277431124213","16.871277431124213","16.871277431124213"
"1675.407324952","16.904661528888802","16.904661528888802","16.904661528888802"
"1685.406832206","16.93808532299749","16.93808532299749","16.93808532299749"
"1695.407017059","16.970924715512524","16.970924715512524","16.970924715512524"
"1705.40726496","17.003802046970723","17.003802046970723","17.003802046970723"
"1715.407410851","17.036210241283914","17.036210241283914","17.036210241283914"
"1725.407123697","17.068461330545194","17.068461330545194","17.068461330545194"
"1735.407406999","17.100348296037517","17.100348296037517","17.100348296037517"
"1745.406988437","17.132084921365266","17.132084921365266","17.132084921365266"
"1755.407159628","17.163564558747325","17.163564558747325","17.163564558747325"
"1765.407579525","17.19479222215574","17.19479222215574","17.19479222215574"
"1775.407211818","17.225778561510037","17.225778561510037","17.225778561510037"
"1785.40694868","17.256519698737243","17.256519698737243","17.256519698737243"
"1795.407009513","17.286918284401278","17.286918284401278","17.286918284401278"
"1805.407651764","17.317271406045325","17.317271406045325","17.317271406045325"
"1815.407615506","17.347294812945677","17.347294812945677","17.347294812945677"
"1825.406900865","17.376993043933407","17.376993043933407","17.376993043933407"
"1835.406725007","17.40655563378284","17.40655563378284","17.40655563378284"
"1845.40755822","17.43588236077144","17.43588236077144","17.43588236077144"
"1855.4070174","17.46499411448303","17.46499411448303","17.46499411448303"
"1865.407333135","17.49378240671571","17.49378240671571","17.49378240671571"
"1875.407169593","17.52244893624486","17.52244893624486","17.52244893624486"
"1885.407488849","17.550895305020248","17.550895305020248","17.550895305020248"
"1895.40654132","17.5791352804419","17.5791352804419","17.5791352804419"
"1905.407816051","17.60705423070034","17.60705423070034","17.60705423070034"
"1915.407238066","17.634963429098594","17.634963429098594","17.634963429098594"
"1925.407238184","17.66247336888314","17.66247336888314","17.66247336888314"
"1935.407519925","17.689776274958056","17.689776274958056","17.689776274958056"
"1945.406734905","17.716977196320126","17.716977196320126","17.716977196320126"
"1955.40744448","17.743966515199705","17.743966515199705","17.743966515199705"
"1965.407429548","17.770762370504205","17.770762370504205","17.770762370504205"
"1975.407027345","17.79736430010285","17.79736430010285","17.79736430010285"
"1985.40731373","17.823676524943505","17.823676524943505","17.823676524943505"
"1995.40735582","17.849889534828066","17.849889534828066","17.849889534828066"
"2005.407285555","17.875912332391962","17.875912332391962","17.875912332391962"
"2015.407245198","17.901657467132527","17.901657467132527","17.901657467132527"
"2025.407579567","17.927303855010393","17.927303855010393","17.927303855010393"
"2035.408480885","17.952680792248493","17.952680792248493","17.952680792248493"
"2045.406681118","17.978057726500257","17.978057726500257","17.978057726500257"
"2055.406545536","18.00316135321643","18.00316135321643","18.00316135321643"
"2065.407188843","18.028082695258","18.028082695258","18.028082695258"
"2075.406774868","18.052656210046262","18.052656210046262","18.052656210046262"
"2085.407565037","18.07731416807873","18.07731416807873","18.07731416807873"
"2095.40758501","18.10171523590675","18.10171523590675","18.10171523590675"
"2105.406834256","18.125863124170706","18.125863124170706","18.125863124170706"
"2115.407795037","18.150006033903654","18.150006033903654","18.150006033903654"
"2125.407238551","18.173904668061212","18.173904668061212","18.173904668061212"
"2135.406793941","18.19754951756496","18.19754951756496","18.19754951756496"
"2145.407632152","18.22102325034585","18.22102325034585","18.22102325034585"
"2155.407501983","18.244427793651166","18.244427793651166","18.244427793651166"
"2165.406687888","18.267590332365266","18.267590332365266","18.267590332365266"
"2175.407049128","18.29067269980579","18.29067269980579","18.29067269980579"
"2185.407575224","18.313597124875827","18.313597124875827","18.313597124875827"
"2195.40665812","18.33637443413198","18.33637443413198","18.33637443413198"
"2205.406910286","18.35899085869522","18.35899085869522","18.35899085869522"
"2215.407184226","18.381370832210003","18.381370832210003","18.381370832210003"
"2225.407187857","18.403685180562768","18.403685180562768","18.403685180562768"
"2235.40668544","18.425769741285077","18.425769741285077","18.425769741285077"
"2245.4065579","18.447871662290382","18.447871662290382","18.447871662290382"
"2255.407400866","18.469655040998482","18.469655040998482","18.469655040998482"
"2265.40715787","18.491382707739483","18.491382707739483","18.491382707739483"
"2275.406764789","18.512967989837524","18.512967989837524","18.512967989837524"
"2285.406553","18.534409512493934","18.534409512493934","18.534409512493934"
"2295.407691609","18.55553877304804","18.55553877304804","18.55553877304804"
"2305.407504705","18.576700995050057","18.576700995050057","18.576700995050057"
"2315.406663611","18.59764771106234","18.59764771106234","18.59764771106234"
"2325.407835608","18.61853110729437","18.61853110729437","18.61853110729437"
"2335.407516424","18.63928096321868","18.63928096321868","18.63928096321868"
"2345.407651607","18.659898028992245","18.659898028992245","18.659898028992245"
"2355.407351593","18.680303866548382","18.680303866548382","18.680303866548382"
"2365.407000212","18.70065989089362","18.70065989089362","18.70065989089362"
"2375.406565745","18.720805810772795","18.720805810772795","18.720805810772795"
"2385.406804172","18.74089913783248","18.74089913783248","18.74089913783248"
"2395.406852298","18.76086614770309","18.76086614770309","18.76086614770309"
"2405.407121957","18.78062574299577","18.78062574299577","18.78062574299577"
"2415.407252838","18.80041953895699","18.80041953895699","18.80041953895699"
"2425.407170754","18.81993244308344","18.81993244308344","18.81993244308344"
"2435.407092067","18.839323154595927","18.839323154595927","18.839323154595927"
"2445.406799988","18.858672446797794","18.858672446797794","18.858672446797794"
"2455.407477611","18.877816960198814","18.877816960198814","18.877816960198814"
"2465.407453355","18.89692373635213","18.89692373635213","18.89692373635213"
"2475.407383006","18.91591231515722","18.91591231515722","18.91591231515722"
"2485.407705598","18.934782183046963","18.934782183046963","18.934782183046963"
"2495.407207073","18.953539919491497","18.953539919491497","18.953539919491497"
"2505.407183775","18.97210332806805","18.97210332806805","18.97210332806805"
"2515.406985853","18.990630618002562","18.990630618002562","18.990630618002562"
"2525.407169669","19.009043039894728","19.009043039894728","19.009043039894728"
"2535.407813697","19.027339888885983","19.027339888885983","19.027339888885983"
"2545.406723871","19.045460470908452","19.045460470908452","19.045460470908452"
"2555.40770937","19.06353491508178","19.06353491508178","19.06353491508178"
"2565.407523547","19.081431480293865","19.081431480293865","19.081431480293865"
"2575.40695978","19.099223079175722","19.099223079175722","19.099223079175722"
"2585.407483775","19.116976477375648","19.116976477375648","19.116976477375648"
"2595.40733179","19.134628546303194","19.134628546303194","19.134628546303194"
"2605.407649082","19.152171512673444","19.152171512673444","19.152171512673444"
"2615.407086864","19.169615967677707","19.169615967677707","19.169615967677707"
"2625.407891031","19.186952296292972","19.186952296292972","19.186952296292972"
"2635.406597562","19.204192112648567","19.204192112648567","19.204192112648567"
"2645.407541131","19.221246775457402","19.221246775457402","19.221246775457402"
"2655.40737824","19.238281498575585","19.238281498575585","19.238281498575585"
"2665.407275203","19.25521607650634","19.25521607650634","19.25521607650634"
"2675.40745673","19.27205011002656","19.27205011002656","19.27205011002656"
"2685.407370538","19.28878801253709","19.28878801253709","19.28878801253709"
"2695.407458188","19.30542735971315","19.30542735971315","19.30542735971315"
"2705.407522238","19.32182649683367","19.32182649683367","19.32182649683367"
"2715.40800736","19.338344837936493","19.338344837936493","19.338344837936493"
"2725.407261677","19.35463077005476","19.35463077005476","19.35463077005476"
"2735.407213073","19.37082007023454","19.37082007023454","19.37082007023454"
"2745.407340202","19.386986602791254","19.386986602791254","19.386986602791254"
"2755.407511233","19.403061115877367","19.403061115877367","19.403061115877367"
"2765.407191178","19.419046773845473","19.419046773845473","19.419046773845473"
"2775.406603835","19.43487229259763","19.43487229259763","19.43487229259763"
"2785.406939334","19.450674265830045","19.450674265830045","19.450674265830045"
"2795.407273988","19.46631659764635","19.46631659764635","19.46631659764635"
"2805.406772221","19.48194600105641","19.48194600105641","19.48194600105641"
"2815.406781226","19.49748449939475","19.49748449939475","19.49748449939475"
"2825.407402644","19.512863305605816","19.512863305605816","19.512863305605816"
"2835.407407641","19.528299252736762","19.528299252736762","19.528299252736762"
"2845.406609115","19.543444583001175","19.543444583001175","19.543444583001175"
"2855.40683755","19.55870866645582","19.55870866645582","19.55870866645582"
"2865.407203155","19.5737494252277","19.5737494252277","19.5737494252277"
"2875.406724244","19.58878075732819","19.58878075732819","19.58878075732819"
"2885.406650046","19.603658313160448","19.603658313160448","19.603658313160448"
"2895.406650156","19.61852252216791","19.61852252216791","19.61852252216791"
"2905.406971828","19.633303907497023","19.633303907497023","19.633303907497023"
"2915.407786255","19.647937384997995","19.647937384997995","19.647937384997995"
"2925.407205376","19.662627498662072","19.662627498662072","19.662627498662072"
"2935.407615752","19.67710076603661","19.67710076603661","19.67710076603661"
"2945.406975572","19.6915683474758","19.6915683474758","19.6915683474758"
"2955.406770244","19.705956088656684","19.705956088656684","19.705956088656684"
"2965.407733787","19.72026053607754","19.72026053607754","19.72026053607754"
"2975.406674236","19.734498307479118","19.734498307479118","19.734498307479118"
"2985.407229158","19.74865159548766","19.74865159548766","19.74865159548766"
"2995.407621992","19.76266466539062","19.76266466539062","19.76266466539062"
"3005.40726494","19.776671234656018","19.776671234656018","19.776671234656018"
"3015.407171916","19.790603283648174","19.790603283648174","19.790603283648174"
"3025.407300668","19.804460590867457","19.804460590867457","19.804460590867457"
"3035.407132309","19.818179833627557","19.818179833627557","19.818179833627557"
"3045.407306907","19.831956975143132","19.831956975143132","19.831956975143132"
"3055.407147427","19.845532075824295","19.845532075824295","19.845532075824295"
"3065.406885302","19.859036740921525","19.859036740921525","19.859036740921525"
"3075.407401377","19.87259751555881","19.87259751555881","19.87259751555881"
"3085.407812352","19.885957064227842","19.885957064227842","19.885957064227842"
"3095.407135711","19.899318668204835","19.899318668204835","19.899318668204835"
"3105.406596938","19.91267467250238","19.91267467250238","19.91267467250238"
"3115.407259316","19.92582626979156","19.92582626979156","19.92582626979156"
"3125.407004093","19.93897891675948","19.93897891675948","19.93897891675948"
"3135.406770318","19.95206441800558","19.95206441800558","19.95206441800558"
"3145.407573725","19.965076909256577","19.965076909256577","19.965076909256577"
"3155.407612928","19.977963018445774","19.977963018445774","19.977963018445774"
"3165.407213988","19.990848976050327","19.990848976050327","19.990848976050327"
"3175.407613803","20.003601933294313","20.003601933294313","20.003601933294313"
"3185.407238697","20.01629441066488","20.01629441066488","20.01629441066488"
"3195.407114166","20.028983822273254","20.028983822273254","20.028983822273254"
"3205.407626664","20.04160610762322","20.04160610762322","20.04160610762322"
"3215.407512715","20.054041968799293","20.054041968799293","20.054041968799293"
"3225.407153888","20.06654253252557","20.06654253252557","20.06654253252557"
"3235.406852259","20.0789171988683","20.0789171988683","20.0789171988683"
"3245.407513711","20.091224915297317","20.091224915297317","20.091224915297317"
"3255.407208755","20.103601155002973","20.103601155002973","20.103601155002973"
"3265.406829093","20.11579152131583","20.11579152131583","20.11579152131583"
"3275.407493915","20.12797863668001","20.12797863668001","20.12797863668001"
"3285.407051032","20.139986157032872","20.139986157032872","20.139986157032872"
"3295.40739811","20.15205478519714","20.15205478519714","20.15205478519714"
"3305.407316042","20.164065493540118","20.164065493540118","20.164065493540118"
"3315.406553845","20.175959131778427","20.175959131778427","20.175959131778427"
"3325.406625512","20.18785170081742","20.18785170081742","20.18785170081742"
"3335.406993175","20.19968489798919","20.19968489798919","20.19968489798919"
"3345.406741335","20.211402101944806","20.211402101944806","20.211402101944806"
"3355.407534322","20.223179012374935","20.223179012374935","20.223179012374935"
"3365.407299747","20.23478202958455","20.23478202958455","20.23478202958455"
"3375.406595615","20.246392102600332","20.246392102600332","20.246392102600332"
"3385.406911783","20.25788015401021","20.25788015401021","20.25788015401021"
"3395.406574153","20.269376349661304","20.269376349661304","20.269376349661304"
"3405.407654991","20.28081055870779","20.28081055870779","20.28081055870779"
"3415.407386174","20.29219676788969","20.29219676788969","20.29219676788969"
"3425.40799448","20.303463818932524","20.303463818932524","20.303463818932524"
"3435.407263867","20.314743307849565","20.314743307849565","20.314743307849565"
"3445.407330007","20.325965263831787","20.325965263831787","20.325965263831787"
"3455.40677046","20.337077450091133","20.337077450091133","20.337077450091133"
"3465.40733054","20.348190827869278","20.348190827869278","20.348190827869278"
"3475.407462988","20.3592539420533","20.3592539420533","20.3592539420533"
"3485.407031593","20.37020805203335","20.37020805203335","20.37020805203335"
"3495.407504991","20.381165426923356","20.381165426923356","20.381165426923356"
"3505.40757631","20.392073179945456","20.392073179945456","20.392073179945456"
"3515.407437085","20.402930819128184","20.402930819128184","20.402930819128184"
"3525.407408297","20.41367864648915","20.41367864648915","20.41367864648915"
"3535.40725828","20.42443576571425","20.42443576571425","20.42443576571425"
"3545.406918455","20.43508468575255","20.43508468575255","20.43508468575255"
"3555.407123101","20.445682415137398","20.445682415137398","20.445682415137398"
"3565.407139858","20.45628915117789","20.45628915117789","20.45628915117789"
"3575.406743617","20.466791440868448","20.466791440868448","20.466791440868448"
"3585.407221094","20.47735619434987","20.47735619434987","20.47735619434987"
"3595.407502027","20.48781648037211","20.48781648037211","20.48781648037211"
"3605.407384535","20.498172272832043","20.498172272832043","20.498172272832043"
"3615.406886001","20.508539778981767","20.508539778981767","20.508539778981767"
"3625.407466365","20.518855021299114","20.518855021299114","20.518855021299114"
"3635.407234022","20.529127288110196","20.529127288110196","20.529127288110196"
"3645.406943571","20.53929615942876","20.53929615942876","20.53929615942876"
"3655.406946181","20.549474154902107","20.549474154902107","20.549474154902107"
"3665.406785585","20.55955027328358","20.55955027328358","20.55955027328358"
"3675.407324733","20.569690774882726","20.569690774882726","20.569690774882726"
"3685.407314164","20.579675013940445","20.579675013940445","20.579675013940445"
"3695.40691749","20.58967250213605","20.58967250213605","20.58967250213605"
"3705.406670551","20.599568798281926","20.599568798281926","20.599568798281926"
"3715.407859819","20.609469648466494","20.609469648466494","20.609469648466494"
"3725.407215598","20.619334584360836","20.619334584360836","20.619334584360836"
"3735.407596008","20.629095997501683","20.629095997501683","20.629095997501683"
"3745.407178787","20.638927940227255","20.638927940227255","20.638927940227255"
"3755.407518214","20.64860160316231","20.64860160316231","20.64860160316231"
"3765.407419896","20.658290362352787","20.658290362352787","20.658290362352787"
"3775.407528593","20.667935293066602","20.667935293066602","20.667935293066602"
"3785.407369997","20.67748419893395","20.67748419893395","20.67748419893395"
"3795.407103349","20.68704597310688","20.68704597310688","20.68704597310688"
"3805.407781479","20.69656193073239","20.69656193073239","20.69656193073239"
"3815.407018661","20.705987490320926","20.705987490320926","20.705987490320926"
"3825.407326125","20.715422312515564","20.715422312515564","20.715422312515564"
"3835.407399323","20.724816621977638","20.724816621977638","20.724816621977638"
"3845.407180651","20.73417124163457","20.73417124163457","20.73417124163457"
"3855.407133591","20.743484679816664","20.743484679816664","20.743484679816664"
"3865.40685801","20.752704760768957","20.752704760768957","20.752704760768957"
"3875.407402563","20.761935119463104","20.761935119463104","20.761935119463104"
"3885.406792256","20.771077073057057","20.771077073057057","20.771077073057057"
"3895.40752429","20.78028131037055","20.78028131037055","20.78028131037055"
"3905.407214123","20.789343314053625","20.789343314053625","20.789343314053625"
"3915.406865124","20.798420197664164","20.798420197664164","20.798420197664164"
"3925.406841983","20.807403580801886","20.807403580801886","20.807403580801886"
"3935.406696713","20.816402229321973","20.816402229321973","20.816402229321973"
"3945.407213227","20.825360070993742","20.825360070993742","20.825360070993742"
"3955.406702751","20.83428348116511","20.83428348116511","20.83428348116511"
"3965.406579763","20.84316784209102","20.84316784209102","20.84316784209102"
"3975.407614237","20.851956868629713","20.851956868629713","20.851956868629713"
"3985.407384767","20.860766716213842","20.860766716213842","20.860766716213842"
"3995.407383895","20.8695389293667","20.8695389293667","20.8695389293667"
"4005.407386063","20.87822122613248","20.87822122613248","20.87822122613248"
"4015.407417407","20.886920238118364","20.886920238118364","20.886920238118364"
"4025.407361596","20.89552960269901","20.89552960269901","20.89552960269901"
"4035.407686973","20.90415404844126","20.90415404844126","20.90415404844126"
"4045.407339041","20.912745712914365","20.912745712914365","20.912745712914365"
"4055.406817047","20.921302482755525","20.921302482755525","20.921302482755525"
"4065.406968622","20.929768421660988","20.929768421660988","20.929768421660988"
"4075.407762809","20.938248753843848","20.938248753843848","20.938248753843848"
"4085.407010183","20.946648993543747","20.946648993543747","20.946648993543747"
"4095.407586354","20.955060042890995","20.955060042890995","20.955060042890995"
"4105.406889037","20.963442155314635","20.963442155314635","20.963442155314635"
"4115.407312265","20.971785321709888","20.971785321709888","20.971785321709888"
"4125.407506086","20.980043342515543","20.980043342515543","20.980043342515543"
"4135.407224633","20.988321348421277","20.988321348421277","20.988321348421277"
"4145.407364313","20.99656346866159","20.99656346866159","20.99656346866159"
"4155.406500645","21.00477623558742","21.00477623558742","21.00477623558742"
"4165.406719854","21.012951382619768","21.012951382619768","21.012951382619768"
"4175.406590011","21.021094277484465","21.021094277484465","21.021094277484465"
"4185.407976305","21.02914740829962","21.02914740829962","21.02914740829962"
"4195.407448419","21.037226763668773","21.037226763668773","21.037226763668773"
"4205.407672751","21.045270194587452","21.045270194587452","21.045270194587452"
"4215.407534175","21.053282496334592","21.053282496334592","21.053282496334592"
"4225.407367177","21.061263022355273","21.061263022355273","21.061263022355273"
"4235.406925854","21.06916249457493","21.06916249457493","21.06916249457493"
"4245.407687504","21.077076874790677","21.077076874790677","21.077076874790677"
"4255.407551005","21.084960609705135","21.084960609705135","21.084960609705135"
"4265.406752812","21.09276700225732","21.09276700225732","21.09276700225732"
"4275.407401922","21.100635747366788","21.100635747366788","21.100635747366788"
"4285.407573323","21.108376134672294","21.108376134672294","21.108376134672294"
"4295.407469753","21.116136564765824","21.116136564765824","21.116136564765824"
"4305.407291719","21.1238666948627","21.1238666948627","21.1238666948627"
"4315.406799877","21.131518136061178","21.131518136061178","21.131518136061178"
"4325.406536782","21.139138429704644","21.139138429704644","21.139138429704644"
"4335.40689881","21.146775409303203","21.146775409303203","21.146775409303203"
"4345.406942272","21.154383721620285","21.154383721620285","21.154383721620285"
"4355.407045258","21.16191290968822","21.16191290968822","21.16191290968822"
"4365.406843207","21.169511783234576","21.169511783234576","21.169511783234576"
"4375.406887885","21.1769825650626","21.1769825650626","21.1769825650626"
"4385.40654984","21.18447437617906","21.18447437617906","21.18447437617906"
"4395.407348631","21.191884235648025","21.191884235648025","21.191884235648025"
"4405.406687906","21.199319174353885","21.199319174353885","21.199319174353885"
"4415.406940606","21.206722156915347","21.206722156915347","21.206722156915347"
"4425.406935879","21.214096962844316","21.214096962844316","21.214096962844316"
"4435.40699018","21.221443620181258","21.221443620181258","21.221443620181258"
"4445.4072295","21.228713065356114","21.228713065356114","21.228713065356114"
"4455.406742135","21.23600547617824","21.23600547617824","21.23600547617824"
"4465.407580425","21.243264532019218","21.243264532019218","21.243264532019218"
"4475.40711177","21.250453110267422","21.250453110267422","21.250453110267422"
"4485.406584498","21.257662253352922","21.257662253352922","21.257662253352922"
"4495.407175092","21.26483969294983","21.26483969294983","21.26483969294983"
"4505.407571747","21.271990397377863","21.271990397377863","21.271990397377863"
"4515.407462953","21.279068450074774","21.279068450074774","21.279068450074774"
"4525.40770919","21.286165804595033","21.286165804595033","21.286165804595033"
"4535.40699579","21.293192897098724","21.293192897098724","21.293192897098724"
"4545.407033391","21.30028470872696","21.30028470872696","21.30028470872696"
"4555.407386393","21.307207697567957","21.307207697567957","21.307207697567957"
"4565.407411856","21.31424637229636","21.31424637229636","21.31424637229636"
"4575.406799043","21.321214239632308","21.321214239632308","21.321214239632308"
"4585.406635649","21.328060730854595","21.328060730854595","21.328060730854595"
"4595.406774778","21.334974129423777","21.334974129423777","21.334974129423777"
"4605.407184213","21.341860302266824","21.341860302266824","21.341860302266824"
"4615.406684119","21.348678107039866","21.348678107039866","21.348678107039866"
"4625.406489501","21.3555619327293","21.3555619327293","21.3555619327293"
"4635.406601068","21.362372948334784","21.362372948334784","21.362372948334784"
"4645.407196899","21.369110514932867","21.369110514932867","21.369110514932867"
"4655.406668501","21.375827308285487","21.375827308285487","21.375827308285487"
"4665.406888556","21.38256301535928","21.38256301535928","21.38256301535928"
"4675.407655212","21.389226568851218","21.389226568851218","21.389226568851218"
"4685.407475063","21.3958663561245","21.3958663561245","21.3958663561245"
"4695.406735337","21.40257768149854","21.40257768149854","21.40257768149854"
"4705.406792026","21.40921543839882","21.40921543839882","21.40921543839882"
"4715.407329681","21.41582714724546","21.41582714724546","21.41582714724546"
"4725.407626781","21.422369497747102","21.422369497747102","21.422369497747102"
"4735.407131134","21.428982493876127","21.428982493876127","21.428982493876127"
"4745.4078698","21.43547576090513","21.43547576090513","21.43547576090513"
"4755.407295354","21.44199582289071","21.44199582289071","21.44199582289071"
"4765.407573312","21.448488987368957","21.448488987368957","21.448488987368957"
"4775.407266439","21.454915534338195","21.454915534338195","21.454915534338195"
"4785.407559254","21.461316600431562","21.461316600431562","21.461316600431562"
"4795.406969945","21.46769847967409","21.46769847967409","21.46769847967409"
"4805.406514879","21.4741009159231","21.4741009159231","21.4741009159231"
"4815.406968177","21.48043277496454","21.48043277496454","21.48043277496454"
"4825.407737938","21.486740779564297","21.486740779564297","21.486740779564297"
"4835.407450478","21.49307396235088","21.49307396235088","21.49307396235088"
"4845.407270938","21.49938490478699","21.49938490478699","21.49938490478699"
"4855.407325451","21.50567269631665","21.50567269631665","21.50567269631665"
"4865.406497786","21.51189610687673","21.51189610687673","21.51189610687673"
"4875.406985581","21.5181373247767","21.5181373247767","21.5181373247767"
"4885.408121691","21.52435776624598","21.52435776624598","21.52435776624598"
"4895.407543277","21.530510968782405","21.530510968782405","21.530510968782405"
"4905.406921289","21.536690410110538","21.536690410110538","21.536690410110538"
"4915.407424807","21.54284366039624","21.54284366039624","21.54284366039624"
"4925.407585154","21.548932369979315","21.548932369979315","21.548932369979315"
"4935.406745447","21.555048390538186","21.555048390538186","21.555048390538186"
"4945.406889758","21.56109406727655","21.56109406727655","21.56109406727655"
"4955.406815646","21.567163377921737","21.567163377921737","21.567163377921737"
"4965.407732971","21.573208530889918","21.573208530889918","21.573208530889918"
"4975.407420167","21.579236403708965","21.579236403708965","21.579236403708965"
"4985.406811477","21.585200870269905","21.585200870269905","21.585200870269905"
"4995.406874376","21.59118612729401","21.59118612729401","21.59118612729401"
"5005.407204189","21.597105612037247","21.597105612037247","21.597105612037247"
"5015.407300784","21.603005930485313","21.603005930485313","21.603005930485313"
"5025.407440727","21.608971825403128","21.608971825403128","21.608971825403128"
"5035.407265018","21.614831756089842","21.614831756089842","21.614831756089842"
"5045.406909289","21.620715647427176","21.620715647427176","21.620715647427176"
"5055.40758741","21.626574992006923","21.626574992006923","21.626574992006923"
"5065.407688244","21.63237375664719","21.63237375664719","21.63237375664719"
"5075.407561059","21.63819619722978","21.63819619722978","21.63819619722978"
"5085.407490609","21.64399843973437","21.64399843973437","21.64399843973437"
"5095.407130996","21.649739616320353","21.649739616320353","21.649739616320353"
"5105.406892411","21.655502787286007","21.655502787286007","21.655502787286007"
"5115.407624811","21.66120029814335","21.66120029814335","21.66120029814335"
"5125.407623912","21.66692386824892","21.66692386824892","21.66692386824892"
"5135.407501374","21.672585851961667","21.672585851961667","21.672585851961667"
"5145.407302546","21.678271280436427","21.678271280436427","21.678271280436427"
"5155.407508371","21.68397859158771","21.68397859158771","21.68397859158771"
"5165.406743227","21.689585275669128","21.689585275669128","21.689585275669128"
"5175.407130163","21.69521104376892","21.69521104376892","21.69521104376892"
"5185.407652815","21.700775473963567","21.700775473963567","21.700775473963567"
"5195.407680206","21.70636474602756","21.70636474602756","21.70636474602756"
"5205.40723929","21.711895203640097","21.711895203640097","21.711895203640097"
"5215.406796142","21.717490829246696","21.717490829246696","21.717490829246696"
"5225.408448256","21.722939487842503","21.722939487842503","21.722939487842503"
"5235.407294567","21.728454057752412","21.728454057752412","21.728454057752412"
"5245.40730969","21.733950779102873","21.733950779102873","21.733950779102873"
"5255.406668658","21.73943168102839","21.73943168102839","21.73943168102839"
"5265.406983802","21.744890894256834","21.744890894256834","21.744890894256834"
"5275.408239984","21.750290796914257","21.750290796914257","21.750290796914257"
"5285.407449153","21.755713844731883","21.755713844731883","21.755713844731883"
"5295.407689642","21.761077898428624","21.761077898428624","21.761077898428624"
"5305.40690487","21.766427843654046","21.766427843654046","21.766427843654046"
"5315.407139502","21.77179794667555","21.77179794667555","21.77179794667555"
"5325.407311338","21.77710932179614","21.77710932179614","21.77710932179614"
"5335.40748044","21.782444080583698","21.782444080583698","21.782444080583698"
"5345.407459107","21.78776230057734","21.78776230057734","21.78776230057734"
"5355.406976274","21.793064679260066","21.793064679260066","21.793064679260066"
"5365.407299396","21.79830603480005","21.79830603480005","21.79830603480005"
"5375.40699675","21.80357325225649","21.80357325225649","21.80357325225649"
"5385.407168325","21.80878099222494","21.80878099222494","21.80878099222494"
"5395.406900693","21.81401415438967","21.81401415438967","21.81401415438967"
"5405.407248811","21.819187062855463","21.819187062855463","21.819187062855463"
"5415.407362736","21.824384743406743","21.824384743406743","21.824384743406743"
"5425.406669126","21.82952795508886","21.82952795508886","21.82952795508886"
"5435.407114751","21.83469091145499","21.83469091145499","21.83469091145499"
"5445.406978189","21.839758905130118","21.839758905130118","21.839758905130118"
"5455.407144867","21.84484961667197","21.84484961667197","21.84484961667197"
"5465.407039205","21.849964989421398","21.849964989421398","21.849964989421398"
"5475.407361241","21.855062443522236","21.855062443522236","21.855062443522236"
"5485.407268616","21.86014528262478","21.86014528262478","21.86014528262478"
"5495.406783272","21.865172730061136","21.865172730061136","21.865172730061136"
"5505.407107092","21.870221526944313","21.870221526944313","21.870221526944313"
"5515.407089489","21.875215598896723","21.875215598896723","21.875215598896723"
"5525.406765998","21.880234289333686","21.880234289333686","21.880234289333686"
"5535.408002018","21.885192141654773","21.885192141654773","21.885192141654773"
"5545.406644628","21.890182833949268","21.890182833949268","21.890182833949268"
"5555.406536651","21.8951532926935","21.8951532926935","21.8951532926935"
"5565.407146396","21.900066253759157","21.900066253759157","21.900066253759157"
"5575.407471346","21.905043341778118","21.905043341778118","21.905043341778118"
"5585.407114205","21.909928510577558","21.909928510577558","21.909928510577558"
"5595.406497536","21.914838211154926","21.914838211154926","21.914838211154926"
"5605.40665294","21.919690694323787","21.919690694323787","21.919690694323787"
"5615.407828658","21.924603237309398","21.924603237309398","21.924603237309398"
"5625.407673537","21.929386772573285","21.929386772573285","21.929386772573285"
"5635.406800719","21.93423640702132","21.93423640702132","21.93423640702132"
"5645.406738776","21.93902888646867","21.93902888646867","21.93902888646867"
"5655.407025193","21.943844428186704","21.943844428186704","21.943844428186704"
"5665.406859643","21.948607354408363","21.948607354408363","21.948607354408363"
"5675.407388812","21.953353217009585","21.953353217009585","21.953353217009585"
"5685.407185005","21.958125518975088","21.958125518975088","21.958125518975088"
"5695.406966719","21.96284429203775","21.96284429203775","21.96284429203775"
"5705.407479135","21.96754610065505","21.96754610065505","21.96754610065505"
"5715.407365501","21.9722741260586","21.9722741260586","21.9722741260586"
"5725.406898117","21.976988610148638","21.976988610148638","21.976988610148638"
"5735.406877989","21.981648692529152","21.981648692529152","21.981648692529152"
"5745.407127068","21.986331978888867","21.986331978888867","21.986331978888867"
"5755.407517707","21.991000410669553","21.991000410669553","21.991000410669553"
"5765.407472507","21.995655972328567","21.995655972328567","21.995655972328567"
"5775.407751056","22.000257899488183","22.000257899488183","22.000257899488183"
"5785.408270906","22.00488635318443","22.00488635318443","22.00488635318443"
"5795.406817918","22.00946243197139","22.00946243197139","22.00946243197139"
"5805.407346504","22.014097572319386","22.014097572319386","22.014097572319386"
"5815.40756142","22.018643608694784","22.018643608694784","22.018643608694784"
"5825.407528805","22.02317638935983","22.02317638935983","22.02317638935983"
"5835.407741384","22.027732963181105","22.027732963181105","22.027732963181105"
"5845.40690195","22.03224087320416","22.03224087320416","22.03224087320416"
"5855.406988063","22.036732219797905","22.036732219797905","22.036732219797905"
"5865.407541694","22.041246308928375","22.041246308928375","22.041246308928375"
"5875.408076696","22.04574680173824","22.04574680173824","22.04574680173824"
"5885.406918772","22.05020159716071","22.05020159716071","22.05020159716071"
"5895.407041452","22.05467659551182","22.05467659551182","22.05467659551182"
"5905.406826568","22.059139215292333","22.059139215292333","22.059139215292333"
"5915.406969148","22.063586939006417","22.063586939006417","22.063586939006417"
"5925.407121752","22.068021743198464","22.068021743198464","22.068021743198464"
"5935.406502866","22.072445385692816","22.072445385692816","22.072445385692816"
"5945.407011792","22.076852767936817","22.076852767936817","22.076852767936817"
"5955.407188231","22.08121020087843","22.08121020087843","22.08121020087843"
"5965.407434567","22.085628736246637","22.085628736246637","22.085628736246637"
"5975.406746717","22.090000459992645","22.090000459992645","22.090000459992645"
"5985.406990287","22.094318945219847","22.094318945219847","22.094318945219847"
"5995.407102474","22.098662372282348","22.098662372282348","22.098662372282348"
"6005.407504597","22.102991391854285","22.102991391854285","22.102991391854285"
"6015.40773248","22.10727171230267","22.10727171230267","22.10727171230267"
"6025.406959318","22.111579337989745","22.111579337989745","22.111579337989745"
"6035.407361971","22.11587064540015","22.11587064540015","22.11587064540015"
"6045.406724146","22.120115627561965","22.120115627561965","22.120115627561965"
"6055.407539526","22.124417113296026","22.124417113296026","22.124417113296026"
"6065.407207118","22.128636414159804","22.128636414159804","22.128636414159804"
"6075.406729591","22.13288020643366","22.13288020643366","22.13288020643366"
"6085.406936524","22.137109750975082","22.137109750975082","22.137109750975082"
"6095.407416076","22.141289154650295","22.141289154650295","22.141289154650295"
"6105.406978849","22.145496077500635","22.145496077500635","22.145496077500635"
"6115.407285355","22.149688442626207","22.149688442626207","22.149688442626207"
"6125.406757862","22.15387058281761","22.15387058281761","22.15387058281761"
"6135.407291039","22.158001533056154","22.158001533056154","22.158001533056154"
"6145.407216117","22.162194825226365","22.162194825226365","22.162194825226365"
"6155.407645077","22.166301881947884","22.166301881947884","22.166301881947884"
"6165.407348855","22.170435475294312","22.170435475294312","22.170435475294312"
"6175.407736063","22.174518981192353","22.174518981192353","22.174518981192353"
"6185.407837563","22.17862756691674","22.17862756691674","22.17862756691674"
"6195.407226082","22.182726568490697","22.182726568490697","22.182726568490697"
"6205.406884835","22.18677725234039","22.18677725234039","22.18677725234039"
"6215.406953089","22.190850465784248","22.190850465784248","22.190850465784248"
"6225.407400912","22.19487519254695","22.19487519254695","22.19487519254695"
"6235.408294785","22.19892320874934","22.19892320874934","22.19892320874934"
"6245.407295129","22.202929270488536","22.202929270488536","22.202929270488536"
"6255.407255766","22.206920992690137","22.206920992690137","22.206920992690137"
"6265.407497516","22.210900643360855","22.210900643360855","22.210900643360855"
"6275.406833228","22.214871592425542","22.214871592425542","22.214871592425542"
"6285.407470819","22.218862739381038","22.218862739381038","22.218862739381038"
"6295.407369301","22.22280973984188","22.22280973984188","22.22280973984188"
"6305.407235923","22.226780679874995","22.226780679874995","22.226780679874995"
"6315.407532407","22.230739267698205","22.230739267698205","22.230739267698205"
"6325.407121427","22.234688882997535","22.234688882997535","22.234688882997535"
"6335.407307983","22.238625209268616","22.238625209268616","22.238625209268616"
"6345.407186577","22.242516573145615","22.242516573145615","22.242516573145615"
"6355.407138044","22.24643191932074","22.24643191932074","22.24643191932074"
"6365.406678926","22.250301958274584","22.250301958274584","22.250301958274584"
"6375.407203426","22.254158182638033","22.254158182638033","22.254158182638033"
"6385.407653306","22.258039006519617","22.258039006519617","22.258039006519617"
"6395.40727124","22.261911606672086","22.261911606672086","22.261911606672086"
"6405.407121083","22.265737763888787","22.265737763888787","22.265737763888787"
"6415.407478697","22.269586322485726","22.269586322485726","22.269586322485726"
"6425.406730675","22.273392954270527","22.273392954270527","22.273392954270527"
"6435.406825537","22.277255922584317","22.277255922584317","22.277255922584317"
"6445.406638184","22.28103950132156","22.28103950132156","22.28103950132156"
"6455.407248728","22.284810283998326","22.284810283998326","22.284810283998326"
"6465.407414209","22.288641379133907","22.288641379133907","22.288641379133907"
"6475.407387083","22.292427520087426","22.292427520087426","22.292427520087426"
"6485.406843326","22.296170190603668","22.296170190603668","22.296170190603668"
"6495.407232694","22.299934350504884","22.299934350504884","22.299934350504884"
"6505.40715509","22.303689549778543","22.303689549778543","22.303689549778543"
"6515.407357982","22.30736472976419","22.30736472976419","22.30736472976419"
"6525.408031411","22.31109843582865","22.31109843582865","22.31109843582865"
"6535.407029928","22.314824376851007","22.314824376851007","22.314824376851007"
"6545.407503355","22.318502649394205","22.318502649394205","22.318502649394205"
"6555.407873133","22.322171064300413","22.322171064300413","22.322171064300413"
"6565.406595623","22.32586882577574","22.32586882577574","22.32586882577574"
"6575.407436755","22.32955026879871","22.32955026879871","22.32955026879871"
"6585.407509114","22.33318937542839","22.33318937542839","22.33318937542839"
"6595.406780555","22.33685540372422","22.33685540372422","22.33685540372422"
"6605.407396499","22.340473229095835","22.340473229095835","22.340473229095835"
"6615.407441521","22.344116886750225","22.344116886750225","22.344116886750225"
"6625.407250841","22.347751852862974","22.347751852862974","22.347751852862974"
"6635.407138333","22.351342435919047","22.351342435919047","22.351342435919047"
"6645.406529295","22.354992101289255","22.354992101289255","22.354992101289255"
"6655.407193917","22.35859479855332","22.35859479855332","22.35859479855332"
"6665.407535228","22.362154828399678","22.362154828399678","22.362154828399678"
"6675.407459291","22.365740386460732","22.365740386460732","22.365740386460732"
"6685.40698284","22.36928372246293","22.36928372246293","22.36928372246293"
"6695.407661409","22.37281440614507","22.37281440614507","22.37281440614507"
"6705.406922456","22.376373008395174","22.376373008395174","22.376373008395174"
"6715.40732092","22.379918975952307","22.379918975952307","22.379918975952307"
"6725.407475279","22.38342258222267","22.38342258222267","22.38342258222267"
"6735.406766073","22.386952670284522","22.386952670284522","22.386952670284522"
"6745.407050258","22.390470444616668","22.390470444616668","22.390470444616668"
"6755.406926824","22.393946874077997","22.393946874077997","22.393946874077997"
"6765.407014275","22.397446826148077","22.397446826148077","22.397446826148077"
"6775.406636674","22.400872103996214","22.400872103996214","22.400872103996214"
"6785.407295127","22.404385093965708","22.404385093965708","22.404385093965708"
"6795.407003875","22.407857979017344","22.407857979017344","22.407857979017344"
"6805.407018043","22.411287901549535","22.411287901549535","22.411287901549535"
"6815.407153586","22.414741847908385","22.414741847908385","22.414741847908385"
"6825.407605966","22.418152089981884","22.418152089981884","22.418152089981884"
"6835.407318547","22.421556798571242","22.421556798571242","22.421556798571242"
"6845.406718971","22.42501736543937","22.42501736543937","22.42501736543937"
"6855.406857631","22.428401860638143","22.428401860638143","22.428401860638143"
"6865.407111405","22.431809973691887","22.431809973691887","22.431809973691887"
"6875.407314513","22.435176734255517","22.435176734255517","22.435176734255517"
"6885.407352027","22.438567505868726","22.438567505868726","22.438567505868726"
"6895.407400015","22.441916710145275","22.441916710145275","22.441916710145275"
"6905.407694476","22.445289299489463","22.445289299489463","22.445289299489463"
"6915.406994619","22.44862332331212","22.44862332331212","22.44862332331212"
"6925.406725184","22.451979946032246","22.451979946032246","22.451979946032246"
"6935.408150819","22.45529048600724","22.45529048600724","22.45529048600724"
"6945.407493836","22.45863084008705","22.45863084008705","22.45863084008705"
"6955.407271131","22.461961585920026","22.461961585920026","22.461961585920026"
"6965.407739965","22.465250170295494","22.465250170295494","22.465250170295494"
"6975.407516679","22.468562175963637","22.468562175963637","22.468562175963637"
"6985.407168073","22.471834845886175","22.471834845886175","22.471834845886175"
"6995.406535971","22.47513222315979","22.47513222315979","22.47513222315979"
"7005.407406059","22.47841688773175","22.47841688773175","22.47841688773175"
"7015.406989942","22.481664557827663","22.481664557827663","22.481664557827663"
"7025.406916973","22.484902762653363","22.484902762653363","22.484902762653363"
"7035.407460266","22.488163217882615","22.488163217882615","22.488163217882615"
"7045.407121719","22.49141760515495","22.49141760515495","22.49141760515495"
"7055.407575222","22.494629380941404","22.494629380941404","22.494629380941404"
"7065.407393573","22.497834952427038","22.497834952427038","22.497834952427038"
"7075.407108521","22.501064431117996","22.501064431117996","22.501064431117996"
"7085.407387228","22.50428391699654","22.50428391699654","22.50428391699654"
"7095.406994009","22.507465760801818","22.507465760801818","22.507465760801818"
"7105.406640207","22.510670581727112","22.510670581727112","22.510670581727112"
"7115.406900325","22.5138340055666","22.5138340055666","22.5138340055666"
"7125.407026456","22.517021559237673","22.517021559237673","22.517021559237673"
"7135.407280254","22.520168965257586","22.520168965257586","22.520168965257586"
"7145.406988456","22.52334150329022","22.52334150329022","22.52334150329022"
"7155.407619665","22.526471967520067","22.526471967520067","22.526471967520067"
"7165.407397955","22.52962844946432","22.52962844946432","22.52962844946432"
"7175.406684365","22.53277827131904","22.53277827131904","22.53277827131904"
"7185.407733491","22.53588360692171","22.53588360692171","22.53588360692171"
"7195.407404187","22.539016788317905","22.539016788317905","22.539016788317905"
"7205.407721923","22.542139850601178","22.542139850601178","22.542139850601178"
"7215.407152121","22.54525801281555","22.54525801281555","22.54525801281555"
"7225.406704356","22.548336298057162","22.548336298057162","22.548336298057162"
"7235.407565164","22.551466031997723","22.551466031997723","22.551466031997723"
"7245.406737113","22.554530216202902","22.554530216202902","22.554530216202902"
"7255.407272389","22.55755153724956","22.55755153724956","22.55755153724956"
"7265.407354587","22.560628894275286","22.560628894275286","22.560628894275286"
"7275.406900288","22.56370030177065","22.56370030177065","22.56370030177065"
"7285.407576343","22.56672949179672","22.56672949179672","22.56672949179672"
"7295.407737868","22.569784031920786","22.569784031920786","22.569784031920786"
"7305.406836063","22.572802600281605","22.572802600281605","22.572802600281605"
"7315.406948772","22.57584207271975","22.57584207271975","22.57584207271975"
"7325.406776216","22.578843687520816","22.578843687520816","22.578843687520816"
"7335.40755261","22.581867222788517","22.581867222788517","22.581867222788517"
"7345.407521223","22.584852656845904","22.584852656845904","22.584852656845904"
"7355.407084357","22.587832947501838","22.587832947501838","22.587832947501838"
"7365.407011903","22.590866294015065","22.590866294015065","22.590866294015065"
"7375.407205924","22.59383015305977","22.59383015305977","22.59383015305977"
"7385.407369986","22.596817400094263","22.596817400094263","22.596817400094263"
"7395.407511682","22.599797349441182","22.599797349441182","22.599797349441182"
"7405.407431246","22.60277062022558","22.60277062022558","22.60277062022558"
"7415.406582968","22.605738742886384","22.605738742886384","22.605738742886384"
"7425.407010317","22.60866552256595","22.60866552256595","22.60866552256595"
"7435.407263855","22.61161630782558","22.61161630782558","22.61161630782558"
"7445.407098586","22.61453031294573","22.61453031294573","22.61453031294573"
"7455.407015876","22.617437044675604","22.617437044675604","22.617437044675604"
"7465.407491769","22.62039603457658","22.62039603457658","22.62039603457658"
"7475.407256467","22.62328908311301","22.62328908311301","22.62328908311301"
"7485.407085154","22.62617488822766","22.62617488822766","22.62617488822766"
"7495.407037836","22.629053298535112","22.629053298535112","22.629053298535112"
"7505.407291035","22.63195431845865","22.63195431845865","22.63195431845865"
"7515.407230895","22.634849125388545","22.634849125388545","22.634849125388545"
"7525.4071764","22.637737010549337","22.637737010549337","22.637737010549337"
"7535.407147522","22.64061761041388","22.64061761041388","22.64061761041388"
"7545.406890951","22.64346199981448","22.64346199981448","22.64346199981448"
"7555.407812657","22.64629758455977","22.64629758455977","22.64629758455977"
"7565.408368781","22.64912539163699","22.64912539163699","22.64912539163699"
"7575.4071473","22.6520110162804","22.6520110162804","22.6520110162804"
"7585.406587071","22.654828814347535","22.654828814347535","22.654828814347535"
"7595.407033913","22.657667061476857","22.657667061476857","22.657667061476857"
"7605.407033469","22.660499600364215","22.660499600364215","22.660499600364215"
"7615.407994514","22.66332394399298","22.66332394399298","22.66332394399298"
"7625.40703839","22.666144739110845","22.666144739110845","22.666144739110845"
"7635.406697342","22.668928255080324","22.668928255080324","22.668928255080324"
"7645.407404045","22.671702907170364","22.671702907170364","22.671702907170364"
"7655.408567795","22.674502444942995","22.674502444942995","22.674502444942995"
"7665.406688637","22.677266364301364","22.677266364301364","22.677266364301364"
"7675.406628196","22.680052340635044","22.680052340635044","22.680052340635044"
"7685.407122176","22.68280071741629","22.68280071741629","22.68280071741629"
"7695.40742466","22.685543056272515","22.685543056272515","22.685543056272515"
"7705.406604293","22.68831133155561","22.68831133155561","22.68831133155561"
"7715.407215638","22.691099170355532","22.691099170355532","22.691099170355532"
"7725.407681653","22.69382227130233","22.69382227130233","22.69382227130233"
"7735.407511265","22.696568477192184","22.696568477192184","22.696568477192184"
"7745.407414151","22.699279493106562","22.699279493106562","22.699279493106562"
"7755.407479385","22.70201334574502","22.70201334574502","22.70201334574502"
"7765.407364496","22.704711539998662","22.704711539998662","22.704711539998662"
"7775.407752501","22.707460992366265","22.707460992366265","22.707460992366265"
"7785.407660007","22.710146440294352","22.710146440294352","22.710146440294352"
"7795.407553381","22.712825654350855","22.712825654350855","22.712825654350855"
"7805.407442831","22.715528293466818","22.715528293466818","22.715528293466818"
"7815.40687403","22.718225464339856","22.718225464339856","22.718225464339856"
"7825.407489786","22.720884057954997","22.720884057954997","22.720884057954997"
"7835.407408234","22.723567398978503","22.723567398978503","22.723567398978503"
"7845.407482869","22.72624403779927","22.72624403779927","22.72624403779927"
"7855.406857948","22.728916643206833","22.728916643206833","22.728916643206833"
"7865.407268423","22.731580012489086","22.731580012489086","22.731580012489086"
"7875.407114862","22.73421002154103","22.73421002154103","22.73421002154103"
"7885.406720898","22.7368918762206","22.7368918762206","22.7368918762206"
"7895.406850088","22.73950872810902","22.73950872810902","22.73950872810902"
"7905.40752913","22.742146879141394","22.742146879141394","22.742146879141394"
"7915.406659046","22.744783123921685","22.744783123921685","22.744783123921685"
"7925.407239811","22.747380627534582","22.747380627534582","22.747380627534582"
"7935.407375786","22.750002024080374","22.750002024080374","22.750002024080374"
"7945.406864261","22.752590356190996","22.752590356190996","22.752590356190996"
"7955.407600846","22.75519872706272","22.75519872706272","22.75519872706272"
"7965.406856039","22.757804005889344","22.757804005889344","22.757804005889344"
"7975.406911852","22.76040170154255","22.76040170154255","22.76040170154255"
"7985.407539419","22.762991964007096","22.762991964007096","22.762991964007096"
"7995.407129907","22.765579241529082","22.765579241529082","22.765579241529082"
"8005.406490897","22.76816066010587","22.76816066010587","22.76816066010587"
"8015.406932384","22.770705375371897","22.770705375371897","22.770705375371897"
"8025.406751803","22.77324555577454","22.77324555577454","22.77324555577454"
"8035.407711686","22.775805710644402","22.775805710644402","22.775805710644402"
"8045.407287427","22.778363437119978","22.778363437119978","22.778363437119978"
"8055.407358348","22.780914828040927","22.780914828040927","22.780914828040927"
"8065.407060112","22.783460103715623","22.783460103715623","22.783460103715623"
"8075.406961003","22.785971430276703","22.785971430276703","22.785971430276703"
"8085.407179846","22.788504369124077","22.788504369124077","22.788504369124077"
"8095.407165194","22.79100406914899","22.79100406914899","22.79100406914899"
"8105.407224848","22.793526184749993","22.793526184749993","22.793526184749993"
"8115.407049705","22.796043073909754","22.796043073909754","22.796043073909754"
"8125.407456112","22.7985246934357","22.7985246934357","22.7985246934357"
"8135.406495807","22.80103245610289","22.80103245610289","22.80103245610289"
"8145.407146795","22.803530543295874","22.803530543295874","22.803530543295874"
"8155.407482114","22.806023679731453","22.806023679731453","22.806023679731453"
"8165.407019734","22.80848528450897","22.80848528450897","22.80848528450897"
"8175.40752647","22.810966689108483","22.810966689108483","22.810966689108483"
"8185.406590877","22.813418417272224","22.813418417272224","22.813418417272224"
"8195.407725385","22.81591533448818","22.81591533448818","22.81591533448818"
"8205.406662037","22.818356358831277","22.818356358831277","22.818356358831277"
"8215.406906956","22.820816496054167","22.820816496054167","22.820816496054167"
"8225.406788695","22.823272139397396","22.823272139397396","22.823272139397396"
"8235.407558273","22.825720174121162","22.825720174121162","22.825720174121162"
"8245.408377376","22.828162187956284","22.828162187956284","22.828162187956284"
"8255.408040256","22.83057461096377","22.83057461096377","22.83057461096377"
"8265.406816441","22.832983358671353","22.832983358671353","22.832983358671353"
"8275.407413348","22.835410203916577","22.835410203916577","22.835410203916577"
"8285.407152816","22.83783381721416","22.83783381721416","22.83783381721416"
"8295.406920407","22.840251812259627","22.840251812259627","22.840251812259627"
"8305.407620851","22.842662241429775","22.842662241429775","22.842662241429775"
"8315.407794039","22.845041070556064","22.845041070556064","22.845041070556064"
"8325.407121647","22.847416711445195","22.847416711445195","22.847416711445195"
"8335.406888173","22.849840985084153","22.849840985084153","22.849840985084153"
"8345.407366746","22.85220347240917","22.85220347240917","22.85220347240917"
"8355.407113907","22.854589845623277","22.854589845623277","22.854589845623277"
"8365.407267048","22.856942761852938","22.856942761852938","22.856942761852938"
"8375.407886593","22.859317811909985","22.859317811909985","22.859317811909985"
"8385.407289347","22.861660769751342","22.861660769751342","22.861660769751342"
"8395.407208519","22.863998675719458","22.863998675719458","22.863998675719458"
"8405.407270723","22.866358499723017","22.866358499723017","22.866358499723017"
"8415.406767664","22.86865970223476","22.86865970223476","22.86865970223476"
"8425.407114387","22.871008588201175","22.871008588201175","22.871008588201175"
"8435.407179594","22.873352918735428","22.873352918735428","22.873352918735428"
"8445.406735425","22.87569352241621","22.87569352241621","22.87569352241621"
"8455.406729591","22.878000693334197","22.878000693334197","22.878000693334197"
"8465.406808337","22.88032985493283","22.88032985493283","22.88032985493283"
"8475.406745079","22.88262721642847","22.88262721642847","22.88262721642847"
"8485.406800642","22.884973462182167","22.884973462182167","22.884973462182167"
"8495.407735811","22.887258285539986","22.887258285539986","22.887258285539986"
"8505.407565821","22.889568161990564","22.889568161990564","22.889568161990564"
"8515.407287136","22.89187311211517","22.89187311211517","22.89187311211517"
"8525.406748812","22.89414665301569","22.89414665301569","22.89414665301569"
"8535.407272864","22.896439816311553","22.896439816311553","22.896439816311553"
"8545.407336088","22.898702233714527","22.898702233714527","22.898702233714527"
"8555.406805446","22.900988048135655","22.900988048135655","22.900988048135655"
"8565.407185403","22.903266824618935","22.903266824618935","22.903266824618935"
"8575.407110128","22.905514949337825","22.905514949337825","22.905514949337825"
"8585.407136407","22.9077849488793","22.9077849488793","22.9077849488793"
"8595.407255514","22.910022839130477","22.910022839130477","22.910022839130477"
"8605.406984242","22.912283736761033","22.912283736761033","22.912283736761033"
"8615.406587435","22.91454015790288","22.91454015790288","22.91454015790288"
"8625.407357438","22.916788908412357","22.916788908412357","22.916788908412357"
"8635.406726927","22.919009899887737","22.919009899887737","22.919009899887737"
"8645.40694925","22.92125032100941","22.92125032100941","22.92125032100941"
"8655.406935884","22.92348650407658","22.92348650407658","22.92348650407658"
"8665.407864533","22.92568923453968","22.92568923453968","22.92568923453968"
"8675.407455321","22.927917085147836","22.927917085147836","22.927917085147836"
"8685.406711781","22.93014103386313","22.93014103386313","22.93014103386313"
"8695.407489796","22.93233007418259","22.93233007418259","22.93233007418259"
"8705.407433897","22.93451663575049","22.93451663575049","22.93451663575049"
"8715.407461424","22.936698226281706","22.936698226281706","22.936698226281706"
"8725.407214755","22.938876069285968","22.938876069285968","22.938876069285968"
"8735.407744779","22.941100066857786","22.941100066857786","22.941100066857786"
"8745.407757649","22.94329411497037","22.94329411497037","22.94329411497037"
"8755.407289851","22.94548497874769","22.94548497874769","22.94548497874769"
"8765.406916754","22.94764459678663","22.94764459678663","22.94764459678663"
"8775.406978806","22.949824788351386","22.949824788351386","22.949824788351386"
"8785.40688111","22.951974660820202","22.951974660820202","22.951974660820202"
"8795.407083771","22.954145570056998","22.954145570056998","22.954145570056998"
"8805.407559214","22.956285142010373","22.956285142010373","22.956285142010373"
"8815.4072957","22.958421814480534","22.958421814480534","22.958421814480534"
"8825.407282921","22.96057984590666","22.96057984590666","22.96057984590666"
"8835.407689853","22.962731927725844","22.962731927725844","22.962731927725844"
"8845.407248474","22.964881876019067","22.964881876019067","22.964881876019067"
"8855.40695053","22.966974892307846","22.966974892307846","22.966974892307846"
"8865.407112803","22.969114502846978","22.969114502846978","22.969114502846978"
"8875.407512906","22.97122308889522","22.97122308889522","22.97122308889522"
"8885.407442977","22.973354417218264","22.973354417218264","22.973354417218264"
"8895.406709344","22.975482637542846","22.975482637542846","22.975482637542846"
"8905.407494972","22.97757709420127","22.97757709420127","22.97757709420127"
"8915.407084104","22.979696064506793","22.979696064506793","22.979696064506793"
"8925.407850841","22.98180808736183","22.98180808736183","22.98180808736183"
"8935.406964135","22.983893148804686","22.983893148804686","22.983893148804686"
"8945.406951261","22.985998078014646","22.985998078014646","22.985998078014646"
"8955.407684602","22.988096795079972","22.988096795079972","22.988096795079972"
"8965.406749649","22.990143678344126","22.990143678344126","22.990143678344126"
"8975.407204499","22.992260374241205","22.992260374241205","22.992260374241205"
"8985.407205476","22.99432223111496","22.99432223111496","22.99432223111496"
"8995.407590301","22.996404872304595","22.996404872304595","22.996404872304595"
"9005.406921993","22.998459827624647","22.998459827624647","22.998459827624647"
"9015.406962277","23.00053440346424","23.00053440346424","23.00053440346424"
"9025.407359443","23.00257859337033","23.00257859337033","23.00257859337033"
"9035.406660324","23.004646516843433","23.004646516843433","23.004646516843433"
"9045.406977364","23.006708071179833","23.006708071179833","23.006708071179833"
"9055.407343654","23.008765085942148","23.008765085942148","23.008765085942148"
"9065.407366696","23.01076789476634","23.01076789476634","23.01076789476634"
"9075.407394383","23.01281735250336","23.01281735250336","23.01281735250336"
"9085.407010109","23.014863878099405","23.014863878099405","23.014863878099405"
"9095.407266845","23.016904703518215","23.016904703518215","23.016904703518215"
"9105.4072645","23.018891017526826","23.018891017526826","23.018891017526826"
"9115.407209956","23.02092434119268","23.02092434119268","23.02092434119268"
"9125.407088871","23.022953776260884","23.022953776260884","23.022953776260884"
"9135.407025107","23.02497864659805","23.02497864659805","23.02497864659805"
"9145.40749276","23.026998128553714","23.026998128553714","23.026998128553714"
"9155.407135797","23.028990635061355","23.028990635061355","23.028990635061355"
"9165.407164705","23.030977973561537","23.030977973561537","23.030977973561537"
"9175.406737099","23.032987506504394","23.032987506504394","23.032987506504394"
"9185.40718798","23.03499122960948","23.03499122960948","23.03499122960948"
"9195.406627347","23.036967786453882","23.036967786453882","23.036967786453882"
"9205.407087267","23.03893839008971","23.03893839008971","23.03893839008971"
"9215.407467342","23.040929890420102","23.040929890420102","23.040929890420102"
"9225.407415078","23.04291864829649","23.04291864829649","23.04291864829649"
"9235.407237907","23.044903777861983","23.044903777861983","23.044903777861983"
"9245.407616459","23.046858561843802","23.046858561843802","23.046858561843802"
"9255.406931098","23.04886168340737","23.04886168340737","23.04886168340737"
"9265.40757763","23.050783004029046","23.050783004029046","23.050783004029046"
"9275.407501947","23.052752070430987","23.052752070430987","23.052752070430987"
"9285.406909748","23.054718312973343","23.054718312973343","23.054718312973343"
"9295.406968765","23.056679229705328","23.056679229705328","23.056679229705328"
"9305.407135501","23.058611485508592","23.058611485508592","23.058611485508592"
"9315.407539058","23.06053854583855","23.06053854583855","23.06053854583855"
"9325.407192725","23.06248902703695","23.06248902703695","23.06248902703695"
"9335.406898764","23.06441028265101","23.06441028265101","23.06441028265101"
"9345.407205217","23.066376057234297","23.066376057234297","23.066376057234297"
"9355.407747381","23.068288115399437","23.068288115399437","23.068288115399437"
"9365.407398163","23.070222648636616","23.070222648636616","23.070222648636616"
"9375.407100697","23.072128949378214","23.072128949378214","23.072128949378214"
"9385.406646256","23.074056387050838","23.074056387050838","23.074056387050838"
"9395.407614392","23.07597696108421","23.07597696108421","23.07597696108421"
"9405.407712426","23.07789565887687","23.07789565887687","23.07789565887687"
"9415.407373055","23.07978697579219","23.07978697579219","23.07978697579219"
"9425.407453038","23.081698086207947","23.081698086207947","23.081698086207947"
"9435.407143112","23.083606172379735","23.083606172379735","23.083606172379735"
"9445.407413649","23.08548505006569","23.08548505006569","23.08548505006569"
"9455.407166039","23.087385631474078","23.087385631474078","23.087385631474078"
"9465.407234785","23.0892818576967","23.0892818576967","23.0892818576967"
"9475.406791416","23.09117565952078","23.09117565952078","23.09117565952078"
"9485.407192638","23.093039210935796","23.093039210935796","23.093039210935796"
"9495.407691922","23.09489922597593","23.09489922597593","23.09489922597593"
"9505.407709372","23.096780660813955","23.096780660813955","23.096780660813955"
"9515.408048277","23.09865965829199","23.09865965829199","23.09865965829199"
"9525.407677967","23.10053370690356","23.10053370690356","23.10053370690356"
"9535.407198894","23.10240503530498","23.10240503530498","23.10240503530498"
"9545.407506575","23.10424740001713","23.10424740001713","23.10424740001713"
"9555.407124331","23.106111661449038","23.106111661449038","23.106111661449038"
"9565.406805054","23.10794784247988","23.10794784247988","23.10794784247988"
"9575.407152181","23.109803681974185","23.109803681974185","23.109803681974185"
"9585.407766539","23.11163057687963","23.11163057687963","23.11163057687963"
"9595.407278564","23.11348095415987","23.11348095415987","23.11348095415987"
"9605.407796526","23.115325241507108","23.115325241507108","23.115325241507108"
"9615.407002653","23.117169229821336","23.117169229821336","23.117169229821336"
"9625.407043201","23.119007561428802","23.119007561428802","23.119007561428802"
"9635.407572398","23.120817155261467","23.120817155261467","23.120817155261467"
"9645.407747297","23.122648181388065","23.122648181388065","23.122648181388065"
"9655.407504751","23.124476599588405","23.124476599588405","23.124476599588405"
"9665.407641593","23.126300759442497","23.126300759442497","23.126300759442497"
"9675.406639446","23.12809989736701","23.12809989736701","23.12809989736701"
"9685.406922001","23.12989274767928","23.12989274767928","23.12989274767928"
"9695.406534373","23.131731516526738","23.131731516526738","23.131731516526738"
"9705.407482029","23.133516016868864","23.133516016868864","23.133516016868864"
"9715.407613282","23.135322888983275","23.135322888983275","23.135322888983275"
"9725.406698782","23.137104517818386","23.137104517818386","23.137104517818386"
"9735.406822787","23.138904480204612","23.138904480204612","23.138904480204612"
"9745.407003562","23.14067692562926","23.14067692562926","23.14067692562926"
"9755.407454059","23.14246968805476","23.14246968805476","23.14246968805476"
"9765.406801517","23.14423693871175","23.14423693871175","23.14423693871175"
"9775.40718151","23.145998935282037","23.145998935282037","23.145998935282037"
"9785.407481365","23.147757755213554","23.147757755213554","23.147757755213554"
"9795.407218487","23.149538169515782","23.149538169515782","23.149538169515782"
"9805.406860413","23.15131542317071","23.15131542317071","23.15131542317071"
"9815.406847916","23.1530650024276","23.1530650024276","23.1530650024276"
"9825.406571385","23.154835233957172","23.154835233957172","23.154835233957172"
"9835.406877372","23.15660115037019","23.15660115037019","23.15660115037019"
"9845.407439648","23.158363098065333","23.158363098065333","23.158363098065333"
"9855.407135857","23.16009981262519","23.16009981262519","23.16009981262519"
"9865.406982603","23.161881134411388","23.161881134411388","23.161881134411388"
"9875.407139356","23.163609475895434","23.163609475895434","23.163609475895434"
"9885.406823652","23.165336536770816","23.165336536770816","23.165336536770816"
"9895.407112153","23.167082588158543","23.167082588158543","23.167082588158543"
"9905.407363252","23.16880186975244","23.16880186975244","23.16880186975244"
"9915.407549772","23.170541469186713","23.170541469186713","23.170541469186713"
"9925.4069139","23.172279925428125","23.172279925428125","23.172279925428125"
"9935.407409077","23.174035805140438","23.174035805140438","23.174035805140438"
"9945.407010101","23.175743466600164","23.175743466600164","23.175743466600164"
"9955.407414756","23.177469811809768","23.177469811809768","23.177469811809768"
"9965.407208496","23.17917084228608","23.17917084228608","23.17917084228608"
"9975.407144815","23.180891544555998","23.180891544555998","23.180891544555998"
"9985.407075786","23.18260916318536","23.18260916318536","23.18260916318536"
"9995.407348603","23.184323089830364","23.184323089830364","23.184323089830364"
"10005.406787636","23.18603518880948","23.18603518880948","23.18603518880948"
"10015.407183798","23.187719103063053","23.187719103063053","23.187719103063053"
"10025.407322199","23.189423659322827","23.189423659322827","23.189423659322827"
"10035.406990991","23.191102652817538","23.191102652817538","23.191102652817538"
"10045.40752533","23.192799993145325","23.192799993145325","23.192799993145325"
"10055.407920172","23.194494537906223","23.194494537906223","23.194494537906223"
"10065.406603062","23.196166397085296","23.196166397085296","23.196166397085296"
"10075.408105174","23.19785242397394","23.19785242397394","23.19785242397394"
"10085.40747288","23.199539656231988","23.199539656231988","23.199539656231988"
"10095.407278316","23.201223159769466","23.201223159769466","23.201223159769466"
"10105.406590438","23.202904187215328","23.202904187215328","23.202904187215328"
"10115.406992347","23.20458016623262","23.20458016623262","23.20458016623262"
"10125.407170357","23.20623036945981","23.20623036945981","23.20623036945981"
"10135.407124123","23.207901100378056","23.207901100378056","23.207901100378056"
"10145.407500613","23.209567622805714","23.209567622805714","23.209567622805714"
"10155.407113891","23.211210045202748","23.211210045202748","23.211210045202748"
"10165.407761135","23.212869990970905","23.212869990970905","23.212869990970905"
"10175.407430965","23.214529318400498","23.214529318400498","23.214529318400498"
"10185.407007822","23.21613955413519","23.21613955413519","23.21613955413519"
"10195.407241408","23.217791699842437","23.217791699842437","23.217791699842437"
"10205.407430362","23.219440553547365","23.219440553547365","23.219440553547365"
"10215.407583688","23.22108637307199","23.22108637307199","23.22108637307199"
"10225.407329396","23.222707525914082","23.222707525914082","23.222707525914082"
"10235.406786367","23.224349096584174","23.224349096584174","23.224349096584174"
"10245.407454995","23.225984865237162","23.225984865237162","23.225984865237162"
"10255.406646173","23.227575707910923","23.227575707910923","23.227575707910923"
"10265.407309127","23.229205675532867","23.229205675532867","23.229205675532867"
"10275.407246074","23.230834280093045","23.230834280093045","23.230834280093045"
"10285.407598616","23.232459107910046","23.232459107910046","23.232459107910046"
"10295.406654169","23.234061062322027","23.234061062322027","23.234061062322027"
"10305.406841884","23.235680534359062","23.235680534359062","23.235680534359062"
"10315.407428829","23.23729611465505","23.23729611465505","23.23729611465505"
"10325.406977588","23.238888098430014","23.238888098430014","23.238888098430014"
"10335.407256311","23.240498586498564","23.240498586498564","23.240498586498564"
"10345.406967246","23.242084701218715","23.242084701218715","23.242084701218715"
"10355.407217842","23.243689487807945","23.243689487807945","23.243689487807945"
"10365.407451183","23.245291348090547","23.245291348090547","23.245291348090547"
"10375.406801796","23.246891935707144","23.246891935707144","23.246891935707144"
"10385.406913006","23.24844335668847","23.24844335668847","23.24844335668847"
"10395.406809185","23.250037302166646","23.250037302166646","23.250037302166646"
"10405.406735967","23.25162839447823","23.25162839447823","23.25162839447823"
"10415.406778115","23.25319387311601","23.25319387311601","23.25319387311601"
"10425.406956531","23.25475627209114","23.25475627209114","23.25475627209114"
"10435.407913731","23.256336735222366","23.256336735222366","23.256336735222366"
"10445.407490768","23.257917105326683","23.257917105326683","23.257917105326683"
"10455.406671836","23.259473254387803","23.259473254387803","23.259473254387803"
"10465.406984861","23.26104651221217","23.26104651221217","23.26104651221217"
"10475.407293223","23.262617182498595","23.262617182498595","23.262617182498595"
"10485.406856239","23.26418626425921","23.26418626425921","23.26418626425921"
"10495.406912949","23.265729603734336","23.265729603734336","23.265729603734336"
"10505.406999591","23.26726993781294","23.26726993781294","23.26726993781294"
"10515.406662775","23.268830579615614","23.268830579615614","23.268830579615614"
"10525.407536942","23.270386102554767","23.270386102554767","23.270386102554767"
"10535.406568138","23.271920448426137","23.271920448426137","23.271920448426137"
"10545.406800338","23.2734496324739","23.2734496324739","23.2734496324739"
"10555.407205701","23.274997911021856","23.274997911021856","23.274997911021856"
"10565.407567296","23.276543412630335","23.276543412630335","23.276543412630335"
"10575.406875954","23.278088407073344","23.278088407073344","23.278088407073344"
"10585.407051477","23.27960690539174","23.27960690539174","23.27960690539174"
"10595.407382","23.281144453847848","23.281144453847848","23.281144453847848"
"10605.407265523","23.282658094111607","23.282658094111607","23.282658094111607"
"10615.407673821","23.28418995927651","23.28418995927651","23.28418995927651"
"10625.406679608","23.28570022425897","23.28570022425897","23.28570022425897"
"10635.407009316","23.287204909186343","23.287204909186343","23.287204909186343"
"10645.407221403","23.28872944521109","23.28872944521109","23.28872944521109"
"10655.407130001","23.29022961622176","23.29022961622176","23.29022961622176"
"10665.406828829","23.29174962918482","23.29174962918482","23.29174962918482"
"10675.407467571","23.293265119942507","23.293265119942507","23.293265119942507"
"10685.407052103","23.294736322467397","23.294736322467397","23.294736322467397"
"10695.407620001","23.2962466699904","23.2962466699904","23.2962466699904"
"10705.406910491","23.29775699917224","23.29775699917224","23.29775699917224"
"10715.407615178","23.29924003751115","23.29924003751115","23.29924003751115"
"10725.406801066","23.30072357260683","23.30072357260683","23.30072357260683"
"10735.407827235","23.30222260594321","23.30222260594321","23.30222260594321"
"10745.406928615","23.303679251167257","23.303679251167257","23.303679251167257"
"10755.406936793","23.305175101458037","23.305175101458037","23.305175101458037"
"10765.407219098","23.306646104335503","23.306646104335503","23.306646104335503"
"10775.407281385","23.308114976464093","23.308114976464093","23.308114976464093"
"10785.406617964","23.30958273307999","23.30958273307999","23.30958273307999"
"10795.407122749","23.31108907024955","23.31108907024955","23.31108907024955"
"10805.406589579","23.312529698273995","23.312529698273995","23.312529698273995"
"10815.406856791","23.314009761176546","23.314009761176546","23.314009761176546"
"10825.407980508","23.315485188314963","23.315485188314963","23.315485188314963"
"10835.407323115","23.31694041716859","23.31694041716859","23.31694041716859"
"10845.407521148","23.318391224788797","23.318391224788797","23.318391224788797"
"10855.40717485","23.3198407410236","23.3198407410236","23.3198407410236"
"10865.406783994","23.321287794078764","23.321287794078764","23.321287794078764"
"10875.407670758","23.32275135251025","23.32275135251025","23.32275135251025"
"10885.407774003","23.32421379916883","23.32421379916883","23.32421379916883"
"10895.406842322","23.325654536673973","23.325654536673973","23.325654536673973"
"10905.407362199","23.327068337501462","23.327068337501462","23.327068337501462"
"10915.407513064","23.32854474322855","23.32854474322855","23.32854474322855"
"10925.407395872","23.32997635733355","23.32997635733355","23.32997635733355"
"10935.407231304","23.33138431238762","23.33138431238762","23.33138431238762"
"10945.407654343","23.332809854137647","23.332809854137647","23.332809854137647"
"10955.406859838","23.334235523744713","23.334235523744713","23.334235523744713"
"10965.407053598","23.335699525866964","23.335699525866964","23.335699525866964"
"10975.40739094","23.337118090225108","23.337118090225108","23.337118090225108"
"10985.406545094","23.338536319181433","23.338536319181433","23.338536319181433"
"10995.406647113","23.339971748571898","23.339971748571898","23.339971748571898"
"11005.40692953","23.341383174784017","23.341383174784017","23.341383174784017"
"11015.406769035","23.342793159528405","23.342793159528405","23.342793159528405"
"11025.40703467","23.344220932677306","23.344220932677306","23.344220932677306"
"11035.407203769","23.345646473675743","23.345646473675743","23.345646473675743"
"11045.40716364","23.34702765833554","23.34702765833554","23.34702765833554"
"11055.406857286","23.348449344257","23.348449344257","23.348449344257"
"11065.407456502","23.34986702303718","23.34986702303718","23.34986702303718"
"11075.406739151","23.35126354318576","23.35126354318576","23.35126354318576"
"11085.406591226","23.35267789207534","23.35267789207534","23.35267789207534"
"11095.406771699","23.354088989720005","23.354088989720005","23.354088989720005"
"11105.406895488","23.355455768079636","23.355455768079636","23.355455768079636"
"11115.40679247","23.35686285612418","23.35686285612418","23.35686285612418"
"11125.406843228","23.358246194832866","23.358246194832866","23.358246194832866"
"11135.407588968","23.359625913869525","23.359625913869525","23.359625913869525"
"11145.407130694","23.361026533465296","23.361026533465296","23.361026533465296"
"11155.406908778","23.362403605714896","23.362403605714896","23.362403605714896"
"11165.407511343","23.363797316495344","23.363797316495344","23.363797316495344"
"11175.407616505","23.36516896816912","23.36516896816912","23.36516896816912"
"11185.407226421","23.366560205323587","23.366560205323587","23.366560205323587"
"11195.407477307","23.367906035067232","23.367906035067232","23.367906035067232"
"11205.40725467","23.369292398104673","23.369292398104673","23.369292398104673"
"11215.407043156","23.370655316471797","23.370655316471797","23.370655316471797"
"11225.407077565","23.372036563037785","23.372036563037785","23.372036563037785"
"11235.406694549","23.37341628094493","23.37341628094493","23.37341628094493"
"11245.407617384","23.37477032287299","23.37477032287299","23.37477032287299"
"11255.407843339","23.37612454459085","23.37612454459085","23.37612454459085"
"11265.407199605","23.37749668625577","23.37749668625577","23.37749668625577"
"11275.407184996","23.37884581711913","23.37884581711913","23.37884581711913"
"11285.407822232","23.38019133935374","23.38019133935374","23.38019133935374"
"11295.407540296","23.38155706341155","23.38155706341155","23.38155706341155"
"11305.406994399","23.382921200811055","23.382921200811055","23.382921200811055"
"11315.407144463","23.384260984380045","23.384260984380045","23.384260984380045"
"11325.406526842","23.385599946462424","23.385599946462424","23.385599946462424"
"11335.407050664","23.38695526574355","23.38695526574355","23.38695526574355"
"11345.407367125","23.388288262722455","23.388288262722455","23.388288262722455"
"11355.407317228","23.38961948510289","23.38961948510289","23.38961948510289"
"11365.407169881","23.390948697404184","23.390948697404184","23.390948697404184"
"11375.407038912","23.392296319029523","23.392296319029523","23.392296319029523"
"11385.406635663","23.393621795775196","23.393621795775196","23.393621795775196"
"11395.407286006","23.39496357022163","23.39496357022163","23.39496357022163"
"11405.407117723","23.39628400705399","23.39628400705399","23.39628400705399"
"11415.407305052","23.397622305454497","23.397622305454497","23.397622305454497"
"11425.407025556","23.398938820514925","23.398938820514925","23.398938820514925"
"11435.407265808","23.400251962722486","23.400251962722486","23.400251962722486"
"11445.407288758","23.401584077640646","23.401584077640646","23.401584077640646"
"11455.407350556","23.402893208935104","23.402893208935104","23.402893208935104"
"11465.407181946","23.404221414822384","23.404221414822384","23.404221414822384"
"11475.406709888","23.405527308167517","23.405527308167517","23.405527308167517"
"11485.407127616","23.40684986912881","23.40684986912881","23.40684986912881"
"11495.407582261","23.408149894383133","23.408149894383133","23.408149894383133"
"11505.407310397","23.409449096304474","23.409449096304474","23.409449096304474"
"11515.407759416","23.41076527554773","23.41076527554773","23.41076527554773"
"11525.406707355","23.412061627768065","23.412061627768065","23.412061627768065"
"11535.406647788","23.413333761204257","23.413333761204257","23.413333761204257"
"11545.40704488","23.414663863226068","23.414663863226068","23.414663863226068"
"11555.406837378","23.415952461324842","23.415952461324842","23.415952461324842"
"11565.406847714","23.417238507295767","23.417238507295767","23.417238507295767"
"11575.40734703","23.418541775203664","23.418541775203664","23.418541775203664"
"11585.407134646","23.419824056219877","23.419824056219877","23.419824056219877"
"11595.406784314","23.421124658870617","23.421124658870617","23.421124658870617"
"11605.407480281","23.42240108022523","23.42240108022523","23.42240108022523"
"11615.407356949","23.423676983628656","23.423676983628656","23.423676983628656"
"11625.406790452","23.42497191280552","23.42497191280552","23.42497191280552"
"11635.407017542","23.4262429306097","23.4262429306097","23.4262429306097"
"11645.40647539","23.427513283244153","23.427513283244153","23.427513283244153"
"11655.407411829","23.428799075322637","23.428799075322637","23.428799075322637"
"11665.406612908","23.430065958741793","23.430065958741793","23.430065958741793"
"11675.407699051","23.431327286852884","23.431327286852884","23.431327286852884"
"11685.406918513","23.432609986350293","23.432609986350293","23.432609986350293"
"11695.406560216","23.433869875702552","23.433869875702552","23.433869875702552"
"11705.407652609","23.435145256890422","23.435145256890422","23.435145256890422"
"11715.407173459","23.436401224774837","23.436401224774837","23.436401224774837"
"11725.406979882","23.43767478078662","23.43767478078662","23.43767478078662"
"11735.407336483","23.43892546214895","23.43892546214895","23.43892546214895"
"11745.406551209","23.44019587330227","23.44019587330227","23.44019587330227"
"11755.407151107","23.441442011527858","23.441442011527858","23.441442011527858"
"11765.407673562","23.44270605197828","23.44270605197828","23.44270605197828"
"11775.406813744","23.44397071120508","23.44397071120508","23.44397071120508"
"11785.407144484","23.44521125400854","23.44521125400854","23.44521125400854"
"11795.407254674","23.44645018442678","23.44645018442678","23.44645018442678"
"11805.406533531","23.447688619953063","23.447688619953063","23.447688619953063"
"11815.406938557","23.448943150890507","23.448943150890507","23.448943150890507"
"11825.406617236","23.45017699678697","23.45017699678697","23.45017699678697"
"11835.407401419","23.451406596842183","23.451406596842183","23.451406596842183"
"11845.406727823","23.45265707878797","23.45265707878797","23.45265707878797"
"11855.407084468","23.453883879048927","23.453883879048927","23.453883879048927"
"11865.407673336","23.455127881808497","23.455127881808497","23.455127881808497"
"11875.407268323","23.456332309517215","23.456332309517215","23.456332309517215"
"11885.407667908","23.457572861493148","23.457572861493148","23.457572861493148"
"11895.406516076","23.458794500092804","23.458794500092804","23.458794500092804"
"11905.407424443","23.460030238047672","23.460030238047672","23.460030238047672"
"11915.406488441","23.46124764616367","23.46124764616367","23.46124764616367"
"11925.407176244","23.462479976555972","23.462479976555972","23.462479976555972"
"11935.406678824","23.46367299440976","23.46367299440976","23.46367299440976"
"11945.407127354","23.464901916388417","23.464901916388417","23.464901916388417"
"11955.406749364","23.466130302462908","23.466130302462908","23.466130302462908"
"11965.407619898","23.46733486646335","23.46733486646335","23.46733486646335"
"11975.40661711","23.468540867372816","23.468540867372816","23.468540867372816"
"11985.407394435","23.46976140837866","23.46976140837866","23.46976140837866"
"11995.407569055","23.47096159909232","23.47096159909232","23.47096159909232"
"12005.406681124","23.472181450471655","23.472181450471655","23.472181450471655"
"12015.407588814","23.473376369520057","23.473376369520057","23.473376369520057"
"12025.407712929","23.474590504525406","23.474590504525406","23.474590504525406"
"12035.406640513","23.47578538955154","23.47578538955154","23.47578538955154"
"12045.407359775","23.476975233425872","23.476975233425872","23.476975233425872"
"12055.407366842","23.478183758440135","23.478183758440135","23.478183758440135"
"12065.406766989","23.479391854065742","23.479391854065742","23.479391854065742"
"12075.406527925","23.480558124902892","23.480558124902892","23.480558124902892"
"12085.407122711","23.481740706191587","23.481740706191587","23.481740706191587"
"12095.406569097","23.482942926371344","23.482942926371344","23.482942926371344"
"12105.409327806","23.48413723822128","23.48413723822128","23.48413723822128"
"12115.407254863","23.485319382945708","23.485319382945708","23.485319382945708"
"12125.407795625","23.486513791908436","23.486513791908436","23.486513791908436"
"12135.407026002","23.487670176911294","23.487670176911294","23.487670176911294"
"12145.407364756","23.48886164151986","23.48886164151986","23.48886164151986"
"12155.408223215","23.490050107958442","23.490050107958442","23.490050107958442"
"12165.406909997","23.49122148381704","23.49122148381704","23.49122148381704"
"12175.406958501","23.492407842474396","23.492407842474396","23.492407842474396"
"12185.407521815","23.493572148225013","23.493572148225013","23.493572148225013"
"12195.407051186","23.494755865719863","23.494755865719863","23.494755865719863"
"12205.407162727","23.495917355960657","23.495917355960657","23.495917355960657"
"12215.406980546","23.497096850618785","23.497096850618785","23.497096850618785"
"12225.407121367","23.49827399689966","23.49827399689966","23.49827399689966"
"12235.407659517","23.499429523241947","23.499429523241947","23.499429523241947"
"12245.406938018","23.500585092760815","23.500585092760815","23.500585092760815"
"12255.407186396","23.5017566744351","23.5017566744351","23.5017566744351"
"12265.407026563","23.50292714654183","23.50292714654183","23.50292714654183"
"12275.406770305","23.504057591002148","23.504057591002148","23.504057591002148"
"12285.407290767","23.50522339145119","23.50522339145119","23.50522339145119"
"12295.406669154","23.50638918817315","23.50638918817315","23.50638918817315"
"12305.406597577","23.507514087562623","23.507514087562623","23.507514087562623"
"12315.40699594","23.508674650459227","23.508674650459227","23.508674650459227"
"12325.40785788","23.50981462185769","23.50981462185769","23.50981462185769"
"12335.40697846","23.510973425814683","23.510973425814683","23.510973425814683"
"12345.407123515","23.512109487916806","23.512109487916806","23.512109487916806"
"12355.40658875","23.513245628809592","23.513245628809592","23.513245628809592"
"12365.407005502","23.514397384559118","23.514397384559118","23.514397384559118"
"12375.407595164","23.51554713638456","23.51554713638456","23.51554713638456"
"12385.406984277","23.51667810625165","23.51667810625165","23.51667810625165"
"12395.407324203","23.517805760122123","23.517805760122123","23.517805760122123"
"12405.406884436","23.51893305826853","23.51893305826853","23.51893305826853"
"12415.406664128","23.520077222384746","23.520077222384746","23.520077222384746"
"12425.407356813","23.52119920521232","23.52119920521232","23.52119920521232"
"12435.407285606","23.522320827972695","23.522320827972695","23.522320827972695"
"12445.407097563","23.523459556689858","23.523459556689858","23.523459556689858"
"12455.406483778","23.524559689689678","23.524559689689678","23.524559689689678"
"12465.406920115","23.52567525160938","23.52567525160938","23.52567525160938"
"12475.406869722","23.526808952852214","23.526808952852214","23.526808952852214"
"12485.406892062","23.52790282090181","23.52790282090181","23.52790282090181"
"12495.406787474","23.52901431993696","23.52901431993696","23.52901431993696"
"12505.407141597","23.53012334017085","23.53012334017085","23.53012334017085"
"12515.407910877","23.531248559631162","23.531248559631162","23.531248559631162"
"12525.407216885","23.532356088096968","23.532356088096968","23.532356088096968"
"12535.406644166","23.53346158762688","23.53346158762688","23.53346158762688"
"12545.407162125","23.534582429693224","23.534582429693224","23.534582429693224"
"12555.407271497","23.535683587707947","23.535683587707947","23.535683587707947"
"12565.407444912","23.53680140954611","23.53680140954611","23.53680140954611"
"12575.406842139","23.537919284739953","23.537919284739953","23.537919284739953"
"12585.406986009","23.539015104810513","23.539015104810513","23.539015104810513"
"12595.407199315","23.540128236668806","23.540128236668806","23.540128236668806"
"12605.406799657","23.541203009747655","23.541203009747655","23.541203009747655"
"12615.406958446","23.542312791189858","23.542312791189858","23.542312791189858"
"12625.407243676","23.543420685825684","23.543420685825684","23.543420685825684"
"12635.407254246","23.544508878601597","23.544508878601597","23.544508878601597"
"12645.407162979","23.545632591769703","23.545632591769703","23.545632591769703"
"12655.407309911","23.54671719402471","23.54671719402471","23.54671719402471"
"12665.407470581","23.54779990108819","23.54779990108819","23.54779990108819"
"12675.406895844","23.548882923510305","23.548882923510305","23.548882923510305"
"12685.407599438","23.549961189894333","23.549961189894333","23.549961189894333"
"12695.407352695","23.551077091485002","23.551077091485002","23.551077091485002"
"12705.407570151","23.55215338156761","23.55215338156761","23.55215338156761"
"12715.407514392","23.553247244695722","23.553247244695722","23.553247244695722"
"12725.40803143","23.55432090963125","23.55432090963125","23.55432090963125"
"12735.406818696","23.555412278068832","23.555412278068832","23.555412278068832"
"12745.407471652","23.556500097315205","23.556500097315205","23.556500097315205"
"12755.407404235","23.557587228277853","23.557587228277853","23.557587228277853"
"12765.406973275","23.558673581169217","23.558673581169217","23.558673581169217"
"12775.407611576","23.559738487323568","23.559738487323568","23.559738487323568"
"12785.406952993","23.560803157264655","23.560803157264655","23.560803157264655"
"12795.407402034","23.561901628124083","23.561901628124083","23.561901628124083"
"12805.407302254","23.562962502975555","23.562962502975555","23.562962502975555"
"12815.406747968","23.564041091785924","23.564041091785924","23.564041091785924"
"12825.407599824","23.56509727566318","23.56509727566318","23.56509727566318"
"12835.407700648","23.566171765132438","23.566171765132438","23.566171765132438"
"12845.407417936","23.567226608639267","23.567226608639267","23.567226608639267"
"12855.407542528","23.568297608752196","23.568297608752196","23.568297608752196"
"12865.407493212","23.569367416213755","23.569367416213755","23.569367416213755"
"12875.406862403","23.570436651894617","23.570436651894617","23.570436651894617"
"12885.407048832","23.571502967352597","23.571502967352597","23.571502967352597"
"12895.40699194","23.57254989446856","23.57254989446856","23.57254989446856"
"12905.406504043","23.573632422003612","23.573632422003612","23.573632422003612"
"12915.407763455","23.574674069991612","23.574674069991612","23.574674069991612"
"12925.407272003","23.575753399229413","23.575753399229413","23.575753399229413"
"12935.407032174","23.576794461484674","23.576794461484674","23.576794461484674"
"12945.407094587","23.577833457332183","23.577833457332183","23.577833457332183"
"12955.407623868","23.578906584330927","23.578906584330927","23.578906584330927"
"12965.407241527","23.579943284082105","23.579943284082105","23.579943284082105"
"12975.407500808","23.580995362059443","23.580995362059443","23.580995362059443"
"12985.406789608","23.58202952752466","23.58202952752466","23.58202952752466"
"12995.406680774","23.58307947960816","23.58307947960816","23.58307947960816"
"13005.407182436","23.584109441209115","23.584109441209115","23.584109441209115"
"13015.406843657","23.585155698524897","23.585155698524897","23.585155698524897"
"13025.407187258","23.58620016959932","23.58620016959932","23.58620016959932"
"13035.407235546","23.587243697554428","23.587243697554428","23.587243697554428"
"13045.407414202","23.588285605889112","23.588285605889112","23.588285605889112"
"13055.407260886","23.58930824136595","23.58930824136595","23.58930824136595"
"13065.407216784","23.590329152778313","23.590329152778313","23.590329152778313"
"13075.407523964","23.591366262830732","23.591366262830732","23.591366262830732"
"13085.406761952","23.59236738276113","23.59236738276113","23.59236738276113"
"13095.406709071","23.593402097223414","23.593402097223414","23.593402097223414"
"13105.406696703","23.594417265520004","23.594417265520004","23.594417265520004"
"13115.407927409","23.595446691323428","23.595446691323428","23.595446691323428"
"13125.406609942","23.596461084159557","23.596461084159557","23.596461084159557"
"13135.407054098","23.597489127596432","23.597489127596432","23.597489127596432"
"13145.407176486","23.598498470059635","23.598498470059635","23.598498470059635"
"13155.406764361","23.59952443663749","23.59952443663749","23.59952443663749"
"13165.407691535","23.60054720882233","23.60054720882233","23.60054720882233"
"13175.406744071","23.60157157971718","23.60157157971718","23.60157157971718"
"13185.40696878","23.60257455254936","23.60257455254936","23.60257455254936"
"13195.40687077","23.603594616177805","23.603594616177805","23.603594616177805"
"13205.406968559","23.60461276986053","23.60461276986053","23.60461276986053"
"13215.407053029","23.60561176332583","23.60561176332583","23.60561176332583"
"13225.40757987","23.60662630501524","23.60662630501524","23.60662630501524"
"13235.407480973","23.60762265367291","23.60762265367291","23.60762265367291"
"13245.406994573","23.60865399687581","23.60865399687581","23.60865399687581"
"13255.406760413","23.609647571089322","23.609647571089322","23.609647571089322"
"13265.407120355","23.61065678385783","23.61065678385783","23.61065678385783"
"13275.406945354","23.611647523669408","23.611647523669408","23.611647523669408"
"13285.407350587","23.612635905361497","23.612635905361497","23.612635905361497"
"13295.407000235","23.61364190201798","23.61364190201798","23.61364190201798"
"13305.408610751","23.614625563016965","23.614625563016965","23.614625563016965"
"13315.407412802","23.61563017997464","23.61563017997464","23.61563017997464"
"13325.407477939","23.616613434425496","23.616613434425496","23.616613434425496"
"13335.406887327","23.617578550279102","23.617578550279102","23.617578550279102"
"13345.40743668","23.61857602337842","23.61857602337842","23.61857602337842"
"13355.407196252","23.619573389362195","23.619573389362195","23.619573389362195"
"13365.407530801","23.620568335091825","23.620568335091825","23.620568335091825"
"13375.406852395","23.62156361026132","23.62156361026132","23.62156361026132"
"13385.407192625","23.622538207650404","23.622538207650404","23.622538207650404"
"13395.407799415","23.62352846424782","23.62352846424782","23.62352846424782"
"13405.406916399","23.62450215704918","23.62450215704918","23.62450215704918"
"13415.407120521","23.625490432914575","23.625490432914575","23.625490432914575"
"13425.407693969","23.626476626299077","23.626476626299077","23.626476626299077"
"13435.407509884","23.627445070048925","23.627445070048925","23.627445070048925"
"13445.407000532","23.628412780054617","23.628412780054617","23.628412780054617"
"13455.407240639","23.62939537458665","23.62939537458665","23.62939537458665"
"13465.407629151","23.63037622488595","23.63037622488595","23.63037622488595"
"13475.406918371","23.631357673751406","23.631357673751406","23.631357673751406"
"13485.406723368","23.632319394478813","23.632319394478813","23.632319394478813"
"13495.407587137","23.63329544980763","23.63329544980763","23.63329544980763"
"13505.407747458","23.634271336988036","23.634271336988036","23.634271336988036"
"13515.407035504","23.635229647850657","23.635229647850657","23.635229647850657"
"13525.406463151","23.636221503668608","23.636221503668608","23.636221503668608"
"13535.406663864","23.637175795327444","23.637175795327444","23.637175795327444"
"13545.406765942","23.638146280147023","23.638146280147023","23.638146280147023"
"13555.407137252","23.63911551701864","23.63911551701864","23.63911551701864"
"13565.407133696","23.640065627609044","23.640065627609044","23.640065627609044"
"13575.407780357","23.641013764858034","23.641013764858034","23.641013764858034"
"13585.406866424","23.641980587379564","23.641980587379564","23.641980587379564"
"13595.40669622","23.64292738297616","23.64292738297616","23.64292738297616"
"13605.407085979","23.64385445800334","23.64385445800334","23.64385445800334"
"13615.407014724","23.64481599857184","23.64481599857184","23.64481599857184"
"13625.406770796","23.645776298364108","23.645776298364108","23.645776298364108"
"13635.40751064","23.646733795593516","23.646733795593516","23.646733795593516"
"13645.406883137","23.64767468813783","23.64767468813783","23.64767468813783"
"13655.406942471","23.6486306202048","23.6486306202048","23.6486306202048"
"13665.407185454","23.649584903195844","23.649584903195844","23.649584903195844"
"13675.407722734","23.65053750195952","23.65053750195952","23.65053750195952"
"13685.407449514","23.651489763568534","23.651489763568534","23.651489763568534"
"13695.407416382","23.65244070937071","23.65244070937071","23.65244070937071"
"13705.407629401","23.653389670378612","23.653389670378612","23.653389670378612"
"13715.407649454","23.654337775895257","23.654337775895257","23.654337775895257"
"13725.407863301","23.65526685445052","23.65526685445052","23.65526685445052"
"13735.407034813","23.656213631018556","23.656213631018556","23.656213631018556"
"13745.407211074","23.657157550236867","23.657157550236867","23.657157550236867"
"13755.406803833","23.65810117460146","23.65810117460146","23.65810117460146"
"13765.407122868","23.65902493310574","23.65902493310574","23.65902493310574"
"13775.406844422","23.659965756234808","23.659965756234808","23.659965756234808"
"13785.407635136","23.660886195744897","23.660886195744897","23.660886195744897"
"13795.406692757","23.661825415704605","23.661825415704605","23.661825415704605"
"13805.407183198","23.66274386645918","23.66274386645918","23.66274386645918"
"13815.407604055","23.663678291387384","23.663678291387384","23.663678291387384"
"13825.407941757","23.664594460575927","23.664594460575927","23.664594460575927"
"13835.407805733","23.665510677522228","23.665510677522228","23.665510677522228"
"13845.407293512","23.666442328088085","23.666442328088085","23.666442328088085"
"13855.406498335","23.6673736208306","23.6673736208306","23.6673736208306"
"13865.406781638","23.668284870933903","23.668284870933903","23.668284870933903"
"13875.407219041","23.669211749831366","23.669211749831366","23.669211749831366"
"13885.407455617","23.67015463287629","23.67015463287629","23.67015463287629"
"13895.407197411","23.671063036283872","23.671063036283872","23.671063036283872"
"13905.407505148","23.67196915288011","23.67196915288011","23.67196915288011"
"13915.407520534","23.67289164787891","23.67289164787891","23.67289164787891"
"13925.406723756","23.673797220061196","23.673797220061196","23.673797220061196"
"13935.408038696","23.67473209669881","23.67473209669881","23.67473209669881"
"13945.407383431","23.67565185036307","23.67565185036307","23.67565185036307"
"13955.407514291","23.67655206249893","23.67655206249893","23.67655206249893"
"13965.406701607","23.677452602942168","23.677452602942168","23.677452602942168"
"13975.407284973","23.678366802532285","23.678366802532285","23.678366802532285"
"13985.40653469","23.67926468566422","23.67926468566422","23.67926468566422"
"13995.407420835","23.680175787928817","23.680175787928817","23.680175787928817"
"14005.40752138","23.681086933513626","23.681086933513626","23.681086933513626"
"14015.406508407","23.681981688530268","23.681981688530268","23.681981688530268"
"14025.407424092","23.682889195977236","23.682889195977236","23.682889195977236"
"14035.407577749","23.683779615889513","23.683779615889513","23.683779615889513"
"14045.407089926","23.684669938660296","23.684669938660296","23.684669938660296"
"14055.406941768","23.68557523147314","23.68557523147314","23.68557523147314"
"14065.40750402","23.686461768954334","23.686461768954334","23.686461768954334"
"14075.407163858","23.687364864323783","23.687364864323783","23.687364864323783"
"14085.407460254","23.688265791059965","23.688265791059965","23.688265791059965"
"14095.407169709","23.689149767249866","23.689149767249866","23.689149767249866"
"14105.406838675","23.69003257359011","23.69003257359011","23.69003257359011"
"14115.406752376","23.69091382247284","23.69091382247284","23.69091382247284"
"14125.406731288","23.691827379679758","23.691827379679758","23.691827379679758"
"14135.407521283","23.692704838552128","23.692704838552128","23.692704838552128"
"14145.408007777","23.69359857065958","23.69359857065958","23.69359857065958"
"14155.406570674","23.694493867608355","23.694493867608355","23.694493867608355"
"14165.406851034","23.695368558805786","23.695368558805786","23.695368558805786"
"14175.407228688","23.69625869620987","23.69625869620987","23.69625869620987"
"14185.407576624","23.69714770804004","23.69714770804004","23.69714770804004"
"14195.407684538","23.69801912441382","23.69801912441382","23.69801912441382"
"14205.406734552","23.69892456830134","23.69892456830134","23.69892456830134"
"14215.407361246","23.699792836218467","23.699792836218467","23.699792836218467"
"14225.406968171","23.70067828515813","23.70067828515813","23.70067828515813"
"14235.407085224","23.701561895784717","23.701561895784717","23.701561895784717"
"14245.407138931","23.702444070258057","23.702444070258057","23.702444070258057"
"14255.406866647","23.70332582526652","23.70332582526652","23.70332582526652"
"14265.407030592","23.704188972939146","23.704188972939146","23.704188972939146"
"14275.407239456","23.70506779257029","23.70506779257029","23.70506779257029"
"14285.407382049","23.705945305410328","23.705945305410328","23.705945305410328"
"14295.406991866","23.70682241983875","23.70682241983875","23.70682241983875"
"14305.407729707","23.707696674959777","23.707696674959777","23.707696674959777"
"14315.406946191","23.708555571681902","23.708555571681902","23.708555571681902"
"14325.406859749","23.70942884104172","23.70942884104172","23.70942884104172"
"14335.406872029","23.710300815754756","23.710300815754756","23.710300815754756"
"14345.406859252","23.71117167482672","23.71117167482672","23.71117167482672"
"14355.407004031","23.712024538218134","23.712024538218134","23.712024538218134"
"14365.40739789","23.712876280384318","23.712876280384318","23.712876280384318"
"14375.406574852","23.71372808069178","23.71372808069178","23.71372808069178"
"14385.407409849","23.714593285832628","23.714593285832628","23.714593285832628"
"14395.407446009","23.71545812819063","23.71545812819063","23.71545812819063"
"14405.407031338","23.71632269775156","23.71632269775156","23.71632269775156"
"14415.40726152","23.717168745874257","23.717168745874257","23.717168745874257"
"14425.406539854","23.718031502166482","23.718031502166482","23.718031502166482"
"14435.40729745","23.718874463639754","23.718874463639754","23.718874463639754"
"14445.406844323","23.719734592481572","23.719734592481572","23.719734592481572"
"14455.407590719","23.720591785463608","23.720591785463608","23.720591785463608"
"14465.407497874","23.721449317027762","23.721449317027762","23.721449317027762"
"14475.407204768","23.72230568499335","23.72230568499335","23.72230568499335"
"14485.406664011","23.72314502674664","23.72314502674664","23.72314502674664"
"14495.406988602","23.72399843470698","23.72399843470698","23.72399843470698"
"14505.406707338","23.724851449780786","23.724851449780786","23.724851449780786"
"14515.407730637","23.725701616212298","23.725701616212298","23.725701616212298"
"14525.40681056","23.72655343139153","23.72655343139153","23.72655343139153"
"14535.407099956","23.727385986033763","23.727385986033763","23.727385986033763"
"14545.406913566","23.728218145951583","23.728218145951583","23.728218145951583"
"14555.407286211","23.729081235347074","23.729081235347074","23.729081235347074"
"14565.406681717","23.729895453452492","23.729895453452492","23.729895453452492"
"14575.407754808","23.730738771216448","23.730738771216448","23.730738771216448"
"14585.407015121","23.731583782693516","23.731583782693516","23.731583782693516"
"14595.407960124","23.73242502943713","23.73242502943713","23.73242502943713"
"14605.407508129","23.73325112364352","23.73325112364352","23.73325112364352"
"14615.406998778","23.734076383931818","23.734076383931818","23.734076383931818"
"14625.40700623","23.73491590312356","23.73491590312356","23.73491590312356"
"14635.407036891","23.73575415475961","23.73575415475961","23.73575415475961"
"14645.407056868","23.736591537579983","23.736591537579983","23.736591537579983"
"14655.407561679","23.73742759017325","23.73742759017325","23.73742759017325"
"14665.407100568","23.73824656179389","23.73824656179389","23.73824656179389"
"14675.406800936","23.739081048094878","23.739081048094878","23.739081048094878"
"14685.406644761","23.73991432206462","23.73991432206462","23.73991432206462"
"14695.407023709","23.740713296849567","23.740713296849567","23.740713296849567"
"14705.407020622","23.741560338250597","23.741560338250597","23.741560338250597"
"14715.407192646","23.74238983992825","23.74238983992825","23.74238983992825"
"14725.407481133","23.743202056750334","23.743202056750334","23.743202056750334"
"14735.406812585","23.74404677304319","23.74404677304319","23.74404677304319"
"14745.40696254","23.744856963042412","23.744856963042412","23.744856963042412"
"14755.407444323","23.74568194659762","23.74568194659762","23.74568194659762"
"14765.406661223","23.746507388107265","23.746507388107265","23.746507388107265"
"14775.406963561","23.74731433224027","23.74731433224027","23.74731433224027"
"14785.406591046","23.74813714174233","23.74813714174233","23.74813714174233"
"14795.40779511","23.748956615963138","23.748956615963138","23.748956615963138"
"14805.406990855","23.74976205135349","23.74976205135349","23.74976205135349"
"14815.407031041","23.750597127320283","23.750597127320283","23.750597127320283"
"14825.407572908","23.751398382622394","23.751398382622394","23.751398382622394"
"14835.407867721","23.752215105639806","23.752215105639806","23.752215105639806"
"14845.407432515","23.75301564252091","23.75301564252091","23.75301564252091"
"14855.406985038","23.753831467227695","23.753831467227695","23.753831467227695"
"14865.407149216","23.754661194930854","23.754661194930854","23.754661194930854"
"14875.406677093","23.755474698710948","23.755474698710948","23.755474698710948"
"14885.406811617","23.75627035295248","23.75627035295248","23.75627035295248"
"14895.406835592","23.757081119931108","23.757081119931108","23.757081119931108"
"14905.407587814","23.757889778630283","23.757889778630283","23.757889778630283"
"14915.407516319","23.758698661843308","23.758698661843308","23.758698661843308"
"14925.406784077","23.759491666357462","23.759491666357462","23.759491666357462"
"14935.406577237","23.760298573261196","23.760298573261196","23.760298573261196"
"14945.406688091","23.761088188976156","23.761088188976156","23.761088188976156"
"14955.406876403","23.761908472843515","23.761908472843515","23.761908472843515"
"14965.406564989","23.76269668965708","23.76269668965708","23.76269668965708"
"14975.406907722","23.76349880041959","23.76349880041959","23.76349880041959"
"14985.407789675","23.764299033029342","23.764299033029342","23.764299033029342"
"14995.406904324","23.765085140998664","23.765085140998664","23.765085140998664"
"15005.406731497","23.76588493618941","23.76588493618941","23.76588493618941"
"15015.407457677","23.766666535117963","23.766666535117963","23.766666535117963"
"15025.406986086","23.767448954529282","23.767448954529282","23.767448954529282"
"15035.407387942","23.76826081878632","23.76826081878632","23.76826081878632"
"15045.407433665","23.769040399359955","23.769040399359955","23.769040399359955"
"15055.406604574","23.769836196672177","23.769836196672177","23.769836196672177"
"15065.407748517","23.770612304078217","23.770612304078217","23.770612304078217"
"15075.406695021","23.77140645535255","23.77140645535255","23.77140645535255"
"15085.406986192","23.772181787646762","23.772181787646762","23.772181787646762"
"15095.407595164","23.772971433446166","23.772971433446166","23.772971433446166"
"15105.40684797","23.773746239780568","23.773746239780568","23.773746239780568"
"15115.406965364","23.774534686821774","23.774534686821774","23.774534686821774"
"15125.406955097","23.775306542920806","23.775306542920806","23.775306542920806"
"15135.408271454","23.776091244660265","23.776091244660265","23.776091244660265"
"15145.407048127","23.77687867604891","23.77687867604891","23.77687867604891"
"15155.407681028","23.777646657070754","23.777646657070754","23.777646657070754"
"15165.407325529","23.778430733834398","23.778430733834398","23.778430733834398"
"15175.406691975","23.77921431533086","23.77921431533086","23.77921431533086"
"15185.406811783","23.77999587389548","23.77999587389548","23.77999587389548"
"15195.407369316","23.78076009378588","23.78076009378588","23.78076009378588"
"15205.407279117","23.78152428695431","23.78152428695431","23.78152428695431"
"15215.407111563","23.782303411392338","23.782303411392338","23.782303411392338"
"15225.407817302","23.78306440387391","23.78306440387391","23.78306440387391"
"15235.406721171","23.783842900882863","23.783842900882863","23.783842900882863"
"15245.407346582","23.784617853664265","23.784617853664265","23.784617853664265"
"15255.407525259","23.78539237323082","23.78539237323082","23.78539237323082"
"15265.406625886","23.786152017064026","23.786152017064026","23.786152017064026"
"15275.407206865","23.786924276361486","23.786924276361486","23.786924276361486"
"15285.407529066","23.787680037426753","23.787680037426753","23.787680037426753"
"15295.407854885","23.788435194250468","23.788435194250468","23.788435194250468"
"15305.407030355","23.78920639162069","23.78920639162069","23.78920639162069"
"15315.406961051","23.789960044045188","23.789960044045188","23.789960044045188"
"15325.406547586","23.790728826711895","23.790728826711895","23.790728826711895"
"15335.407386057","23.791494994547545","23.791494994547545","23.791494994547545"
"15345.406737204","23.792246537926257","23.792246537926257","23.792246537926257"
"15355.40808685","23.793009942912565","23.793009942912565","23.793009942912565"
"15365.407188166","23.793760138484082","23.793760138484082","23.793760138484082"
"15375.407034271","23.794523895264394","23.794523895264394","23.794523895264394"
"15385.407020564","23.795270871510642","23.795270871510642","23.795270871510642"
"15395.407228619","23.796032116866993","23.796032116866993","23.796032116866993"
"15405.406995075","23.796793046987847","23.796793046987847","23.796793046987847"
"15415.407179647","23.797552545478414","23.797552545478414","23.797552545478414"
"15425.407421472","23.798295409390974","23.798295409390974","23.798295409390974"
"15435.407124808","23.79906926292313","23.79906926292313","23.79906926292313"
"15445.406677344","23.79981121669123","23.79981121669123","23.79981121669123"
"15455.407605836","23.80056587714877","23.80056587714877","23.80056587714877"
"15465.406541525","23.80130696829505","23.80130696829505","23.80130696829505"
"15475.407297916","23.802060064906996","23.802060064906996","23.802060064906996"
"15485.406862502","23.802813786926233","23.802813786926233","23.802813786926233"
"15495.407593959","23.803564955856608","23.803564955856608","23.803564955856608"
"15505.406922644","23.80431725534029","23.80431725534029","23.80431725534029"
"15515.407019212","23.805052135457245","23.805052135457245","23.805052135457245"
"15525.406821253","23.80580199096826","23.80580199096826","23.80580199096826"
"15535.407687487","23.80654927624682","23.80654927624682","23.80654927624682"
"15545.407706839","23.807281484761113","23.807281484761113","23.807281484761113"
"15555.407295495","23.808013596898423","23.808013596898423","23.808013596898423"
"15565.407208165","23.808759459694485","23.808759459694485","23.808759459694485"
"15575.407433539","23.809488703364913","23.809488703364913","23.809488703364913"
"15585.407173439","23.81021792399797","23.81021792399797","23.81021792399797"
"15595.406883927","23.8109613757947","23.8109613757947","23.8109613757947"
"15605.407183606","23.81170312745095","23.81170312745095","23.81170312745095"
"15615.407807666","23.812443500826912","23.812443500826912","23.812443500826912"
"15625.407276376","23.813184678134828","23.813184678134828","23.813184678134828"
"15635.406856346","23.813909522201115","23.813909522201115","23.813909522201115"
"15645.407297242","23.814647579448447","23.814647579448447","23.814647579448447"
"15655.407111524","23.815385470297525","23.815385470297525","23.815385470297525"
"15665.406737879","23.81610766007397","23.81610766007397","23.81610766007397"
"15675.407386558","23.816842481941617","23.816842481941617","23.816842481941617"
"15685.40757205","23.817592404607932","23.817592404607932","23.817592404607932"
"15695.407346419","23.81829653481723","23.81829653481723","23.81829653481723"
"15705.406711907","23.819030629374716","23.819030629374716","23.819030629374716"
"15715.407611136","23.819776970666858","23.819776970666858","23.819776970666858"
"15725.406726888","23.820494427887578","23.820494427887578","23.820494427887578"
"15735.407290592","23.82122459572444","23.82122459572444","23.82122459572444"
"15745.407283032","23.8219538860457","23.8219538860457","23.8219538860457"
"15755.406983579","23.822683207403504","23.822683207403504","23.822683207403504"
"15765.407848977","23.823409775719835","23.823409775719835","23.823409775719835"
"15775.407244667","23.824107659540825","23.824107659540825","23.824107659540825"
"15785.407407004","23.824848589643675","23.824848589643675","23.824848589643675"
"15795.406786013","23.825559550016994","23.825559550016994","23.825559550016994"
"15805.406672211","23.826284228094366","23.826284228094366","23.826284228094366"
"15815.407250254","23.827006898808225","23.827006898808225","23.827006898808225"
"15825.407028649","23.82771474573335","23.82771474573335","23.82771474573335"
"15835.40720558","23.828421308689123","23.828421308689123","23.828421308689123"
"15845.406850949","23.8291577684475","23.8291577684475","23.8291577684475"
"15855.407034724","23.829862635021673","23.829862635021673","23.829862635021673"
"15865.40725805","23.830581451785154","23.830581451785154","23.830581451785154"
"15875.406820945","23.831300485390667","23.831300485390667","23.831300485390667"
"15885.407244887","23.832002296612554","23.832002296612554","23.832002296612554"
"15895.407591985","23.832733404482845","23.832733404482845","23.832733404482845"
"15905.407000799","23.83342000965811","23.83342000965811","23.83342000965811"
"15915.407294602","23.83413457624114","23.83413457624114","23.83413457624114"
"15925.406931084","23.8348341241796","23.8348341241796","23.8348341241796"
"15935.407670729","23.8355463512779","23.8355463512779","23.8355463512779"
"15945.407174447","23.836259366775945","23.836259366775945","23.836259366775945"
"15955.407625635","23.83697067852375","23.83697067852375","23.83697067852375"
"15965.407496273","23.837681039242156","23.837681039242156","23.837681039242156"
"15975.407994424","23.838375298156755","23.838375298156755","23.838375298156755"
"15985.406962816","23.8390856569635","23.8390856569635","23.8390856569635"
"15995.406857144","23.839779048165465","23.839779048165465","23.839779048165465"
"16005.408158412","23.840499340576525","23.840499340576525","23.840499340576525"
"16015.407036106","23.841177569678543","23.841177569678543","23.841177569678543"
"16025.40743646","23.841882899703336","23.841882899703336","23.841882899703336"
"16035.407232404","23.842572830480123","23.842572830480123","23.842572830480123"
"16045.406903515","23.843277168065118","23.843277168065118","23.843277168065118"
"16055.406634607","23.843980762355518","23.843980762355518","23.843980762355518"
"16065.407376027","23.844667071659252","23.844667071659252","23.844667071659252"
"16075.407152361","23.845368857943363","23.845368857943363","23.845368857943363"
"16085.4071657","23.84605459993105","23.84605459993105","23.84605459993105"
"16095.407461895","23.846753984688082","23.846753984688082","23.846753984688082"
"16105.407745573","23.84745260857304","23.84745260857304","23.84745260857304"
"16115.407040512","23.848136781326655","23.848136781326655","23.848136781326655"
"16125.406718722","23.84883458329569","23.84883458329569","23.84883458329569"
"16135.406607097","23.84953123064087","23.84953123064087","23.84953123064087"
"16145.407358454","23.850225863229955","23.850225863229955","23.850225863229955"
"16155.406702062","23.850921533653718","23.850921533653718","23.850921533653718"
"16165.40664486","23.85160084308252","23.85160084308252","23.85160084308252"
"16175.407746532","23.852277865189407","23.852277865189407","23.852277865189407"
"16185.406814712","23.85298618906623","23.85298618906623","23.85298618906623"
"16195.407185028","23.85367731480221","23.85367731480221","23.85367731480221"
"16205.40754041","23.85435296922406","23.85435296922406","23.85435296922406"
"16215.40732813","23.85504313742167","23.85504313742167","23.85504313742167"
"16225.407328929","23.855717440423604","23.855717440423604","23.855717440423604"
"16235.406899996","23.85640632534564","23.85640632534564","23.85640632534564"
"16245.40711625","23.857093579722225","23.857093579722225","23.857093579722225"
"16255.406938298","23.85778048013686","23.85778048013686","23.85778048013686"
"16265.406916823","23.85846651902395","23.85846651902395","23.85846651902395"
"16275.407045757","23.859151340314114","23.859151340314114","23.859151340314114"
"16285.406638583","23.859821532649946","23.859821532649946","23.859821532649946"
"16295.40663655","23.860505040265654","23.860505040265654","23.860505040265654"
"16305.406950004","23.861187303802378","23.861187303802378","23.861187303802378"
"16315.407424121","23.86185396402566","23.86185396402566","23.86185396402566"
"16325.4071942","23.862535455099707","23.862535455099707","23.862535455099707"
"16335.407110073","23.863201164317484","23.863201164317484","23.863201164317484"
"16345.407097498","23.86388067880832","23.86388067880832","23.86388067880832"
"16355.407362567","23.864559154144928","23.864559154144928","23.864559154144928"
"16365.407604109","23.86522199147559","23.86522199147559","23.86522199147559"
"16375.406759337","23.86590036981692","23.86590036981692","23.86590036981692"
"16385.407292558","23.866575968252846","23.866575968252846","23.866575968252846"
"16395.407855856","23.867236679821872","23.867236679821872","23.867236679821872"
"16405.407936164","23.86789629937011","23.86789629937011","23.86789629937011"
"16415.406987313","23.86857174837428","23.86857174837428","23.86857174837428"
"16425.406729956","23.869245309337018","23.869245309337018","23.869245309337018"
"16435.407802526","23.86991624964174","23.86991624964174","23.86991624964174"
"16445.406880126","23.87057459661602","23.87057459661602","23.87057459661602"
"16455.406661714","23.87124579851849","23.87124579851849","23.87124579851849"
"16465.407578511","23.871929243444814","23.871929243444814","23.871929243444814"
"16475.406916903","23.87258487758665","23.87258487758665","23.87258487758665"
"16485.406953255","23.87323891023797","23.87323891023797","23.87323891023797"
"16495.406867351","23.8739068368984","23.8739068368984","23.8739068368984"
"16505.4069981","23.874559149908094","23.874559149908094","23.874559149908094"
"16515.407124412","23.875210833245138","23.875210833245138","23.875210833245138"
"16525.407593391","23.8758756370819","23.8758756370819","23.8758756370819"
"16535.406864236","23.87654141999766","23.87654141999766","23.87654141999766"
"16545.407225427","23.87719035196665","23.87719035196665","23.87719035196665"
"16555.407585253","23.877838643325287","23.877838643325287","23.877838643325287"
"16565.407124729","23.878516181383066","23.878516181383066","23.878516181383066"
"16575.407209091","23.879163254605555","23.879163254605555","23.879163254605555"
"16585.407133302","23.879824271088513","23.879824271088513","23.879824271088513"
"16595.407683695","23.880483664834184","23.880483664834184","23.880483664834184"
"16605.407412905","23.881129005924105","23.881129005924105","23.881129005924105"
"16615.407589746","23.881801775136054","23.881801775136054","23.881801775136054"
"16625.407499008","23.88244549366194","23.88244549366194","23.88244549366194"
"16635.40748529","23.883088246586112","23.883088246586112","23.883088246586112"
"16645.407423242","23.883759101746836","23.883759101746836","23.883759101746836"
"16655.407027234","23.88440079329397","23.88440079329397","23.88440079329397"
"16665.40686687","23.885055927106322","23.885055927106322","23.885055927106322"
"16675.407550634","23.885709116924783","23.885709116924783","23.885709116924783"
"16685.407405769","23.886348451277378","23.886348451277378","23.886348451277378"
"16695.408310594","23.886986759512933","23.886986759512933","23.886986759512933"
"16705.406741133","23.887639418595008","23.887639418595008","23.887639418595008"
"16715.407538598","23.888289433075386","23.888289433075386","23.888289433075386"
"16725.406702541","23.88892669547598","23.88892669547598","23.88892669547598"
"16735.407396248","23.889575382352323","23.889575382352323","23.889575382352323"
"16745.407863849","23.890223730495002","23.890223730495002","23.890223730495002"
"16755.407369583","23.890858232346982","23.890858232346982","23.890858232346982"
"16765.407251312","23.891505873921123","23.891505873921123","23.891505873921123"
"16775.40676746","23.8921532138264","23.8921532138264","23.8921532138264"
"16785.408283476","23.892797209744113","23.892797209744113","23.892797209744113"
"16795.407311346","23.893429462584855","23.893429462584855","23.893429462584855"
"16805.40724973","23.89405986432205","23.89405986432205","23.89405986432205"
"16815.406617018","23.894704419054086","23.894704419054086","23.894704419054086"
"16825.407485364","23.895332020457722","23.895332020457722","23.895332020457722"
"16835.40663928","23.89597547983551","23.89597547983551","23.89597547983551"
"16845.407291344","23.89661624684374","23.89661624684374","23.89661624684374"
"16855.406989024","23.897243297984534","23.897243297984534","23.897243297984534"
"16865.406834855","23.897883727262162","23.897883727262162","23.897883727262162"
"16875.407480768","23.898508017525526","23.898508017525526","23.898508017525526"
"16885.406875538","23.899147549732483","23.899147549732483","23.899147549732483"
"16895.406683613","23.89977162845885","23.89977162845885","23.89977162845885"
"16905.406808879","23.900422841218525","23.900422841218525","23.900422841218525"
"16915.407354967","23.901044472775265","23.901044472775265","23.901044472775265"
"16925.406671679","23.901681259708404","23.901681259708404","23.901681259708404"
"16935.407412015","23.90231542806786","23.90231542806786","23.90231542806786"
"16945.407184191","23.902935915866177","23.902935915866177","23.902935915866177"
"16955.40749492","23.903569175318683","23.903569175318683","23.903569175318683"
"16965.408031101","23.90420262550393","23.90420262550393","23.90420262550393"
"16975.407374445","23.904834648082655","23.904834648082655","23.904834648082655"
"16985.406566659","23.90545305370154","23.90545305370154","23.90545305370154"
"16995.407155563","23.906069000392232","23.906069000392232","23.906069000392232"
"17005.406688738","23.906699742698628","23.906699742698628","23.906699742698628"
"17015.407546656","23.90732806449571","23.90732806449571","23.90732806449571"
"17025.407251243","23.907943195721334","23.907943195721334","23.907943195721334"
"17035.407303453","23.908557058401918","23.908557058401918","23.908557058401918"
"17045.407607988","23.909183911005567","23.909183911005567","23.909183911005567"
"17055.407423713","23.909796645286","23.909796645286","23.909796645286"
"17065.407027893","23.91042311128148","23.91042311128148","23.91042311128148"
"17075.406972528","23.9110484043114","23.9110484043114","23.9110484043114"
"17085.407382517","23.911658468402948","23.911658468402948","23.911658468402948"
"17095.40703878","23.912282627040458","23.912282627040458","23.912282627040458"
"17105.40669919","23.912906277390555","23.912906277390555","23.912906277390555"
"17115.406805276","23.91351457135074","23.91351457135074","23.91351457135074"
"17125.406654322","23.914136389363133","23.914136389363133","23.914136389363133"
"17135.407725771","23.914770008814425","23.914770008814425","23.914770008814425"
"17145.407595722","23.91537668495924","23.91537668495924","23.91537668495924"
"17155.407387517","23.916010508573674","23.916010508573674","23.916010508573674"
"17165.407512637","23.916615270940994","23.916615270940994","23.916615270940994"
"17175.40676947","23.91723453936419","23.91723453936419","23.91723453936419"
"17185.407548304","23.91783719300681","23.91783719300681","23.91783719300681"
"17195.406620616","23.918455290944138","23.918455290944138","23.918455290944138"
"17205.406951247","23.91907101161568","23.91907101161568","23.91907101161568"
"17215.407750355","23.91968551470688","23.91968551470688","23.91968551470688"
"17225.406839029","23.920287658897504","23.920287658897504","23.920287658897504"
"17235.407571697","23.92090085814498","23.92090085814498","23.92090085814498"
"17245.406835412","23.92151532973019","23.92151532973019","23.92151532973019"
"17255.407450968","23.922127283403224","23.922127283403224","23.922127283403224"
"17265.406717189","23.92272652852178","23.92272652852178","23.92272652852178"
"17275.406986404","23.923323768819365","23.923323768819365","23.923323768819365"
"17285.406857345","23.923934603661706","23.923934603661706","23.923934603661706"
"17295.406996948","23.92453074595164","23.92453074595164","23.92453074595164"
"17305.406582253","23.925126863299237","23.925126863299237","23.925126863299237"
"17315.406567308","23.925735680876137","23.925735680876137","23.925735680876137"
"17325.406702485","23.926329715718165","23.926329715718165","23.926329715718165"
"17335.407496973","23.926936101811446","23.926936101811446","23.926936101811446"
"17345.406862494","23.92752999113706","23.92752999113706","23.92752999113706"
"17355.406713719","23.92813626757814","23.92813626757814","23.92813626757814"
"17365.407394745","23.92874070815057","23.92874070815057","23.92874070815057"
"17375.40734471","23.92933187825125","23.92933187825125","23.92933187825125"
"17385.407783028","23.929949730195013","23.929949730195013","23.929949730195013"
"17395.407269518","23.930539525978435","23.930539525978435","23.930539525978435"
"17405.407441192","23.931128161604484","23.931128161604484","23.931128161604484"
"17415.407020981","23.93173090084824","23.93173090084824","23.93173090084824"
"17425.407347573","23.932318108112224","23.932318108112224","23.932318108112224"
"17435.407105198","23.932919418465428","23.932919418465428","23.932919418465428"
"17445.407162948","23.933505548922792","23.933505548922792","23.933505548922792"
"17455.40757128","23.934104530390037","23.934104530390037","23.934104530390037"
"17465.406646689","23.934690779975092","23.934690779975092","23.934690779975092"
"17475.406938703","23.93528866573834","23.93528866573834","23.93528866573834"
"17485.406920182","23.935872436121198","23.935872436121198","23.935872436121198"
"17495.406899344","23.936455633788476","23.936455633788476","23.936455633788476"
"17505.406606956","23.937052299938784","23.937052299938784","23.937052299938784"
"17515.407616804","23.937646631084263","23.937646631084263","23.937646631084263"
"17525.407906402","23.93822747740884","23.93822747740884","23.93822747740884"
"17535.406963189","23.938822956700157","23.938822956700157","23.938822956700157"
"17545.407452381","23.939415859963567","23.939415859963567","23.939415859963567"
"17555.407238002","23.93999555780243","23.93999555780243","23.93999555780243"
"17565.407146887","23.94060158330487","23.94060158330487","23.94060158330487"
"17575.407289126","23.941179468590477","23.941179468590477","23.941179468590477"
"17585.407168548","23.941770637974003","23.941770637974003","23.941770637974003"
"17595.410739573","23.942356370753313","23.942356370753313","23.942356370753313"
"17605.407630697","23.942950270015952","23.942950270015952","23.942950270015952"
"17615.406676033","23.9435269832226","23.9435269832226","23.9435269832226"
"17625.406857767","23.944128803026967","23.944128803026967","23.944128803026967"
"17635.407291361","23.94468896895184","23.94468896895184","23.94468896895184"
"17645.407013261","23.94529005301261","23.94529005301261","23.94529005301261"
"17655.406604024","23.945863539589105","23.945863539589105","23.945863539589105"
"17665.40710489","23.946448886325605","23.946448886325605","23.946448886325605"
"17675.406654159","23.94704831793932","23.94704831793932","23.94704831793932"
"17685.406614708","23.947619461065493","23.947619461065493","23.947619461065493"
"17695.407213307","23.94818920100029","23.94818920100029","23.94818920100029"
"17705.406937198","23.94875941263645","23.94875941263645","23.94875941263645"
"17715.406530061","23.94934269508519","23.94934269508519","23.94934269508519"
"17725.407531099","23.94991010447859","23.94991010447859","23.94991010447859"
"17735.40692053","23.95050595829021","23.95050595829021","23.95050595829021"
"17745.407153412","23.951072964280392","23.951072964280392","23.951072964280392"
"17755.407086989","23.95163998336163","23.95163998336163","23.95163998336163"
"17765.407050864","23.95221956189735","23.95221956189735","23.95221956189735"
"17775.406614658","23.952799114854532","23.952799114854532","23.952799114854532"
"17785.406644939","23.953377458917984","23.953377458917984","23.953377458917984"
"17795.407392997","23.953940785997204","23.953940785997204","23.953940785997204"
"17805.407286047","23.95450476024238","23.95450476024238","23.95450476024238"
"17815.40771229","23.955080734670663","23.955080734670663","23.955080734670663"
"17825.406685919","23.955657949229387","23.955657949229387","23.955657949229387"
"17835.406970203","23.956219365868368","23.956219365868368","23.956219365868368"
"17845.407128382","23.95679390597268","23.95679390597268","23.95679390597268"
"17855.407191271","23.95736791000828","23.95736791000828","23.95736791000828"
"17865.406716485","23.957928550423734","23.957928550423734","23.957928550423734"
"17875.407182438","23.958500946623232","23.958500946623232","23.958500946623232"
"17885.407390116","23.959059430761243","23.959059430761243","23.959059430761243"
"17895.407169289","23.959644729873368","23.959644729873368","23.959644729873368"
"17905.406878041","23.96020266810935","23.96020266810935","23.96020266810935"
"17915.406994464","23.960759531684705","23.960759531684705","23.960759531684705"
"17925.407563805","23.961341995297786","23.961341995297786","23.961341995297786"
"17935.40719081","23.961898271975993","23.961898271975993","23.961898271975993"
"17945.407488409","23.96246645856341","23.96246645856341","23.96246645856341"
"17955.407357155","23.96303463262047","23.96303463262047","23.96303463262047"
"17965.407378651","23.9635887148395","23.9635887148395","23.9635887148395"
"17975.407136479","23.964155771655065","23.964155771655065","23.964155771655065"
"17985.406872627","23.964708849045866","23.964708849045866","23.964708849045866"
"17995.407325635","23.96527391677344","23.96527391677344","23.96527391677344"
"18005.406764275","23.965826230263858","23.965826230263858","23.965826230263858"
"18015.407454262","23.966376386873474","23.966376386873474","23.966376386873474"
"18025.407253312","23.96692712704039","23.96692712704039","23.96692712704039"
"18035.407448245","23.96747673690452","23.96747673690452","23.96747673690452"
"18045.407361902","23.968039642892844","23.968039642892844","23.968039642892844"
"18055.407248674","23.968588459220808","23.968588459220808","23.968588459220808"
"18065.406668839","23.96915043976972","23.96915043976972","23.96915043976972"
"18075.40695763","23.969697610577224","23.969697610577224","23.969697610577224"
"18085.407175208","23.97024430353098","23.97024430353098","23.97024430353098"
"18095.407101267","23.970804049061503","23.970804049061503","23.970804049061503"
"18105.407005218","23.971336644633915","23.971336644633915","23.971336644633915"
"18115.406954226","23.971908558400898","23.971908558400898","23.971908558400898"
"18125.406998178","23.9724529649916","23.9724529649916","23.9724529649916"
"18135.407147026","23.97301020189703","23.97301020189703","23.97301020189703"
"18145.406765005","23.973540775780517","23.973540775780517","23.973540775780517"
"18155.406923829","23.974083487841735","23.974083487841735","23.974083487841735"
"18165.407182418","23.97465193457202","23.97465193457202","23.97465193457202"
"18175.40718326","23.975193630482106","23.975193630482106","23.975193630482106"
"18185.40814152","23.97573369207093","23.97573369207093","23.97573369207093"
"18195.407170057","23.976288628935556","23.976288628935556","23.976288628935556"
"18205.406834692","23.976842212012393","23.976842212012393","23.976842212012393"
"18215.406718033","23.97738180638924","23.97738180638924","23.97738180638924"
"18225.407077522","23.977920235574334","23.977920235574334","23.977920235574334"
"18235.407630992","23.97845784455556","23.97845784455556","23.97845784455556"
"18245.408178596","23.978996233190692","23.978996233190692","23.978996233190692"
"18255.407241589","23.97954645982527","23.97954645982527","23.97954645982527"
"18265.406939118","23.980083335293887","23.980083335293887","23.980083335293887"
"18275.407148925","23.980632354818194","23.980632354818194","23.980632354818194"
"18285.407353981","23.98116745882499","23.98116745882499","23.98116745882499"
"18295.407608489","23.98170236874206","23.98170236874206","23.98170236874206"
"18305.407787793","23.98226236592137","23.98226236592137","23.98226236592137"
"18315.407490931","23.98278338290563","23.98278338290563","23.98278338290563"
"18325.406874642","23.98333046247308","23.98333046247308","23.98333046247308"
"18335.406681462","23.983876508664935","23.983876508664935","23.983876508664935"
"18345.406899629","23.984408315359197","23.984408315359197","23.984408315359197"
"18355.406703615","23.984940074474387","23.984940074474387","23.984940074474387"
"18365.407663633","23.985482862711727","23.985482862711727","23.985482862711727"
"18375.40731561","23.9860137277581","23.9860137277581","23.9860137277581"
"18385.407432051","23.98655648354448","23.98655648354448","23.98655648354448"
"18395.40683386","23.9870865527849","23.9870865527849","23.9870865527849"
"18405.407025601","23.98762808594297","23.98762808594297","23.98762808594297"
"18415.407139843","23.98815613631531","23.98815613631531","23.98815613631531"
"18425.40770226","23.988696082610815","23.988696082610815","23.988696082610815"
"18435.406989451","23.989224041885223","23.989224041885223","23.989224041885223"
"18445.407539839","23.989749846413186","23.989749846413186","23.989749846413186"
"18455.406558528","23.990277077751344","23.990277077751344","23.990277077751344"
"18465.407175241","23.990814746699584","23.990814746699584","23.990814746699584"
"18475.407119566","23.991339739662095","23.991339739662095","23.991339739662095"
"18485.406706981","23.99187757961496","23.99187757961496","23.99187757961496"
"18495.406601348","23.992401400079455","23.992401400079455","23.992401400079455"
"18505.406512259","23.99293773404933","23.99293773404933","23.99293773404933"
"18515.407254428","23.99345952271777","23.99345952271777","23.99345952271777"
"18525.407109432","23.993981833728423","23.993981833728423","23.993981833728423"
"18535.406863727","23.994516757571517","23.994516757571517","23.994516757571517"
"18545.407271667","23.995037252579213","23.995037252579213","23.995037252579213"
"18555.40689334","23.995558287266743","23.995558287266743","23.995558287266743"
"18565.407596576","23.99610318840115","23.99610318840115","23.99610318840115"
"18575.407453154","23.99662277951792","23.99662277951792","23.99662277951792"
"18585.406566752","23.997155715008393","23.997155715008393","23.997155715008393"
"18595.406816365","23.997673787493326","23.997673787493326","23.997673787493326"
"18605.407501596","23.998190715319005","23.998190715319005","23.998190715319005"
"18615.407189807","23.99870856387541","23.99870856387541","23.99870856387541"
"18625.407115982","23.999238061054236","23.999238061054236","23.999238061054236"
"18635.407105793","23.9997542979467","23.9997542979467","23.9997542979467"
"18645.406696836","24.000283414834296","24.000283414834296","24.000283414834296"
"18655.407912538","24.00079703664183","24.00079703664183","24.00079703664183"
"18665.407545835","24.001312065562104","24.001312065562104","24.001312065562104"
"18675.406981845","24.001839654705694","24.001839654705694","24.001839654705694"
"18685.406783038","24.002366344858476","24.002366344858476","24.002366344858476"
"18695.406802868","24.002879332912574","24.002879332912574","24.002879332912574"
"18705.406804636","24.003404642301224","24.003404642301224","24.003404642301224"
"18715.407079943","24.003903455731717","24.003903455731717","24.003903455731717"
"18725.407448249","24.004427111214785","24.004427111214785","24.004427111214785"
"18735.407149675","24.00493841595199","24.00493841595199","24.00493841595199"
"18745.407880497","24.005460645367734","24.005460645367734","24.005460645367734"
"18755.407486331","24.00597095692148","24.00597095692148","24.00597095692148"
"18765.407180693","24.006467852660172","24.006467852660172","24.006467852660172"
"18775.40696326","24.00698979318018","24.00698979318018","24.00698979318018"
"18785.406529854","24.007511284279296","24.007511284279296","24.007511284279296"
"18795.407351688","24.00801803649677","24.00801803649677","24.00801803649677"
"18805.407373918","24.00852531888125","24.00852531888125","24.00852531888125"
"18815.407408187","24.009044705442346","24.009044705442346","24.009044705442346"
"18825.406884489","24.00955156417976","24.00955156417976","24.00955156417976"
"18835.407618533","24.010056294532227","24.010056294532227","24.010056294532227"
"18845.406651939","24.01056258561476","24.01056258561476","24.01056258561476"
"18855.407166333","24.0110793594461","24.0110793594461","24.0110793594461"
"18865.407180585","24.011570754674654","24.011570754674654","24.011570754674654"
"18875.40714231","24.01208706325916","24.01208706325916","24.01208706325916"
"18885.406676685","24.01259075385191","24.01259075385191","24.01259075385191"
"18895.406809158","24.013105836329242","24.013105836329242","24.013105836329242"
"18905.407566362","24.01361964435346","24.01361964435346","24.01361964435346"
"18915.406999557","24.014121901625224","24.014121901625224","24.014121901625224"
"18925.407230034","24.014635361734314","24.014635361734314","24.014635361734314"
"18935.407458962","24.015135594178126","24.015135594178126","24.015135594178126"
"18945.4065297","24.01564939250049","24.01564939250049","24.01564939250049"
"18955.406974312","24.01614863530302","24.01614863530302","24.01614863530302"
"18965.406866","24.01666024316667","24.01666024316667","24.01666024316667"
"18975.407078145","24.017158363043087","24.017158363043087","24.017158363043087"
"18985.407374149","24.017656019494254","24.017656019494254","24.017656019494254"
"18995.407388981","24.018153429797536","24.018153429797536","24.018153429797536"
"19005.407091251","24.018663415888472","24.018663415888472","24.018663415888472"
"19015.40689603","24.01916004383788","24.01916004383788","24.01916004383788"
"19025.407589817","24.019655223728954","24.019655223728954","24.019655223728954"
"19035.406730038","24.02016437052131","24.02016437052131","24.02016437052131"
"19045.407184762","24.020658693156875","24.020658693156875","24.020658693156875"
"19055.406938467","24.021153414790273","24.021153414790273","24.021153414790273"
"19065.40758964","24.021659433070415","24.021659433070415","24.021659433070415"
"19075.40665149","24.022153788925205","24.022153788925205","24.022153788925205"
"19085.407531053","24.022658263283148","24.022658263283148","24.022658263283148"
"19095.407831767","24.023150350750157","24.023150350750157","24.023150350750157"
"19105.407563561","24.02364253937251","24.02364253937251","24.02364253937251"
"19115.406785128","24.02413498617533","24.02413498617533","24.02413498617533"
"19125.407582777","24.024637490776787","24.024637490776787","24.024637490776787"
"19135.407610525","24.025115346796348","24.025115346796348","24.025115346796348"
"19145.407397411","24.025605615096087","24.025605615096087","24.025605615096087"
"19155.407600356","24.02609508579014","24.02609508579014","24.02609508579014"
"19165.407474307","24.026608989941792","24.026608989941792","24.026608989941792"
"19175.407548834","24.027097441181752","24.027097441181752","24.027097441181752"
"19185.407448808","24.027585540009397","24.027585540009397","24.027585540009397"
"19195.407556252","24.02808549840098","24.02808549840098","24.02808549840098"
"19205.407254877","24.028585343538282","24.028585343538282","24.028585343538282"
"19215.406792739","24.029072336423447","24.029072336423447","24.029072336423447"
"19225.407403177","24.02955762037911","24.02955762037911","24.02955762037911"
"19235.406588185","24.030044117460722","24.030044117460722","24.030044117460722"
"19245.407131146","24.03054103549376","24.03054103549376","24.03054103549376"
"19255.407330744","24.03102533354785","24.03102533354785","24.03102533354785"
"19265.406713537","24.03151016924256","24.03151016924256","24.03151016924256"
"19275.406988602","24.032005942181556","24.032005942181556","24.032005942181556"
"19285.40671671","24.032489324764786","24.032489324764786","24.032489324764786"
"19295.407113446","24.03298404257244","24.03298404257244","24.03298404257244"
"19305.40701013","24.03347862276499","24.03347862276499","24.03347862276499"
"19315.407490366","24.033959851171677","24.033959851171677","24.033959851171677"
"19325.407313948","24.034441089653363","24.034441089653363","24.034441089653363"
"19335.407401515","24.034934083448515","24.034934083448515","24.034934083448515"
"19345.408218967","24.03542702114103","24.03542702114103","24.03542702114103"
"19355.407174376","24.03590672210837","24.03590672210837","24.03590672210837"
"19365.407339384","24.03638589454517","24.03638589454517","24.03638589454517"
"19375.407170891","24.036864729455644","24.036864729455644","24.036864729455644"
"19385.407483715","24.03735510542747","24.03735510542747","24.03735510542747"
"19395.40687422","24.037833560104946","24.037833560104946","24.037833560104946"
"19405.407223675","24.0383229434075","24.0383229434075","24.0383229434075"
"19415.406750914","24.038800335340955","24.038800335340955","24.038800335340955"
"19425.40721119","24.039276321697873","24.039276321697873","24.039276321697873"
"19435.407608508","24.03976401009714","24.03976401009714","24.03976401009714"
"19445.407342057","24.040252132753793","24.040252132753793","24.040252132753793"
"19455.407329321","24.040739459874313","24.040739459874313","24.040739459874313"
"19465.40672171","24.041214605758164","24.041214605758164","24.041214605758164"
"19475.406968789","24.041700785074525","24.041700785074525","24.041700785074525"
"19485.407021527","24.04217415489139","24.04217415489139","24.04217415489139"
"19495.407204623","24.04263471208447","24.04263471208447","24.04263471208447"
"19505.407330044","24.043107128072656","24.043107128072656","24.043107128072656"
"19515.406901655","24.043579785080354","24.043579785080354","24.043579785080354"
"19525.407570846","24.044038368206664","24.044038368206664","24.044038368206664"
"19535.406837078","24.04451041581294","24.04451041581294","24.04451041581294"
"19545.407235633","24.04498070620727","24.04498070620727","24.04498070620727"
"19555.407339431","24.045463260123466","24.045463260123466","24.045463260123466"
"19565.407574824","24.04593270692461","24.04593270692461","24.04593270692461"
"19575.407156637","24.04641482782714","24.04641482782714","24.04641482782714"
"19585.407043123","24.04688384401434","24.04688384401434","24.04688384401434"
"19595.40798012","24.047363563924666","24.047363563924666","24.047363563924666"
"19605.407212124","24.04783242571259","24.04783242571259","24.04783242571259"
"19615.407353017","24.048299665563075","24.048299665563075","24.048299665563075"
"19625.407528281","24.048779049686516","24.048779049686516","24.048779049686516"
"19635.406857084","24.049258384804833","24.049258384804833","24.049258384804833"
"19645.407682116","24.04972360673868","24.04972360673868","24.04972360673868"
"19655.406637126","24.050190459191306","24.050190459191306","24.050190459191306"
"19665.406696516","24.050655579762925","24.050655579762925","24.050655579762925"
"19675.407220165","24.051132073659574","24.051132073659574","24.051132073659574"
"19685.407180242","24.051596251808444","24.051596251808444","24.051596251808444"
"19695.407346868","24.052060065805268","24.052060065805268","24.052060065805268"
"19705.407505312","24.05253529015186","24.05253529015186","24.05253529015186"
"19715.407466416","24.052998255154737","24.052998255154737","24.052998255154737"
"19725.406729449","24.05346158533088","24.05346158533088","24.05346158533088"
"19735.407392505","24.05393515958929","24.05393515958929","24.05393515958929"
"19745.407159951","24.05439688801297","24.05439688801297","24.05439688801297"
"19755.407131359","24.054870219683554","24.054870219683554","24.054870219683554"
"19765.408029496","24.05534196296257","24.05534196296257","24.05534196296257"
"19775.407099796","24.05579113261537","24.05579113261537","24.05579113261537"
"19785.407273872","24.056262820017544","24.056262820017544","24.056262820017544"
"19795.407712998","24.056733805594423","24.056733805594423","24.056733805594423"
"19805.40762381","24.057180566973354","24.057180566973354","24.057180566973354"
"19815.407461595","24.057651282618846","24.057651282618846","24.057651282618846"
"19825.407212261","24.05812173250054","24.05812173250054","24.05812173250054"
"19835.406979788","24.058579552831144","24.058579552831144","24.058579552831144"
"19845.407273128","24.059036218256136","24.059036218256136","24.059036218256136"
"19855.407031393","24.05950524243398","24.05950524243398","24.05950524243398"
"19865.406813492","24.059961665511675","24.059961665511675","24.059961665511675"
"19875.407475465","24.060428731561274","24.060428731561274","24.060428731561274"
"19885.406997225","24.06089670994599","24.06089670994599","24.06089670994599"
"19895.407524386","24.061350998344622","24.061350998344622","24.061350998344622"
"19905.407492531","24.061805315558516","24.061805315558516","24.061805315558516"
"19915.407768827","24.06227113661022","24.06227113661022","24.06227113661022"
"19925.407522507","24.06273695805094","24.06273695805094","24.06273695805094"
"19935.407034425","24.063190591326297","24.063190591326297","24.063190591326297"
"19945.407053746","24.06364317664844","24.06364317664844","24.06364317664844"
"19955.407302257","24.06409511004249","24.06409511004249","24.06409511004249"
"19965.407813337","24.0645588371864","24.0645588371864","24.0645588371864"
"19975.407043758","24.065022547821332","24.065022547821332","24.065022547821332"
"19985.407505767","24.065472880542206","24.065472880542206","24.065472880542206"
"19995.407625799","24.065923245839844","24.065923245839844","24.065923245839844"
"20005.407089388","24.066373815919583","24.066373815919583","24.066373815919583"
"20015.4065958","24.06682397784346","24.06682397784346","24.06682397784346"
"20025.407094159","24.06727254829703","24.06727254829703","24.06727254829703"
"20035.40746759","24.067720847449554","24.067720847449554","24.067720847449554"
"20045.407053204","24.068181572352042","24.068181572352042","24.068181572352042"
"20055.407685674","24.068640676645412","24.068640676645412","24.068640676645412"
"20065.407321141","24.069076565939426","24.069076565939426","24.069076565939426"
"20075.40676813","24.069524176925835","24.069524176925835","24.069524176925835"
"20085.407517614","24.069981832034028","24.069981832034028","24.069981832034028"
"20095.407151635","24.070440318951174","24.070440318951174","24.070440318951174"
"20105.407328926","24.070873819626488","24.070873819626488","24.070873819626488"
"20115.407529273","24.071342840100378","24.071342840100378","24.071342840100378"
"20125.407019533","24.071788165327575","24.071788165327575","24.071788165327575"
"20135.407071855","24.072232530553183","24.072232530553183","24.072232530553183"
"20145.406831308","24.072688720347664","24.072688720347664","24.072688720347664"
"20155.407279928","24.07313187058272","24.07313187058272","24.07313187058272"
"20165.407298601","24.073574824402776","24.073574824402776","24.073574824402776"
"20175.406609531","24.07401830858012","24.07401830858012","24.07401830858012"
"20185.407318123","24.074459784913284","24.074459784913284","24.074459784913284"
"20195.406862186","24.07490214128435","24.07490214128435","24.07490214128435"
"20205.406674813","24.075355663406345","24.075355663406345","24.075355663406345"
"20215.406691632","24.075796640526452","24.075796640526452","24.075796640526452"
"20225.407176717","24.07623676432289","24.07623676432289","24.07623676432289"
"20235.407317705","24.07668868127997","24.07668868127997","24.07668868127997"
"20245.407326033","24.077140240372813","24.077140240372813","24.077140240372813"
"20255.407210644","24.07759158794676","24.07759158794676","24.07759158794676"
"20265.407587493","24.078030017475502","24.078030017475502","24.078030017475502"
"20275.406888195","24.078469335917195","24.078469335917195","24.078469335917195"
"20285.407274","24.078906892299514","24.078906892299514","24.078906892299514"
"20295.407270429","24.079344543505833","24.079344543505833","24.079344543505833"
"20305.406490382","24.07979446338418","24.07979446338418","24.07979446338418"
"20315.407230901","24.080230474164612","24.080230474164612","24.080230474164612"
"20325.407127805","24.080667024377156","24.080667024377156","24.080667024377156"
"20335.406644437","24.081115303373135","24.081115303373135","24.081115303373135"
"20345.406865414","24.08156247406572","24.08156247406572","24.08156247406572"
"20355.407265588","24.081997160970754","24.081997160970754","24.081997160970754"
"20365.40745996","24.08243162593803","24.08243162593803","24.08243162593803"
"20375.407502715","24.082866554982076","24.082866554982076","24.082866554982076"
"20385.407620343","24.08331150678735","24.08331150678735","24.08331150678735"
"20395.406861864","24.083745852777916","24.083745852777916","24.083745852777916"
"20405.407820295","24.084177795404283","24.084177795404283","24.084177795404283"
"20415.407397369","24.084634559459868","24.084634559459868","24.084634559459868"
"20425.407800569","24.085066414172065","24.085066414172065","24.085066414172065"
"20435.407207291","24.08549885572009","24.08549885572009","24.08549885572009"
"20445.406794645","24.085930809194913","24.085930809194913","24.085930809194913"
"20455.406599794","24.086373730662494","24.086373730662494","24.086373730662494"
"20465.406851303","24.08680410026685","24.08680410026685","24.08680410026685"
"20475.407627821","24.087245923882264","24.087245923882264","24.087245923882264"
"20485.406758192","24.087687747759688","24.087687747759688","24.087687747759688"
"20495.407540424","24.088116298083282","24.088116298083282","24.088116298083282"
"20505.406937497","24.088557707913886","24.088557707913886","24.088557707913886"
"20515.406907885","24.088998045567678","24.088998045567678","24.088998045567678"
"20525.406986997","24.089426061758783","24.089426061758783","24.089426061758783"
"20535.40685617","24.08984230440285","24.08984230440285","24.08984230440285"
"20545.406780184","24.09028149634408","24.09028149634408","24.09028149634408"
"20555.407638485","24.090707375805973","24.090707375805973","24.090707375805973"
"20565.407176706","24.09114619729078","24.09114619729078","24.09114619729078"
"20575.407880834","24.091572258892374","24.091572258892374","24.091572258892374"
"20585.406589751","24.0920104665167","24.0920104665167","24.0920104665167"
"20595.407181768","24.092435156633815","24.092435156633815","24.092435156633815"
"20605.407432758","24.092871510286457","24.092871510286457","24.092871510286457"
"20615.407314914","24.093296241622888","24.093296241622888","24.093296241622888"
"20625.407250644","24.09373215147958","24.09373215147958","24.09373215147958"
"20635.407543372","24.094167312497294","24.094167312497294","24.094167312497294"
"20645.406972548","24.094591245449557","24.094591245449557","24.094591245449557"
"20655.406858455","24.095014284113596","24.095014284113596","24.095014284113596"
"20665.407336341","24.095448056286216","24.095448056286216","24.095448056286216"
"20675.407472394","24.095869919617734","24.095869919617734","24.095869919617734"
"20685.407544093","24.096303367495697","24.096303367495697","24.096303367495697"
"20695.406776159","24.096725485654222","24.096725485654222","24.096725485654222"
"20705.407399407","24.097145768781004","24.097145768781004","24.097145768781004"
"20715.406631857","24.097578860849975","24.097578860849975","24.097578860849975"
"20725.407708162","24.09800944790243","24.09800944790243","24.09800944790243"
"20735.407234161","24.09841816284836","24.09841816284836","24.09841816284836"
"20745.407209837","24.098849200517577","24.098849200517577","24.098849200517577"
"20755.407709972","24.09927928435558","24.09927928435558","24.09927928435558"
"20765.406643599","24.09971071193936","24.09971071193936","24.09971071193936"
"20775.40727203","24.100128193277534","24.100128193277534","24.100128193277534"
"20785.407312392","24.100545969864964","24.100545969864964","24.100545969864964"
"20795.40745242","24.10097486242823","24.10097486242823","24.10097486242823"
"20805.406989851","24.10140397569719","24.10140397569719","24.10140397569719"
"20815.406544058","24.10182112475492","24.10182112475492","24.10182112475492"
"20825.40730484","24.102236573152243","24.102236573152243","24.102236573152243"
"20835.406544421","24.10266484092701","24.10266484092701","24.10266484092701"
"20845.406632212","24.103080254233195","24.103080254233195","24.103080254233195"
"20855.406954572","24.10350657613101","24.10350657613101","24.10350657613101"
"20865.407086258","24.103932761276138","24.103932761276138","24.103932761276138"
"20875.407224053","24.104358506181644","24.104358506181644","24.104358506181644"
"20885.406979892","24.104761134648545","24.104761134648545","24.104761134648545"
"20895.407565735","24.105197066980793","24.105197066980793","24.105197066980793"
"20905.407106987","24.105610757076082","24.105610757076082","24.105610757076082"
"20915.407262779","24.106023366319842","24.106023366319842","24.106023366319842"
"20925.407144967","24.106447435417582","24.106447435417582","24.106447435417582"
"20935.4072512","24.106859340026833","24.106859340026833","24.106859340026833"
"20945.406811854","24.1072714667747","24.1072714667747","24.1072714667747"
"20955.406635604","24.10769440253863","24.10769440253863","24.10769440253863"
"20965.406552964","24.108116886936145","24.108116886936145","24.108116886936145"
"20975.407161275","24.10852681212821","24.10852681212821","24.10852681212821"
"20985.407556252","24.108936450461552","24.108936450461552","24.108936450461552"
"20995.406958419","24.109358303655632","24.109358303655632","24.109358303655632"
"21005.406960491","24.109767629149182","24.109767629149182","24.109767629149182"
"21015.407206803","24.11018788371103","24.11018788371103","24.11018788371103"
"21025.407634238","24.110607545301118","24.110607545301118","24.110607545301118"
"21035.407307145","24.111016016245326","24.111016016245326","24.111016016245326"
"21045.406588929","24.111436173483945","24.111436173483945","24.111436173483945"
"21055.406874809","24.111843243625074","24.111843243625074","24.111843243625074"
"21065.407024751","24.11226164022852","24.11226164022852","24.11226164022852"
"21075.407231643","24.112668203831195","24.112668203831195","24.112668203831195"
"21085.407665896","24.113074004303183","24.113074004303183","24.113074004303183"
"21095.407087856","24.113480782067743","24.113480782067743","24.113480782067743"
"21105.407079147","24.113897659936733","24.113897659936733","24.113897659936733"
"21115.406520786","24.114303521213316","24.114303521213316","24.114303521213316"
"21125.40718737","24.114707599048252","24.114707599048252","24.114707599048252"
"21135.407776872","24.11513433711546","24.11513433711546","24.11513433711546"
"21145.407081869","24.115539210435763","24.115539210435763","24.115539210435763"
"21155.407571653","24.115942328163374","24.115942328163374","24.115942328163374"
"21165.407025333","24.11634625872403","24.11634625872403","24.11634625872403"
"21175.406589267","24.116761158229764","24.116761158229764","24.116761158229764"
"21185.40736209","24.11716295201978","24.11716295201978","24.11716295201978"
"21195.406707789","24.117577346084282","24.117577346084282","24.117577346084282"
"21205.407201492","24.117978634005492","24.117978634005492","24.117978634005492"
"21215.406737457","24.118392058961508","24.118392058961508","24.118392058961508"
"21225.407673375","24.118780779353376","24.118780779353376","24.118780779353376"
"21235.408067819","24.119181363841506","24.119181363841506","24.119181363841506"
"21245.407234595","24.11958250497279","24.11958250497279","24.11958250497279"
"21255.406829376","24.119994393317167","24.119994393317167","24.119994393317167"
"21265.407320739","24.120393502063745","24.120393502063745","24.120393502063745"
"21275.407178101","24.12079296592704","24.12079296592704","24.12079296592704"
"21285.407611399","24.12120279846744","24.12120279846744","24.12120279846744"
"21295.407250744","24.12161316368757","24.12161316368757","24.12161316368757"
"21305.406892667","24.122000417095936","24.122000417095936","24.122000417095936"
"21315.407726331","24.122397390229793","24.122397390229793","24.122397390229793"
"21325.407326432","24.122806676219735","24.122806676219735","24.122806676219735"
"21335.406882126","24.12320431167334","24.12320431167334","24.12320431167334"
"21345.407215944","24.123600730238433","24.123600730238433","24.123600730238433"
"21355.406900286","24.1239976172824","24.1239976172824","24.1239976172824"
"21365.407087737","24.12439349889042","24.12439349889042","24.12439349889042"
"21375.406649705","24.1248008678461","24.1248008678461","24.1248008678461"
"21385.407559559","24.125195275870173","24.125195275870173","24.125195275870173"
"21395.407468847","24.125590380406305","24.125590380406305","24.125590380406305"
"21405.40766714","24.125984746561095","24.125984746561095","24.125984746561095"
"21415.407247587","24.126390767148777","24.126390767148777","24.126390767148777"
"21425.407117219","24.126784837311074","24.126784837311074","24.126784837311074"
"21435.406957672","24.12717854760258","24.12717854760258","24.12717854760258"
"21445.407154361","24.12758283638498","24.12758283638498","24.12758283638498"
"21455.407943537","24.127974794772417","24.127974794772417","24.127974794772417"
"21465.4073062","24.128368096361935","24.128368096361935","24.128368096361935"
"21475.407098033","24.128771686486704","24.128771686486704","24.128771686486704"
"21485.407478289","24.12917423748397","24.12917423748397","24.12917423748397"
"21495.407658538","24.129576725561375","24.129576725561375","24.129576725561375"
"21505.407223795","24.129957042790863","24.129957042790863","24.129957042790863"
"21515.407352031","24.13035909019608","24.13035909019608","24.13035909019608"
"21525.406880817","24.130749714289706","24.130749714289706","24.130749714289706"
"21535.406887537","24.13115096622807","24.13115096622807","24.13115096622807"
"21545.407186101","24.131540312905553","24.131540312905553","24.131540312905553"
"21555.407285637","24.13192953198781","24.13192953198781","24.13192953198781"
"21565.406472892","24.132330529937267","24.132330529937267","24.132330529937267"
"21575.40756992","24.132706786725112","24.132706786725112","24.132706786725112"
"21585.406767454","24.13310713642876","24.13310713642876","24.13310713642876"
"21595.406967714","24.133506070978722","24.133506070978722","24.133506070978722"
"21605.407560732","24.133892931428253","24.133892931428253","24.133892931428253"
"21615.40701483","24.1342808270537","24.1342808270537","24.1342808270537"
"21625.407030461","24.134678781538753","24.134678781538753","24.134678781538753"
"21635.407279212","24.135065126530407","24.135065126530407","24.135065126530407"
"21645.407646276","24.135462052936678","24.135462052936678","24.135462052936678"
"21655.407528404","24.1358590747611","24.1358590747611","24.1358590747611"
"21665.406922774","24.13623409019698","24.13623409019698","24.13623409019698"
"21675.406948101","24.136619188992622","24.136619188992622","24.136619188992622"
"21685.40750811","24.137003381969382","24.137003381969382","24.137003381969382"
"21695.407376011","24.137388083579456","24.137388083579456","24.137388083579456"
"21705.407518464","24.137783155911915","24.137783155911915","24.137783155911915"
"21715.406991432","24.138178573529952","24.138178573529952","24.138178573529952"
"21725.407404641","24.13856178576181","24.13856178576181","24.13856178576181"
"21735.406826875","24.138956346325426","24.138956346325426","24.138956346325426"
"21745.407419219","24.139338411016933","24.139338411016933","24.139338411016933"
"21755.406966051","24.139721308626868","24.139721308626868","24.139721308626868"
"21765.407178914","24.14011431333803","24.14011431333803","24.14011431333803"
"21775.406975693","24.140507255296182","24.140507255296182","24.140507255296182"
"21785.407163495","24.14088844284526","24.14088844284526","24.14088844284526"
"21795.407205044","24.14128050796977","24.14128050796977","24.14128050796977"
"21805.40722883","24.141661147967703","24.141661147967703","24.141661147967703"
"21815.407536513","24.142041183907207","24.142041183907207","24.142041183907207"
"21825.407385651","24.142432446317542","24.142432446317542","24.142432446317542"
"21835.407528749","24.14282308270888","24.14282308270888","24.14282308270888"
"21845.407401457","24.143213528445465","24.143213528445465","24.143213528445465"
"21855.407116204","24.143592858342636","24.143592858342636","24.143592858342636"
"21865.407135364","24.143982608326468","24.143982608326468","24.143982608326468"
"21875.406869619","24.144350063821562","24.144350063821562","24.144350063821562"
"21885.407113148","24.144738953584575","24.144738953584575","24.144738953584575"
"21895.407088197","24.145127557121867","24.145127557121867","24.145127557121867"
"21905.406977951","24.145515993285485","24.145515993285485","24.145515993285485"
"21915.407221969","24.145881712524556","24.145881712524556","24.145881712524556"
"21925.407260802","24.146269329436592","24.146269329436592","24.146269329436592"
"21935.406993744","24.14664596011853","24.14664596011853","24.14664596011853"
"21945.406904498","24.14702194249679","24.14702194249679","24.14702194249679"
"21955.406782327","24.14739781598385","24.14739781598385","24.14739781598385"
"21965.407108781","24.147783682108056","24.147783682108056","24.147783682108056"
"21975.407697038","24.148158055142705","24.148158055142705","24.148158055142705"
"21985.407083752","24.148544379128662","24.148544379128662","24.148544379128662"
"21995.406667089","24.148919107175608","24.148919107175608","24.148919107175608"
"22005.406943661","24.14929277807876","24.14929277807876","24.14929277807876"
"22015.40715702","24.149677305022227","24.149677305022227","24.149677305022227"
"22025.407483275","24.15005016485692","24.15005016485692","24.15005016485692"
"22035.40670797","24.15042397575993","24.15042397575993","24.15042397575993"
"22045.407595973","24.150806738605727","24.150806738605727","24.150806738605727"
"22055.407909906","24.15117879681651","24.15117879681651","24.15117879681651"
"22065.407413293","24.151551201048182","24.151551201048182","24.151551201048182"
"22075.406924956","24.151934397044933","24.151934397044933","24.151934397044933"
"22085.406718518","24.152316928131164","24.152316928131164","24.152316928131164"
"22095.407530806","24.15268703032303","24.15268703032303","24.15268703032303"
"22105.407605108","24.153068621228577","24.153068621228577","24.153068621228577"
"22115.407263044","24.153439421809733","24.153439421809733","24.153439421809733"
"22125.407434941","24.153820254686703","24.153820254686703","24.153820254686703"
"22135.40715716","24.15419013305351","24.15419013305351","24.15419013305351"
"22145.407189881","24.154570435053895","24.154570435053895","24.154570435053895"
"22155.40693698","24.154939757934294","24.154939757934294","24.154939757934294"
"22165.407368736","24.155319028174954","24.155319028174954","24.155319028174954"
"22175.407437399","24.155687274397813","24.155687274397813","24.155687274397813"
"22185.407447661","24.156066315344063","24.156066315344063","24.156066315344063"
"22195.407659262","24.15643382983154","24.15643382983154","24.15643382983154"
"22205.406524596","24.156802473007577","24.156802473007577","24.156802473007577"
"22215.406807597","24.15716928851224","24.15716928851224","24.15716928851224"
"22225.406886537","24.15754688025546","24.15754688025546","24.15754688025546"
"22235.406807881","24.15790261159252","24.15790261159252","24.15790261159252"
"22245.408194515","24.158279268200864","24.158279268200864","24.158279268200864"
"22255.406935087","24.158645362255548","24.158645362255548","24.158645362255548"
"22265.406695189","24.15901116029905","24.15901116029905","24.15901116029905"
"22275.406631381","24.159376422620653","24.159376422620653","24.159376422620653"
"22285.406770511","24.159752006493584","24.159752006493584","24.159752006493584"
"22295.407622414","24.160115719435673","24.160115719435673","24.160115719435673"
"22305.4070312","24.160491440756292","24.160491440756292","24.160491440756292"
"22315.407820976","24.160865412076426","24.160865412076426","24.160865412076426"
"22325.406777808","24.16123008759092","24.16123008759092","24.16123008759092"
"22335.406717987","24.16159348550552","24.16159348550552","24.16159348550552"
"22345.406883958","24.16195634772603","24.16195634772603","24.16195634772603"
"22355.406681551","24.162329989909907","24.162329989909907","24.162329989909907"
"22365.406672404","24.162692368785017","24.162692368785017","24.162692368785017"
"22375.406781401","24.163065096623974","24.163065096623974","24.163065096623974"
"22385.407482803","24.163426107908116","24.163426107908116","24.163426107908116"
"22395.407208753","24.16378789687492","24.16378789687492","24.16378789687492"
"22405.406728062","24.164160182050967","24.164160182050967","24.164160182050967"
"22415.407252312","24.164520515628432","24.164520515628432","24.164520515628432"
"22425.4066417","24.164892400319708","24.164892400319708","24.164892400319708"
"22435.407396188","24.165262577870237","24.165262577870237","24.165262577870237"
"22445.407254504","24.16562248089336","24.16562248089336","24.16562248089336"
"22455.408236636","24.16598099466434","24.16598099466434","24.16598099466434"
"22465.407469366","24.16635179375269","24.16635179375269","24.16635179375269"
"22475.406791419","24.166711405654322","24.166711405654322","24.166711405654322"
"22485.407705217","24.167069056726213","24.167069056726213","24.167069056726213"
"22495.40747793","24.167438379036515","24.167438379036515","24.167438379036515"
"22505.407554966","24.167495263892217","24.167495263892217","24.167495263892217"
"22515.406708128","24.167864675842342","24.167864675842342","24.167864675842342"
"22525.407475021","24.1682213392258","24.1682213392258","24.1682213392258"
"22535.40695151","24.168579125898074","24.168579125898074","24.168579125898074"
"22545.407410055","24.16894621798562","24.16894621798562","24.16894621798562"
"22555.406674064","24.169303588353728","24.169303588353728","24.169303588353728"
"22565.4071809","24.169670010829222","24.169670010829222","24.169670010829222"
"22575.407228377","24.17002593511956","24.17002593511956","24.17002593511956"
"22585.407133789","24.170392358255743","24.170392358255743","24.170392358255743"
"22595.406896399","24.17074793640132","24.17074793640132","24.17074793640132"
"22605.407331868","24.17110253822935","24.17110253822935","24.17110253822935"
"22615.407082628","24.17146826363339","24.17146826363339","24.17146826363339"
"22775.407807522","24.01064596988965","24.01064596988965","24.01064596988965"
"22785.407658778","24.007603829555894","24.007603829555894","24.007603829555894"
"22825.407386273","23.97226052591464","23.97226052591464","23.97226052591464"
"22895.407537693","23.910284544622517","23.910284544622517","23.910284544622517"
"23165.406787955","23.644314814171803","23.644314814171803","23.644314814171803"
"23175.406980827","23.639845017764145","23.639845017764145","23.639845017764145"
"23735.407641846","23.104103415534485","23.104103415534485","23.104103415534485"
"23745.407318281","23.104877632637567","23.104877632637567","23.104877632637567"
"23755.408294165","23.10471150727872","23.10471150727872","23.10471150727872"
"23765.40680747","23.10236569306116","23.10236569306116","23.10236569306116"
"23775.407625924","23.09960177579007","23.09960177579007","23.09960177579007"
"23785.406790696","23.095578146185467","23.095578146185467","23.095578146185467"
"23795.406974348","23.090670930369143","23.090670930369143","23.090670930369143"
"23805.406690347","23.088679617743733","23.088679617743733","23.088679617743733"
"23815.407455855","23.089477246426107","23.089477246426107","23.089477246426107"
"23825.407355107","23.08936977889287","23.08936977889287","23.08936977889287"
"23835.407687123","23.089129762728295","23.089129762728295","23.089129762728295"
"23845.407053491","23.086624286100225","23.086624286100225","23.086624286100225"
"23855.407325606","23.083459689542273","23.083459689542273","23.083459689542273"
"23865.406814173","23.079536690529807","23.079536690529807","23.079536690529807"
"23875.407331901","23.073626247091696","23.073626247091696","23.073626247091696"
"23885.407380541","23.06770083782526","23.06770083782526","23.06770083782526"
"23895.406863465","23.061922668884446","23.061922668884446","23.061922668884446"
"23905.4065573","23.057112220646797","23.057112220646797","23.057112220646797"
"23915.406971968","23.053967108957742","23.053967108957742","23.053967108957742"
"23925.406736727","23.053590881014493","23.053590881014493","23.053590881014493"
"23935.410319101","23.0543483504502","23.0543483504502","23.0543483504502"
"23945.406595904","23.050632297385363","23.050632297385363","23.050632297385363"
"23955.406882932","23.04674630684158","23.04674630684158","23.04674630684158"
"23965.407479799","23.042792238673552","23.042792238673552","23.042792238673552"
"23975.408031945","23.063086236794803","23.063086236794803","23.063086236794803"
"23985.408144969","23.08020074080951","23.08020074080951","23.08020074080951"
"23995.411854857","23.103474165522492","23.103474165522492","23.103474165522492"
"24005.408534336","23.123153311022307","23.123153311022307","23.123153311022307"
"24015.407380033","23.144362523498845","23.144362523498845","23.144362523498845"
"24025.407155644","23.144102691404473","23.144102691404473","23.144102691404473"
"24035.406643441","23.142854859635044","23.142854859635044","23.142854859635044"
"24185.407186123","23.011457380442593","23.011457380442593","23.011457380442593"
"24195.407022191","23.012194520508142","23.012194520508142","23.012194520508142"
"24205.40724049","23.01220943561414","23.01220943561414","23.01220943561414"
"24215.407030395","23.004184127526393","23.004184127526393","23.004184127526393"
"24225.406642197","23.00208098113338","23.00208098113338","23.00208098113338"
"24235.407221463","22.997117059787623","22.997117059787623","22.997117059787623"
"24365.406742104","22.88065861661118","22.88065861661118","22.88065861661118"
"24375.406875364","22.871582432376712","22.871582432376712","22.871582432376712"
"24385.407327111","22.862582770790485","22.862582770790485","22.862582770790485"
"24435.407243062","22.822150512357137","22.822150512357137","22.822150512357137"
"24445.406518244","22.823015441013318","22.823015441013318","22.823015441013318"
"24455.407107524","22.823888521314412","22.823888521314412","22.823888521314412"