"Relative Time (Process)","StudyAbroadGPT-7B - system/disk./.usageGB","StudyAbroadGPT-7B - system/disk./.usageGB__MIN","StudyAbroadGPT-7B - system/disk./.usageGB__MAX"
"15.409933545","6178.583854675293","6178.583854675293","6178.583854675293"
"25.407463021","6181.780498504639","6181.780498504639","6181.780498504639"
"35.407340408","6181.802135467529","6181.802135467529","6181.802135467529"
"45.407527843","6181.841045379639","6181.841045379639","6181.841045379639"
"55.407560072","6181.841609954834","6181.841609954834","6181.841609954834"
"65.406816764","6181.841724395752","6181.841724395752","6181.841724395752"
"75.407467672","6181.841728210449","6181.841728210449","6181.841728210449"
"85.40686782","6181.841728210449","6181.841728210449","6181.841728210449"
"95.407189578","6181.841728210449","6181.841728210449","6181.841728210449"
"105.407379742","6181.841728210449","6181.841728210449","6181.841728210449"
"115.406830339","6181.841728210449","6181.841728210449","6181.841728210449"
"125.407713152","6181.8417320251465","6181.8417320251465","6181.8417320251465"
"135.407334682","6181.8417320251465","6181.8417320251465","6181.8417320251465"
"145.407418122","6181.8417320251465","6181.8417320251465","6181.8417320251465"
"155.406999453","6181.8417320251465","6181.8417320251465","6181.8417320251465"
"165.407651091","6181.841735839844","6181.841735839844","6181.841735839844"
"175.407524623","6181.841735839844","6181.841735839844","6181.841735839844"
"185.406805343","6181.841735839844","6181.841735839844","6181.841735839844"
"195.407552974","6181.841735839844","6181.841735839844","6181.841735839844"
"205.407784783","6181.841739654541","6181.841739654541","6181.841739654541"
"215.407192883","6181.841739654541","6181.841739654541","6181.841739654541"
"225.406918625","6181.841739654541","6181.841739654541","6181.841739654541"
"235.406810623","6181.841743469238","6181.841743469238","6181.841743469238"
"245.407628686","6181.841743469238","6181.841743469238","6181.841743469238"
"255.407125782","6181.841743469238","6181.841743469238","6181.841743469238"
"265.407750552","6181.841743469238","6181.841743469238","6181.841743469238"
"275.407750432","6181.841747283936","6181.841747283936","6181.841747283936"
"285.407427436","6181.8418617248535","6181.8418617248535","6181.8418617248535"
"295.407212216","6181.8419761657715","6181.8419761657715","6181.8419761657715"
"305.406674238","6181.8419761657715","6181.8419761657715","6181.8419761657715"
"315.407408864","6181.8419761657715","6181.8419761657715","6181.8419761657715"
"325.407427868","6181.8419761657715","6181.8419761657715","6181.8419761657715"
"335.40664092","6181.8419761657715","6181.8419761657715","6181.8419761657715"
"345.407371597","6181.841979980469","6181.841979980469","6181.841979980469"
"355.407393712","6181.841979980469","6181.841979980469","6181.841979980469"
"365.407794568","6181.841979980469","6181.841979980469","6181.841979980469"
"375.406946043","6181.841979980469","6181.841979980469","6181.841979980469"
"385.407439038","6181.841983795166","6181.841983795166","6181.841983795166"
"395.407438967","6181.841983795166","6181.841983795166","6181.841983795166"
"405.40773154","6181.841983795166","6181.841983795166","6181.841983795166"
"415.407219395","6181.841983795166","6181.841983795166","6181.841983795166"
"425.406990138","6181.841987609863","6181.841987609863","6181.841987609863"
"435.406769949","6181.841987609863","6181.841987609863","6181.841987609863"
"445.407024541","6181.841987609863","6181.841987609863","6181.841987609863"
"455.407364893","6181.841987609863","6181.841987609863","6181.841987609863"
"465.407312573","6181.841987609863","6181.841987609863","6181.841987609863"
"475.407536143","6181.841991424561","6181.841991424561","6181.841991424561"
"485.407509342","6181.841991424561","6181.841991424561","6181.841991424561"
"495.407649601","6181.841991424561","6181.841991424561","6181.841991424561"
"505.407582219","6181.841991424561","6181.841991424561","6181.841991424561"
"515.40787865","6181.841995239258","6181.841995239258","6181.841995239258"
"525.407737433","6181.841995239258","6181.841995239258","6181.841995239258"
"535.407517587","6181.841995239258","6181.841995239258","6181.841995239258"
"545.407102974","6181.841995239258","6181.841995239258","6181.841995239258"
"555.407419162","6181.841999053955","6181.841999053955","6181.841999053955"
"565.406780225","6181.841999053955","6181.841999053955","6181.841999053955"
"575.407781","6181.842002868652","6181.842002868652","6181.842002868652"
"585.406904842","6181.842002868652","6181.842002868652","6181.842002868652"
"595.406792066","6181.842002868652","6181.842002868652","6181.842002868652"
"605.407877761","6181.842002868652","6181.842002868652","6181.842002868652"
"615.406873343","6181.84200668335","6181.84200668335","6181.84200668335"
"625.40707253","6181.84200668335","6181.84200668335","6181.84200668335"
"635.407241394","6181.84200668335","6181.84200668335","6181.84200668335"
"645.407395593","6181.84200668335","6181.84200668335","6181.84200668335"
"655.407033405","6181.84200668335","6181.84200668335","6181.84200668335"
"665.407395978","6181.842010498047","6181.842010498047","6181.842010498047"
"675.407200316","6181.842010498047","6181.842010498047","6181.842010498047"
"685.408284432","6181.842010498047","6181.842010498047","6181.842010498047"
"695.406920249","6181.842010498047","6181.842010498047","6181.842010498047"
"705.406952458","6181.842010498047","6181.842010498047","6181.842010498047"
"715.40740284","6181.842010498047","6181.842010498047","6181.842010498047"
"725.406985368","6181.842014312744","6181.842014312744","6181.842014312744"
"735.407635434","6181.842014312744","6181.842014312744","6181.842014312744"
"745.407224922","6181.842018127441","6181.842018127441","6181.842018127441"
"755.407475462","6181.842018127441","6181.842018127441","6181.842018127441"
"765.407466933","6181.842021942139","6181.842021942139","6181.842021942139"
"775.407374276","6181.842021942139","6181.842021942139","6181.842021942139"
"785.406692636","6181.842021942139","6181.842021942139","6181.842021942139"
"795.407490818","6181.842021942139","6181.842021942139","6181.842021942139"
"805.406850012","6181.842021942139","6181.842021942139","6181.842021942139"
"815.406715655","6181.842025756836","6181.842025756836","6181.842025756836"
"825.407094647","6181.842025756836","6181.842025756836","6181.842025756836"
"835.4078251","6181.842025756836","6181.842025756836","6181.842025756836"
"845.407566705","6181.842025756836","6181.842025756836","6181.842025756836"
"855.407120616","6181.842025756836","6181.842025756836","6181.842025756836"
"865.407556848","6181.842029571533","6181.842029571533","6181.842029571533"
"875.407781977","6181.842029571533","6181.842029571533","6181.842029571533"
"885.406803929","6181.842029571533","6181.842029571533","6181.842029571533"
"895.407611824","6181.842029571533","6181.842029571533","6181.842029571533"
"905.407831968","6181.842029571533","6181.842029571533","6181.842029571533"
"915.407559737","6181.8420333862305","6181.8420333862305","6181.8420333862305"
"925.407361241","6181.8420333862305","6181.8420333862305","6181.8420333862305"
"935.406879961","6181.8420333862305","6181.8420333862305","6181.8420333862305"
"945.407045826","6181.8420333862305","6181.8420333862305","6181.8420333862305"
"955.407164424","6181.8420333862305","6181.8420333862305","6181.8420333862305"
"965.407128406","6181.842037200928","6181.842037200928","6181.842037200928"
"975.408044738","6181.842037200928","6181.842037200928","6181.842037200928"
"985.407629231","6181.842037200928","6181.842037200928","6181.842037200928"
"995.407002679","6181.842037200928","6181.842037200928","6181.842037200928"
"1005.407052726","6181.842037200928","6181.842037200928","6181.842037200928"
"1015.407401642","6181.842037200928","6181.842037200928","6181.842037200928"
"1025.408631462","6181.842041015625","6181.842041015625","6181.842041015625"
"1035.40781662","6181.842041015625","6181.842041015625","6181.842041015625"
"1045.407514256","6181.842041015625","6181.842041015625","6181.842041015625"
"1055.406994753","6181.842041015625","6181.842041015625","6181.842041015625"
"1065.407654766","6181.842044830322","6181.842044830322","6181.842044830322"
"1075.406841886","6181.842044830322","6181.842044830322","6181.842044830322"
"1085.407420478","6181.8420486450195","6181.8420486450195","6181.8420486450195"
"1095.407226859","6181.8420486450195","6181.8420486450195","6181.8420486450195"
"1105.40757011","6181.846405029297","6181.846405029297","6181.846405029297"
"1165.407593213","6181.852165222168","6181.852165222168","6181.852165222168"
"1175.40723367","6181.852169036865","6181.852169036865","6181.852169036865"
"1185.40738307","6181.852169036865","6181.852169036865","6181.852169036865"
"1195.406767577","6181.852169036865","6181.852169036865","6181.852169036865"
"1205.406837735","6181.852169036865","6181.852169036865","6181.852169036865"
"1215.407716936","6181.852169036865","6181.852169036865","6181.852169036865"
"1225.407827804","6181.8521728515625","6181.8521728515625","6181.8521728515625"
"1235.407703319","6181.8521728515625","6181.8521728515625","6181.8521728515625"
"1245.407416139","6181.8521728515625","6181.8521728515625","6181.8521728515625"
"1255.407767376","6181.8521728515625","6181.8521728515625","6181.8521728515625"
"1265.407725499","6181.85217666626","6181.85217666626","6181.85217666626"
"1275.407856119","6181.85217666626","6181.85217666626","6181.85217666626"
"1285.407440827","6181.85217666626","6181.85217666626","6181.85217666626"
"1295.407381314","6181.85217666626","6181.85217666626","6181.85217666626"
"1305.407095632","6181.85217666626","6181.85217666626","6181.85217666626"
"1315.407465624","6181.852180480957","6181.852180480957","6181.852180480957"
"1325.407410507","6181.852180480957","6181.852180480957","6181.852180480957"
"1335.407470192","6181.852184295654","6181.852184295654","6181.852184295654"
"1345.406985855","6181.852184295654","6181.852184295654","6181.852184295654"
"1355.40780881","6181.852184295654","6181.852184295654","6181.852184295654"
"1365.407142289","6181.852184295654","6181.852184295654","6181.852184295654"
"1375.407545383","6181.852184295654","6181.852184295654","6181.852184295654"
"1385.407339648","6181.852188110352","6181.852188110352","6181.852188110352"
"1395.40668329","6181.852188110352","6181.852188110352","6181.852188110352"
"1405.40725832","6181.852188110352","6181.852188110352","6181.852188110352"
"1415.407204592","6181.852188110352","6181.852188110352","6181.852188110352"
"1425.406801207","6181.852188110352","6181.852188110352","6181.852188110352"
"1435.408278154","6181.852191925049","6181.852191925049","6181.852191925049"
"1445.406963513","6181.852191925049","6181.852191925049","6181.852191925049"
"1455.40761258","6181.852191925049","6181.852191925049","6181.852191925049"
"1465.407179521","6181.852191925049","6181.852191925049","6181.852191925049"
"1475.407520443","6181.852191925049","6181.852191925049","6181.852191925049"
"1485.407590964","6181.852195739746","6181.852195739746","6181.852195739746"
"1495.407011415","6181.852195739746","6181.852195739746","6181.852195739746"
"1505.407447757","6181.852195739746","6181.852195739746","6181.852195739746"
"1515.40683102","6181.852195739746","6181.852195739746","6181.852195739746"
"1525.407578386","6181.852195739746","6181.852195739746","6181.852195739746"
"1535.407031588","6181.852199554443","6181.852199554443","6181.852199554443"
"1545.406842359","6181.852199554443","6181.852199554443","6181.852199554443"
"1555.408318827","6181.852199554443","6181.852199554443","6181.852199554443"
"1565.408014694","6181.852199554443","6181.852199554443","6181.852199554443"
"1575.407295127","6181.852203369141","6181.852203369141","6181.852203369141"
"1585.407260058","6181.852203369141","6181.852203369141","6181.852203369141"
"1595.406900637","6181.852203369141","6181.852203369141","6181.852203369141"
"1605.406973169","6181.852203369141","6181.852203369141","6181.852203369141"
"1615.406949532","6181.852203369141","6181.852203369141","6181.852203369141"
"1625.407324007","6181.852207183838","6181.852207183838","6181.852207183838"
"1635.4072391","6181.852207183838","6181.852207183838","6181.852207183838"
"1645.406887263","6181.852207183838","6181.852207183838","6181.852207183838"
"1655.407576282","6181.852207183838","6181.852207183838","6181.852207183838"
"1665.4069315","6181.852207183838","6181.852207183838","6181.852207183838"
"1675.407594663","6181.852207183838","6181.852207183838","6181.852207183838"
"1685.407494123","6181.852210998535","6181.852210998535","6181.852210998535"
"1695.407124229","6181.852210998535","6181.852210998535","6181.852210998535"
"1705.407363341","6181.852210998535","6181.852210998535","6181.852210998535"
"1715.407522662","6181.852210998535","6181.852210998535","6181.852210998535"
"1725.407262291","6181.852214813232","6181.852214813232","6181.852214813232"
"1735.407384937","6181.852214813232","6181.852214813232","6181.852214813232"
"1745.407292842","6181.852214813232","6181.852214813232","6181.852214813232"
"1755.407427527","6181.852214813232","6181.852214813232","6181.852214813232"
"1765.407720818","6181.85221862793","6181.85221862793","6181.85221862793"
"1775.407136835","6181.85221862793","6181.85221862793","6181.85221862793"
"1785.406728774","6181.85221862793","6181.85221862793","6181.85221862793"
"1795.407124671","6181.85221862793","6181.85221862793","6181.85221862793"
"1805.407658873","6181.85221862793","6181.85221862793","6181.85221862793"
"1815.407549406","6181.852222442627","6181.852222442627","6181.852222442627"
"1825.407174682","6181.852222442627","6181.852222442627","6181.852222442627"
"1835.406632951","6181.852222442627","6181.852222442627","6181.852222442627"
"1845.407522269","6181.852222442627","6181.852222442627","6181.852222442627"
"1855.407105882","6181.852222442627","6181.852222442627","6181.852222442627"
"1865.407107951","6181.852226257324","6181.852226257324","6181.852226257324"
"1875.407517043","6181.852226257324","6181.852226257324","6181.852226257324"
"1885.407020641","6181.852226257324","6181.852226257324","6181.852226257324"
"1895.406982139","6181.852226257324","6181.852226257324","6181.852226257324"
"1905.407670472","6181.8522300720215","6181.8522300720215","6181.8522300720215"
"1915.407225431","6181.8522300720215","6181.8522300720215","6181.8522300720215"
"1925.407253343","6181.8522300720215","6181.8522300720215","6181.8522300720215"
"1935.408159337","6181.8522300720215","6181.8522300720215","6181.8522300720215"
"1945.406947398","6181.852233886719","6181.852233886719","6181.852233886719"
"1955.407737002","6181.852233886719","6181.852233886719","6181.852233886719"
"1965.407705794","6181.852233886719","6181.852233886719","6181.852233886719"
"1975.406886206","6181.852233886719","6181.852233886719","6181.852233886719"
"1985.407738254","6181.852233886719","6181.852233886719","6181.852233886719"
"1995.407587349","6181.852233886719","6181.852233886719","6181.852233886719"
"2005.407461809","6181.852237701416","6181.852237701416","6181.852237701416"
"2015.407138543","6181.852237701416","6181.852237701416","6181.852237701416"
"2025.408104676","6181.852237701416","6181.852237701416","6181.852237701416"
"2035.407022311","6181.852237701416","6181.852237701416","6181.852237701416"
"2045.406882398","6181.852237701416","6181.852237701416","6181.852237701416"
"2055.406576449","6181.852241516113","6181.852241516113","6181.852241516113"
"2065.407082122","6181.852241516113","6181.852241516113","6181.852241516113"
"2075.40692025","6181.852241516113","6181.852241516113","6181.852241516113"
"2085.407409419","6181.852241516113","6181.852241516113","6181.852241516113"
"2095.407697454","6181.852241516113","6181.852241516113","6181.852241516113"
"2105.406636379","6181.852245330811","6181.852245330811","6181.852245330811"
"2115.407553697","6181.852245330811","6181.852245330811","6181.852245330811"
"2125.407221777","6181.852245330811","6181.852245330811","6181.852245330811"
"2135.406759489","6181.852249145508","6181.852249145508","6181.852249145508"
"2145.407681439","6181.852249145508","6181.852249145508","6181.852249145508"
"2155.407379913","6181.852249145508","6181.852249145508","6181.852249145508"
"2165.406733672","6181.852249145508","6181.852249145508","6181.852249145508"
"2175.40758675","6181.852252960205","6181.852252960205","6181.852252960205"
"2185.407913531","6181.852252960205","6181.852252960205","6181.852252960205"
"2195.407003063","6181.852252960205","6181.852252960205","6181.852252960205"
"2205.407221349","6181.852252960205","6181.852252960205","6181.852252960205"
"2215.407218638","6181.852252960205","6181.852252960205","6181.852252960205"
"2225.407160087","6181.852256774902","6181.852256774902","6181.852256774902"
"2235.407213164","6181.852256774902","6181.852256774902","6181.852256774902"
"2245.407048186","6181.852256774902","6181.852256774902","6181.852256774902"
"2255.407715521","6181.852256774902","6181.852256774902","6181.852256774902"
"2265.406919291","6181.852256774902","6181.852256774902","6181.852256774902"
"2275.40664831","6181.8522605896","6181.8522605896","6181.8522605896"
"2285.406644599","6181.8522605896","6181.8522605896","6181.8522605896"
"2295.40745017","6181.852264404297","6181.852264404297","6181.852264404297"
"2305.407591053","6181.852264404297","6181.852264404297","6181.852264404297"
"2315.407038775","6181.852268218994","6181.852268218994","6181.852268218994"
"2325.407830259","6181.852268218994","6181.852268218994","6181.852268218994"
"2335.407329428","6181.852268218994","6181.852268218994","6181.852268218994"
"2345.40783252","6181.852268218994","6181.852268218994","6181.852268218994"
"2355.407328481","6181.852272033691","6181.852272033691","6181.852272033691"
"2365.406832078","6181.852272033691","6181.852272033691","6181.852272033691"
"2375.40663462","6181.852272033691","6181.852272033691","6181.852272033691"
"2385.406939959","6181.852272033691","6181.852272033691","6181.852272033691"
"2395.406798449","6181.852272033691","6181.852272033691","6181.852272033691"
"2405.407211433","6181.852275848389","6181.852275848389","6181.852275848389"
"2415.407639477","6181.852275848389","6181.852275848389","6181.852275848389"
"2425.40742904","6181.852275848389","6181.852275848389","6181.852275848389"
"2435.407196979","6181.852279663086","6181.852279663086","6181.852279663086"
"2445.407087398","6181.852279663086","6181.852279663086","6181.852279663086"
"2455.407475231","6181.852283477783","6181.852283477783","6181.852283477783"
"2465.40772333","6181.852283477783","6181.852283477783","6181.852283477783"
"2475.407363074","6181.852283477783","6181.852283477783","6181.852283477783"
"2485.407149767","6181.8522872924805","6181.8522872924805","6181.8522872924805"
"2495.407464331","6181.8522872924805","6181.8522872924805","6181.8522872924805"
"2505.407172586","6181.8522872924805","6181.8522872924805","6181.8522872924805"
"2515.407264441","6181.852291107178","6181.852291107178","6181.852291107178"
"2525.407265179","6181.852291107178","6181.852291107178","6181.852291107178"
"2535.407879906","6181.852291107178","6181.852291107178","6181.852291107178"
"2545.406870054","6181.852291107178","6181.852291107178","6181.852291107178"
"2555.40749836","6181.852294921875","6181.852294921875","6181.852294921875"
"2565.407608008","6181.852294921875","6181.852294921875","6181.852294921875"
"2575.407422167","6181.852294921875","6181.852294921875","6181.852294921875"
"2585.407785718","6181.852294921875","6181.852294921875","6181.852294921875"
"2595.407305183","6181.852294921875","6181.852294921875","6181.852294921875"
"2605.407509506","6181.852294921875","6181.852294921875","6181.852294921875"
"2615.406945709","6181.852298736572","6181.852298736572","6181.852298736572"
"2625.407683345","6181.852298736572","6181.852298736572","6181.852298736572"
"2635.409820908","6181.852298736572","6181.852298736572","6181.852298736572"
"2645.407497691","6181.852298736572","6181.852298736572","6181.852298736572"
"2655.407859571","6181.852298736572","6181.852298736572","6181.852298736572"
"2665.407495414","6181.8523025512695","6181.8523025512695","6181.8523025512695"
"2675.407484633","6181.8523025512695","6181.8523025512695","6181.8523025512695"
"2685.407528369","6181.8523025512695","6181.8523025512695","6181.8523025512695"
"2695.407605805","6181.8523025512695","6181.8523025512695","6181.8523025512695"
"2705.407501349","6181.852306365967","6181.852306365967","6181.852306365967"
"2715.40701462","6181.852306365967","6181.852306365967","6181.852306365967"
"2725.407497917","6181.852306365967","6181.852306365967","6181.852306365967"
"2735.407355317","6181.852306365967","6181.852306365967","6181.852306365967"
"2745.40758786","6181.852306365967","6181.852306365967","6181.852306365967"
"2755.407768574","6181.852306365967","6181.852306365967","6181.852306365967"
"2765.407554476","6181.852310180664","6181.852310180664","6181.852310180664"
"2775.406910577","6181.852310180664","6181.852310180664","6181.852310180664"
"2785.407138232","6181.852310180664","6181.852310180664","6181.852310180664"
"2795.407611823","6181.852310180664","6181.852310180664","6181.852310180664"
"2805.406903506","6181.852313995361","6181.852313995361","6181.852313995361"
"2815.40673089","6181.852313995361","6181.852313995361","6181.852313995361"
"2825.408027003","6181.852313995361","6181.852313995361","6181.852313995361"
"2835.407412626","6181.852317810059","6181.852317810059","6181.852317810059"
"2845.407110236","6181.852317810059","6181.852317810059","6181.852317810059"
"2855.407257939","6181.852317810059","6181.852317810059","6181.852317810059"
"2865.40804339","6181.852317810059","6181.852317810059","6181.852317810059"
"2875.406995503","6181.852317810059","6181.852317810059","6181.852317810059"
"2885.406774025","6181.852321624756","6181.852321624756","6181.852321624756"
"2895.407188439","6181.852321624756","6181.852321624756","6181.852321624756"
"2905.407132982","6181.852321624756","6181.852321624756","6181.852321624756"
"2915.407402018","6181.852321624756","6181.852321624756","6181.852321624756"
"2925.407401606","6181.852321624756","6181.852321624756","6181.852321624756"
"2935.407721965","6181.852321624756","6181.852321624756","6181.852321624756"
"2945.407198407","6181.852325439453","6181.852325439453","6181.852325439453"
"2955.406989606","6181.852325439453","6181.852325439453","6181.852325439453"
"2965.408108525","6181.852325439453","6181.852325439453","6181.852325439453"
"2975.406852674","6181.852325439453","6181.852325439453","6181.852325439453"
"2985.407829832","6181.85232925415","6181.85232925415","6181.85232925415"
"2995.407691201","6181.85232925415","6181.85232925415","6181.85232925415"
"3005.407476222","6181.85232925415","6181.85232925415","6181.85232925415"
"3015.407620106","6181.85232925415","6181.85232925415","6181.85232925415"
"3025.407122452","6181.852333068848","6181.852333068848","6181.852333068848"
"3035.407146165","6181.852333068848","6181.852333068848","6181.852333068848"
"3045.407453745","6181.852333068848","6181.852333068848","6181.852333068848"
"3055.407583166","6181.852333068848","6181.852333068848","6181.852333068848"
"3065.406882601","6181.852336883545","6181.852336883545","6181.852336883545"
"3075.407223218","6181.852336883545","6181.852336883545","6181.852336883545"
"3085.407246238","6181.852336883545","6181.852336883545","6181.852336883545"
"3095.407261185","6181.852336883545","6181.852336883545","6181.852336883545"
"3105.406973251","6181.852336883545","6181.852336883545","6181.852336883545"
"3115.407563213","6181.852336883545","6181.852336883545","6181.852336883545"
"3125.407162328","6181.852340698242","6181.852340698242","6181.852340698242"
"3135.406761371","6181.852340698242","6181.852340698242","6181.852340698242"
"3145.407813742","6181.852340698242","6181.852340698242","6181.852340698242"
"3155.407497708","6181.852340698242","6181.852340698242","6181.852340698242"
"3165.407527234","6181.852340698242","6181.852340698242","6181.852340698242"
"3175.40802916","6181.852340698242","6181.852340698242","6181.852340698242"
"3185.407029441","6181.852344512939","6181.852344512939","6181.852344512939"
"3195.407443975","6181.852344512939","6181.852344512939","6181.852344512939"
"3205.407847476","6181.852348327637","6181.852348327637","6181.852348327637"
"3215.407745431","6181.852352142334","6181.852352142334","6181.852352142334"
"3225.407581023","6181.852352142334","6181.852352142334","6181.852352142334"
"3235.407130729","6181.852355957031","6181.852355957031","6181.852355957031"
"3245.407708099","6181.852355957031","6181.852355957031","6181.852355957031"
"3255.406987158","6181.852355957031","6181.852355957031","6181.852355957031"
"3265.407133088","6181.852355957031","6181.852355957031","6181.852355957031"
"3275.407661318","6181.8523597717285","6181.8523597717285","6181.8523597717285"
"3285.407368268","6181.8523597717285","6181.8523597717285","6181.8523597717285"
"3295.407487738","6181.852363586426","6181.852363586426","6181.852363586426"
"3305.407378825","6181.852363586426","6181.852363586426","6181.852363586426"
"3315.407360871","6181.852363586426","6181.852363586426","6181.852363586426"
"3325.406633467","6181.852367401123","6181.852367401123","6181.852367401123"
"3335.407181089","6181.852367401123","6181.852367401123","6181.852367401123"
"3345.407001228","6181.85237121582","6181.85237121582","6181.85237121582"
"3355.407657612","6181.85237121582","6181.85237121582","6181.85237121582"
"3365.407186949","6181.85237121582","6181.85237121582","6181.85237121582"
"3375.406697737","6181.852375030518","6181.852375030518","6181.852375030518"
"3385.407400491","6181.852375030518","6181.852375030518","6181.852375030518"
"3395.40713554","6181.852375030518","6181.852375030518","6181.852375030518"
"3405.407599529","6181.852375030518","6181.852375030518","6181.852375030518"
"3415.407318434","6181.852375030518","6181.852375030518","6181.852375030518"
"3425.407533969","6181.852378845215","6181.852378845215","6181.852378845215"
"3435.407288115","6181.852378845215","6181.852378845215","6181.852378845215"
"3445.407211426","6181.852378845215","6181.852378845215","6181.852378845215"
"3455.406890727","6181.852378845215","6181.852378845215","6181.852378845215"
"3465.407816851","6181.852378845215","6181.852378845215","6181.852378845215"
"3475.407638781","6181.852378845215","6181.852378845215","6181.852378845215"
"3485.40742374","6181.852382659912","6181.852382659912","6181.852382659912"
"3495.407744603","6181.852382659912","6181.852382659912","6181.852382659912"
"3505.407546315","6181.852382659912","6181.852382659912","6181.852382659912"
"3515.407672573","6181.852382659912","6181.852382659912","6181.852382659912"
"3525.407528437","6181.852386474609","6181.852386474609","6181.852386474609"
"3535.407403808","6181.852386474609","6181.852386474609","6181.852386474609"
"3545.407423207","6181.852386474609","6181.852386474609","6181.852386474609"
"3555.407341712","6181.852386474609","6181.852386474609","6181.852386474609"
"3565.406905203","6181.852390289307","6181.852390289307","6181.852390289307"
"3575.406658622","6181.852390289307","6181.852390289307","6181.852390289307"
"3585.407306808","6181.852390289307","6181.852390289307","6181.852390289307"
"3595.406811772","6181.852390289307","6181.852390289307","6181.852390289307"
"3605.407400512","6181.852394104004","6181.852394104004","6181.852394104004"
"3615.407104402","6181.852394104004","6181.852394104004","6181.852394104004"
"3625.407690067","6181.852397918701","6181.852397918701","6181.852397918701"
"3635.407271439","6181.852397918701","6181.852397918701","6181.852397918701"
"3645.407084117","6181.852401733398","6181.852401733398","6181.852401733398"
"3655.406899998","6181.852401733398","6181.852401733398","6181.852401733398"
"3665.406829213","6181.852401733398","6181.852401733398","6181.852401733398"
"3675.407369426","6181.852405548096","6181.852405548096","6181.852405548096"
"3685.40725576","6181.852405548096","6181.852405548096","6181.852405548096"
"3695.407138078","6181.852405548096","6181.852405548096","6181.852405548096"
"3705.406667357","6181.852405548096","6181.852405548096","6181.852405548096"
"3715.407427708","6181.852409362793","6181.852409362793","6181.852409362793"
"3725.407571989","6181.852409362793","6181.852409362793","6181.852409362793"
"3735.407563432","6181.852409362793","6181.852409362793","6181.852409362793"
"3745.407153593","6181.852409362793","6181.852409362793","6181.852409362793"
"3755.407628511","6181.85241317749","6181.85241317749","6181.85241317749"
"3765.407626019","6181.85241317749","6181.85241317749","6181.85241317749"
"3775.407802404","6181.85241317749","6181.85241317749","6181.85241317749"
"3785.407075603","6181.85241317749","6181.85241317749","6181.85241317749"
"3795.407267166","6181.85241317749","6181.85241317749","6181.85241317749"
"3805.40744001","6181.8524169921875","6181.8524169921875","6181.8524169921875"
"3815.407646311","6181.8524169921875","6181.8524169921875","6181.8524169921875"
"3825.407224754","6181.8524169921875","6181.8524169921875","6181.8524169921875"
"3835.407140223","6181.8524169921875","6181.8524169921875","6181.8524169921875"
"3845.407554883","6181.852420806885","6181.852420806885","6181.852420806885"
"3855.407303021","6181.852420806885","6181.852420806885","6181.852420806885"
"3865.407079641","6181.852420806885","6181.852420806885","6181.852420806885"
"3875.407377086","6181.852420806885","6181.852420806885","6181.852420806885"
"3885.407358403","6181.852420806885","6181.852420806885","6181.852420806885"
"3895.407669426","6181.852420806885","6181.852420806885","6181.852420806885"
"3905.407325321","6181.852424621582","6181.852424621582","6181.852424621582"
"3915.406698093","6181.852424621582","6181.852424621582","6181.852424621582"
"3925.406781579","6181.852424621582","6181.852424621582","6181.852424621582"
"3935.406884727","6181.852424621582","6181.852424621582","6181.852424621582"
"3945.406938199","6181.852424621582","6181.852424621582","6181.852424621582"
"3955.40687656","6181.852428436279","6181.852428436279","6181.852428436279"
"3965.406623629","6181.852428436279","6181.852428436279","6181.852428436279"
"3975.40776972","6181.852428436279","6181.852428436279","6181.852428436279"
"3985.407660437","6181.852428436279","6181.852428436279","6181.852428436279"
"3995.407554201","6181.852432250977","6181.852432250977","6181.852432250977"
"4005.407584848","6181.852432250977","6181.852432250977","6181.852432250977"
"4015.407226117","6181.852432250977","6181.852432250977","6181.852432250977"
"4025.407713824","6181.852432250977","6181.852432250977","6181.852432250977"
"4035.407604362","6181.852432250977","6181.852432250977","6181.852432250977"
"4045.407306664","6181.852436065674","6181.852436065674","6181.852436065674"
"4055.406829675","6181.852436065674","6181.852436065674","6181.852436065674"
"4065.407049728","6181.852436065674","6181.852436065674","6181.852436065674"
"4075.407731494","6181.852436065674","6181.852436065674","6181.852436065674"
"4085.406978413","6181.852439880371","6181.852439880371","6181.852439880371"
"4095.407803113","6181.852439880371","6181.852439880371","6181.852439880371"
"4105.40701068","6181.852439880371","6181.852439880371","6181.852439880371"
"4115.407757585","6181.852439880371","6181.852439880371","6181.852439880371"
"4125.407893593","6181.852439880371","6181.852439880371","6181.852439880371"
"4135.407480154","6181.852439880371","6181.852439880371","6181.852439880371"
"4145.40767195","6181.852443695068","6181.852443695068","6181.852443695068"
"4155.40690277","6181.852443695068","6181.852443695068","6181.852443695068"
"4165.406963348","6181.852443695068","6181.852443695068","6181.852443695068"
"4175.406890645","6181.852443695068","6181.852443695068","6181.852443695068"
"4185.407520804","6181.852447509766","6181.852447509766","6181.852447509766"
"4195.407500757","6181.852447509766","6181.852447509766","6181.852447509766"
"4205.407566877","6181.852447509766","6181.852447509766","6181.852447509766"
"4215.407368317","6181.852447509766","6181.852447509766","6181.852447509766"
"4225.407551657","6181.852451324463","6181.852451324463","6181.852451324463"
"4235.407281926","6181.852451324463","6181.852451324463","6181.852451324463"
"4245.407641902","6181.852451324463","6181.852451324463","6181.852451324463"
"4255.407424574","6181.852451324463","6181.852451324463","6181.852451324463"
"4265.406983425","6181.85245513916","6181.85245513916","6181.85245513916"
"4275.407204619","6181.85245513916","6181.85245513916","6181.85245513916"
"4285.407925237","6181.85245513916","6181.85245513916","6181.85245513916"
"4295.407716264","6181.85245513916","6181.85245513916","6181.85245513916"
"4305.407323906","6181.85245513916","6181.85245513916","6181.85245513916"
"4315.406918726","6181.852458953857","6181.852458953857","6181.852458953857"
"4325.406815343","6181.852458953857","6181.852458953857","6181.852458953857"
"4335.406906114","6181.852458953857","6181.852458953857","6181.852458953857"
"4345.406972924","6181.852458953857","6181.852458953857","6181.852458953857"
"4355.407588365","6181.852462768555","6181.852462768555","6181.852462768555"
"4365.406692325","6181.852462768555","6181.852462768555","6181.852462768555"
"4375.407228298","6181.852462768555","6181.852462768555","6181.852462768555"
"4385.406633185","6181.852462768555","6181.852462768555","6181.852462768555"
"4395.407336562","6181.852462768555","6181.852462768555","6181.852462768555"
"4405.406678073","6181.852466583252","6181.852466583252","6181.852466583252"
"4415.407425873","6181.852466583252","6181.852466583252","6181.852466583252"
"4425.407500191","6181.852466583252","6181.852466583252","6181.852466583252"
"4435.406891198","6181.852466583252","6181.852466583252","6181.852466583252"
"4445.407244748","6181.852466583252","6181.852466583252","6181.852466583252"
"4455.40687577","6181.852470397949","6181.852470397949","6181.852470397949"
"4465.407797974","6181.852470397949","6181.852470397949","6181.852470397949"
"4475.407225112","6181.852470397949","6181.852470397949","6181.852470397949"
"4485.406898784","6181.852470397949","6181.852470397949","6181.852470397949"
"4495.40727642","6181.852470397949","6181.852470397949","6181.852470397949"
"4505.40763945","6181.8524742126465","6181.8524742126465","6181.8524742126465"
"4515.407771842","6181.853038787842","6181.853038787842","6181.853038787842"
"4525.407650864","6181.853038787842","6181.853038787842","6181.853038787842"
"4535.407018827","6181.853042602539","6181.853042602539","6181.853042602539"
"4545.407103289","6181.853042602539","6181.853042602539","6181.853042602539"
"4555.4071808","6181.853042602539","6181.853042602539","6181.853042602539"
"4565.407468446","6181.853042602539","6181.853042602539","6181.853042602539"
"4575.406639904","6181.853042602539","6181.853042602539","6181.853042602539"
"4585.407138976","6181.853046417236","6181.853046417236","6181.853046417236"
"4595.406683959","6181.853046417236","6181.853046417236","6181.853046417236"
"4605.407407477","6181.853046417236","6181.853046417236","6181.853046417236"
"4615.407149995","6181.853046417236","6181.853046417236","6181.853046417236"
"4625.406711903","6181.853050231934","6181.853050231934","6181.853050231934"
"4635.406903059","6181.853050231934","6181.853050231934","6181.853050231934"
"4645.407484346","6181.853050231934","6181.853050231934","6181.853050231934"
"4655.407171367","6181.853050231934","6181.853050231934","6181.853050231934"
"4665.407095128","6181.853050231934","6181.853050231934","6181.853050231934"
"4675.407212249","6181.853054046631","6181.853054046631","6181.853054046631"
"4685.408228325","6181.853054046631","6181.853054046631","6181.853054046631"
"4695.406913934","6181.853054046631","6181.853054046631","6181.853054046631"
"4705.406913755","6181.853054046631","6181.853054046631","6181.853054046631"
"4715.407233969","6181.853054046631","6181.853054046631","6181.853054046631"
"4725.407584104","6181.853057861328","6181.853057861328","6181.853057861328"
"4735.407007258","6181.853057861328","6181.853057861328","6181.853057861328"
"4745.407759439","6181.853057861328","6181.853057861328","6181.853057861328"
"4755.407334333","6181.853057861328","6181.853057861328","6181.853057861328"
"4765.407899478","6181.853057861328","6181.853057861328","6181.853057861328"
"4775.407421497","6181.853061676025","6181.853061676025","6181.853061676025"
"4785.407822504","6181.853061676025","6181.853061676025","6181.853061676025"
"4795.407037632","6181.853061676025","6181.853061676025","6181.853061676025"
"4805.406681349","6181.853061676025","6181.853061676025","6181.853061676025"
"4815.407174374","6181.853065490723","6181.853065490723","6181.853065490723"
"4825.408126301","6181.853065490723","6181.853065490723","6181.853065490723"
"4835.408009396","6181.853065490723","6181.853065490723","6181.853065490723"
"4845.407362016","6181.853065490723","6181.853065490723","6181.853065490723"
"4855.407161555","6181.853065490723","6181.853065490723","6181.853065490723"
"4865.406793282","6181.853065490723","6181.853065490723","6181.853065490723"
"4875.407372169","6181.85306930542","6181.85306930542","6181.85306930542"
"4885.407336324","6181.85306930542","6181.85306930542","6181.85306930542"
"4895.407698444","6181.85306930542","6181.85306930542","6181.85306930542"
"4905.407224748","6181.85306930542","6181.85306930542","6181.85306930542"
"4915.407569082","6181.85306930542","6181.85306930542","6181.85306930542"
"4925.407718927","6181.853073120117","6181.853073120117","6181.853073120117"
"4935.407044257","6181.853073120117","6181.853073120117","6181.853073120117"
"4945.40697372","6181.853073120117","6181.853073120117","6181.853073120117"
"4955.407045792","6181.853073120117","6181.853073120117","6181.853073120117"
"4965.407878236","6181.853073120117","6181.853073120117","6181.853073120117"
"4975.407620529","6181.853076934814","6181.853076934814","6181.853076934814"
"4985.407136634","6181.853076934814","6181.853076934814","6181.853076934814"
"4995.406630159","6181.853076934814","6181.853076934814","6181.853076934814"
"5005.407310506","6181.853076934814","6181.853076934814","6181.853076934814"
"5015.40721003","6181.853080749512","6181.853080749512","6181.853080749512"
"5025.407705051","6181.853080749512","6181.853080749512","6181.853080749512"
"5035.407495507","6181.853080749512","6181.853080749512","6181.853080749512"
"5045.406921577","6181.853080749512","6181.853080749512","6181.853080749512"
"5055.407797895","6181.853080749512","6181.853080749512","6181.853080749512"
"5065.40761255","6181.853080749512","6181.853080749512","6181.853080749512"
"5075.407752475","6181.853084564209","6181.853084564209","6181.853084564209"
"5085.407359069","6181.853084564209","6181.853084564209","6181.853084564209"
"5095.407087552","6181.853084564209","6181.853084564209","6181.853084564209"
"5105.40690041","6181.853084564209","6181.853084564209","6181.853084564209"
"5115.407822156","6181.853084564209","6181.853084564209","6181.853084564209"
"5125.407880313","6181.853088378906","6181.853088378906","6181.853088378906"
"5135.407531163","6181.853088378906","6181.853088378906","6181.853088378906"
"5145.407209698","6181.853088378906","6181.853088378906","6181.853088378906"
"5155.407446693","6181.853088378906","6181.853088378906","6181.853088378906"
"5165.406653908","6181.8530921936035","6181.8530921936035","6181.8530921936035"
"5175.407623454","6181.8530921936035","6181.8530921936035","6181.8530921936035"
"5185.407723493","6181.8530921936035","6181.8530921936035","6181.8530921936035"
"5195.407726157","6181.8530921936035","6181.8530921936035","6181.8530921936035"
"5205.40745849","6181.8530921936035","6181.8530921936035","6181.8530921936035"
"5215.40664973","6181.8530921936035","6181.8530921936035","6181.8530921936035"
"5225.407968935","6181.853096008301","6181.853096008301","6181.853096008301"
"5235.407521858","6181.853096008301","6181.853096008301","6181.853096008301"
"5245.407412198","6181.853096008301","6181.853096008301","6181.853096008301"
"5255.406719982","6181.853096008301","6181.853096008301","6181.853096008301"
"5265.406632257","6181.853099822998","6181.853099822998","6181.853099822998"
"5275.407318428","6181.853099822998","6181.853099822998","6181.853099822998"
"5285.407274518","6181.853099822998","6181.853099822998","6181.853099822998"
"5295.407850656","6181.853099822998","6181.853099822998","6181.853099822998"
"5305.407597997","6181.853099822998","6181.853099822998","6181.853099822998"
"5315.407234559","6181.853103637695","6181.853103637695","6181.853103637695"
"5325.407350677","6181.853103637695","6181.853103637695","6181.853103637695"
"5335.407552773","6181.853103637695","6181.853103637695","6181.853103637695"
"5345.407300844","6181.853103637695","6181.853103637695","6181.853103637695"
"5355.407456923","6181.853107452393","6181.853107452393","6181.853107452393"
"5365.407752137","6181.853107452393","6181.853107452393","6181.853107452393"
"5375.407310068","6181.853107452393","6181.853107452393","6181.853107452393"
"5385.407251799","6181.85311126709","6181.85311126709","6181.85311126709"
"5395.406798562","6181.85311126709","6181.85311126709","6181.85311126709"
"5405.407449601","6181.85311126709","6181.85311126709","6181.85311126709"
"5415.407639777","6181.85311126709","6181.85311126709","6181.85311126709"
"5425.407078216","6181.85311126709","6181.85311126709","6181.85311126709"
"5435.406662035","6181.853115081787","6181.853115081787","6181.853115081787"
"5445.406833508","6181.853115081787","6181.853115081787","6181.853115081787"
"5455.406952881","6181.853115081787","6181.853115081787","6181.853115081787"
"5465.407117615","6181.853115081787","6181.853115081787","6181.853115081787"
"5475.407572001","6181.853118896484","6181.853118896484","6181.853118896484"
"5485.407514435","6181.853118896484","6181.853118896484","6181.853118896484"
"5495.406875809","6181.853118896484","6181.853118896484","6181.853118896484"
"5505.40734345","6181.853122711182","6181.853122711182","6181.853122711182"
"5515.407160412","6181.853126525879","6181.853126525879","6181.853126525879"
"5525.406715996","6181.853126525879","6181.853126525879","6181.853126525879"
"5535.407890375","6181.853130340576","6181.853130340576","6181.853130340576"
"5545.406894899","6181.853130340576","6181.853130340576","6181.853130340576"
"5555.406932473","6181.853134155273","6181.853134155273","6181.853134155273"
"5565.407268124","6181.853134155273","6181.853134155273","6181.853134155273"
"5575.407872522","6181.853134155273","6181.853134155273","6181.853134155273"
"5585.40712031","6181.853134155273","6181.853134155273","6181.853134155273"
"5595.407018552","6181.853137969971","6181.853137969971","6181.853137969971"
"5605.40696046","6181.853137969971","6181.853137969971","6181.853137969971"
"5615.407594337","6181.853137969971","6181.853137969971","6181.853137969971"
"5625.407863129","6181.853137969971","6181.853137969971","6181.853137969971"
"5635.406766326","6181.853141784668","6181.853141784668","6181.853141784668"
"5645.406831004","6181.853141784668","6181.853141784668","6181.853141784668"
"5655.407208401","6181.853141784668","6181.853141784668","6181.853141784668"
"5665.40712409","6181.853141784668","6181.853141784668","6181.853141784668"
"5675.407734727","6181.853141784668","6181.853141784668","6181.853141784668"
"5685.406871045","6181.853141784668","6181.853141784668","6181.853141784668"
"5695.406891521","6181.853145599365","6181.853145599365","6181.853145599365"
"5705.407572205","6181.853145599365","6181.853145599365","6181.853145599365"
"5715.407376751","6181.853145599365","6181.853145599365","6181.853145599365"
"5725.407170651","6181.8531494140625","6181.8531494140625","6181.8531494140625"
"5735.407230167","6181.8531494140625","6181.8531494140625","6181.8531494140625"
"5745.408343637","6181.8531494140625","6181.8531494140625","6181.8531494140625"
"5755.407517707","6181.8531494140625","6181.8531494140625","6181.8531494140625"
"5765.407253014","6181.8531494140625","6181.8531494140625","6181.8531494140625"
"5775.407901764","6181.8531494140625","6181.8531494140625","6181.8531494140625"
"5785.407375058","6181.85315322876","6181.85315322876","6181.85315322876"
"5795.407186909","6181.853157043457","6181.853157043457","6181.853157043457"
"5805.407599125","6181.853157043457","6181.853157043457","6181.853157043457"
"5815.407324354","6181.853157043457","6181.853157043457","6181.853157043457"
"5825.407387821","6181.853160858154","6181.853160858154","6181.853160858154"
"5835.408539071","6181.853160858154","6181.853160858154","6181.853160858154"
"5845.407227527","6181.853160858154","6181.853160858154","6181.853160858154"
"5855.407357092","6181.853160858154","6181.853160858154","6181.853160858154"
"5865.407384327","6181.853164672852","6181.853164672852","6181.853164672852"
"5875.40769641","6181.853164672852","6181.853164672852","6181.853164672852"
"5885.407309918","6181.853164672852","6181.853164672852","6181.853164672852"
"5895.407262792","6181.853164672852","6181.853164672852","6181.853164672852"
"5905.406749759","6181.853168487549","6181.853168487549","6181.853168487549"
"5915.406997108","6181.853168487549","6181.853168487549","6181.853168487549"
"5925.407303242","6181.853168487549","6181.853168487549","6181.853168487549"
"5935.406841717","6181.853168487549","6181.853168487549","6181.853168487549"
"5945.406851278","6181.853168487549","6181.853168487549","6181.853168487549"
"5955.407242811","6181.853168487549","6181.853168487549","6181.853168487549"
"5965.40780005","6181.853172302246","6181.853172302246","6181.853172302246"
"5975.406657056","6181.853172302246","6181.853172302246","6181.853172302246"
"5985.406976159","6181.853172302246","6181.853172302246","6181.853172302246"
"5995.407181166","6181.853172302246","6181.853172302246","6181.853172302246"
"6005.407918363","6181.853172302246","6181.853172302246","6181.853172302246"
"6015.407952776","6181.853176116943","6181.853176116943","6181.853176116943"
"6025.407238606","6181.853176116943","6181.853176116943","6181.853176116943"
"6035.407271332","6181.853176116943","6181.853176116943","6181.853176116943"
"6045.406611084","6181.853179931641","6181.853179931641","6181.853179931641"
"6055.407859526","6181.853179931641","6181.853179931641","6181.853179931641"
"6065.407491019","6181.853179931641","6181.853179931641","6181.853179931641"
"6075.406764417","6181.853179931641","6181.853179931641","6181.853179931641"
"6085.406909038","6181.853183746338","6181.853183746338","6181.853183746338"
"6095.407540029","6181.853183746338","6181.853183746338","6181.853183746338"
"6105.406684309","6181.853183746338","6181.853183746338","6181.853183746338"
"6115.407666523","6181.853183746338","6181.853183746338","6181.853183746338"
"6125.406976977","6181.853183746338","6181.853183746338","6181.853183746338"
"6135.407532671","6181.853187561035","6181.853187561035","6181.853187561035"
"6145.407315396","6181.853187561035","6181.853187561035","6181.853187561035"
"6155.407917783","6181.853187561035","6181.853187561035","6181.853187561035"
"6165.407497239","6181.853187561035","6181.853187561035","6181.853187561035"
"6175.407849572","6181.853187561035","6181.853187561035","6181.853187561035"
"6185.407659748","6181.853191375732","6181.853191375732","6181.853191375732"
"6195.406900426","6181.853191375732","6181.853191375732","6181.853191375732"
"6205.406954614","6181.85319519043","6181.85319519043","6181.85319519043"
"6215.407265367","6181.85319519043","6181.85319519043","6181.85319519043"
"6225.407735287","6181.85319519043","6181.85319519043","6181.85319519043"
"6235.408295082","6181.85319519043","6181.85319519043","6181.85319519043"
"6245.407192615","6181.853199005127","6181.853199005127","6181.853199005127"
"6255.407489849","6181.853199005127","6181.853199005127","6181.853199005127"
"6265.407382634","6181.853199005127","6181.853199005127","6181.853199005127"
"6275.407095313","6181.853199005127","6181.853199005127","6181.853199005127"
"6285.407858207","6181.853199005127","6181.853199005127","6181.853199005127"
"6295.407470408","6181.853202819824","6181.853202819824","6181.853202819824"
"6305.40708461","6181.853202819824","6181.853202819824","6181.853202819824"
"6315.407377628","6181.853202819824","6181.853202819824","6181.853202819824"
"6325.407147404","6181.8532066345215","6181.8532066345215","6181.8532066345215"
"6335.407516938","6181.8532066345215","6181.8532066345215","6181.8532066345215"
"6345.407353283","6181.8532066345215","6181.8532066345215","6181.8532066345215"
"6355.407154667","6181.8532066345215","6181.8532066345215","6181.8532066345215"
"6365.406835275","6181.8532066345215","6181.8532066345215","6181.8532066345215"
"6375.407465388","6181.853210449219","6181.853210449219","6181.853210449219"
"6385.407811864","6181.853210449219","6181.853210449219","6181.853210449219"
"6395.407044309","6181.853210449219","6181.853210449219","6181.853210449219"
"6405.407318131","6181.853210449219","6181.853210449219","6181.853210449219"
"6415.408082076","6181.853210449219","6181.853210449219","6181.853210449219"
"6425.406975697","6181.853214263916","6181.853214263916","6181.853214263916"
"6435.40712995","6181.853214263916","6181.853214263916","6181.853214263916"
"6445.406949322","6181.853214263916","6181.853214263916","6181.853214263916"
"6455.407330992","6181.853214263916","6181.853214263916","6181.853214263916"
"6465.407323206","6181.853218078613","6181.853218078613","6181.853218078613"
"6475.407453589","6181.853218078613","6181.853218078613","6181.853218078613"
"6485.406923478","6181.853218078613","6181.853218078613","6181.853218078613"
"6495.407462122","6181.853218078613","6181.853218078613","6181.853218078613"
"6505.407357047","6181.853218078613","6181.853218078613","6181.853218078613"
"6515.407723712","6181.853221893311","6181.853221893311","6181.853221893311"
"6525.407893922","6181.853221893311","6181.853221893311","6181.853221893311"
"6535.406802312","6181.853221893311","6181.853221893311","6181.853221893311"
"6545.407695519","6181.853221893311","6181.853221893311","6181.853221893311"
"6555.40738867","6181.853221893311","6181.853221893311","6181.853221893311"
"6565.406850977","6181.853225708008","6181.853225708008","6181.853225708008"
"6575.407142086","6181.853225708008","6181.853225708008","6181.853225708008"
"6585.407604463","6181.853225708008","6181.853225708008","6181.853225708008"
"6595.406701165","6181.853225708008","6181.853225708008","6181.853225708008"
"6605.407800799","6181.853225708008","6181.853225708008","6181.853225708008"
"6615.407708608","6181.853229522705","6181.853229522705","6181.853229522705"
"6625.407359074","6181.853229522705","6181.853229522705","6181.853229522705"
"6635.40722825","6181.853229522705","6181.853229522705","6181.853229522705"
"6645.407196794","6181.853229522705","6181.853229522705","6181.853229522705"
"6655.407384313","6181.853229522705","6181.853229522705","6181.853229522705"
"6665.407744928","6181.853233337402","6181.853233337402","6181.853233337402"
"6675.407832119","6181.853233337402","6181.853233337402","6181.853233337402"
"6685.407116244","6181.853233337402","6181.853233337402","6181.853233337402"
"6695.40755211","6181.8532371521","6181.8532371521","6181.8532371521"
"6705.407098001","6181.8532371521","6181.8532371521","6181.8532371521"
"6715.407595205","6181.8532371521","6181.8532371521","6181.8532371521"
"6725.407749398","6181.853240966797","6181.853240966797","6181.853240966797"
"6735.40700533","6181.853240966797","6181.853240966797","6181.853240966797"
"6745.407451279","6181.853240966797","6181.853240966797","6181.853240966797"
"6755.407415982","6181.853240966797","6181.853240966797","6181.853240966797"
"6765.407086154","6181.853240966797","6181.853240966797","6181.853240966797"
"6775.406793608","6181.853240966797","6181.853240966797","6181.853240966797"
"6785.407279586","6181.853244781494","6181.853244781494","6181.853244781494"
"6795.407600883","6181.853244781494","6181.853244781494","6181.853244781494"
"6805.407672443","6181.853244781494","6181.853244781494","6181.853244781494"
"6815.407344201","6181.853244781494","6181.853244781494","6181.853244781494"
"6825.408174933","6181.853248596191","6181.853248596191","6181.853248596191"
"6835.407281327","6181.853248596191","6181.853248596191","6181.853248596191"
"6845.406836929","6181.853248596191","6181.853248596191","6181.853248596191"
"6855.407412209","6181.853248596191","6181.853248596191","6181.853248596191"
"6865.407263724","6181.853248596191","6181.853248596191","6181.853248596191"
"6875.407423668","6181.853252410889","6181.853252410889","6181.853252410889"
"6885.407673077","6181.853252410889","6181.853252410889","6181.853252410889"
"6895.407913583","6181.853256225586","6181.853256225586","6181.853256225586"
"6905.407658971","6181.853256225586","6181.853256225586","6181.853256225586"
"6915.40741806","6181.853256225586","6181.853256225586","6181.853256225586"
"6925.406634491","6181.853256225586","6181.853256225586","6181.853256225586"
"6935.407601423","6181.853260040283","6181.853260040283","6181.853260040283"
"6945.407785869","6181.853260040283","6181.853260040283","6181.853260040283"
"6955.407556274","6181.853260040283","6181.853260040283","6181.853260040283"
"6965.407712345","6181.853260040283","6181.853260040283","6181.853260040283"
"6975.407751672","6181.853260040283","6181.853260040283","6181.853260040283"
"6985.40743715","6181.8532638549805","6181.8532638549805","6181.8532638549805"
"6995.406633978","6181.8532638549805","6181.8532638549805","6181.8532638549805"
"7005.40751102","6181.8532638549805","6181.8532638549805","6181.8532638549805"
"7015.407306457","6181.8532638549805","6181.8532638549805","6181.8532638549805"
"7025.4070128","6181.8532638549805","6181.8532638549805","6181.8532638549805"
"7035.407668558","6181.853267669678","6181.853267669678","6181.853267669678"
"7045.407489618","6181.853267669678","6181.853267669678","6181.853267669678"
"7055.408085796","6181.853267669678","6181.853267669678","6181.853267669678"
"7065.407463241","6181.853267669678","6181.853267669678","6181.853267669678"
"7075.407390697","6181.853267669678","6181.853267669678","6181.853267669678"
"7085.407246642","6181.853271484375","6181.853271484375","6181.853271484375"
"7095.407027553","6181.853271484375","6181.853271484375","6181.853271484375"
"7105.407097008","6181.853271484375","6181.853271484375","6181.853271484375"
"7115.407253242","6181.853271484375","6181.853271484375","6181.853271484375"
"7125.407199344","6181.853271484375","6181.853271484375","6181.853271484375"
"7135.407655842","6181.853275299072","6181.853275299072","6181.853275299072"
"7145.407000807","6181.853275299072","6181.853275299072","6181.853275299072"
"7155.407777041","6181.853275299072","6181.853275299072","6181.853275299072"
"7165.407519193","6181.853275299072","6181.853275299072","6181.853275299072"
"7175.407075325","6181.853275299072","6181.853275299072","6181.853275299072"
"7185.407663386","6181.8532791137695","6181.8532791137695","6181.8532791137695"
"7195.407691158","6181.8532791137695","6181.8532791137695","6181.8532791137695"
"7205.407666358","6181.8532791137695","6181.8532791137695","6181.8532791137695"
"7215.407456063","6181.8532791137695","6181.8532791137695","6181.8532791137695"
"7225.406833846","6181.8532791137695","6181.8532791137695","6181.8532791137695"
"7235.407697136","6181.853282928467","6181.853282928467","6181.853282928467"
"7245.407110946","6181.853282928467","6181.853282928467","6181.853282928467"
"7255.407316584","6181.853282928467","6181.853282928467","6181.853282928467"
"7265.407707393","6181.853282928467","6181.853282928467","6181.853282928467"
"7275.406846924","6181.853286743164","6181.853286743164","6181.853286743164"
"7285.407564117","6181.853286743164","6181.853286743164","6181.853286743164"
"7295.407527047","6181.853286743164","6181.853286743164","6181.853286743164"
"7305.406918926","6181.853286743164","6181.853286743164","6181.853286743164"
"7315.407233056","6181.853286743164","6181.853286743164","6181.853286743164"
"7325.40700506","6181.853290557861","6181.853290557861","6181.853290557861"
"7335.407321003","6181.853290557861","6181.853290557861","6181.853290557861"
"7345.407825593","6181.853290557861","6181.853290557861","6181.853290557861"
"7355.407164087","6181.853290557861","6181.853290557861","6181.853290557861"
"7365.407276246","6181.853290557861","6181.853290557861","6181.853290557861"
"7375.40736828","6181.853290557861","6181.853290557861","6181.853290557861"
"7385.407970017","6181.853294372559","6181.853294372559","6181.853294372559"
"7395.407678426","6181.853294372559","6181.853294372559","6181.853294372559"
"7405.407853046","6181.853294372559","6181.853294372559","6181.853294372559"
"7415.406926289","6181.853294372559","6181.853294372559","6181.853294372559"
"7425.407335666","6181.853294372559","6181.853294372559","6181.853294372559"
"7435.407429885","6181.853298187256","6181.853298187256","6181.853298187256"
"7445.407557697","6181.853298187256","6181.853298187256","6181.853298187256"
"7455.407351768","6181.853298187256","6181.853298187256","6181.853298187256"
"7465.408091086","6181.853298187256","6181.853298187256","6181.853298187256"
"7475.407418736","6181.853298187256","6181.853298187256","6181.853298187256"
"7485.407354156","6181.853302001953","6181.853302001953","6181.853302001953"
"7495.407324683","6181.853302001953","6181.853302001953","6181.853302001953"
"7505.407708207","6181.853302001953","6181.853302001953","6181.853302001953"
"7515.40735572","6181.853302001953","6181.853302001953","6181.853302001953"
"7525.407196858","6181.85330581665","6181.85330581665","6181.85330581665"
"7535.407214515","6181.85330581665","6181.85330581665","6181.85330581665"
"7545.406904784","6181.85330581665","6181.85330581665","6181.85330581665"
"7555.407498015","6181.85330581665","6181.85330581665","6181.85330581665"
"7565.407838724","6181.85330581665","6181.85330581665","6181.85330581665"
"7575.406940472","6181.85330581665","6181.85330581665","6181.85330581665"
"7585.406781461","6181.853309631348","6181.853309631348","6181.853309631348"
"7595.407489201","6181.853309631348","6181.853309631348","6181.853309631348"
"7605.407204805","6181.853309631348","6181.853309631348","6181.853309631348"
"7615.40756569","6181.853309631348","6181.853309631348","6181.853309631348"
"7625.407412213","6181.853313446045","6181.853313446045","6181.853313446045"
"7635.406989564","6181.853313446045","6181.853313446045","6181.853313446045"
"7645.407067949","6181.853313446045","6181.853313446045","6181.853313446045"
"7655.408118791","6181.853313446045","6181.853313446045","6181.853313446045"
"7665.406850877","6181.853317260742","6181.853317260742","6181.853317260742"
"7675.40714726","6181.853317260742","6181.853317260742","6181.853317260742"
"7685.407038662","6181.853317260742","6181.853317260742","6181.853317260742"
"7695.407335138","6181.853317260742","6181.853317260742","6181.853317260742"
"7705.406826765","6181.853321075439","6181.853321075439","6181.853321075439"
"7715.407347063","6181.853321075439","6181.853321075439","6181.853321075439"
"7725.40701857","6181.853321075439","6181.853321075439","6181.853321075439"
"7735.408201231","6181.853321075439","6181.853321075439","6181.853321075439"
"7745.40786303","6181.853321075439","6181.853321075439","6181.853321075439"
"7755.407645241","6181.853324890137","6181.853324890137","6181.853324890137"
"7765.407545514","6181.853324890137","6181.853324890137","6181.853324890137"
"7775.408165003","6181.853324890137","6181.853324890137","6181.853324890137"
"7785.407570935","6181.853324890137","6181.853324890137","6181.853324890137"
"7795.407959418","6181.853324890137","6181.853324890137","6181.853324890137"
"7805.407764175","6181.853328704834","6181.853328704834","6181.853328704834"
"7815.406984607","6181.853328704834","6181.853328704834","6181.853328704834"
"7825.40746662","6181.853328704834","6181.853328704834","6181.853328704834"
"7835.407289827","6181.853328704834","6181.853328704834","6181.853328704834"
"7845.408558621","6181.853332519531","6181.853332519531","6181.853332519531"
"7855.406724291","6181.853332519531","6181.853332519531","6181.853332519531"
"7865.407266738","6181.853332519531","6181.853332519531","6181.853332519531"
"7875.407205614","6181.853332519531","6181.853332519531","6181.853332519531"
"7885.406899608","6181.853332519531","6181.853332519531","6181.853332519531"
"7895.407052906","6181.8533363342285","6181.8533363342285","6181.8533363342285"
"7905.40827512","6181.8533363342285","6181.8533363342285","6181.8533363342285"
"7915.40694443","6181.8533363342285","6181.8533363342285","6181.8533363342285"
"7925.407392196","6181.8533363342285","6181.8533363342285","6181.8533363342285"
"7935.40760233","6181.853340148926","6181.853340148926","6181.853340148926"
"7945.407005102","6181.853340148926","6181.853340148926","6181.853340148926"
"7955.407741862","6181.853340148926","6181.853340148926","6181.853340148926"
"7965.407173571","6181.853340148926","6181.853340148926","6181.853340148926"
"7975.407231058","6181.853340148926","6181.853340148926","6181.853340148926"
"7985.407809307","6181.853343963623","6181.853343963623","6181.853343963623"
"7995.406930961","6181.853343963623","6181.853343963623","6181.853343963623"
"8005.406856675","6181.853343963623","6181.853343963623","6181.853343963623"
"8015.407233542","6181.853343963623","6181.853343963623","6181.853343963623"
"8025.406715373","6181.853343963623","6181.853343963623","6181.853343963623"
"8035.407870357","6181.853343963623","6181.853343963623","6181.853343963623"
"8045.407735426","6181.85334777832","6181.85334777832","6181.85334777832"
"8055.407282963","6181.85334777832","6181.85334777832","6181.85334777832"
"8065.410243206","6181.85334777832","6181.85334777832","6181.85334777832"
"8075.407276876","6181.853351593018","6181.853351593018","6181.853351593018"
"8085.407482154","6181.853351593018","6181.853351593018","6181.853351593018"
"8095.407364864","6181.853351593018","6181.853351593018","6181.853351593018"
"8105.407264345","6181.853351593018","6181.853351593018","6181.853351593018"
"8115.407229657","6181.853351593018","6181.853351593018","6181.853351593018"
"8125.407755556","6181.853355407715","6181.853355407715","6181.853355407715"
"8135.407031885","6181.853355407715","6181.853355407715","6181.853355407715"
"8145.407123337","6181.853355407715","6181.853355407715","6181.853355407715"
"8155.407538708","6181.853355407715","6181.853355407715","6181.853355407715"
"8165.406983723","6181.853359222412","6181.853359222412","6181.853359222412"
"8175.407653144","6181.853363037109","6181.853363037109","6181.853363037109"
"8185.406842525","6181.853363037109","6181.853363037109","6181.853363037109"
"8195.407879181","6181.853366851807","6181.853366851807","6181.853366851807"
"8205.406746067","6181.853366851807","6181.853366851807","6181.853366851807"
"8215.407141419","6181.853366851807","6181.853366851807","6181.853366851807"
"8225.407215602","6181.853366851807","6181.853366851807","6181.853366851807"
"8235.407474378","6181.853370666504","6181.853370666504","6181.853370666504"
"8245.407334062","6181.853370666504","6181.853370666504","6181.853370666504"
"8255.407504169","6181.853370666504","6181.853370666504","6181.853370666504"
"8265.406971112","6181.853370666504","6181.853370666504","6181.853370666504"
"8275.40730948","6181.853374481201","6181.853374481201","6181.853374481201"
"8285.40743947","6181.853374481201","6181.853374481201","6181.853374481201"
"8295.40723538","6181.853374481201","6181.853374481201","6181.853374481201"
"8305.407677969","6181.853374481201","6181.853374481201","6181.853374481201"
"8315.407624594","6181.853378295898","6181.853378295898","6181.853378295898"
"8325.407044164","6181.853378295898","6181.853378295898","6181.853378295898"
"8335.407477255","6181.853378295898","6181.853378295898","6181.853378295898"
"8345.407836207","6181.853378295898","6181.853378295898","6181.853378295898"
"8355.407367711","6181.853382110596","6181.853382110596","6181.853382110596"
"8365.40736545","6181.853382110596","6181.853382110596","6181.853382110596"
"8375.407483341","6181.853382110596","6181.853382110596","6181.853382110596"
"8385.40765575","6181.853382110596","6181.853382110596","6181.853382110596"
"8395.407423656","6181.853382110596","6181.853382110596","6181.853382110596"
"8405.407030273","6181.853382110596","6181.853382110596","6181.853382110596"
"8415.407136704","6181.853385925293","6181.853385925293","6181.853385925293"
"8425.407015637","6181.853385925293","6181.853385925293","6181.853385925293"
"8435.407409445","6181.853385925293","6181.853385925293","6181.853385925293"
"8445.407175372","6181.85338973999","6181.85338973999","6181.85338973999"
"8455.406887328","6181.85338973999","6181.85338973999","6181.85338973999"
"8465.407278949","6181.85338973999","6181.85338973999","6181.85338973999"
"8475.40676779","6181.85338973999","6181.85338973999","6181.85338973999"
"8485.406719899","6181.85338973999","6181.85338973999","6181.85338973999"
"8495.407542463","6181.8533935546875","6181.8533935546875","6181.8533935546875"
"8505.407748697","6181.8533935546875","6181.8533935546875","6181.8533935546875"
"8515.407656656","6181.8533935546875","6181.8533935546875","6181.8533935546875"
"8525.406712843","6181.8533935546875","6181.8533935546875","6181.8533935546875"
"8535.407596136","6181.853397369385","6181.853397369385","6181.853397369385"
"8545.407492795","6181.853397369385","6181.853397369385","6181.853397369385"
"8555.407160276","6181.853397369385","6181.853397369385","6181.853397369385"
"8565.40740831","6181.853397369385","6181.853397369385","6181.853397369385"
"8575.407165157","6181.853397369385","6181.853397369385","6181.853397369385"
"8585.40735194","6181.853401184082","6181.853401184082","6181.853401184082"
"8595.407726147","6181.853401184082","6181.853401184082","6181.853401184082"
"8605.407188265","6181.853401184082","6181.853401184082","6181.853401184082"
"8615.406902159","6181.853401184082","6181.853401184082","6181.853401184082"
"8625.408069419","6181.853404998779","6181.853404998779","6181.853404998779"
"8635.406819549","6181.853404998779","6181.853404998779","6181.853404998779"
"8645.406715101","6181.853404998779","6181.853404998779","6181.853404998779"
"8655.4067388","6181.853404998779","6181.853404998779","6181.853404998779"
"8665.407337832","6181.853404998779","6181.853404998779","6181.853404998779"
"8675.40779848","6181.853408813477","6181.853408813477","6181.853408813477"
"8685.407180567","6181.853408813477","6181.853408813477","6181.853408813477"
"8695.407886776","6181.853408813477","6181.853408813477","6181.853408813477"
"8705.407270928","6181.853408813477","6181.853408813477","6181.853408813477"
"8715.407588637","6181.853412628174","6181.853412628174","6181.853412628174"
"8725.407102802","6181.853412628174","6181.853412628174","6181.853412628174"
"8735.407754452","6181.853412628174","6181.853412628174","6181.853412628174"
"8745.407548264","6181.853412628174","6181.853412628174","6181.853412628174"
"8755.407842427","6181.853416442871","6181.853416442871","6181.853416442871"
"8765.407167264","6181.853416442871","6181.853416442871","6181.853416442871"
"8775.407257599","6181.853420257568","6181.853420257568","6181.853420257568"
"8785.406855817","6181.853420257568","6181.853420257568","6181.853420257568"
"8795.406910799","6181.853420257568","6181.853420257568","6181.853420257568"
"8805.407741543","6181.853424072266","6181.853424072266","6181.853424072266"
"8815.407407153","6181.853424072266","6181.853424072266","6181.853424072266"
"8825.407130077","6181.853424072266","6181.853424072266","6181.853424072266"
"8835.407550611","6181.853427886963","6181.853427886963","6181.853427886963"
"8845.407644014","6181.853427886963","6181.853427886963","6181.853427886963"
"8855.408122879","6181.853427886963","6181.853427886963","6181.853427886963"
"8865.407175583","6181.853427886963","6181.853427886963","6181.853427886963"
"8875.407591503","6181.85343170166","6181.85343170166","6181.85343170166"
"8885.40717123","6181.85343170166","6181.85343170166","6181.85343170166"
"8895.406802092","6181.85343170166","6181.85343170166","6181.85343170166"
"8905.408217556","6181.853435516357","6181.853435516357","6181.853435516357"
"8915.407185675","6181.853435516357","6181.853435516357","6181.853435516357"
"8925.407713375","6181.853435516357","6181.853435516357","6181.853435516357"
"8935.406966223","6181.853435516357","6181.853435516357","6181.853435516357"
"8945.406868696","6181.853435516357","6181.853435516357","6181.853435516357"
"8955.407595573","6181.853439331055","6181.853439331055","6181.853439331055"
"8965.407001138","6181.853439331055","6181.853439331055","6181.853439331055"
"8975.407352907","6181.853439331055","6181.853439331055","6181.853439331055"
"8985.407319109","6181.853439331055","6181.853439331055","6181.853439331055"
"8995.407464118","6181.853439331055","6181.853439331055","6181.853439331055"
"9005.406963109","6181.853443145752","6181.853443145752","6181.853443145752"
"9015.40775611","6181.853443145752","6181.853443145752","6181.853443145752"
"9025.407717402","6181.853443145752","6181.853443145752","6181.853443145752"
"9035.406717672","6181.853443145752","6181.853443145752","6181.853443145752"
"9045.407208718","6181.853443145752","6181.853443145752","6181.853443145752"
"9055.407319","6181.853446960449","6181.853446960449","6181.853446960449"
"9065.407383223","6181.853446960449","6181.853446960449","6181.853446960449"
"9075.408095353","6181.853446960449","6181.853446960449","6181.853446960449"
"9085.407147373","6181.853446960449","6181.853446960449","6181.853446960449"
"9095.40732389","6181.853446960449","6181.853446960449","6181.853446960449"
"9105.407495534","6181.8534507751465","6181.8534507751465","6181.8534507751465"
"9115.407428074","6181.8534507751465","6181.8534507751465","6181.8534507751465"
"9125.407384524","6181.8534507751465","6181.8534507751465","6181.8534507751465"
"9135.407170333","6181.8534507751465","6181.8534507751465","6181.8534507751465"
"9145.407746494","6181.8534507751465","6181.8534507751465","6181.8534507751465"
"9155.407275746","6181.853454589844","6181.853454589844","6181.853454589844"
"9165.407415001","6181.853454589844","6181.853454589844","6181.853454589844"
"9175.406923812","6181.853454589844","6181.853454589844","6181.853454589844"
"9185.40695849","6181.853454589844","6181.853454589844","6181.853454589844"
"9195.406856523","6181.853458404541","6181.853458404541","6181.853458404541"
"9205.407025758","6181.853458404541","6181.853458404541","6181.853458404541"
"9215.407497893","6181.853458404541","6181.853458404541","6181.853458404541"
"9225.407517325","6181.853458404541","6181.853458404541","6181.853458404541"
"9235.40747548","6181.853458404541","6181.853458404541","6181.853458404541"
"9245.40782421","6181.853458404541","6181.853458404541","6181.853458404541"
"9255.407295082","6181.853462219238","6181.853462219238","6181.853462219238"
"9265.407533537","6181.853462219238","6181.853462219238","6181.853462219238"
"9275.407525652","6181.853462219238","6181.853462219238","6181.853462219238"
"9285.407462999","6181.853462219238","6181.853462219238","6181.853462219238"
"9295.407414566","6181.853466033936","6181.853466033936","6181.853466033936"
"9305.406998471","6181.853466033936","6181.853466033936","6181.853466033936"
"9315.407394713","6181.853466033936","6181.853466033936","6181.853466033936"
"9325.407389324","6181.853466033936","6181.853466033936","6181.853466033936"
"9335.407101435","6181.853466033936","6181.853466033936","6181.853466033936"
"9345.407194283","6181.853469848633","6181.853469848633","6181.853469848633"
"9355.40780841","6181.853469848633","6181.853469848633","6181.853469848633"
"9365.407362467","6181.853469848633","6181.853469848633","6181.853469848633"
"9375.407398562","6181.853469848633","6181.853469848633","6181.853469848633"
"9385.406913961","6181.85347366333","6181.85347366333","6181.85347366333"
"9395.407676211","6181.85347366333","6181.85347366333","6181.85347366333"
"9405.407757882","6181.85347366333","6181.85347366333","6181.85347366333"
"9415.4076975","6181.85347366333","6181.85347366333","6181.85347366333"
"9425.407708947","6181.85347366333","6181.85347366333","6181.85347366333"
"9435.406904047","6181.853477478027","6181.853477478027","6181.853477478027"
"9445.40757555","6181.853477478027","6181.853477478027","6181.853477478027"
"9455.407306954","6181.853477478027","6181.853477478027","6181.853477478027"
"9465.407377907","6181.853477478027","6181.853477478027","6181.853477478027"
"9475.406912609","6181.853477478027","6181.853477478027","6181.853477478027"
"9485.407811515","6181.853481292725","6181.853481292725","6181.853481292725"
"9495.407677676","6181.853481292725","6181.853481292725","6181.853481292725"
"9505.407593038","6181.853481292725","6181.853481292725","6181.853481292725"
"9515.407785592","6181.853481292725","6181.853481292725","6181.853481292725"
"9525.407653065","6181.853485107422","6181.853485107422","6181.853485107422"
"9535.407572874","6181.853485107422","6181.853485107422","6181.853485107422"
"9545.407518859","6181.853485107422","6181.853485107422","6181.853485107422"
"9555.407213276","6181.853485107422","6181.853485107422","6181.853485107422"
"9565.407208587","6181.853485107422","6181.853485107422","6181.853485107422"
"9575.407397225","6181.853488922119","6181.853488922119","6181.853488922119"
"9585.407712865","6181.853488922119","6181.853488922119","6181.853488922119"
"9595.407082751","6181.853488922119","6181.853488922119","6181.853488922119"
"9605.407701492","6181.853488922119","6181.853488922119","6181.853488922119"
"9615.406927496","6181.853488922119","6181.853488922119","6181.853488922119"
"9625.407253003","6181.853492736816","6181.853492736816","6181.853492736816"
"9635.407891585","6181.853492736816","6181.853492736816","6181.853492736816"
"9645.4076219","6181.853492736816","6181.853492736816","6181.853492736816"
"9655.40766798","6181.853496551514","6181.853496551514","6181.853496551514"
"9665.407733449","6181.853496551514","6181.853496551514","6181.853496551514"
"9675.40732888","6181.853496551514","6181.853496551514","6181.853496551514"
"9685.407174087","6181.853500366211","6181.853500366211","6181.853500366211"
"9695.406664575","6181.853500366211","6181.853500366211","6181.853500366211"
"9705.40750517","6181.853500366211","6181.853500366211","6181.853500366211"
"9715.407623401","6181.853500366211","6181.853500366211","6181.853500366211"
"9725.406806393","6181.853500366211","6181.853500366211","6181.853500366211"
"9735.40683391","6181.853504180908","6181.853504180908","6181.853504180908"
"9745.406703951","6181.853504180908","6181.853504180908","6181.853504180908"
"9755.407311282","6181.853504180908","6181.853504180908","6181.853504180908"
"9765.406981247","6181.853504180908","6181.853504180908","6181.853504180908"
"9775.407490103","6181.853504180908","6181.853504180908","6181.853504180908"
"9785.407563654","6181.8535079956055","6181.8535079956055","6181.8535079956055"
"9795.407782685","6181.8535079956055","6181.8535079956055","6181.8535079956055"
"9805.406932361","6181.8535079956055","6181.8535079956055","6181.8535079956055"
"9815.407465361","6181.8535079956055","6181.8535079956055","6181.8535079956055"
"9825.406642722","6181.853511810303","6181.853511810303","6181.853511810303"
"9835.407234191","6181.853511810303","6181.853511810303","6181.853511810303"
"9845.407365835","6181.853511810303","6181.853511810303","6181.853511810303"
"9855.407222814","6181.853511810303","6181.853511810303","6181.853511810303"
"9865.407129713","6181.853511810303","6181.853511810303","6181.853511810303"
"9875.407550595","6181.853515625","6181.853515625","6181.853515625"
"9885.406597231","6181.853515625","6181.853515625","6181.853515625"
"9895.407257559","6181.853515625","6181.853515625","6181.853515625"
"9905.407654667","6181.853515625","6181.853515625","6181.853515625"
"9915.40742782","6181.853515625","6181.853515625","6181.853515625"
"9925.407097734","6181.853519439697","6181.853519439697","6181.853519439697"
"9935.407229627","6181.853519439697","6181.853519439697","6181.853519439697"
"9945.407218105","6181.853519439697","6181.853519439697","6181.853519439697"
"9955.4073927","6181.853519439697","6181.853519439697","6181.853519439697"
"9965.407477566","6181.8535232543945","6181.8535232543945","6181.8535232543945"
"9975.407233062","6181.8535232543945","6181.8535232543945","6181.8535232543945"
"9985.407561316","6181.8535232543945","6181.8535232543945","6181.8535232543945"
"9995.407260584","6181.8535232543945","6181.8535232543945","6181.8535232543945"
"10005.407138096","6181.8535232543945","6181.8535232543945","6181.8535232543945"
"10015.407542823","6181.8535232543945","6181.8535232543945","6181.8535232543945"
"10025.407665961","6181.853527069092","6181.853527069092","6181.853527069092"
"10035.406919754","6181.853527069092","6181.853527069092","6181.853527069092"
"10045.407578534","6181.853527069092","6181.853527069092","6181.853527069092"
"10055.407493272","6181.853527069092","6181.853527069092","6181.853527069092"
"10065.406971973","6181.853530883789","6181.853530883789","6181.853530883789"
"10075.407602701","6181.853530883789","6181.853530883789","6181.853530883789"
"10085.407776618","6181.853530883789","6181.853530883789","6181.853530883789"
"10095.407236978","6181.853530883789","6181.853530883789","6181.853530883789"
"10105.406855652","6181.853530883789","6181.853530883789","6181.853530883789"
"10115.407011","6181.853534698486","6181.853534698486","6181.853534698486"
"10125.407277046","6181.853534698486","6181.853534698486","6181.853534698486"
"10135.407234692","6181.853534698486","6181.853534698486","6181.853534698486"
"10145.407698391","6181.853534698486","6181.853534698486","6181.853534698486"
"10155.407343519","6181.853534698486","6181.853534698486","6181.853534698486"
"10165.407554418","6181.853538513184","6181.853538513184","6181.853538513184"
"10175.40736878","6181.853538513184","6181.853538513184","6181.853538513184"
"10185.406988286","6181.853538513184","6181.853538513184","6181.853538513184"
"10195.407134591","6181.853538513184","6181.853538513184","6181.853538513184"
"10205.407449136","6181.853542327881","6181.853542327881","6181.853542327881"
"10215.40771637","6181.853542327881","6181.853542327881","6181.853542327881"
"10225.406884543","6181.853542327881","6181.853542327881","6181.853542327881"
"10235.406901438","6181.853546142578","6181.853546142578","6181.853546142578"
"10245.40762561","6181.853546142578","6181.853546142578","6181.853546142578"
"10255.406760768","6181.853546142578","6181.853546142578","6181.853546142578"
"10265.407500842","6181.853546142578","6181.853546142578","6181.853546142578"
"10275.407308924","6181.853549957275","6181.853549957275","6181.853549957275"
"10285.408173157","6181.853549957275","6181.853549957275","6181.853549957275"
"10295.406930686","6181.853549957275","6181.853549957275","6181.853549957275"
"10305.406574458","6181.853553771973","6181.853553771973","6181.853553771973"
"10315.407163364","6181.853553771973","6181.853553771973","6181.853553771973"
"10325.406983762","6181.853553771973","6181.853553771973","6181.853553771973"
"10335.407701874","6181.85355758667","6181.85355758667","6181.85355758667"
"10345.407116216","6181.85355758667","6181.85355758667","6181.85355758667"
"10355.407053039","6181.85355758667","6181.85355758667","6181.85355758667"
"10365.407617564","6181.85355758667","6181.85355758667","6181.85355758667"
"10375.406948951","6181.853561401367","6181.853561401367","6181.853561401367"
"10385.406979258","6181.853561401367","6181.853561401367","6181.853561401367"
"10395.406938243","6181.853561401367","6181.853561401367","6181.853561401367"
"10405.407252478","6181.854228973389","6181.854228973389","6181.854228973389"
"10415.40690748","6181.854232788086","6181.854232788086","6181.854232788086"
"10425.407291439","6181.854232788086","6181.854232788086","6181.854232788086"
"10435.40769311","6181.854232788086","6181.854232788086","6181.854232788086"
"10445.407656749","6181.854232788086","6181.854232788086","6181.854232788086"
"10455.406745314","6181.854236602783","6181.854236602783","6181.854236602783"
"10465.407476279","6181.854236602783","6181.854236602783","6181.854236602783"
"10475.406953982","6181.854236602783","6181.854236602783","6181.854236602783"
"10485.406696715","6181.854236602783","6181.854236602783","6181.854236602783"
"10495.406834179","6181.854236602783","6181.854236602783","6181.854236602783"
"10505.406935756","6181.8542404174805","6181.8542404174805","6181.8542404174805"
"10515.406896906","6181.8542404174805","6181.8542404174805","6181.8542404174805"
"10525.407590624","6181.8542404174805","6181.8542404174805","6181.8542404174805"
"10535.40678243","6181.8542404174805","6181.8542404174805","6181.8542404174805"
"10545.406949214","6181.8542404174805","6181.8542404174805","6181.8542404174805"
"10555.407547445","6181.854244232178","6181.854244232178","6181.854244232178"
"10565.407725003","6181.854244232178","6181.854244232178","6181.854244232178"
"10575.407045742","6181.854244232178","6181.854244232178","6181.854244232178"
"10585.407204414","6181.854244232178","6181.854244232178","6181.854244232178"
"10595.408002167","6181.854244232178","6181.854244232178","6181.854244232178"
"10605.40755287","6181.854244232178","6181.854244232178","6181.854244232178"
"10615.407651912","6181.854248046875","6181.854248046875","6181.854248046875"
"10625.406653267","6181.854248046875","6181.854248046875","6181.854248046875"
"10635.407182721","6181.854248046875","6181.854248046875","6181.854248046875"
"10645.407337546","6181.854248046875","6181.854248046875","6181.854248046875"
"10655.407383526","6181.854251861572","6181.854251861572","6181.854251861572"
"10665.40724765","6181.854251861572","6181.854251861572","6181.854251861572"
"10675.407504481","6181.854251861572","6181.854251861572","6181.854251861572"
"10685.407281018","6181.854251861572","6181.854251861572","6181.854251861572"
"10695.407621624","6181.854251861572","6181.854251861572","6181.854251861572"
"10705.407044054","6181.8542556762695","6181.8542556762695","6181.8542556762695"
"10715.407416024","6181.8542556762695","6181.8542556762695","6181.8542556762695"
"10725.406980534","6181.8542556762695","6181.8542556762695","6181.8542556762695"
"10735.408028227","6181.8542556762695","6181.8542556762695","6181.8542556762695"
"10745.407123737","6181.8542556762695","6181.8542556762695","6181.8542556762695"
"10755.407090868","6181.8542556762695","6181.8542556762695","6181.8542556762695"
"10765.407436066","6181.8542556762695","6181.8542556762695","6181.8542556762695"
"10775.407705314","6181.8542556762695","6181.8542556762695","6181.8542556762695"
"10785.406772875","6181.8542556762695","6181.8542556762695","6181.8542556762695"
"10795.407370998","6181.8542556762695","6181.8542556762695","6181.8542556762695"
"10805.406965911","6181.8542556762695","6181.8542556762695","6181.8542556762695"
"10815.406598926","6181.8542556762695","6181.8542556762695","6181.8542556762695"
"10825.40749335","6181.8542556762695","6181.8542556762695","6181.8542556762695"
"10835.407590858","6181.8542556762695","6181.8542556762695","6181.8542556762695"
"10845.4074552","6181.8542556762695","6181.8542556762695","6181.8542556762695"
"10855.407135465","6181.8542556762695","6181.8542556762695","6181.8542556762695"
"10865.406876008","6181.8542556762695","6181.8542556762695","6181.8542556762695"
"10875.407596123","6181.854259490967","6181.854259490967","6181.854259490967"
"10885.407603931","6181.854259490967","6181.854259490967","6181.854259490967"
"10895.406913661","6181.854259490967","6181.854259490967","6181.854259490967"
"10905.407997546","6181.854259490967","6181.854259490967","6181.854259490967"
"10915.407974307","6181.854263305664","6181.854263305664","6181.854263305664"
"10925.407320554","6181.854263305664","6181.854263305664","6181.854263305664"
"10935.407265081","6181.854263305664","6181.854263305664","6181.854263305664"
"10945.407670962","6181.854263305664","6181.854263305664","6181.854263305664"
"10955.407235633","6181.854267120361","6181.854267120361","6181.854267120361"
"10965.407082557","6181.854267120361","6181.854267120361","6181.854267120361"
"10975.407334808","6181.854267120361","6181.854267120361","6181.854267120361"
"10985.406836641","6181.854267120361","6181.854267120361","6181.854267120361"
"10995.407151012","6181.854270935059","6181.854270935059","6181.854270935059"
"11005.406861526","6181.854270935059","6181.854270935059","6181.854270935059"
"11015.40670291","6181.854270935059","6181.854270935059","6181.854270935059"
"11025.407041067","6181.854270935059","6181.854270935059","6181.854270935059"
"11035.407265575","6181.854270935059","6181.854270935059","6181.854270935059"
"11045.407145284","6181.854274749756","6181.854274749756","6181.854274749756"
"11055.406906797","6181.854274749756","6181.854274749756","6181.854274749756"
"11065.407914266","6181.854274749756","6181.854274749756","6181.854274749756"
"11075.407097507","6181.854274749756","6181.854274749756","6181.854274749756"
"11085.406690534","6181.854274749756","6181.854274749756","6181.854274749756"
"11095.40724606","6181.854278564453","6181.854278564453","6181.854278564453"
"11105.407257166","6181.854278564453","6181.854278564453","6181.854278564453"
"11115.406924031","6181.854278564453","6181.854278564453","6181.854278564453"
"11125.406981361","6181.854278564453","6181.854278564453","6181.854278564453"
"11135.407505165","6181.854278564453","6181.854278564453","6181.854278564453"
"11145.407345405","6181.85428237915","6181.85428237915","6181.85428237915"
"11155.406912782","6181.85428237915","6181.85428237915","6181.85428237915"
"11165.407677245","6181.85428237915","6181.85428237915","6181.85428237915"
"11175.407721771","6181.85428237915","6181.85428237915","6181.85428237915"
"11185.407237012","6181.854286193848","6181.854286193848","6181.854286193848"
"11195.407311082","6181.854286193848","6181.854286193848","6181.854286193848"
"11205.407219274","6181.854286193848","6181.854286193848","6181.854286193848"
"11215.4073496","6181.854286193848","6181.854286193848","6181.854286193848"
"11225.407097573","6181.854290008545","6181.854290008545","6181.854290008545"
"11235.406760138","6181.854290008545","6181.854290008545","6181.854290008545"
"11245.407616165","6181.854290008545","6181.854290008545","6181.854290008545"
"11255.407296729","6181.854290008545","6181.854290008545","6181.854290008545"
"11265.407460827","6181.854290008545","6181.854290008545","6181.854290008545"
"11275.407359674","6181.854293823242","6181.854293823242","6181.854293823242"
"11285.407563509","6181.854293823242","6181.854293823242","6181.854293823242"
"11295.40768736","6181.854293823242","6181.854293823242","6181.854293823242"
"11305.407099001","6181.854297637939","6181.854297637939","6181.854297637939"
"11315.407464848","6181.854297637939","6181.854297637939","6181.854297637939"
"11325.40693499","6181.854297637939","6181.854297637939","6181.854297637939"
"11335.407296119","6181.854301452637","6181.854301452637","6181.854301452637"
"11345.407431524","6181.854301452637","6181.854301452637","6181.854301452637"
"11355.407425962","6181.854301452637","6181.854301452637","6181.854301452637"
"11365.407438438","6181.854301452637","6181.854301452637","6181.854301452637"
"11375.407324357","6181.854305267334","6181.854305267334","6181.854305267334"
"11385.406741431","6181.854305267334","6181.854305267334","6181.854305267334"
"11395.407540283","6181.854305267334","6181.854305267334","6181.854305267334"
"11405.407268848","6181.854305267334","6181.854305267334","6181.854305267334"
"11415.407187095","6181.854305267334","6181.854305267334","6181.854305267334"
"11425.406939968","6181.854309082031","6181.854309082031","6181.854309082031"
"11435.407365043","6181.854309082031","6181.854309082031","6181.854309082031"
"11445.407278303","6181.854309082031","6181.854309082031","6181.854309082031"
"11455.407405758","6181.854309082031","6181.854309082031","6181.854309082031"
"11465.407160821","6181.854309082031","6181.854309082031","6181.854309082031"
"11475.406736745","6181.8543128967285","6181.8543128967285","6181.8543128967285"
"11485.407281155","6181.8543128967285","6181.8543128967285","6181.8543128967285"
"11495.407703687","6181.8543128967285","6181.8543128967285","6181.8543128967285"
"11505.40738749","6181.8543128967285","6181.8543128967285","6181.8543128967285"
"11515.4076819","6181.854316711426","6181.854316711426","6181.854316711426"
"11525.406886472","6181.854316711426","6181.854316711426","6181.854316711426"
"11535.40681858","6181.854316711426","6181.854316711426","6181.854316711426"
"11545.407742915","6181.854316711426","6181.854316711426","6181.854316711426"
"11555.407410291","6181.854316711426","6181.854316711426","6181.854316711426"
"11565.406819655","6181.854316711426","6181.854316711426","6181.854316711426"
"11575.407698558","6181.854320526123","6181.854320526123","6181.854320526123"
"11585.407375323","6181.854320526123","6181.854320526123","6181.854320526123"
"11595.406945522","6181.85432434082","6181.85432434082","6181.85432434082"
"11605.407709949","6181.85432434082","6181.85432434082","6181.85432434082"
"11615.407658293","6181.85432434082","6181.85432434082","6181.85432434082"
"11625.406788111","6181.85432434082","6181.85432434082","6181.85432434082"
"11635.407087887","6181.854328155518","6181.854328155518","6181.854328155518"
"11645.407014435","6181.854328155518","6181.854328155518","6181.854328155518"
"11655.407579071","6181.854328155518","6181.854328155518","6181.854328155518"
"11665.406753891","6181.854328155518","6181.854328155518","6181.854328155518"
"11675.407691018","6181.854331970215","6181.854331970215","6181.854331970215"
"11685.407238578","6181.854331970215","6181.854331970215","6181.854331970215"
"11695.4073736","6181.854331970215","6181.854331970215","6181.854331970215"
"11705.407432713","6181.854331970215","6181.854331970215","6181.854331970215"
"11715.407149455","6181.854331970215","6181.854331970215","6181.854331970215"
"11725.407450467","6181.854331970215","6181.854331970215","6181.854331970215"
"11735.407363374","6181.854335784912","6181.854335784912","6181.854335784912"
"11745.40666422","6181.854335784912","6181.854335784912","6181.854335784912"
"11755.407257554","6181.854335784912","6181.854335784912","6181.854335784912"
"11765.407634931","6181.854335784912","6181.854335784912","6181.854335784912"
"11775.406888231","6181.854339599609","6181.854339599609","6181.854339599609"
"11785.407263752","6181.854339599609","6181.854339599609","6181.854339599609"
"11795.407203769","6181.854339599609","6181.854339599609","6181.854339599609"
"11805.406935545","6181.854339599609","6181.854339599609","6181.854339599609"
"11815.406719059","6181.854339599609","6181.854339599609","6181.854339599609"
"11825.406579038","6181.854343414307","6181.854343414307","6181.854343414307"
"11835.407522897","6181.854343414307","6181.854343414307","6181.854343414307"
"11845.406806625","6181.854343414307","6181.854343414307","6181.854343414307"
"11855.407514811","6181.854343414307","6181.854343414307","6181.854343414307"
"11865.407685787","6181.854343414307","6181.854343414307","6181.854343414307"
"11875.407508101","6181.854347229004","6181.854347229004","6181.854347229004"
"11885.408238034","6181.854347229004","6181.854347229004","6181.854347229004"
"11895.406646568","6181.854347229004","6181.854347229004","6181.854347229004"
"11905.40795073","6181.854347229004","6181.854347229004","6181.854347229004"
"11915.406595219","6181.854351043701","6181.854351043701","6181.854351043701"
"11925.407588886","6181.854351043701","6181.854351043701","6181.854351043701"
"11935.406648937","6181.854351043701","6181.854351043701","6181.854351043701"
"11945.407203314","6181.854354858398","6181.854354858398","6181.854354858398"
"11955.407150229","6181.854354858398","6181.854354858398","6181.854354858398"
"11965.407448647","6181.854354858398","6181.854354858398","6181.854354858398"
"11975.406838656","6181.854354858398","6181.854354858398","6181.854354858398"
"11985.407036822","6181.854354858398","6181.854354858398","6181.854354858398"
"11995.407427577","6181.854354858398","6181.854354858398","6181.854354858398"
"12005.406705014","6181.854358673096","6181.854358673096","6181.854358673096"
"12015.407447735","6181.854358673096","6181.854358673096","6181.854358673096"
"12025.407630387","6181.854358673096","6181.854358673096","6181.854358673096"
"12035.406860495","6181.854358673096","6181.854358673096","6181.854358673096"
"12045.407455874","6181.854362487793","6181.854362487793","6181.854362487793"
"12055.407517986","6181.854362487793","6181.854362487793","6181.854362487793"
"12065.406764795","6181.854362487793","6181.854362487793","6181.854362487793"
"12075.406906663","6181.854362487793","6181.854362487793","6181.854362487793"
"12085.407319286","6181.854362487793","6181.854362487793","6181.854362487793"
"12095.40668054","6181.854362487793","6181.854362487793","6181.854362487793"
"12105.409427199","6181.85436630249","6181.85436630249","6181.85436630249"
"12115.410458217","6181.85436630249","6181.85436630249","6181.85436630249"
"12125.407613035","6181.85436630249","6181.85436630249","6181.85436630249"
"12135.407664587","6181.8543701171875","6181.8543701171875","6181.8543701171875"
"12145.407600821","6181.8543701171875","6181.8543701171875","6181.8543701171875"
"12155.407643755","6181.8543701171875","6181.8543701171875","6181.8543701171875"
"12165.407089956","6181.8543701171875","6181.8543701171875","6181.8543701171875"
"12175.407194313","6181.8543701171875","6181.8543701171875","6181.8543701171875"
"12185.407762386","6181.854373931885","6181.854373931885","6181.854373931885"
"12195.407039886","6181.854373931885","6181.854373931885","6181.854373931885"
"12205.407288974","6181.854373931885","6181.854373931885","6181.854373931885"
"12215.407133146","6181.854373931885","6181.854373931885","6181.854373931885"
"12225.407112947","6181.854377746582","6181.854377746582","6181.854377746582"
"12235.407516864","6181.854377746582","6181.854377746582","6181.854377746582"
"12245.407225082","6181.854377746582","6181.854377746582","6181.854377746582"
"12255.406968206","6181.854381561279","6181.854381561279","6181.854381561279"
"12265.407010522","6181.854381561279","6181.854381561279","6181.854381561279"
"12275.407031568","6181.854381561279","6181.854381561279","6181.854381561279"
"12285.407257193","6181.854381561279","6181.854381561279","6181.854381561279"
"12295.407510807","6181.854381561279","6181.854381561279","6181.854381561279"
"12305.40672219","6181.854385375977","6181.854385375977","6181.854385375977"
"12315.407302076","6181.854385375977","6181.854385375977","6181.854385375977"
"12325.407601083","6181.854385375977","6181.854385375977","6181.854385375977"
"12335.406703634","6181.854389190674","6181.854389190674","6181.854389190674"
"12345.407437907","6181.854389190674","6181.854389190674","6181.854389190674"
"12355.406657573","6181.854393005371","6181.854393005371","6181.854393005371"
"12365.407167828","6181.854393005371","6181.854393005371","6181.854393005371"
"12375.407700983","6181.854393005371","6181.854393005371","6181.854393005371"
"12385.407238014","6181.854396820068","6181.854396820068","6181.854396820068"
"12395.407586486","6181.854396820068","6181.854396820068","6181.854396820068"
"12405.40687144","6181.854396820068","6181.854396820068","6181.854396820068"
"12415.406731333","6181.854606628418","6181.854606628418","6181.854606628418"
"12425.407334425","6181.854610443115","6181.854610443115","6181.854610443115"
"12435.407026323","6181.854610443115","6181.854610443115","6181.854610443115"
"12445.407180053","6181.854610443115","6181.854610443115","6181.854610443115"
"12455.406656261","6181.854610443115","6181.854610443115","6181.854610443115"
"12465.406961722","6181.854610443115","6181.854610443115","6181.854610443115"
"12475.407131286","6181.8546142578125","6181.8546142578125","6181.8546142578125"
"12485.407595403","6181.8546142578125","6181.8546142578125","6181.8546142578125"
"12495.406929291","6181.8546142578125","6181.8546142578125","6181.8546142578125"
"12505.406957515","6181.8546142578125","6181.8546142578125","6181.8546142578125"
"12515.406874076","6181.8546142578125","6181.8546142578125","6181.8546142578125"
"12525.407579508","6181.8546142578125","6181.8546142578125","6181.8546142578125"
"12535.406717258","6181.85461807251","6181.85461807251","6181.85461807251"
"12545.40734808","6181.85461807251","6181.85461807251","6181.85461807251"
"12555.407443217","6181.85461807251","6181.85461807251","6181.85461807251"
"12565.407435142","6181.85461807251","6181.85461807251","6181.85461807251"
"12575.406943091","6181.854621887207","6181.854621887207","6181.854621887207"
"12585.406930261","6181.854621887207","6181.854621887207","6181.854621887207"
"12595.407404414","6181.854621887207","6181.854621887207","6181.854621887207"
"12605.406909963","6181.854621887207","6181.854621887207","6181.854621887207"
"12615.406801938","6181.854621887207","6181.854621887207","6181.854621887207"
"12625.407671538","6181.854621887207","6181.854621887207","6181.854621887207"
"12635.407104179","6181.854621887207","6181.854621887207","6181.854621887207"
"12645.407395202","6181.854621887207","6181.854621887207","6181.854621887207"
"12655.407358232","6181.854621887207","6181.854621887207","6181.854621887207"
"12665.407662374","6181.854621887207","6181.854621887207","6181.854621887207"
"12675.407153978","6181.854621887207","6181.854621887207","6181.854621887207"
"12685.408451305","6181.854621887207","6181.854621887207","6181.854621887207"
"12695.407374568","6181.854621887207","6181.854621887207","6181.854621887207"
"12705.407715913","6181.854621887207","6181.854621887207","6181.854621887207"
"12715.407488227","6181.854621887207","6181.854621887207","6181.854621887207"
"12725.407689436","6181.854621887207","6181.854621887207","6181.854621887207"
"12735.406896229","6181.854621887207","6181.854621887207","6181.854621887207"
"12745.407746096","6181.854621887207","6181.854621887207","6181.854621887207"
"12755.407715336","6181.854621887207","6181.854621887207","6181.854621887207"
"12765.407118548","6181.854621887207","6181.854621887207","6181.854621887207"
"12775.407572509","6181.854621887207","6181.854621887207","6181.854621887207"
"12785.407144313","6181.854621887207","6181.854621887207","6181.854621887207"
"12795.407604121","6181.854625701904","6181.854625701904","6181.854625701904"
"12805.40768112","6181.854625701904","6181.854625701904","6181.854625701904"
"12815.407020329","6181.854629516602","6181.854629516602","6181.854629516602"
"12825.407719048","6181.854633331299","6181.854633331299","6181.854633331299"
"12835.407621747","6181.854633331299","6181.854633331299","6181.854633331299"
"12845.407578052","6181.854633331299","6181.854633331299","6181.854633331299"
"12855.407708311","6181.854637145996","6181.854637145996","6181.854637145996"
"12865.407512529","6181.854637145996","6181.854637145996","6181.854637145996"
"12875.406854111","6181.854637145996","6181.854637145996","6181.854637145996"
"12885.407343853","6181.854637145996","6181.854637145996","6181.854637145996"
"12895.406656865","6181.854637145996","6181.854637145996","6181.854637145996"
"12905.406763076","6181.854640960693","6181.854640960693","6181.854640960693"
"12915.407832926","6181.854640960693","6181.854640960693","6181.854640960693"
"12925.407919598","6181.854640960693","6181.854640960693","6181.854640960693"
"12935.407148369","6181.854640960693","6181.854640960693","6181.854640960693"
"12945.40714335","6181.854640960693","6181.854640960693","6181.854640960693"
"12955.407669124","6181.854644775391","6181.854644775391","6181.854644775391"
"12965.407230469","6181.854644775391","6181.854644775391","6181.854644775391"
"12975.407737968","6181.854644775391","6181.854644775391","6181.854644775391"
"12985.40663305","6181.854644775391","6181.854644775391","6181.854644775391"
"12995.406879312","6181.854644775391","6181.854644775391","6181.854644775391"
"13005.406836693","6181.854648590088","6181.854648590088","6181.854648590088"
"13015.406644682","6181.854648590088","6181.854648590088","6181.854648590088"
"13025.407212789","6181.854648590088","6181.854648590088","6181.854648590088"
"13035.407553244","6181.854648590088","6181.854648590088","6181.854648590088"
"13045.407279206","6181.854652404785","6181.854652404785","6181.854652404785"
"13055.407427017","6181.854652404785","6181.854652404785","6181.854652404785"
"13065.407413406","6181.854652404785","6181.854652404785","6181.854652404785"
"13075.40758391","6181.854656219482","6181.854656219482","6181.854656219482"
"13085.40707283","6181.854656219482","6181.854656219482","6181.854656219482"
"13095.407013788","6181.854656219482","6181.854656219482","6181.854656219482"
"13105.40661545","6181.85466003418","6181.85466003418","6181.85466003418"
"13115.407431675","6181.85466003418","6181.85466003418","6181.85466003418"
"13125.406815213","6181.85466003418","6181.85466003418","6181.85466003418"
"13135.406976861","6181.85466003418","6181.85466003418","6181.85466003418"
"13145.407137973","6181.85466003418","6181.85466003418","6181.85466003418"
"13155.407143888","6181.854663848877","6181.854663848877","6181.854663848877"
"13165.407485845","6181.854763031006","6181.854763031006","6181.854763031006"
"13175.407010566","6181.854763031006","6181.854763031006","6181.854763031006"
"13185.407161337","6181.854763031006","6181.854763031006","6181.854763031006"
"13195.40731351","6181.854763031006","6181.854763031006","6181.854763031006"
"13205.407115109","6181.854766845703","6181.854766845703","6181.854766845703"
"13215.407099224","6181.854766845703","6181.854766845703","6181.854766845703"
"13225.407678978","6181.854766845703","6181.854766845703","6181.854766845703"
"13235.407494664","6181.854766845703","6181.854766845703","6181.854766845703"
"13245.407142271","6181.854766845703","6181.854766845703","6181.854766845703"
"13255.406979955","6181.8547706604","6181.8547706604","6181.8547706604"
"13265.407153172","6181.8547706604","6181.8547706604","6181.8547706604"
"13275.407140492","6181.8547706604","6181.8547706604","6181.8547706604"
"13285.407519907","6181.8547706604","6181.8547706604","6181.8547706604"
"13295.406969666","6181.854774475098","6181.854774475098","6181.854774475098"
"13305.407603075","6181.854774475098","6181.854774475098","6181.854774475098"
"13315.407607382","6181.854774475098","6181.854774475098","6181.854774475098"
"13325.407632675","6181.854774475098","6181.854774475098","6181.854774475098"
"13335.40712534","6181.854778289795","6181.854778289795","6181.854778289795"
"13345.40727485","6181.854778289795","6181.854778289795","6181.854778289795"
"13355.407673813","6181.854778289795","6181.854778289795","6181.854778289795"
"13365.40765401","6181.854778289795","6181.854778289795","6181.854778289795"
"13375.406736905","6181.854782104492","6181.854782104492","6181.854782104492"
"13385.407250298","6181.854785919189","6181.854785919189","6181.854785919189"
"13395.407647125","6181.854785919189","6181.854785919189","6181.854785919189"
"13405.407286861","6181.854789733887","6181.854789733887","6181.854789733887"
"13415.407358352","6181.854789733887","6181.854789733887","6181.854789733887"
"13425.407738372","6181.854793548584","6181.854793548584","6181.854793548584"
"13435.4077203","6181.854793548584","6181.854793548584","6181.854793548584"
"13445.40699158","6181.854793548584","6181.854793548584","6181.854793548584"
"13455.406886707","6181.854793548584","6181.854793548584","6181.854793548584"
"13465.407499279","6181.854797363281","6181.854797363281","6181.854797363281"
"13475.407234471","6181.854797363281","6181.854797363281","6181.854797363281"
"13485.406746219","6181.854797363281","6181.854797363281","6181.854797363281"
"13495.40762215","6181.854797363281","6181.854797363281","6181.854797363281"
"13505.407576119","6181.854797363281","6181.854797363281","6181.854797363281"
"13515.406797173","6181.854797363281","6181.854797363281","6181.854797363281"
"13525.406802743","6181.8548011779785","6181.8548011779785","6181.8548011779785"
"13535.406993113","6181.8548011779785","6181.8548011779785","6181.8548011779785"
"13545.406979554","6181.8548011779785","6181.8548011779785","6181.8548011779785"
"13555.407253078","6181.8548011779785","6181.8548011779785","6181.8548011779785"
"13565.407237453","6181.8548011779785","6181.8548011779785","6181.8548011779785"
"13575.407630821","6181.854804992676","6181.854804992676","6181.854804992676"
"13585.406638189","6181.854804992676","6181.854804992676","6181.854804992676"
"13595.40690822","6181.854804992676","6181.854804992676","6181.854804992676"
"13605.407281059","6181.854804992676","6181.854804992676","6181.854804992676"
"13615.406781068","6181.854804992676","6181.854804992676","6181.854804992676"
"13625.406839373","6181.854808807373","6181.854808807373","6181.854808807373"
"13635.407581816","6181.854808807373","6181.854808807373","6181.854808807373"
"13645.406912683","6181.854808807373","6181.854808807373","6181.854808807373"
"13655.407103183","6181.854808807373","6181.854808807373","6181.854808807373"
"13665.407457332","6181.85481262207","6181.85481262207","6181.85481262207"
"13675.407882793","6181.85481262207","6181.85481262207","6181.85481262207"
"13685.407695718","6181.85481262207","6181.85481262207","6181.85481262207"
"13695.407232623","6181.854816436768","6181.854816436768","6181.854816436768"
"13705.407680774","6181.854816436768","6181.854816436768","6181.854816436768"
"13715.407528191","6181.854816436768","6181.854816436768","6181.854816436768"
"13725.407787709","6181.854816436768","6181.854816436768","6181.854816436768"
"13735.407131513","6181.854820251465","6181.854820251465","6181.854820251465"
"13745.407456111","6181.854820251465","6181.854820251465","6181.854820251465"
"13755.406810484","6181.854820251465","6181.854820251465","6181.854820251465"
"13765.407546002","6181.854820251465","6181.854820251465","6181.854820251465"
"13775.406899518","6181.854820251465","6181.854820251465","6181.854820251465"
"13785.407469451","6181.854824066162","6181.854824066162","6181.854824066162"
"13795.406891209","6181.854824066162","6181.854824066162","6181.854824066162"
"13805.407510417","6181.854824066162","6181.854824066162","6181.854824066162"
"13815.407853617","6181.854827880859","6181.854827880859","6181.854827880859"
"13825.407557564","6181.854827880859","6181.854827880859","6181.854827880859"
"13835.408012555","6181.854827880859","6181.854827880859","6181.854827880859"
"13845.407489463","6181.854827880859","6181.854827880859","6181.854827880859"
"13855.406759406","6181.854831695557","6181.854831695557","6181.854831695557"
"13865.407230039","6181.854831695557","6181.854831695557","6181.854831695557"
"13875.407369047","6181.854831695557","6181.854831695557","6181.854831695557"
"13885.407756842","6181.854831695557","6181.854831695557","6181.854831695557"
"13895.407276086","6181.854831695557","6181.854831695557","6181.854831695557"
"13905.407951584","6181.854835510254","6181.854835510254","6181.854835510254"
"13915.407357712","6181.854835510254","6181.854835510254","6181.854835510254"
"13925.406916804","6181.854835510254","6181.854835510254","6181.854835510254"
"13935.407548119","6181.854835510254","6181.854835510254","6181.854835510254"
"13945.407478056","6181.854839324951","6181.854839324951","6181.854839324951"
"13955.407940724","6181.854839324951","6181.854839324951","6181.854839324951"
"13965.406672522","6181.854839324951","6181.854839324951","6181.854839324951"
"13975.407230619","6181.854839324951","6181.854839324951","6181.854839324951"
"13985.406663976","6181.854843139648","6181.854843139648","6181.854843139648"
"13995.407309127","6181.854843139648","6181.854843139648","6181.854843139648"
"14005.407644459","6181.854846954346","6181.854846954346","6181.854846954346"
"14015.406980252","6181.854846954346","6181.854846954346","6181.854846954346"
"14025.40735032","6181.854846954346","6181.854846954346","6181.854846954346"
"14035.407500651","6181.854846954346","6181.854846954346","6181.854846954346"
"14045.407083218","6181.854846954346","6181.854846954346","6181.854846954346"
"14055.407087492","6181.854846954346","6181.854846954346","6181.854846954346"
"14065.407111027","6181.854850769043","6181.854850769043","6181.854850769043"
"14075.407184748","6181.854850769043","6181.854850769043","6181.854850769043"
"14085.407577129","6181.854850769043","6181.854850769043","6181.854850769043"
"14095.407410748","6181.854850769043","6181.854850769043","6181.854850769043"
"14105.406852643","6181.85485458374","6181.85485458374","6181.85485458374"
"14115.407121987","6181.85485458374","6181.85485458374","6181.85485458374"
"14125.407162232","6181.85485458374","6181.85485458374","6181.85485458374"
"14135.408394254","6181.85485458374","6181.85485458374","6181.85485458374"
"14145.407682788","6181.8548583984375","6181.8548583984375","6181.8548583984375"
"14155.406910846","6181.8548583984375","6181.8548583984375","6181.8548583984375"
"14165.406814967","6181.8548583984375","6181.8548583984375","6181.8548583984375"
"14175.407445567","6181.8548583984375","6181.8548583984375","6181.8548583984375"
"14185.40756493","6181.854862213135","6181.854862213135","6181.854862213135"
"14195.407640036","6181.854862213135","6181.854862213135","6181.854862213135"
"14205.406647432","6181.854862213135","6181.854862213135","6181.854862213135"
"14215.407256248","6181.854862213135","6181.854862213135","6181.854862213135"
"14225.407078406","6181.854862213135","6181.854862213135","6181.854862213135"
"14235.406787539","6181.854866027832","6181.854866027832","6181.854866027832"
"14245.40695177","6181.854866027832","6181.854866027832","6181.854866027832"
"14255.406879326","6181.854866027832","6181.854866027832","6181.854866027832"
"14265.407527112","6181.854866027832","6181.854866027832","6181.854866027832"
"14275.407206419","6181.854866027832","6181.854866027832","6181.854866027832"
"14285.407274909","6181.854866027832","6181.854866027832","6181.854866027832"
"14295.40695849","6181.854877471924","6181.854877471924","6181.854877471924"
"14305.40773393","6181.854877471924","6181.854877471924","6181.854877471924"
"14315.407276829","6181.854877471924","6181.854877471924","6181.854877471924"
"14325.407007788","6181.854877471924","6181.854877471924","6181.854877471924"
"14335.407283885","6181.854881286621","6181.854881286621","6181.854881286621"
"14345.406844427","6181.854881286621","6181.854881286621","6181.854881286621"
"14355.407320723","6181.854881286621","6181.854881286621","6181.854881286621"
"14365.407262302","6181.854885101318","6181.854885101318","6181.854885101318"
"14375.406819075","6181.854885101318","6181.854885101318","6181.854885101318"
"14385.40733082","6181.854885101318","6181.854885101318","6181.854885101318"
"14395.40760997","6181.854888916016","6181.854888916016","6181.854888916016"
"14405.40734948","6181.854888916016","6181.854888916016","6181.854888916016"
"14415.407254438","6181.854888916016","6181.854888916016","6181.854888916016"
"14425.406800832","6181.854892730713","6181.854892730713","6181.854892730713"
"14435.40756181","6181.854892730713","6181.854892730713","6181.854892730713"
"14445.407260162","6181.854892730713","6181.854892730713","6181.854892730713"
"14455.407551455","6181.854892730713","6181.854892730713","6181.854892730713"
"14465.407561464","6181.85489654541","6181.85489654541","6181.85489654541"
"14475.409383288","6181.85489654541","6181.85489654541","6181.85489654541"
"14485.406914989","6181.85489654541","6181.85489654541","6181.85489654541"
"14495.40710898","6181.85489654541","6181.85489654541","6181.85489654541"
"14505.406862624","6181.85489654541","6181.85489654541","6181.85489654541"
"14515.407715394","6181.854900360107","6181.854900360107","6181.854900360107"
"14525.406821987","6181.854900360107","6181.854900360107","6181.854900360107"
"14535.410667379","6181.854900360107","6181.854900360107","6181.854900360107"
"14545.407294222","6181.854900360107","6181.854900360107","6181.854900360107"
"14555.407321233","6181.854904174805","6181.854904174805","6181.854904174805"
"14565.406792605","6181.854904174805","6181.854904174805","6181.854904174805"
"14575.407679743","6181.854904174805","6181.854904174805","6181.854904174805"
"14585.407134473","6181.854904174805","6181.854904174805","6181.854904174805"
"14595.407516515","6181.854907989502","6181.854907989502","6181.854907989502"
"14605.408048919","6181.854907989502","6181.854907989502","6181.854907989502"
"14615.407120274","6181.854907989502","6181.854907989502","6181.854907989502"
"14625.407199476","6181.854907989502","6181.854907989502","6181.854907989502"
"14635.407191332","6181.854907989502","6181.854907989502","6181.854907989502"
"14645.40730597","6181.854911804199","6181.854911804199","6181.854911804199"
"14655.407238422","6181.854911804199","6181.854911804199","6181.854911804199"
"14665.407193569","6181.854911804199","6181.854911804199","6181.854911804199"
"14675.407108637","6181.854911804199","6181.854911804199","6181.854911804199"
"14685.4067721","6181.854911804199","6181.854911804199","6181.854911804199"
"14695.407344774","6181.8549156188965","6181.8549156188965","6181.8549156188965"
"14705.407022287","6181.8549156188965","6181.8549156188965","6181.8549156188965"
"14715.407200719","6181.8549156188965","6181.8549156188965","6181.8549156188965"
"14725.408190347","6181.854919433594","6181.854919433594","6181.854919433594"
"14735.407295168","6181.854919433594","6181.854919433594","6181.854919433594"
"14745.406828425","6181.854919433594","6181.854919433594","6181.854919433594"
"14755.407701322","6181.854919433594","6181.854919433594","6181.854919433594"
"14765.4068426","6181.854923248291","6181.854923248291","6181.854923248291"
"14775.407019704","6181.854923248291","6181.854923248291","6181.854923248291"
"14785.406602168","6181.854923248291","6181.854923248291","6181.854923248291"
"14795.407698515","6181.854923248291","6181.854923248291","6181.854923248291"
"14805.406910901","6181.854923248291","6181.854923248291","6181.854923248291"
"14815.406953504","6181.854923248291","6181.854923248291","6181.854923248291"
"14825.407670264","6181.854927062988","6181.854927062988","6181.854927062988"
"14835.407945079","6181.854927062988","6181.854927062988","6181.854927062988"
"14845.407813067","6181.854927062988","6181.854927062988","6181.854927062988"
"14855.40708943","6181.854927062988","6181.854927062988","6181.854927062988"
"14865.407147491","6181.854927062988","6181.854927062988","6181.854927062988"
"14875.407138729","6181.854930877686","6181.854930877686","6181.854930877686"
"14885.407106041","6181.854930877686","6181.854930877686","6181.854930877686"
"14895.407222638","6181.854930877686","6181.854930877686","6181.854930877686"
"14905.407866547","6181.854930877686","6181.854930877686","6181.854930877686"
"14915.4079195","6181.854934692383","6181.854934692383","6181.854934692383"
"14925.406828863","6181.854934692383","6181.854934692383","6181.854934692383"
"14935.406864398","6181.854934692383","6181.854934692383","6181.854934692383"
"14945.407088786","6181.854934692383","6181.854934692383","6181.854934692383"
"14955.407131406","6181.854934692383","6181.854934692383","6181.854934692383"
"14965.406785643","6181.85493850708","6181.85493850708","6181.85493850708"
"14975.40716827","6181.85493850708","6181.85493850708","6181.85493850708"
"14985.407609576","6181.85493850708","6181.85493850708","6181.85493850708"
"14995.406887639","6181.85493850708","6181.85493850708","6181.85493850708"
"15005.406839617","6181.854942321777","6181.854942321777","6181.854942321777"
"15015.407332301","6181.854942321777","6181.854942321777","6181.854942321777"
"15025.406972946","6181.854942321777","6181.854942321777","6181.854942321777"
"15035.407350641","6181.854942321777","6181.854942321777","6181.854942321777"
"15045.407821641","6181.854942321777","6181.854942321777","6181.854942321777"
"15055.407203836","6181.854942321777","6181.854942321777","6181.854942321777"
"15065.407557392","6181.854946136475","6181.854946136475","6181.854946136475"
"15075.406656465","6181.854946136475","6181.854946136475","6181.854946136475"
"15085.407194085","6181.854946136475","6181.854946136475","6181.854946136475"
"15095.407709719","6181.854946136475","6181.854946136475","6181.854946136475"
"15105.407419114","6181.854946136475","6181.854946136475","6181.854946136475"
"15115.407250642","6181.854949951172","6181.854949951172","6181.854949951172"
"15125.407136219","6181.854949951172","6181.854949951172","6181.854949951172"
"15135.407267571","6181.854949951172","6181.854949951172","6181.854949951172"
"15145.406979182","6181.854949951172","6181.854949951172","6181.854949951172"
"15155.407485652","6181.854953765869","6181.854953765869","6181.854953765869"
"15165.408403976","6181.854953765869","6181.854953765869","6181.854953765869"
"15175.406620841","6181.854953765869","6181.854953765869","6181.854953765869"
"15185.406918067","6181.854953765869","6181.854953765869","6181.854953765869"
"15195.407501335","6181.854957580566","6181.854957580566","6181.854957580566"
"15205.407417039","6181.854957580566","6181.854957580566","6181.854957580566"
"15215.407311337","6181.854957580566","6181.854957580566","6181.854957580566"
"15225.407722332","6181.854957580566","6181.854957580566","6181.854957580566"
"15235.406746618","6181.854957580566","6181.854957580566","6181.854957580566"
"15245.407375902","6181.854961395264","6181.854961395264","6181.854961395264"
"15255.407661048","6181.854961395264","6181.854961395264","6181.854961395264"
"15265.407359075","6181.854961395264","6181.854961395264","6181.854961395264"
"15275.407249906","6181.854961395264","6181.854961395264","6181.854961395264"
"15285.408012907","6181.854965209961","6181.854965209961","6181.854965209961"
"15295.40764168","6181.854965209961","6181.854965209961","6181.854965209961"
"15305.407135037","6181.854965209961","6181.854965209961","6181.854965209961"
"15315.407258331","6181.854965209961","6181.854965209961","6181.854965209961"
"15325.406703534","6181.854965209961","6181.854965209961","6181.854965209961"
"15335.407265203","6181.854969024658","6181.854969024658","6181.854969024658"
"15345.406834382","6181.854969024658","6181.854969024658","6181.854969024658"
"15355.407489395","6181.854969024658","6181.854969024658","6181.854969024658"
"15365.40687182","6181.854969024658","6181.854969024658","6181.854969024658"
"15375.406913094","6181.854969024658","6181.854969024658","6181.854969024658"
"15385.407111118","6181.8549728393555","6181.8549728393555","6181.8549728393555"
"15395.407801182","6181.8549728393555","6181.8549728393555","6181.8549728393555"
"15405.407341757","6181.8549728393555","6181.8549728393555","6181.8549728393555"
"15415.4073654","6181.8549728393555","6181.8549728393555","6181.8549728393555"
"15425.407444727","6181.8549728393555","6181.8549728393555","6181.8549728393555"
"15435.40721136","6181.854976654053","6181.854976654053","6181.854976654053"
"15445.40691403","6181.854976654053","6181.854976654053","6181.854976654053"
"15455.407687028","6181.854976654053","6181.854976654053","6181.854976654053"
"15465.407263337","6181.854976654053","6181.854976654053","6181.854976654053"
"15475.407300328","6181.85498046875","6181.85498046875","6181.85498046875"
"15485.407004011","6181.85498046875","6181.85498046875","6181.85498046875"
"15495.408249018","6181.85498046875","6181.85498046875","6181.85498046875"
"15505.407654848","6181.85498046875","6181.85498046875","6181.85498046875"
"15515.407320101","6181.85498046875","6181.85498046875","6181.85498046875"
"15525.40698543","6181.854984283447","6181.854984283447","6181.854984283447"
"15535.407513676","6181.854984283447","6181.854984283447","6181.854984283447"
"15545.407799212","6181.854984283447","6181.854984283447","6181.854984283447"
"15555.407291277","6181.854984283447","6181.854984283447","6181.854984283447"
"15565.407564032","6181.854984283447","6181.854984283447","6181.854984283447"
"15575.407854022","6181.8549880981445","6181.8549880981445","6181.8549880981445"
"15585.407289059","6181.8549880981445","6181.8549880981445","6181.8549880981445"
"15595.407263637","6181.8549880981445","6181.8549880981445","6181.8549880981445"
"15605.40747255","6181.8549880981445","6181.8549880981445","6181.8549880981445"
"15615.407784879","6181.8549880981445","6181.8549880981445","6181.8549880981445"
"15625.407366709","6181.854991912842","6181.854991912842","6181.854991912842"
"15635.407181636","6181.854991912842","6181.854991912842","6181.854991912842"
"15645.407455864","6181.854991912842","6181.854991912842","6181.854991912842"
"15655.407453507","6181.854991912842","6181.854991912842","6181.854991912842"
"15665.406708209","6181.854995727539","6181.854995727539","6181.854995727539"
"15675.407717922","6181.854995727539","6181.854995727539","6181.854995727539"
"15685.407323574","6181.854995727539","6181.854995727539","6181.854995727539"
"15695.407465946","6181.854999542236","6181.854999542236","6181.854999542236"
"15705.406919408","6181.854999542236","6181.854999542236","6181.854999542236"
"15715.407639146","6181.854999542236","6181.854999542236","6181.854999542236"
"15725.406789685","6181.854999542236","6181.854999542236","6181.854999542236"
"15735.407487799","6181.855003356934","6181.855003356934","6181.855003356934"
"15745.40689449","6181.855003356934","6181.855003356934","6181.855003356934"
"15755.407006085","6181.855003356934","6181.855003356934","6181.855003356934"
"15765.407616718","6181.855003356934","6181.855003356934","6181.855003356934"
"15775.407125733","6181.855003356934","6181.855003356934","6181.855003356934"
"15785.407437657","6181.855007171631","6181.855007171631","6181.855007171631"
"15795.40703042","6181.855007171631","6181.855007171631","6181.855007171631"
"15805.406915275","6181.855007171631","6181.855007171631","6181.855007171631"
"15815.407337609","6181.855007171631","6181.855007171631","6181.855007171631"
"15825.406935267","6181.855007171631","6181.855007171631","6181.855007171631"
"15835.407636129","6181.855007171631","6181.855007171631","6181.855007171631"
"15845.407163842","6181.855010986328","6181.855010986328","6181.855010986328"
"15855.406965604","6181.855010986328","6181.855010986328","6181.855010986328"
"15865.407253531","6181.855010986328","6181.855010986328","6181.855010986328"
"15875.406675818","6181.855010986328","6181.855010986328","6181.855010986328"
"15885.407262462","6181.855014801025","6181.855014801025","6181.855014801025"
"15895.40798076","6181.855014801025","6181.855014801025","6181.855014801025"
"15905.407243321","6181.855014801025","6181.855014801025","6181.855014801025"
"15915.407383762","6181.855014801025","6181.855014801025","6181.855014801025"
"15925.407039661","6181.855014801025","6181.855014801025","6181.855014801025"
"15935.407652019","6181.855018615723","6181.855018615723","6181.855018615723"
"15945.407418908","6181.855018615723","6181.855018615723","6181.855018615723"
"15955.407658722","6181.855018615723","6181.855018615723","6181.855018615723"
"15965.407815432","6181.855018615723","6181.855018615723","6181.855018615723"
"15975.40747612","6181.85502243042","6181.85502243042","6181.85502243042"
"15985.407140104","6181.85502243042","6181.85502243042","6181.85502243042"
"15995.406933181","6181.85502243042","6181.85502243042","6181.85502243042"
"16005.407797354","6181.85502243042","6181.85502243042","6181.85502243042"
"16015.407296103","6181.85502243042","6181.85502243042","6181.85502243042"
"16025.407455444","6181.855026245117","6181.855026245117","6181.855026245117"
"16035.407427132","6181.855026245117","6181.855026245117","6181.855026245117"
"16045.407121385","6181.855026245117","6181.855026245117","6181.855026245117"
"16055.406630537","6181.855026245117","6181.855026245117","6181.855026245117"
"16065.407764231","6181.855026245117","6181.855026245117","6181.855026245117"
"16075.407383498","6181.855026245117","6181.855026245117","6181.855026245117"
"16085.407813426","6181.855030059814","6181.855030059814","6181.855030059814"
"16095.40736066","6181.855030059814","6181.855030059814","6181.855030059814"
"16105.407428364","6181.855033874512","6181.855033874512","6181.855033874512"
"16115.406955232","6181.855033874512","6181.855033874512","6181.855033874512"
"16125.406827562","6181.855033874512","6181.855033874512","6181.855033874512"
"16135.406884438","6181.855033874512","6181.855033874512","6181.855033874512"
"16145.407269244","6181.855037689209","6181.855037689209","6181.855037689209"
"16155.406940629","6181.855037689209","6181.855037689209","6181.855037689209"
"16165.406733708","6181.855037689209","6181.855037689209","6181.855037689209"
"16175.408187512","6181.855037689209","6181.855037689209","6181.855037689209"
"16185.407043997","6181.855041503906","6181.855041503906","6181.855041503906"
"16195.408021702","6181.855041503906","6181.855041503906","6181.855041503906"
"16205.407428243","6181.855041503906","6181.855041503906","6181.855041503906"
"16215.407137903","6181.855041503906","6181.855041503906","6181.855041503906"
"16225.407459686","6181.8550453186035","6181.8550453186035","6181.8550453186035"
"16235.407315882","6181.8550453186035","6181.8550453186035","6181.8550453186035"
"16245.406963497","6181.8550453186035","6181.8550453186035","6181.8550453186035"
"16255.407202693","6181.8550453186035","6181.8550453186035","6181.8550453186035"
"16265.406660532","6181.855049133301","6181.855049133301","6181.855049133301"
"16275.407116243","6181.855049133301","6181.855049133301","6181.855049133301"
"16285.406890764","6181.855049133301","6181.855049133301","6181.855049133301"
"16295.407106163","6181.855049133301","6181.855049133301","6181.855049133301"
"16305.407411718","6181.855049133301","6181.855049133301","6181.855049133301"
"16315.407732574","6181.855052947998","6181.855052947998","6181.855052947998"
"16325.407208721","6181.855052947998","6181.855052947998","6181.855052947998"
"16335.407305415","6181.855052947998","6181.855052947998","6181.855052947998"
"16345.406912608","6181.855056762695","6181.855056762695","6181.855056762695"
"16355.407804369","6181.855056762695","6181.855056762695","6181.855056762695"
"16365.407080438","6181.855056762695","6181.855056762695","6181.855056762695"
"16375.40691399","6181.855056762695","6181.855056762695","6181.855056762695"
"16385.407173103","6181.855056762695","6181.855056762695","6181.855056762695"
"16395.407731379","6181.855060577393","6181.855060577393","6181.855060577393"
"16405.407474016","6181.855060577393","6181.855060577393","6181.855060577393"
"16415.406908235","6181.855060577393","6181.855060577393","6181.855060577393"
"16425.406692298","6181.855060577393","6181.855060577393","6181.855060577393"
"16435.407675618","6181.855060577393","6181.855060577393","6181.855060577393"
"16445.407081102","6181.857368469238","6181.857368469238","6181.857368469238"
"16455.406738638","6181.857368469238","6181.857368469238","6181.857368469238"
"16465.407540467","6181.857368469238","6181.857368469238","6181.857368469238"
"16475.407043997","6181.857368469238","6181.857368469238","6181.857368469238"
"16485.407034263","6181.857372283936","6181.857372283936","6181.857372283936"
"16495.406869324","6181.857372283936","6181.857372283936","6181.857372283936"
"16505.407264861","6181.857376098633","6181.857376098633","6181.857376098633"
"16515.406936487","6181.857376098633","6181.857376098633","6181.857376098633"
"16525.407677369","6181.857376098633","6181.857376098633","6181.857376098633"
"16535.406695411","6181.857376098633","6181.857376098633","6181.857376098633"
"16545.40736575","6181.85737991333","6181.85737991333","6181.85737991333"
"16555.407531632","6181.85737991333","6181.85737991333","6181.85737991333"
"16565.407233259","6181.85737991333","6181.85737991333","6181.85737991333"
"16575.407532746","6181.85737991333","6181.85737991333","6181.85737991333"
"16585.407434986","6181.85737991333","6181.85737991333","6181.85737991333"
"16595.407659754","6181.857383728027","6181.857383728027","6181.857383728027"
"16605.407790909","6181.857383728027","6181.857383728027","6181.857383728027"
"16615.407412759","6181.857383728027","6181.857383728027","6181.857383728027"
"16625.40723941","6181.857383728027","6181.857383728027","6181.857383728027"
"16635.407497541","6181.857383728027","6181.857383728027","6181.857383728027"
"16645.407250429","6181.857387542725","6181.857387542725","6181.857387542725"
"16655.407198435","6181.857387542725","6181.857387542725","6181.857387542725"
"16665.406953191","6181.857387542725","6181.857387542725","6181.857387542725"
"16675.407708081","6181.857387542725","6181.857387542725","6181.857387542725"
"16685.407480682","6181.857391357422","6181.857391357422","6181.857391357422"
"16695.407823328","6181.857391357422","6181.857391357422","6181.857391357422"
"16705.407136055","6181.857391357422","6181.857391357422","6181.857391357422"
"16715.407611854","6181.857391357422","6181.857391357422","6181.857391357422"
"16725.406839579","6181.857391357422","6181.857391357422","6181.857391357422"
"16735.407407989","6181.857391357422","6181.857391357422","6181.857391357422"
"16745.407574821","6181.857395172119","6181.857395172119","6181.857395172119"
"16755.407315527","6181.857395172119","6181.857395172119","6181.857395172119"
"16765.407094449","6181.857395172119","6181.857395172119","6181.857395172119"
"16775.4073289","6181.857395172119","6181.857395172119","6181.857395172119"
"16785.407875646","6181.857395172119","6181.857395172119","6181.857395172119"
"16795.407777286","6181.857398986816","6181.857398986816","6181.857398986816"
"16805.407288956","6181.857398986816","6181.857398986816","6181.857398986816"
"16815.406724382","6181.857398986816","6181.857398986816","6181.857398986816"
"16825.407625646","6181.857398986816","6181.857398986816","6181.857398986816"
"16835.406892269","6181.857402801514","6181.857402801514","6181.857402801514"
"16845.407603067","6181.857402801514","6181.857402801514","6181.857402801514"
"16855.407219729","6181.857402801514","6181.857402801514","6181.857402801514"
"16865.406841417","6181.857402801514","6181.857402801514","6181.857402801514"
"16875.407652078","6181.857402801514","6181.857402801514","6181.857402801514"
"16885.406777453","6181.857406616211","6181.857406616211","6181.857406616211"
"16895.407137066","6181.857406616211","6181.857406616211","6181.857406616211"
"16905.407280211","6181.857406616211","6181.857406616211","6181.857406616211"
"16915.408551919","6181.857406616211","6181.857406616211","6181.857406616211"
"16925.406849112","6181.857406616211","6181.857406616211","6181.857406616211"
"16935.407213645","6181.857406616211","6181.857406616211","6181.857406616211"
"16945.407460101","6181.857410430908","6181.857410430908","6181.857410430908"
"16955.407584626","6181.857410430908","6181.857410430908","6181.857410430908"
"16965.407073394","6181.857410430908","6181.857410430908","6181.857410430908"
"16975.407164896","6181.857410430908","6181.857410430908","6181.857410430908"
"16985.406737731","6181.857410430908","6181.857410430908","6181.857410430908"
"16995.407596426","6181.8574142456055","6181.8574142456055","6181.8574142456055"
"17005.407271546","6181.8574142456055","6181.8574142456055","6181.8574142456055"
"17015.407358327","6181.8574142456055","6181.8574142456055","6181.8574142456055"
"17025.407413509","6181.8574142456055","6181.8574142456055","6181.8574142456055"
"17035.408337546","6181.857418060303","6181.857418060303","6181.857418060303"
"17045.407702517","6181.857418060303","6181.857418060303","6181.857418060303"
"17055.407664503","6181.857418060303","6181.857418060303","6181.857418060303"
"17065.406893783","6181.857421875","6181.857421875","6181.857421875"
"17075.40710197","6181.857421875","6181.857421875","6181.857421875"
"17085.407415739","6181.857421875","6181.857421875","6181.857421875"
"17095.40717203","6181.857425689697","6181.857425689697","6181.857425689697"
"17105.40665623","6181.857425689697","6181.857425689697","6181.857425689697"
"17115.406746041","6181.857425689697","6181.857425689697","6181.857425689697"
"17125.406836087","6181.857425689697","6181.857425689697","6181.857425689697"
"17135.407703241","6181.8574295043945","6181.8574295043945","6181.8574295043945"
"17145.407212729","6181.8574295043945","6181.8574295043945","6181.8574295043945"
"17155.407921168","6181.8574295043945","6181.8574295043945","6181.8574295043945"
"17165.407634914","6181.8574295043945","6181.8574295043945","6181.8574295043945"
"17175.406901862","6181.8574295043945","6181.8574295043945","6181.8574295043945"
"17185.407149331","6181.857433319092","6181.857433319092","6181.857433319092"
"17195.406722533","6181.857433319092","6181.857433319092","6181.857433319092"
"17205.407048973","6181.857433319092","6181.857433319092","6181.857433319092"
"17215.407729706","6181.857433319092","6181.857433319092","6181.857433319092"
"17225.407150424","6181.857437133789","6181.857437133789","6181.857437133789"
"17235.407653639","6181.857437133789","6181.857437133789","6181.857437133789"
"17245.407046544","6181.857437133789","6181.857437133789","6181.857437133789"
"17255.407824148","6181.857437133789","6181.857437133789","6181.857437133789"
"17265.406679476","6181.857437133789","6181.857437133789","6181.857437133789"
"17275.407296966","6181.857440948486","6181.857440948486","6181.857440948486"
"17285.407370579","6181.857440948486","6181.857440948486","6181.857440948486"
"17295.407283167","6181.857440948486","6181.857440948486","6181.857440948486"
"17305.406769798","6181.857440948486","6181.857440948486","6181.857440948486"
"17315.406716714","6181.857440948486","6181.857440948486","6181.857440948486"
"17325.407238744","6181.857444763184","6181.857444763184","6181.857444763184"
"17335.40764377","6181.857444763184","6181.857444763184","6181.857444763184"
"17345.406715558","6181.857444763184","6181.857444763184","6181.857444763184"
"17355.406901152","6181.857444763184","6181.857444763184","6181.857444763184"
"17365.407569278","6181.857448577881","6181.857448577881","6181.857448577881"
"17375.407670222","6181.857448577881","6181.857448577881","6181.857448577881"
"17385.407451161","6181.857448577881","6181.857448577881","6181.857448577881"
"17395.407610816","6181.857448577881","6181.857448577881","6181.857448577881"
"17405.407333951","6181.857452392578","6181.857452392578","6181.857452392578"
"17415.406595221","6181.857452392578","6181.857452392578","6181.857452392578"
"17425.407569608","6181.857452392578","6181.857452392578","6181.857452392578"
"17435.4071704","6181.857452392578","6181.857452392578","6181.857452392578"
"17445.407430667","6181.857456207275","6181.857456207275","6181.857456207275"
"17455.407533448","6181.857456207275","6181.857456207275","6181.857456207275"
"17465.406924076","6181.857456207275","6181.857456207275","6181.857456207275"
"17475.407036614","6181.857456207275","6181.857456207275","6181.857456207275"
"17485.407161902","6181.857456207275","6181.857456207275","6181.857456207275"
"17495.406896562","6181.857456207275","6181.857456207275","6181.857456207275"
"17505.406725826","6181.857460021973","6181.857460021973","6181.857460021973"
"17515.407830484","6181.857460021973","6181.857460021973","6181.857460021973"
"17525.40769222","6181.857460021973","6181.857460021973","6181.857460021973"
"17535.407361897","6181.857460021973","6181.857460021973","6181.857460021973"
"17545.407719341","6181.857460021973","6181.857460021973","6181.857460021973"
"17555.407437723","6181.85746383667","6181.85746383667","6181.85746383667"
"17565.407369595","6181.85746383667","6181.85746383667","6181.85746383667"
"17575.40756439","6181.85746383667","6181.85746383667","6181.85746383667"
"17585.407272105","6181.85746383667","6181.85746383667","6181.85746383667"
"17595.411025905","6181.857467651367","6181.857467651367","6181.857467651367"
"17605.407635584","6181.857467651367","6181.857467651367","6181.857467651367"
"17615.406867458","6181.857467651367","6181.857467651367","6181.857467651367"
"17625.406887297","6181.857467651367","6181.857467651367","6181.857467651367"
"17635.40740062","6181.857467651367","6181.857467651367","6181.857467651367"
"17645.407312348","6181.857471466064","6181.857471466064","6181.857471466064"
"17655.406688894","6181.857471466064","6181.857471466064","6181.857471466064"
"17665.406917018","6181.857471466064","6181.857471466064","6181.857471466064"
"17675.406689024","6181.857471466064","6181.857471466064","6181.857471466064"
"17685.40699502","6181.857475280762","6181.857475280762","6181.857475280762"
"17695.40701136","6181.857475280762","6181.857475280762","6181.857475280762"
"17705.407014207","6181.857475280762","6181.857475280762","6181.857475280762"
"17715.406619646","6181.857479095459","6181.857479095459","6181.857479095459"
"17725.407361079","6181.857479095459","6181.857479095459","6181.857479095459"
"17735.406795085","6181.857479095459","6181.857479095459","6181.857479095459"
"17745.407751148","6181.857479095459","6181.857479095459","6181.857479095459"
"17755.407374943","6181.857482910156","6181.857482910156","6181.857482910156"
"17765.407219512","6181.857482910156","6181.857482910156","6181.857482910156"
"17775.406877682","6181.857482910156","6181.857482910156","6181.857482910156"
"17785.407155756","6181.8574867248535","6181.8574867248535","6181.8574867248535"
"17795.407624813","6181.8574867248535","6181.8574867248535","6181.8574867248535"
"17805.407292422","6181.8574867248535","6181.8574867248535","6181.8574867248535"
"17815.407842781","6181.8574867248535","6181.8574867248535","6181.8574867248535"
"17825.40662054","6181.8574867248535","6181.8574867248535","6181.8574867248535"
"17835.407451251","6181.857490539551","6181.857490539551","6181.857490539551"
"17845.407577579","6181.857490539551","6181.857490539551","6181.857490539551"
"17855.407668609","6181.857490539551","6181.857490539551","6181.857490539551"
"17865.407021064","6181.857490539551","6181.857490539551","6181.857490539551"
"17875.407486786","6181.857490539551","6181.857490539551","6181.857490539551"
"17885.40769137","6181.857494354248","6181.857494354248","6181.857494354248"
"17895.406948149","6181.857494354248","6181.857494354248","6181.857494354248"
"17905.406977747","6181.857494354248","6181.857494354248","6181.857494354248"
"17915.406870944","6181.857494354248","6181.857494354248","6181.857494354248"
"17925.407784051","6181.857498168945","6181.857498168945","6181.857498168945"
"17935.40767996","6181.857498168945","6181.857498168945","6181.857498168945"
"17945.407682148","6181.857498168945","6181.857498168945","6181.857498168945"
"17955.407784469","6181.857498168945","6181.857498168945","6181.857498168945"
"17965.407386993","6181.857501983643","6181.857501983643","6181.857501983643"
"17975.407226491","6181.857501983643","6181.857501983643","6181.857501983643"
"17985.40687516","6181.857501983643","6181.857501983643","6181.857501983643"
"17995.407567821","6181.857501983643","6181.857501983643","6181.857501983643"
"18005.40699034","6181.85750579834","6181.85750579834","6181.85750579834"
"18015.407575732","6181.85750579834","6181.85750579834","6181.85750579834"
"18025.407376012","6181.85750579834","6181.85750579834","6181.85750579834"
"18035.407778947","6181.85750579834","6181.85750579834","6181.85750579834"
"18045.407369119","6181.85750579834","6181.85750579834","6181.85750579834"
"18055.407254419","6181.85750579834","6181.85750579834","6181.85750579834"
"18065.406797983","6181.857509613037","6181.857509613037","6181.857509613037"
"18075.407232859","6181.857509613037","6181.857509613037","6181.857509613037"
"18085.40733862","6181.857509613037","6181.857509613037","6181.857509613037"
"18095.407743581","6181.857509613037","6181.857509613037","6181.857509613037"
"18105.407177698","6181.857509613037","6181.857509613037","6181.857509613037"
"18115.407190479","6181.857509613037","6181.857509613037","6181.857509613037"
"18125.407249356","6181.857513427734","6181.857513427734","6181.857513427734"
"18135.406580426","6181.857513427734","6181.857513427734","6181.857513427734"
"18145.407219782","6181.857517242432","6181.857517242432","6181.857517242432"
"18155.407171893","6181.857517242432","6181.857517242432","6181.857517242432"
"18165.407323499","6181.857521057129","6181.857521057129","6181.857521057129"
"18175.407828129","6181.857521057129","6181.857521057129","6181.857521057129"
"18185.407588122","6181.857521057129","6181.857521057129","6181.857521057129"
"18195.407633552","6181.857524871826","6181.857524871826","6181.857524871826"
"18205.407254533","6181.857524871826","6181.857524871826","6181.857524871826"
"18215.407279433","6181.857524871826","6181.857524871826","6181.857524871826"
"18225.407075812","6181.857524871826","6181.857524871826","6181.857524871826"
"18235.407969141","6181.857524871826","6181.857524871826","6181.857524871826"
"18245.407320669","6181.857528686523","6181.857528686523","6181.857528686523"
"18255.407238657","6181.857528686523","6181.857528686523","6181.857528686523"
"18265.407424401","6181.857528686523","6181.857528686523","6181.857528686523"
"18275.407328244","6181.857528686523","6181.857528686523","6181.857528686523"
"18285.407913952","6181.857528686523","6181.857528686523","6181.857528686523"
"18295.407362045","6181.857532501221","6181.857532501221","6181.857532501221"
"18305.407358037","6181.857532501221","6181.857532501221","6181.857532501221"
"18315.408434661","6181.857532501221","6181.857532501221","6181.857532501221"
"18325.407224551","6181.857532501221","6181.857532501221","6181.857532501221"
"18335.406691623","6181.857532501221","6181.857532501221","6181.857532501221"
"18345.406892166","6181.857536315918","6181.857536315918","6181.857536315918"
"18355.407187294","6181.857536315918","6181.857536315918","6181.857536315918"
"18365.407696724","6181.857536315918","6181.857536315918","6181.857536315918"
"18375.407639549","6181.857536315918","6181.857536315918","6181.857536315918"
"18385.407721529","6181.857536315918","6181.857536315918","6181.857536315918"
"18395.406940789","6181.857540130615","6181.857540130615","6181.857540130615"
"18405.407007027","6181.857540130615","6181.857540130615","6181.857540130615"
"18415.407317026","6181.857540130615","6181.857540130615","6181.857540130615"
"18425.407749973","6181.8575439453125","6181.8575439453125","6181.8575439453125"
"18435.406851205","6181.8575439453125","6181.8575439453125","6181.8575439453125"
"18445.407634936","6181.8575439453125","6181.8575439453125","6181.8575439453125"
"18455.407307732","6181.8575439453125","6181.8575439453125","6181.8575439453125"
"18465.407562087","6181.85754776001","6181.85754776001","6181.85754776001"
"18475.407282386","6181.85754776001","6181.85754776001","6181.85754776001"
"18485.406755504","6181.85754776001","6181.85754776001","6181.85754776001"
"18495.407011989","6181.85754776001","6181.85754776001","6181.85754776001"
"18505.406731474","6181.85754776001","6181.85754776001","6181.85754776001"
"18515.407603184","6181.857551574707","6181.857551574707","6181.857551574707"
"18525.407344047","6181.857551574707","6181.857551574707","6181.857551574707"
"18535.406947356","6181.857551574707","6181.857551574707","6181.857551574707"
"18545.407201125","6181.857551574707","6181.857551574707","6181.857551574707"
"18555.407017393","6181.857555389404","6181.857555389404","6181.857555389404"
"18565.407705777","6181.857555389404","6181.857555389404","6181.857555389404"
"18575.406972743","6181.857555389404","6181.857555389404","6181.857555389404"
"18585.406804157","6181.857555389404","6181.857555389404","6181.857555389404"
"18595.406948874","6181.857559204102","6181.857559204102","6181.857559204102"
"18605.407672336","6181.857559204102","6181.857559204102","6181.857559204102"
"18615.407398334","6181.857559204102","6181.857559204102","6181.857559204102"
"18625.407774949","6181.857559204102","6181.857559204102","6181.857559204102"
"18635.407403279","6181.857563018799","6181.857563018799","6181.857563018799"
"18645.406639645","6181.857563018799","6181.857563018799","6181.857563018799"
"18655.407374734","6181.857563018799","6181.857563018799","6181.857563018799"
"18665.407420504","6181.857563018799","6181.857563018799","6181.857563018799"
"18675.40703296","6181.857563018799","6181.857563018799","6181.857563018799"
"18685.406792969","6181.857566833496","6181.857566833496","6181.857566833496"
"18695.406724941","6181.857566833496","6181.857566833496","6181.857566833496"
"18705.406748097","6181.857566833496","6181.857566833496","6181.857566833496"
"18715.406779","6181.857566833496","6181.857566833496","6181.857566833496"
"18725.407971105","6181.857566833496","6181.857566833496","6181.857566833496"
"18735.407236528","6181.857570648193","6181.857570648193","6181.857570648193"
"18745.407436672","6181.857570648193","6181.857570648193","6181.857570648193"
"18755.407799833","6181.857570648193","6181.857570648193","6181.857570648193"
"18765.407492615","6181.857574462891","6181.857574462891","6181.857574462891"
"18775.406899716","6181.857574462891","6181.857574462891","6181.857574462891"
"18785.406681368","6181.857574462891","6181.857574462891","6181.857574462891"
"18795.407936789","6181.857578277588","6181.857578277588","6181.857578277588"
"18805.407331853","6181.857578277588","6181.857578277588","6181.857578277588"
"18815.407447313","6181.857578277588","6181.857578277588","6181.857578277588"
"18825.406667472","6181.857578277588","6181.857578277588","6181.857578277588"
"18835.407576336","6181.857578277588","6181.857578277588","6181.857578277588"
"18845.407142239","6181.857582092285","6181.857582092285","6181.857582092285"
"18855.407072351","6181.857582092285","6181.857582092285","6181.857582092285"
"18865.407468955","6181.857582092285","6181.857582092285","6181.857582092285"
"18875.407279831","6181.857582092285","6181.857582092285","6181.857582092285"
"18885.406660316","6181.857582092285","6181.857582092285","6181.857582092285"
"18895.40709884","6181.857585906982","6181.857585906982","6181.857585906982"
"18905.407312208","6181.857585906982","6181.857585906982","6181.857585906982"
"18915.407096986","6181.85758972168","6181.85758972168","6181.85758972168"
"18925.408014813","6181.85758972168","6181.85758972168","6181.85758972168"
"18935.407536385","6181.85758972168","6181.85758972168","6181.85758972168"
"18945.40687362","6181.85758972168","6181.85758972168","6181.85758972168"
"18955.406854234","6181.857593536377","6181.857593536377","6181.857593536377"
"18965.407180594","6181.857597351074","6181.857597351074","6181.857597351074"
"18975.406618375","6181.857597351074","6181.857597351074","6181.857597351074"
"18985.40748958","6181.857597351074","6181.857597351074","6181.857597351074"
"18995.407605376","6181.857597351074","6181.857597351074","6181.857597351074"
"19005.406791179","6181.8576011657715","6181.8576011657715","6181.8576011657715"
"19015.407092357","6181.8576011657715","6181.8576011657715","6181.8576011657715"
"19025.407623714","6181.857604980469","6181.857604980469","6181.857604980469"
"19035.406734367","6181.857604980469","6181.857604980469","6181.857604980469"
"19045.406989503","6181.857604980469","6181.857604980469","6181.857604980469"
"19055.407052023","6181.857608795166","6181.857608795166","6181.857608795166"
"19065.407641448","6181.857608795166","6181.857608795166","6181.857608795166"
"19075.406939969","6181.857608795166","6181.857608795166","6181.857608795166"
"19085.407713686","6181.857608795166","6181.857608795166","6181.857608795166"
"19095.407581459","6181.857612609863","6181.857612609863","6181.857612609863"
"19105.407642728","6181.857612609863","6181.857612609863","6181.857612609863"
"19115.406586856","6181.857612609863","6181.857612609863","6181.857612609863"
"19125.40770508","6181.857616424561","6181.857616424561","6181.857616424561"
"19135.407441778","6181.857616424561","6181.857616424561","6181.857616424561"
"19145.407429336","6181.857616424561","6181.857616424561","6181.857616424561"
"19155.40761036","6181.857616424561","6181.857616424561","6181.857616424561"
"19165.407706539","6181.857620239258","6181.857620239258","6181.857620239258"
"19175.407869118","6181.857620239258","6181.857620239258","6181.857620239258"
"19185.407497849","6181.857620239258","6181.857620239258","6181.857620239258"
"19195.407283041","6181.857620239258","6181.857620239258","6181.857620239258"
"19205.40676655","6181.857620239258","6181.857620239258","6181.857620239258"
"19215.407100957","6181.857624053955","6181.857624053955","6181.857624053955"
"19225.407649136","6181.857624053955","6181.857624053955","6181.857624053955"
"19235.407047004","6181.857624053955","6181.857624053955","6181.857624053955"
"19245.407479416","6181.857624053955","6181.857624053955","6181.857624053955"
"19255.407462351","6181.857624053955","6181.857624053955","6181.857624053955"
"19265.406776872","6181.857627868652","6181.857627868652","6181.857627868652"
"19275.407046529","6181.857627868652","6181.857627868652","6181.857627868652"
"19285.406812274","6181.857627868652","6181.857627868652","6181.857627868652"
"19295.407491045","6181.857627868652","6181.857627868652","6181.857627868652"
"19305.406915805","6181.857627868652","6181.857627868652","6181.857627868652"
"19315.407317149","6181.85763168335","6181.85763168335","6181.85763168335"
"19325.407219103","6181.85763168335","6181.85763168335","6181.85763168335"
"19335.407858292","6181.85763168335","6181.85763168335","6181.85763168335"
"19345.407366598","6181.85763168335","6181.85763168335","6181.85763168335"
"19355.407287681","6181.85763168335","6181.85763168335","6181.85763168335"
"19365.407543298","6181.857635498047","6181.857635498047","6181.857635498047"
"19375.407412114","6181.857635498047","6181.857635498047","6181.857635498047"
"19385.407346289","6181.857635498047","6181.857635498047","6181.857635498047"
"19395.406966188","6181.857635498047","6181.857635498047","6181.857635498047"
"19405.407212772","6181.857635498047","6181.857635498047","6181.857635498047"
"19415.406782919","6181.857639312744","6181.857639312744","6181.857639312744"
"19425.407162843","6181.857639312744","6181.857639312744","6181.857639312744"
"19435.407511725","6181.857639312744","6181.857639312744","6181.857639312744"
"19445.407355705","6181.857639312744","6181.857639312744","6181.857639312744"
"19455.407412338","6181.857643127441","6181.857643127441","6181.857643127441"
"19465.406778566","6181.857643127441","6181.857643127441","6181.857643127441"
"19475.40710523","6181.857643127441","6181.857643127441","6181.857643127441"
"19485.407725302","6181.857646942139","6181.857646942139","6181.857646942139"
"19495.407287705","6181.875324249268","6181.875324249268","6181.875324249268"
"19505.407737317","6181.875324249268","6181.875324249268","6181.875324249268"
"19515.407156505","6181.875324249268","6181.875324249268","6181.875324249268"
"19525.407620024","6181.875324249268","6181.875324249268","6181.875324249268"
"19535.407177652","6181.875328063965","6181.875328063965","6181.875328063965"
"19545.407378396","6181.875328063965","6181.875328063965","6181.875328063965"
"19555.407417433","6181.875328063965","6181.875328063965","6181.875328063965"
"19565.407396404","6181.875328063965","6181.875328063965","6181.875328063965"
"19575.407296505","6181.875331878662","6181.875331878662","6181.875331878662"
"19585.407348925","6181.875331878662","6181.875331878662","6181.875331878662"
"19595.407901743","6181.875331878662","6181.875331878662","6181.875331878662"
"19605.407219483","6181.875331878662","6181.875331878662","6181.875331878662"
"19615.407204685","6181.875331878662","6181.875331878662","6181.875331878662"
"19625.407801439","6181.875335693359","6181.875335693359","6181.875335693359"
"19635.407035656","6181.875335693359","6181.875335693359","6181.875335693359"
"19645.407492717","6181.875335693359","6181.875335693359","6181.875335693359"
"19655.406664902","6181.875335693359","6181.875335693359","6181.875335693359"
"19665.406800703","6181.875335693359","6181.875335693359","6181.875335693359"
"19675.406881467","6181.875339508057","6181.875339508057","6181.875339508057"
"19685.407239571","6181.875339508057","6181.875339508057","6181.875339508057"
"19695.407300226","6181.875339508057","6181.875339508057","6181.875339508057"
"19705.407635617","6181.875339508057","6181.875339508057","6181.875339508057"
"19715.407389189","6181.875339508057","6181.875339508057","6181.875339508057"
"19725.406886045","6181.875343322754","6181.875343322754","6181.875343322754"
"19735.40724417","6181.875343322754","6181.875343322754","6181.875343322754"
"19745.407350594","6181.875347137451","6181.875347137451","6181.875347137451"
"19755.407120753","6181.875347137451","6181.875347137451","6181.875347137451"
"19765.407689821","6181.875350952148","6181.875350952148","6181.875350952148"
"19775.407333829","6181.875350952148","6181.875350952148","6181.875350952148"
"19785.407082471","6181.875350952148","6181.875350952148","6181.875350952148"
"19795.407324525","6181.875350952148","6181.875350952148","6181.875350952148"
"19805.407417279","6181.875350952148","6181.875350952148","6181.875350952148"
"19815.407695929","6181.875354766846","6181.875354766846","6181.875354766846"
"19825.40736055","6181.875354766846","6181.875354766846","6181.875354766846"
"19835.406666718","6181.875354766846","6181.875354766846","6181.875354766846"
"19845.407104233","6181.875354766846","6181.875354766846","6181.875354766846"
"19855.407192982","6181.875354766846","6181.875354766846","6181.875354766846"
"19865.406743769","6181.875354766846","6181.875354766846","6181.875354766846"
"19875.40743449","6181.875354766846","6181.875354766846","6181.875354766846"
"19885.406965019","6181.875354766846","6181.875354766846","6181.875354766846"
"19895.407715345","6181.875354766846","6181.875354766846","6181.875354766846"
"19905.407780877","6181.875354766846","6181.875354766846","6181.875354766846"
"19915.407775512","6181.875354766846","6181.875354766846","6181.875354766846"
"19925.407793326","6181.875354766846","6181.875354766846","6181.875354766846"
"19935.407314363","6181.875354766846","6181.875354766846","6181.875354766846"
"19945.407270991","6181.875354766846","6181.875354766846","6181.875354766846"
"19955.407458666","6181.875354766846","6181.875354766846","6181.875354766846"
"19965.407511529","6181.875354766846","6181.875354766846","6181.875354766846"
"19975.406825539","6181.875354766846","6181.875354766846","6181.875354766846"
"19985.407260586","6181.875354766846","6181.875354766846","6181.875354766846"
"19995.408345142","6181.875354766846","6181.875354766846","6181.875354766846"
"20005.407410917","6181.875354766846","6181.875354766846","6181.875354766846"
"20015.406876678","6181.875354766846","6181.875354766846","6181.875354766846"
"20025.40723701","6181.875354766846","6181.875354766846","6181.875354766846"
"20035.407455305","6181.875354766846","6181.875354766846","6181.875354766846"
"20045.407180782","6181.875354766846","6181.875354766846","6181.875354766846"
"20055.407480474","6181.875354766846","6181.875354766846","6181.875354766846"
"20065.407406169","6181.875354766846","6181.875354766846","6181.875354766846"
"20075.406543809","6181.875354766846","6181.875354766846","6181.875354766846"
"20085.407751767","6181.875354766846","6181.875354766846","6181.875354766846"
"20095.407263588","6181.875354766846","6181.875354766846","6181.875354766846"
"20105.407626839","6181.875354766846","6181.875354766846","6181.875354766846"
"20115.407497068","6181.875358581543","6181.875358581543","6181.875358581543"
"20125.406934745","6181.875358581543","6181.875358581543","6181.875358581543"
"20135.407307117","6181.875358581543","6181.875358581543","6181.875358581543"
"20145.406700789","6181.875358581543","6181.875358581543","6181.875358581543"
"20155.406893812","6181.875358581543","6181.875358581543","6181.875358581543"
"20165.407588924","6181.875358581543","6181.875358581543","6181.875358581543"
"20175.406879891","6181.875358581543","6181.875358581543","6181.875358581543"
"20185.407524413","6181.875358581543","6181.875358581543","6181.875358581543"
"20195.406989949","6181.875358581543","6181.875358581543","6181.875358581543"
"20205.406569134","6181.87536239624","6181.87536239624","6181.87536239624"
"20215.406905945","6181.87536239624","6181.87536239624","6181.87536239624"
"20225.407372677","6181.875370025635","6181.875370025635","6181.875370025635"
"20235.407444918","6181.875370025635","6181.875370025635","6181.875370025635"
"20245.407486216","6181.875370025635","6181.875370025635","6181.875370025635"
"20255.407495868","6181.875373840332","6181.875373840332","6181.875373840332"
"20265.407875499","6181.875373840332","6181.875373840332","6181.875373840332"
"20275.406987817","6181.875373840332","6181.875373840332","6181.875373840332"
"20285.407378722","6181.875373840332","6181.875373840332","6181.875373840332"
"20295.407245304","6181.875373840332","6181.875373840332","6181.875373840332"
"20305.406889966","6181.875377655029","6181.875377655029","6181.875377655029"
"20315.407039021","6181.875377655029","6181.875377655029","6181.875377655029"
"20325.406849063","6181.875377655029","6181.875377655029","6181.875377655029"
"20335.40686125","6181.875377655029","6181.875377655029","6181.875377655029"
"20345.407130124","6181.875381469727","6181.875381469727","6181.875381469727"
"20355.407432895","6181.875381469727","6181.875381469727","6181.875381469727"
"20365.407750843","6181.875381469727","6181.875381469727","6181.875381469727"
"20375.406976821","6181.875381469727","6181.875381469727","6181.875381469727"
"20385.407811674","6181.875381469727","6181.875381469727","6181.875381469727"
"20395.407462359","6181.875381469727","6181.875381469727","6181.875381469727"
"20405.407611138","6181.875385284424","6181.875385284424","6181.875385284424"
"20415.407642158","6181.875385284424","6181.875385284424","6181.875385284424"
"20425.407542573","6181.875385284424","6181.875385284424","6181.875385284424"
"20435.407274042","6181.875385284424","6181.875385284424","6181.875385284424"
"20445.406980683","6181.875385284424","6181.875385284424","6181.875385284424"
"20455.40673517","6181.875385284424","6181.875385284424","6181.875385284424"
"20465.407070454","6181.875389099121","6181.875389099121","6181.875389099121"
"20475.407104666","6181.875389099121","6181.875389099121","6181.875389099121"
"20485.406787485","6181.875389099121","6181.875389099121","6181.875389099121"
"20495.407544692","6181.875389099121","6181.875389099121","6181.875389099121"
"20505.407391248","6181.875392913818","6181.875392913818","6181.875392913818"
"20515.407234451","6181.875392913818","6181.875392913818","6181.875392913818"
"20525.407313822","6181.875392913818","6181.875392913818","6181.875392913818"
"20535.406950574","6181.875392913818","6181.875392913818","6181.875392913818"
"20545.406789967","6181.875396728516","6181.875396728516","6181.875396728516"
"20555.407616561","6181.875396728516","6181.875396728516","6181.875396728516"
"20565.407251913","6181.875396728516","6181.875396728516","6181.875396728516"
"20575.407661826","6181.875396728516","6181.875396728516","6181.875396728516"
"20585.406865519","6181.875396728516","6181.875396728516","6181.875396728516"
"20595.407462771","6181.875400543213","6181.875400543213","6181.875400543213"
"20605.408020633","6181.875400543213","6181.875400543213","6181.875400543213"
"20615.407412548","6181.875400543213","6181.875400543213","6181.875400543213"
"20625.407901487","6181.875400543213","6181.875400543213","6181.875400543213"
"20635.407386132","6181.875400543213","6181.875400543213","6181.875400543213"
"20645.407138693","6181.87540435791","6181.87540435791","6181.87540435791"
"20655.407017757","6181.87540435791","6181.87540435791","6181.87540435791"
"20665.407541605","6181.87540435791","6181.87540435791","6181.87540435791"
"20675.407710412","6181.87540435791","6181.87540435791","6181.87540435791"
"20685.407811472","6181.87540435791","6181.87540435791","6181.87540435791"
"20695.407111557","6181.875408172607","6181.875408172607","6181.875408172607"
"20705.407679802","6181.875408172607","6181.875408172607","6181.875408172607"
"20715.406786822","6181.875408172607","6181.875408172607","6181.875408172607"
"20725.407591358","6181.875408172607","6181.875408172607","6181.875408172607"
"20735.407584332","6181.876712799072","6181.876712799072","6181.876712799072"
"20745.40757865","6181.8767166137695","6181.8767166137695","6181.8767166137695"
"20755.407501692","6181.8767166137695","6181.8767166137695","6181.8767166137695"
"20765.406867847","6181.8767166137695","6181.8767166137695","6181.8767166137695"
"20775.407578619","6181.8767166137695","6181.8767166137695","6181.8767166137695"
"20785.407576191","6181.876720428467","6181.876720428467","6181.876720428467"
"20795.407341212","6181.876720428467","6181.876720428467","6181.876720428467"
"20805.407405874","6181.876720428467","6181.876720428467","6181.876720428467"
"20815.406930584","6181.876724243164","6181.876724243164","6181.876724243164"
"20825.407581406","6181.876724243164","6181.876724243164","6181.876724243164"
"20835.406924164","6181.876728057861","6181.876728057861","6181.876728057861"
"20845.406934331","6181.876728057861","6181.876728057861","6181.876728057861"
"20855.407036479","6181.876728057861","6181.876728057861","6181.876728057861"
"20865.407219538","6181.876728057861","6181.876728057861","6181.876728057861"
"20875.40724772","6181.876728057861","6181.876728057861","6181.876728057861"
"20885.406986222","6181.876728057861","6181.876728057861","6181.876728057861"
"20895.408006241","6181.876728057861","6181.876728057861","6181.876728057861"
"20905.407352214","6181.876728057861","6181.876728057861","6181.876728057861"
"20915.407386504","6181.876728057861","6181.876728057861","6181.876728057861"
"20925.40747953","6181.876731872559","6181.876731872559","6181.876731872559"
"20935.407515256","6181.876731872559","6181.876731872559","6181.876731872559"
"20945.406898717","6181.876731872559","6181.876731872559","6181.876731872559"
"20955.406914747","6181.876731872559","6181.876731872559","6181.876731872559"
"20965.406825032","6181.876731872559","6181.876731872559","6181.876731872559"
"20975.407012034","6181.876735687256","6181.876735687256","6181.876735687256"
"20985.407968865","6181.876735687256","6181.876735687256","6181.876735687256"
"20995.406910833","6181.876735687256","6181.876735687256","6181.876735687256"
"21005.407007451","6181.876735687256","6181.876735687256","6181.876735687256"
"21015.407350611","6181.876735687256","6181.876735687256","6181.876735687256"
"21025.407363081","6181.876735687256","6181.876735687256","6181.876735687256"
"21035.407279322","6181.876739501953","6181.876739501953","6181.876739501953"
"21045.406602786","6181.876739501953","6181.876739501953","6181.876739501953"
"21055.406852803","6181.876739501953","6181.876739501953","6181.876739501953"
"21065.407578834","6181.87674331665","6181.87674331665","6181.87674331665"
"21075.407301358","6181.87674331665","6181.87674331665","6181.87674331665"
"21085.407726813","6181.87674331665","6181.87674331665","6181.87674331665"
"21095.406921466","6181.87674331665","6181.87674331665","6181.87674331665"
"21105.406953049","6181.87674331665","6181.87674331665","6181.87674331665"
"21115.406853564","6181.876747131348","6181.876747131348","6181.876747131348"
"21125.407762914","6181.876747131348","6181.876747131348","6181.876747131348"
"21135.408224157","6181.876747131348","6181.876747131348","6181.876747131348"
"21145.407042504","6181.876747131348","6181.876747131348","6181.876747131348"
"21155.407777443","6181.876747131348","6181.876747131348","6181.876747131348"
"21165.406988729","6181.876750946045","6181.876750946045","6181.876750946045"
"21175.406722601","6181.876750946045","6181.876750946045","6181.876750946045"
"21185.407455844","6181.876750946045","6181.876750946045","6181.876750946045"
"21195.40684494","6181.876750946045","6181.876750946045","6181.876750946045"
"21205.407456855","6181.876754760742","6181.876754760742","6181.876754760742"
"21215.406855533","6181.876754760742","6181.876754760742","6181.876754760742"
"21225.407734335","6181.876754760742","6181.876754760742","6181.876754760742"
"21235.407430548","6181.876754760742","6181.876754760742","6181.876754760742"
"21245.40760119","6181.876754760742","6181.876754760742","6181.876754760742"
"21255.406867519","6181.876758575439","6181.876758575439","6181.876758575439"
"21265.407651284","6181.876758575439","6181.876758575439","6181.876758575439"
"21275.407613143","6181.876758575439","6181.876758575439","6181.876758575439"
"21285.40762833","6181.876758575439","6181.876758575439","6181.876758575439"
"21295.407392372","6181.876758575439","6181.876758575439","6181.876758575439"
"21305.407113149","6181.876758575439","6181.876758575439","6181.876758575439"
"21315.407590156","6181.876762390137","6181.876762390137","6181.876762390137"
"21325.407199294","6181.876762390137","6181.876762390137","6181.876762390137"
"21335.406879078","6181.876762390137","6181.876762390137","6181.876762390137"
"21345.407605942","6181.876766204834","6181.876766204834","6181.876766204834"
"21355.406920344","6181.876766204834","6181.876766204834","6181.876766204834"
"21365.40734352","6181.876766204834","6181.876766204834","6181.876766204834"
"21375.406733917","6181.876770019531","6181.876770019531","6181.876770019531"
"21385.407571732","6181.8767738342285","6181.8767738342285","6181.8767738342285"
"21395.407487707","6181.8767738342285","6181.8767738342285","6181.8767738342285"
"21405.407453249","6181.876777648926","6181.876777648926","6181.876777648926"
"21415.407895178","6181.876777648926","6181.876777648926","6181.876777648926"
"21425.407663845","6181.876777648926","6181.876777648926","6181.876777648926"
"21435.407323045","6181.876777648926","6181.876777648926","6181.876777648926"
"21445.407020222","6181.876781463623","6181.876781463623","6181.876781463623"
"21455.407376316","6181.876781463623","6181.876781463623","6181.876781463623"
"21465.407268054","6181.876781463623","6181.876781463623","6181.876781463623"
"21475.407110642","6181.876781463623","6181.876781463623","6181.876781463623"
"21485.407641623","6181.87678527832","6181.87678527832","6181.87678527832"
"21495.40801289","6181.87678527832","6181.87678527832","6181.87678527832"
"21505.407393387","6181.87678527832","6181.87678527832","6181.87678527832"
"21515.407267953","6181.876789093018","6181.876789093018","6181.876789093018"
"21525.407187258","6181.876789093018","6181.876789093018","6181.876789093018"
"21535.406995259","6181.876789093018","6181.876789093018","6181.876789093018"
"21545.407528429","6181.876792907715","6181.876792907715","6181.876792907715"
"21555.407475997","6181.876792907715","6181.876792907715","6181.876792907715"
"21565.406684513","6181.876792907715","6181.876792907715","6181.876792907715"
"21575.407584436","6181.876792907715","6181.876792907715","6181.876792907715"
"21585.406907439","6181.876792907715","6181.876792907715","6181.876792907715"
"21595.407177279","6181.876792907715","6181.876792907715","6181.876792907715"
"21605.408123182","6181.876796722412","6181.876796722412","6181.876796722412"
"21615.407186971","6181.876796722412","6181.876796722412","6181.876796722412"
"21625.407183469","6181.876796722412","6181.876796722412","6181.876796722412"
"21635.407793873","6181.876800537109","6181.876800537109","6181.876800537109"
"21645.407368284","6181.876800537109","6181.876800537109","6181.876800537109"
"21655.407523141","6181.876800537109","6181.876800537109","6181.876800537109"
"21665.406888716","6181.876800537109","6181.876800537109","6181.876800537109"
"21675.407440869","6181.876800537109","6181.876800537109","6181.876800537109"
"21685.407915404","6181.876804351807","6181.876804351807","6181.876804351807"
"21695.407413785","6181.876804351807","6181.876804351807","6181.876804351807"
"21705.407157637","6181.876804351807","6181.876804351807","6181.876804351807"
"21715.406949355","6181.876804351807","6181.876804351807","6181.876804351807"
"21725.407360159","6181.876808166504","6181.876808166504","6181.876808166504"
"21735.406847632","6181.876808166504","6181.876808166504","6181.876808166504"
"21745.407687988","6181.876808166504","6181.876808166504","6181.876808166504"
"21755.407258374","6181.876808166504","6181.876808166504","6181.876808166504"
"21765.4076972","6181.876808166504","6181.876808166504","6181.876808166504"
"21775.40725709","6181.876811981201","6181.876811981201","6181.876811981201"
"21785.407047304","6181.876811981201","6181.876811981201","6181.876811981201"
"21795.407639259","6181.876811981201","6181.876811981201","6181.876811981201"
"21805.407567266","6181.876811981201","6181.876811981201","6181.876811981201"
"21815.407458738","6181.876815795898","6181.876815795898","6181.876815795898"
"21825.408110755","6181.876815795898","6181.876815795898","6181.876815795898"
"21835.40741308","6181.876815795898","6181.876815795898","6181.876815795898"
"21845.407280404","6181.876815795898","6181.876815795898","6181.876815795898"
"21855.406857132","6181.876815795898","6181.876815795898","6181.876815795898"
"21865.40731197","6181.876815795898","6181.876815795898","6181.876815795898"
"21875.40698523","6181.876819610596","6181.876819610596","6181.876819610596"
"21885.40690656","6181.876819610596","6181.876819610596","6181.876819610596"
"21895.40718082","6181.876823425293","6181.876823425293","6181.876823425293"
"21905.407302858","6181.876823425293","6181.876823425293","6181.876823425293"
"21915.407251428","6181.87682723999","6181.87682723999","6181.87682723999"
"21925.407412952","6181.87682723999","6181.87682723999","6181.87682723999"
"21935.407024105","6181.87682723999","6181.87682723999","6181.87682723999"
"21945.406925541","6181.87682723999","6181.87682723999","6181.87682723999"
"21955.406922889","6181.8768310546875","6181.8768310546875","6181.8768310546875"
"21965.407117095","6181.8768310546875","6181.8768310546875","6181.8768310546875"
"21975.407699596","6181.8768310546875","6181.8768310546875","6181.8768310546875"
"21985.407152657","6181.8768310546875","6181.8768310546875","6181.8768310546875"
"21995.406886978","6181.8768310546875","6181.8768310546875","6181.8768310546875"
"22005.407190804","6181.876834869385","6181.876834869385","6181.876834869385"
"22015.407311776","6181.876834869385","6181.876834869385","6181.876834869385"
"22025.407739979","6181.876834869385","6181.876834869385","6181.876834869385"
"22035.407076988","6181.876834869385","6181.876834869385","6181.876834869385"
"22045.407827292","6181.876838684082","6181.876838684082","6181.876838684082"
"22055.407464056","6181.876838684082","6181.876838684082","6181.876838684082"
"22065.407367361","6181.876838684082","6181.876838684082","6181.876838684082"
"22075.40696387","6181.876838684082","6181.876838684082","6181.876838684082"
"22085.40675663","6181.876842498779","6181.876842498779","6181.876842498779"
"22095.408162287","6181.876842498779","6181.876842498779","6181.876842498779"
"22105.40760249","6181.876846313477","6181.876846313477","6181.876846313477"
"22115.407269794","6181.876846313477","6181.876846313477","6181.876846313477"
"22125.407499478","6181.876846313477","6181.876846313477","6181.876846313477"
"22135.406957161","6181.876850128174","6181.876850128174","6181.876850128174"
"22145.407585026","6181.876850128174","6181.876850128174","6181.876850128174"
"22155.407185014","6181.876850128174","6181.876850128174","6181.876850128174"
"22165.407482097","6181.876850128174","6181.876850128174","6181.876850128174"
"22175.407580427","6181.876850128174","6181.876850128174","6181.876850128174"
"22185.407390525","6181.876853942871","6181.876853942871","6181.876853942871"
"22195.407489353","6181.876853942871","6181.876853942871","6181.876853942871"
"22205.407242766","6181.876857757568","6181.876857757568","6181.876857757568"
"22215.406752064","6181.876857757568","6181.876857757568","6181.876857757568"
"22225.406726278","6181.876857757568","6181.876857757568","6181.876857757568"
"22235.407387677","6181.876857757568","6181.876857757568","6181.876857757568"
"22245.407376562","6181.876857757568","6181.876857757568","6181.876857757568"
"22255.407283295","6181.876861572266","6181.876861572266","6181.876861572266"
"22265.406845363","6181.876861572266","6181.876861572266","6181.876861572266"
"22275.406823967","6181.876861572266","6181.876861572266","6181.876861572266"
"22285.407038832","6181.876861572266","6181.876861572266","6181.876861572266"
"22295.407616232","6181.876865386963","6181.876865386963","6181.876865386963"
"22305.407097112","6181.876865386963","6181.876865386963","6181.876865386963"
"22315.408462607","6181.876865386963","6181.876865386963","6181.876865386963"
"22325.407001544","6181.876865386963","6181.876865386963","6181.876865386963"
"22335.40681743","6181.876865386963","6181.876865386963","6181.876865386963"
"22345.406835016","6181.876865386963","6181.876865386963","6181.876865386963"
"22355.406995238","6181.87686920166","6181.87686920166","6181.87686920166"
"22365.406957573","6181.87686920166","6181.87686920166","6181.87686920166"
"22375.407029528","6181.87686920166","6181.87686920166","6181.87686920166"
"22385.407614842","6181.87686920166","6181.87686920166","6181.87686920166"
"22395.407328854","6181.876873016357","6181.876873016357","6181.876873016357"
"22405.407140212","6181.876873016357","6181.876873016357","6181.876873016357"
"22415.4072547","6181.876873016357","6181.876873016357","6181.876873016357"
"22425.40670434","6181.876873016357","6181.876873016357","6181.876873016357"
"22435.407404791","6181.876873016357","6181.876873016357","6181.876873016357"
"22445.407522657","6181.876873016357","6181.876873016357","6181.876873016357"
"22455.40773777","6181.876876831055","6181.876876831055","6181.876876831055"
"22465.407474888","6181.876876831055","6181.876876831055","6181.876876831055"
"22475.406891098","6181.876876831055","6181.876876831055","6181.876876831055"
"22485.407704843","6181.876876831055","6181.876876831055","6181.876876831055"
"22495.40753348","6181.876880645752","6181.876880645752","6181.876880645752"
"22505.407790277","6181.876880645752","6181.876880645752","6181.876880645752"
"22515.406708383","6181.876880645752","6181.876880645752","6181.876880645752"
"22525.407932487","6181.876880645752","6181.876880645752","6181.876880645752"
"22535.40671957","6181.876880645752","6181.876880645752","6181.876880645752"
"22545.408707363","6181.876884460449","6181.876884460449","6181.876884460449"
"22555.406883554","6181.876884460449","6181.876884460449","6181.876884460449"
"22565.407408159","6181.8768882751465","6181.8768882751465","6181.8768882751465"
"22575.407320767","6181.8768882751465","6181.8768882751465","6181.8768882751465"
"22585.407510981","6181.8768882751465","6181.8768882751465","6181.8768882751465"
"22595.407227084","6181.8768882751465","6181.8768882751465","6181.8768882751465"
"22605.407217258","6181.8768882751465","6181.8768882751465","6181.8768882751465"
"22615.40711476","6181.876892089844","6181.876892089844","6181.876892089844"
"22775.407648193","6181.876922607422","6181.876922607422","6181.876922607422"
"22785.407536074","6181.876964569092","6181.876964569092","6181.876964569092"
"22825.407486295","6181.8770179748535","6181.8770179748535","6181.8770179748535"
"22895.407786101","6181.983489990234","6181.983489990234","6181.983489990234"
"23165.40697289","6181.884803771973","6181.884803771973","6181.884803771973"
"23175.407007649","6181.884803771973","6181.884803771973","6181.884803771973"
"23735.407575793","6181.884868621826","6181.884868621826","6181.884868621826"
"23745.407739721","6182.009300231934","6182.009300231934","6182.009300231934"
"23755.407698113","6183.390518188477","6183.390518188477","6183.390518188477"
"23765.406806802","6183.390518188477","6183.390518188477","6183.390518188477"
"23775.407494261","6183.390552520752","6183.390552520752","6183.390552520752"
"23785.406834064","6183.390613555908","6183.390613555908","6183.390613555908"
"23795.407469798","6183.390613555908","6183.390613555908","6183.390613555908"
"23805.407088574","6183.390613555908","6183.390613555908","6183.390613555908"
"23815.407885601","6183.390613555908","6183.390613555908","6183.390613555908"
"23825.408247863","6179.249580383301","6179.249580383301","6179.249580383301"
"23835.407508983","6183.062328338623","6183.062328338623","6183.062328338623"
"23845.407192247","6185.857097625732","6185.857097625732","6185.857097625732"
"23855.407118657","6188.432559967041","6188.432559967041","6188.432559967041"
"23865.406986901","6190.74654006958","6190.74654006958","6190.74654006958"
"23875.407451795","6192.770050048828","6192.770050048828","6192.770050048828"
"23885.407478442","6194.613883972168","6194.613883972168","6194.613883972168"
"23895.406683603","6196.426452636719","6196.426452636719","6196.426452636719"
"23905.406920432","6196.895286560059","6196.895286560059","6196.895286560059"
"23915.40712031","6196.895286560059","6196.895286560059","6196.895286560059"
"23925.406680137","6196.895286560059","6196.895286560059","6196.895286560059"
"23935.407452572","6196.895286560059","6196.895286560059","6196.895286560059"
"23945.406718875","6196.895286560059","6196.895286560059","6196.895286560059"
"23955.406791654","6196.895290374756","6196.895290374756","6196.895290374756"
"23965.407482992","6196.895290374756","6196.895290374756","6196.895290374756"
"23975.41188232","6196.89529800415","6196.89529800415","6196.89529800415"
"23985.408216505","6196.895301818848","6196.895301818848","6196.895301818848"
"23995.407703978","6196.895309448242","6196.895309448242","6196.895309448242"
"24005.409707067","6196.895317077637","6196.895317077637","6196.895317077637"
"24015.407359001","6196.895324707031","6196.895324707031","6196.895324707031"
"24025.407175905","6196.8953285217285","6196.8953285217285","6196.8953285217285"
"24035.406599338","6191.539756774902","6191.539756774902","6191.539756774902"
"24185.40724674","6193.94202041626","6193.94202041626","6193.94202041626"
"24195.406651399","6196.89533996582","6196.89533996582","6196.89533996582"
"24205.407556662","6196.89533996582","6196.89533996582","6196.89533996582"
"24215.407227515","6196.89533996582","6196.89533996582","6196.89533996582"
"24225.40699002","6196.895404815674","6196.895404815674","6196.895404815674"
"24235.40778195","6196.895404815674","6196.895404815674","6196.895404815674"
"24365.406862063","6196.895435333252","6196.895435333252","6196.895435333252"
"24375.406884329","6196.890647888184","6196.890647888184","6196.890647888184"
"24385.40738392","6195.558090209961","6195.558090209961","6195.558090209961"
"24435.406862087","6195.558200836182","6195.558200836182","6195.558200836182"
"24445.407161338","6195.558200836182","6195.558200836182","6195.558200836182"
"24455.40737071","6195.558200836182","6195.558200836182","6195.558200836182"