"Relative Time (Process)","StudyAbroadGPT-7B - system/gpu.0.powerWatts","StudyAbroadGPT-7B - system/gpu.0.powerWatts__MIN","StudyAbroadGPT-7B - system/gpu.0.powerWatts__MAX"
"15.425162786","33.106","33.106","33.106"
"25.411170905","33.332","33.332","33.332"
"35.41650665","33.513","33.513","33.513"
"45.412082953","33.332","33.332","33.332"
"55.411647896","167.239","167.239","167.239"
"65.410750028","182.161","182.161","182.161"
"75.411987443","239.257","239.257","239.257"
"85.411154126","155.963","155.963","155.963"
"95.413444781","171.157","171.157","171.157"
"105.411745891","229.864","229.864","229.864"
"115.41526759","184.135","184.135","184.135"
"125.41274821","193.431","193.431","193.431"
"135.411143151","165.497","165.497","165.497"
"145.411460307","191.35","191.35","191.35"
"155.411179978","163.29","163.29","163.29"
"165.412856815","198.957","198.957","198.957"
"175.411718585","255.321","255.321","255.321"
"185.417926847","190.003","190.003","190.003"
"195.416734093","165.309","165.309","165.309"
"205.412168924","235.351","235.351","235.351"
"215.412241878","228.122","228.122","228.122"
"225.410963416","249.28","249.28","249.28"
"235.410916983","252.795","252.795","252.795"
"245.412930809","198.697","198.697","198.697"
"255.413412871","205.598","205.598","205.598"
"265.413962464","185.515","185.515","185.515"
"275.411847665","107.265","107.265","107.265"
"285.412324095","185.987","185.987","185.987"
"295.411800343","168.709","168.709","168.709"
"305.410990462","180.878","180.878","180.878"
"315.411803627","186.337","186.337","186.337"
"325.411617658","224.071","224.071","224.071"
"335.411659993","195.78","195.78","195.78"
"345.411543407","245.653","245.653","245.653"
"355.413576806","178.189","178.189","178.189"
"365.413375701","203.846","203.846","203.846"
"375.411880802","127.622","127.622","127.622"
"385.411386865","171.29","171.29","171.29"
"395.411922033","174.369","174.369","174.369"
"405.411579238","197.347","197.347","197.347"
"415.413208171","186.827","186.827","186.827"
"425.411391685","226.176","226.176","226.176"
"435.420564496","191.343","191.343","191.343"
"445.411278326","142.066","142.066","142.066"
"455.41154727","232.941","232.941","232.941"
"465.411873358","233.13","233.13","233.13"
"475.411543309","178.788","178.788","178.788"
"485.411307525","180.863","180.863","180.863"
"495.414186389","118.683","118.683","118.683"
"505.411627115","159.471","159.471","159.471"
"515.411643092","207.828","207.828","207.828"
"525.411536543","174.614","174.614","174.614"
"535.411961667","183.807","183.807","183.807"
"545.414903766","238.512","238.512","238.512"
"555.411574335","105.245","105.245","105.245"
"565.411605238","171.038","171.038","171.038"
"575.411886907","105.1","105.1","105.1"
"585.411148157","203.624","203.624","203.624"
"595.411790811","187.349","187.349","187.349"
"605.412844287","260.173","260.173","260.173"
"615.410959963","168.673","168.673","168.673"
"625.411152162","191.49","191.49","191.49"
"635.41115456","207.648","207.648","207.648"
"645.411396866","191.111","191.111","191.111"
"655.411215965","187.839","187.839","187.839"
"665.411447617","178.62","178.62","178.62"
"675.411708735","190.039","190.039","190.039"
"685.413250269","176.918","176.918","176.918"
"695.415712913","266.339","266.339","266.339"
"705.414790098","160.776","160.776","160.776"
"715.416117331","174.323","174.323","174.323"
"725.41243373","233.888","233.888","233.888"
"735.412204049","165.634","165.634","165.634"
"745.422772159","185.238","185.238","185.238"
"755.41140016","203.735","203.735","203.735"
"765.413200131","214.374","214.374","214.374"
"775.411287526","199.38","199.38","199.38"
"785.413768296","234.401","234.401","234.401"
"795.414209559","185.604","185.604","185.604"
"805.410863026","185.632","185.632","185.632"
"815.418935021","244.892","244.892","244.892"
"825.411161662","237.39","237.39","237.39"
"835.411784927","229.21","229.21","229.21"
"845.411410987","237.587","237.587","237.587"
"855.411450387","161.971","161.971","161.971"
"865.411566001","231.293","231.293","231.293"
"875.411758451","186.874","186.874","186.874"
"885.411256187","244.632","244.632","244.632"
"895.413545923","173.116","173.116","173.116"
"905.414758753","241.178","241.178","241.178"
"915.414766365","239.313","239.313","239.313"
"925.411433485","158.98","158.98","158.98"
"935.416039687","179.11","179.11","179.11"
"945.415146133","258.246","258.246","258.246"
"955.411211883","233.814","233.814","233.814"
"965.410949956","186.094","186.094","186.094"
"975.411458911","237.939","237.939","237.939"
"985.41217042","218.118","218.118","218.118"
"995.410882181","199.202","199.202","199.202"
"1005.416159593","192.752","192.752","192.752"
"1015.417560419","164.271","164.271","164.271"
"1025.41220331","211.021","211.021","211.021"
"1035.412366807","255.44","255.44","255.44"
"1045.411945639","200.736","200.736","200.736"
"1055.411855749","245.381","245.381","245.381"
"1065.411972843","187.333","187.333","187.333"
"1075.414148612","243.776","243.776","243.776"
"1085.412118514","157.714","157.714","157.714"
"1095.411621803","245.484","245.484","245.484"
"1105.411358289","149.976","149.976","149.976"
"1165.411526091","38.369","38.369","38.369"
"1175.411280377","37.8","37.8","37.8"
"1185.411684127","180.335","180.335","180.335"
"1195.411098065","152.502","152.502","152.502"
"1205.411416427","244.34","244.34","244.34"
"1215.414845045","179.329","179.329","179.329"
"1225.416654044","234.619","234.619","234.619"
"1235.421953468","262.637","262.637","262.637"
"1245.412685559","229.98","229.98","229.98"
"1255.411782876","198.485","198.485","198.485"
"1265.417403917","249.305","249.305","249.305"
"1275.412366462","181.924","181.924","181.924"
"1285.412067447","182.925","182.925","182.925"
"1295.412269139","193.596","193.596","193.596"
"1305.414049776","158.231","158.231","158.231"
"1315.412324033","134.42","134.42","134.42"
"1325.411433718","200.703","200.703","200.703"
"1335.411620528","167.839","167.839","167.839"
"1345.42071848","179.098","179.098","179.098"
"1355.411978755","175.663","175.663","175.663"
"1365.411280973","163.842","163.842","163.842"
"1375.411685197","169.53","169.53","169.53"
"1385.412401337","193.313","193.313","193.313"
"1395.413757554","164.547","164.547","164.547"
"1405.415982389","237.92","237.92","237.92"
"1415.414811241","203.88","203.88","203.88"
"1425.411018948","257.239","257.239","257.239"
"1435.417357699","173.323","173.323","173.323"
"1445.412702813","149.988","149.988","149.988"
"1455.411861168","240.167","240.167","240.167"
"1465.411470573","234.747","234.747","234.747"
"1475.416475973","191.267","191.267","191.267"
"1485.411978191","184.869","184.869","184.869"
"1495.411225047","213.833","213.833","213.833"
"1505.411418593","193.368","193.368","193.368"
"1515.412096692","209.817","209.817","209.817"
"1525.411797115","157.999","157.999","157.999"
"1535.41215091","201.534","201.534","201.534"
"1545.411575285","190.923","190.923","190.923"
"1555.413502788","235.878","235.878","235.878"
"1565.411770218","187.24","187.24","187.24"
"1575.411377596","200.703","200.703","200.703"
"1585.413201754","169.789","169.789","169.789"
"1595.41208573","247.09","247.09","247.09"
"1605.411505287","236.079","236.079","236.079"
"1615.41119377","157.329","157.329","157.329"
"1625.414853191","236.126","236.126","236.126"
"1635.411561774","158.709","158.709","158.709"
"1645.411175304","194.298","194.298","194.298"
"1655.414889588","244.411","244.411","244.411"
"1665.412189542","180.96","180.96","180.96"
"1675.411589644","188.461","188.461","188.461"
"1685.411341906","225.752","225.752","225.752"
"1695.41133584","238.163","238.163","238.163"
"1705.411849433","199.936","199.936","199.936"
"1715.411816956","207.973","207.973","207.973"
"1725.411594798","208.081","208.081","208.081"
"1735.411436234","178.788","178.788","178.788"
"1745.412907621","172.899","172.899","172.899"
"1755.412017972","262.607","262.607","262.607"
"1765.412928491","196.514","196.514","196.514"
"1775.411452888","190.029","190.029","190.029"
"1785.41129968","195.542","195.542","195.542"
"1795.411356581","124.673","124.673","124.673"
"1805.41169315","242.377","242.377","242.377"
"1815.412798172","240.386","240.386","240.386"
"1825.411378939","175.335","175.335","175.335"
"1835.411087002","184.054","184.054","184.054"
"1845.415328485","176.802","176.802","176.802"
"1855.412131859","177.536","177.536","177.536"
"1865.411642772","230.108","230.108","230.108"
"1875.411685599","213.569","213.569","213.569"
"1885.415151084","245.693","245.693","245.693"
"1895.410943346","243.944","243.944","243.944"
"1905.411863177","173.915","173.915","173.915"
"1915.414444999","181.686","181.686","181.686"
"1925.411661817","195.074","195.074","195.074"
"1935.411822146","164.928","164.928","164.928"
"1945.410928452","210.311","210.311","210.311"
"1955.411954203","238.163","238.163","238.163"
"1965.411688597","171.771","171.771","171.771"
"1975.411296676","181.575","181.575","181.575"
"1985.411615627","231.496","231.496","231.496"
"1995.411671586","221.225","221.225","221.225"
"2005.411340933","188.205","188.205","188.205"
"2015.411535953","168.598","168.598","168.598"
"2025.419728547","182.552","182.552","182.552"
"2035.416590021","171.912","171.912","171.912"
"2045.410984659","154.895","154.895","154.895"
"2055.410947966","246.848","246.848","246.848"
"2065.417816842","181.805","181.805","181.805"
"2075.41819205","253.456","253.456","253.456"
"2085.411611926","238.579","238.579","238.579"
"2095.412664482","191.87","191.87","191.87"
"2105.413740336","193.225","193.225","193.225"
"2115.412671575","256.036","256.036","256.036"
"2125.411266492","222.364","222.364","222.364"
"2135.412028954","242.725","242.725","242.725"
"2145.412587752","225.7","225.7","225.7"
"2155.416712195","244.738","244.738","244.738"
"2165.411165136","176.53","176.53","176.53"
"2175.411513244","192.703","192.703","192.703"
"2185.412031306","197.134","197.134","197.134"
"2195.410952215","189.785","189.785","189.785"
"2205.411903602","167.008","167.008","167.008"
"2215.414278402","170.423","170.423","170.423"
"2225.412007559","259.072","259.072","259.072"
"2235.411102679","139.187","139.187","139.187"
"2245.411622578","231.994","231.994","231.994"
"2255.418894774","159.458","159.458","159.458"
"2265.414956628","234.176","234.176","234.176"
"2275.41184301","150.881","150.881","150.881"
"2285.410963977","161.615","161.615","161.615"
"2295.412530662","184.289","184.289","184.289"
"2305.412772184","183.563","183.563","183.563"
"2315.411893112","171.402","171.402","171.402"
"2325.412098662","202.131","202.131","202.131"
"2335.411781539","231.964","231.964","231.964"
"2345.413673703","225.951","225.951","225.951"
"2355.411483871","150.782","150.782","150.782"
"2365.414724332","192.382","192.382","192.382"
"2375.411127442","183.425","183.425","183.425"
"2385.412079876","164.314","164.314","164.314"
"2395.413505507","227.408","227.408","227.408"
"2405.411173636","249.061","249.061","249.061"
"2415.411728608","196.227","196.227","196.227"
"2425.41421959","201.435","201.435","201.435"
"2435.411555875","187.348","187.348","187.348"
"2445.412270359","233.158","233.158","233.158"
"2455.415381257","190.045","190.045","190.045"
"2465.411972076","210.05","210.05","210.05"
"2475.411609934","248.893","248.893","248.893"
"2485.420319276","232.623","232.623","232.623"
"2495.412461321","187.854","187.854","187.854"
"2505.411227115","189.426","189.426","189.426"
"2515.412221748","121.894","121.894","121.894"
"2525.41166809","188.337","188.337","188.337"
"2535.411933454","156.261","156.261","156.261"
"2545.411108089","166.981","166.981","166.981"
"2555.415908782","243.177","243.177","243.177"
"2565.41164305","181.13","181.13","181.13"
"2575.411383217","125.899","125.899","125.899"
"2585.411887438","162.73","162.73","162.73"
"2595.411575131","189.297","189.297","189.297"
"2605.412543687","239.557","239.557","239.557"
"2615.412879141","162.309","162.309","162.309"
"2625.412219673","239.328","239.328","239.328"
"2635.415326391","206.307","206.307","206.307"
"2645.412669842","175.005","175.005","175.005"
"2655.414269862","225.256","225.256","225.256"
"2665.411804598","236.059","236.059","236.059"
"2675.412909718","185.073","185.073","185.073"
"2685.41492717","189.894","189.894","189.894"
"2695.415691622","188.906","188.906","188.906"
"2705.411692869","191.831","191.831","191.831"
"2715.417262523","252.639","252.639","252.639"
"2725.411737993","183.879","183.879","183.879"
"2735.416437092","187.592","187.592","187.592"
"2745.412202607","201.828","201.828","201.828"
"2755.412723218","210.749","210.749","210.749"
"2765.413595791","237.237","237.237","237.237"
"2775.411016321","170.822","170.822","170.822"
"2785.412239832","188.782","188.782","188.782"
"2795.412653782","186.37","186.37","186.37"
"2805.41127622","181.441","181.441","181.441"
"2815.411299777","147.928","147.928","147.928"
"2825.414858823","192.445","192.445","192.445"
"2835.411694564","225.367","225.367","225.367"
"2845.410824718","188.402","188.402","188.402"
"2855.411135127","236.037","236.037","236.037"
"2865.413289655","246.786","246.786","246.786"
"2875.411754195","184.922","184.922","184.922"
"2885.411952961","236.613","236.613","236.613"
"2895.410986276","243.38","243.38","243.38"
"2905.418403418","232.608","232.608","232.608"
"2915.414726061","248.63","248.63","248.63"
"2925.412528514","188.921","188.921","188.921"
"2935.411922667","243.93","243.93","243.93"
"2945.411438928","196.353","196.353","196.353"
"2955.419458695","255.306","255.306","255.306"
"2965.41245981","232.805","232.805","232.805"
"2975.411159761","196.514","196.514","196.514"
"2985.4129458","185.272","185.272","185.272"
"2995.411836221","187.073","187.073","187.073"
"3005.411503274","186.844","186.844","186.844"
"3015.41202553","236.322","236.322","236.322"
"3025.412129055","200.894","200.894","200.894"
"3035.41113689","208.212","208.212","208.212"
"3045.412566135","211.717","211.717","211.717"
"3055.41143894","249.957","249.957","249.957"
"3065.41114961","234.528","234.528","234.528"
"3075.411812485","217.755","217.755","217.755"
"3085.411781058","146.564","146.564","146.564"
"3095.411323811","182.874","182.874","182.874"
"3105.413356756","152.502","152.502","152.502"
"3115.411721513","235.569","235.569","235.569"
"3125.411144028","233.173","233.173","233.173"
"3135.410916046","188.695","188.695","188.695"
"3145.412565269","196.642","196.642","196.642"
"3155.411772288","258.639","258.639","258.639"
"3165.41139911","161.153","161.153","161.153"
"3175.411626393","215.493","215.493","215.493"
"3185.415291662","186.736","186.736","186.736"
"3195.418259217","186.874","186.874","186.874"
"3205.413663598","187.716","187.716","187.716"
"3215.411990932","183.535","183.535","183.535"
"3225.415938272","235.017","235.017","235.017"
"3235.414777553","173.455","173.455","173.455"
"3245.412894779","159.226","159.226","159.226"
"3255.412327642","249.793","249.793","249.793"
"3265.416183394","238.32","238.32","238.32"
"3275.415586583","166.736","166.736","166.736"
"3285.411374381","253.614","253.614","253.614"
"3295.411724031","185.144","185.144","185.144"
"3305.415908253","198.27","198.27","198.27"
"3315.411827801","189.661","189.661","189.661"
"3325.412928082","185.634","185.634","185.634"
"3335.412504007","165.222","165.222","165.222"
"3345.411899448","249.777","249.777","249.777"
"3355.415283073","191.24","191.24","191.24"
"3365.412171197","236.013","236.013","236.013"
"3375.411887322","205.709","205.709","205.709"
"3385.415729345","251.341","251.341","251.341"
"3395.413464974","258.385","258.385","258.385"
"3405.411836476","234.384","234.384","234.384"
"3415.411663239","186.873","186.873","186.873"
"3425.413046437","161.877","161.877","161.877"
"3435.41222471","217.244","217.244","217.244"
"3445.41202448","189.433","189.433","189.433"
"3455.411501937","204.742","204.742","204.742"
"3465.411740223","231.204","231.204","231.204"
"3475.414189522","188.713","188.713","188.713"
"3485.411418823","175.823","175.823","175.823"
"3495.412666936","174.173","174.173","174.173"
"3505.414221256","236.347","236.347","236.347"
"3515.412248484","209.543","209.543","209.543"
"3525.411449694","223.122","223.122","223.122"
"3535.412392024","191.042","191.042","191.042"
"3545.412229875","166.695","166.695","166.695"
"3555.411300369","166.94","166.94","166.94"
"3565.415825152","192.871","192.871","192.871"
"3575.410949271","188.099","188.099","188.099"
"3585.412363193","221.562","221.562","221.562"
"3595.411394325","214.636","214.636","214.636"
"3605.411601172","139.832","139.832","139.832"
"3615.415986935","186.582","186.582","186.582"
"3625.411864321","200.948","200.948","200.948"
"3635.411411223","166.161","166.161","166.161"
"3645.412200551","183.55","183.55","183.55"
"3655.41381964","240.411","240.411","240.411"
"3665.4120409","229.51","229.51","229.51"
"3675.411426767","194.584","194.584","194.584"
"3685.41247843","157.21","157.21","157.21"
"3695.41121119","213.047","213.047","213.047"
"3705.414031439","235.608","235.608","235.608"
"3715.411874095","255.321","255.321","255.321"
"3725.411789728","199.365","199.365","199.365"
"3735.411520204","197.373","197.373","197.373"
"3745.41126627","252.961","252.961","252.961"
"3755.411623597","234.772","234.772","234.772"
"3765.412567579","179.629","179.629","179.629"
"3775.4123153","240.167","240.167","240.167"
"3785.41610154","235.216","235.216","235.216"
"3795.411575585","238.788","238.788","238.788"
"3805.411674456","229.755","229.755","229.755"
"3815.414091634","187.716","187.716","187.716"
"3825.411660241","211.004","211.004","211.004"
"3835.411720595","175.923","175.923","175.923"
"3845.411603942","110.943","110.943","110.943"
"3855.411410609","184.3","184.3","184.3"
"3865.412122833","152.344","152.344","152.344"
"3875.411448973","247.274","247.274","247.274"
"3885.411172585","190.179","190.179","190.179"
"3895.412336278","191.267","191.267","191.267"
"3905.411326343","225.295","225.295","225.295"
"3915.411600168","178.118","178.118","178.118"
"3925.411138106","185.122","185.122","185.122"
"3935.414650514","183.275","183.275","183.275"
"3945.411224131","182.57","182.57","182.57"
"3955.411527363","157.276","157.276","157.276"
"3965.411134542","191.496","191.496","191.496"
"3975.411738568","177.178","177.178","177.178"
"3985.411737955","180.825","180.825","180.825"
"3995.411733064","138.71","138.71","138.71"
"4005.411638418","194.813","194.813","194.813"
"4015.411785785","229.472","229.472","229.472"
"4025.416441103","162.415","162.415","162.415"
"4035.412585433","156.992","156.992","156.992"
"4045.411685431","244.913","244.913","244.913"
"4055.411179653","179.614","179.614","179.614"
"4065.411197727","242.715","242.715","242.715"
"4075.412704652","198.745","198.745","198.745"
"4085.411683538","215.493","215.493","215.493"
"4095.416198941","169.174","169.174","169.174"
"4105.412114284","230.619","230.619","230.619"
"4115.411753024","199.479","199.479","199.479"
"4125.411903796","224.922","224.922","224.922"
"4135.411431945","175.316","175.316","175.316"
"4145.414139948","189.4","189.4","189.4"
"4155.414993476","240.828","240.828","240.828"
"4165.411279047","256.129","256.129","256.129"
"4175.41092232","216.123","216.123","216.123"
"4185.411775702","158.942","158.942","158.942"
"4195.411983621","171.612","171.612","171.612"
"4205.411901324","185.864","185.864","185.864"
"4215.412958295","235.544","235.544","235.544"
"4225.411759082","244.989","244.989","244.989"
"4235.414241777","173.602","173.602","173.602"
"4245.411837143","192.247","192.247","192.247"
"4255.412181322","188.314","188.314","188.314"
"4265.411068585","170.021","170.021","170.021"
"4275.414172243","155.371","155.371","155.371"
"4285.412727077","194.705","194.705","194.705"
"4295.412047745","250.773","250.773","250.773"
"4305.412316981","188.343","188.343","188.343"
"4315.410896534","210.459","210.459","210.459"
"4325.411141583","193.242","193.242","193.242"
"4335.411796243","252.846","252.846","252.846"
"4345.414026569","188.467","188.467","188.467"
"4355.411444373","188.465","188.465","188.465"
"4365.412180272","196.165","196.165","196.165"
"4375.415355515","234.566","234.566","234.566"
"4385.410981157","196.542","196.542","196.542"
"4395.411910005","198.124","198.124","198.124"
"4405.411313303","198.615","198.615","198.615"
"4415.412789567","180.806","180.806","180.806"
"4425.411631902","177.886","177.886","177.886"
"4435.411403519","204.519","204.519","204.519"
"4445.411445977","237.675","237.675","237.675"
"4455.410982678","179.962","179.962","179.962"
"4465.411938311","250.368","250.368","250.368"
"4475.416395645","192.507","192.507","192.507"
"4485.411582772","173.303","173.303","173.303"
"4495.41144944","124.988","124.988","124.988"
"4505.411692229","167.322","167.322","167.322"
"4515.411985858","194.845","194.845","194.845"
"4525.412561691","258.046","258.046","258.046"
"4535.411802924","171.962","171.962","171.962"
"4545.412233711","206.569","206.569","206.569"
"4555.411343626","118.186","118.186","118.186"
"4565.417542099","219.406","219.406","219.406"
"4575.414976976","256.263","256.263","256.263"
"4585.411935821","194.079","194.079","194.079"
"4595.41091824","175.141","175.141","175.141"
"4605.411597997","206.627","206.627","206.627"
"4615.415628076","237.587","237.587","237.587"
"4625.411628074","233.307","233.307","233.307"
"4635.417137778","176.039","176.039","176.039"
"4645.411522476","196.783","196.783","196.783"
"4655.411107846","218.731","218.731","218.731"
"4665.411556531","187.333","187.333","187.333"
"4675.415020139","174.959","174.959","174.959"
"4685.412048616","182.429","182.429","182.429"
"4695.410947429","184.775","184.775","184.775"
"4705.414130225","170.757","170.757","170.757"
"4715.411427952","181.678","181.678","181.678"
"4725.412731143","180.432","180.432","180.432"
"4735.411486408","170.4","170.4","170.4"
"4745.414613794","252.176","252.176","252.176"
"4755.411465772","195.451","195.451","195.451"
"4765.417970233","157.133","157.133","157.133"
"4775.418225195","245.806","245.806","245.806"
"4785.4125644","188.068","188.068","188.068"
"4795.411198539","192.862","192.862","192.862"
"4805.410995006","179.501","179.501","179.501"
"4815.417311036","212.907","212.907","212.907"
"4825.411859034","190.871","190.871","190.871"
"4835.412154757","186.122","186.122","186.122"
"4845.412242882","219.956","219.956","219.956"
"4855.411421882","181.203","181.203","181.203"
"4865.410760101","182.302","182.302","182.302"
"4875.411271798","191.517","191.517","191.517"
"4885.411845216","211.611","211.611","211.611"
"4895.411696467","187.455","187.455","187.455"
"4905.411156044","225.996","225.996","225.996"
"4915.411613157","214.672","214.672","214.672"
"4925.412454119","253.136","253.136","253.136"
"4935.41094946","186.228","186.228","186.228"
"4945.411097451","234.854","234.854","234.854"
"4955.411075622","173.337","173.337","173.337"
"4965.412198008","187.223","187.223","187.223"
"4975.415365615","182.161","182.161","182.161"
"4985.413327206","257.046","257.046","257.046"
"4995.410899753","174.234","174.234","174.234"
"5005.412497238","171.878","171.878","171.878"
"5015.415762986","216.893","216.893","216.893"
"5025.415778945","249.614","249.614","249.614"
"5035.412575305","194.84","194.84","194.84"
"5045.411197361","191.139","191.139","191.139"
"5055.417270607","229.999","229.999","229.999"
"5065.41254392","185.477","185.477","185.477"
"5075.411879732","189.924","189.924","189.924"
"5085.412316808","250.696","250.696","250.696"
"5095.413861218","195.819","195.819","195.819"
"5105.416465378","244.989","244.989","244.989"
"5115.412833804","177.497","177.497","177.497"
"5125.413131234","241.897","241.897","241.897"
"5135.411910132","112.979","112.979","112.979"
"5145.411282997","177.164","177.164","177.164"
"5155.411852133","179.232","179.232","179.232"
"5165.412187957","196.186","196.186","196.186"
"5175.411423852","199.102","199.102","199.102"
"5185.411780484","127.625","127.625","127.625"
"5195.411876483","178.753","178.753","178.753"
"5205.411728005","218.509","218.509","218.509"
"5215.410897451","188.79","188.79","188.79"
"5225.418901019","153.638","153.638","153.638"
"5235.411601852","166.652","166.652","166.652"
"5245.412196396","174.664","174.664","174.664"
"5255.41341614","225.571","225.571","225.571"
"5265.410942662","195.44","195.44","195.44"
"5275.412392525","245.47","245.47","245.47"
"5285.412361137","186.259","186.259","186.259"
"5295.411828667","249.96","249.96","249.96"
"5305.413166232","218.313","218.313","218.313"
"5315.411453526","212.64","212.64","212.64"
"5325.412625452","188.943","188.943","188.943"
"5335.411909625","251.835","251.835","251.835"
"5345.411741492","183.136","183.136","183.136"
"5355.411398135","207.811","207.811","207.811"
"5365.411649297","185.874","185.874","185.874"
"5375.411434836","234.989","234.989","234.989"
"5385.418016377","211.138","211.138","211.138"
"5395.411334014","185.363","185.363","185.363"
"5405.413813352","166.174","166.174","166.174"
"5415.411733599","224.726","224.726","224.726"
"5425.420727213","209.68","209.68","209.68"
"5435.4114517","236.683","236.683","236.683"
"5445.412683613","221.715","221.715","221.715"
"5455.41219522","188.927","188.927","188.927"
"5465.411952708","184.491","184.491","184.491"
"5475.416679485","258.831","258.831","258.831"
"5485.411533177","206.627","206.627","206.627"
"5495.41327887","188.697","188.697","188.697"
"5505.411426212","171.976","171.976","171.976"
"5515.412216785","196.896","196.896","196.896"
"5525.411577782","191.762","191.762","191.762"
"5535.412939855","199.38","199.38","199.38"
"5545.410899582","257.872","257.872","257.872"
"5555.41386251","218.099","218.099","218.099"
"5565.412568081","229.809","229.809","229.809"
"5575.411995721","180.472","180.472","180.472"
"5585.413962998","217.631","217.631","217.631"
"5595.412749419","195.077","195.077","195.077"
"5605.411272615","190.645","190.645","190.645"
"5615.415209118","188.559","188.559","188.559"
"5625.42277779","242.458","242.458","242.458"
"5635.414624362","187.823","187.823","187.823"
"5645.411048182","235.498","235.498","235.498"
"5655.412284789","188.452","188.452","188.452"
"5665.411319653","182.309","182.309","182.309"
"5675.411776056","244.745","244.745","244.745"
"5685.412801151","198.138","198.138","198.138"
"5695.411079259","183.894","183.894","183.894"
"5705.412101938","197.402","197.402","197.402"
"5715.411631286","210.034","210.034","210.034"
"5725.416782814","211.749","211.749","211.749"
"5735.411292024","179.461","179.461","179.461"
"5745.41214693","232.634","232.634","232.634"
"5755.412486179","186.089","186.089","186.089"
"5765.411470871","192.592","192.592","192.592"
"5775.414051854","239.522","239.522","239.522"
"5785.412592758","165.821","165.821","165.821"
"5795.411126976","227.453","227.453","227.453"
"5805.412426518","164.914","164.914","164.914"
"5815.413858624","175.156","175.156","175.156"
"5825.419230085","242.928","242.928","242.928"
"5835.41283342","256.068","256.068","256.068"
"5845.411376084","198.006","198.006","198.006"
"5855.414410676","168.496","168.496","168.496"
"5865.415347797","185.262","185.262","185.262"
"5875.412254094","244.151","244.151","244.151"
"5885.415112073","190.384","190.384","190.384"
"5895.411499385","232.427","232.427","232.427"
"5905.411079253","187.715","187.715","187.715"
"5915.411417224","190.924","190.924","190.924"
"5925.412710795","196.069","196.069","196.069"
"5935.412456254","151.524","151.524","151.524"
"5945.410947866","232.522","232.522","232.522"
"5955.411235643","237.301","237.301","237.301"
"5965.416361704","188.927","188.927","188.927"
"5975.410777359","253.869","253.869","253.869"
"5985.411006392","192.256","192.256","192.256"
"5995.41181754","228.778","228.778","228.778"
"6005.412070937","182.904","182.904","182.904"
"6015.411909619","231.312","231.312","231.312"
"6025.413377131","185.773","185.773","185.773"
"6035.411676401","245.22","245.22","245.22"
"6045.410853619","180.56","180.56","180.56"
"6055.41190972","188.924","188.924","188.924"
"6065.412305462","189.689","189.689","189.689"
"6075.423772725","224.254","224.254","224.254"
"6085.411243386","182.206","182.206","182.206"
"6095.411784284","182.421","182.421","182.421"
"6105.411341676","190.746","190.746","190.746"
"6115.411651614","235.08","235.08","235.08"
"6125.411677638","196.192","196.192","196.192"
"6135.411516478","126.732","126.732","126.732"
"6145.411421422","232.764","232.764","232.764"
"6155.41355591","250.57","250.57","250.57"
"6165.412135057","160.275","160.275","160.275"
"6175.411787945","193.233","193.233","193.233"
"6185.415005784","231.298","231.298","231.298"
"6195.411557255","182.176","182.176","182.176"
"6205.411214593","228.684","228.684","228.684"
"6215.411932127","239.608","239.608","239.608"
"6225.417741847","194.946","194.946","194.946"
"6235.413190352","192.61","192.61","192.61"
"6245.411644422","234.593","234.593","234.593"
"6255.411667831","187.486","187.486","187.486"
"6265.412938382","195.547","195.547","195.547"
"6275.411980022","235.859","235.859","235.859"
"6285.41162377","186.734","186.734","186.734"
"6295.413141969","194.584","194.584","194.584"
"6305.41214119","229.717","229.717","229.717"
"6315.411573872","188.573","188.573","188.573"
"6325.41235574","151.841","151.841","151.841"
"6335.411625455","162.846","162.846","162.846"
"6345.418116037","214.532","214.532","214.532"
"6355.415880673","186.72","186.72","186.72"
"6365.410776369","195.552","195.552","195.552"
"6375.411448498","190.897","190.897","190.897"
"6385.420605084","247.802","247.802","247.802"
"6395.413899981","184.304","184.304","184.304"
"6405.411811119","200.835","200.835","200.835"
"6415.414862011","256.246","256.246","256.246"
"6425.411411491","175.882","175.882","175.882"
"6435.411152785","245.972","245.972","245.972"
"6445.411743661","192.105","192.105","192.105"
"6455.411372979","184.534","184.534","184.534"
"6465.411605788","160.348","160.348","160.348"
"6475.411836944","187.593","187.593","187.593"
"6485.411213628","127.962","127.962","127.962"
"6495.415892002","256.691","256.691","256.691"
"6505.411350388","186.125","186.125","186.125"
"6515.411723232","115.904","115.904","115.904"
"6525.414254905","185.353","185.353","185.353"
"6535.413709337","138.775","138.775","138.775"
"6545.412772404","204.603","204.603","204.603"
"6555.411687865","207.193","207.193","207.193"
"6565.411246657","191.022","191.022","191.022"
"6575.411448231","194.475","194.475","194.475"
"6585.412792487","187.96","187.96","187.96"
"6595.414748994","168.452","168.452","168.452"
"6605.412676028","244.348","244.348","244.348"
"6615.412675827","248.717","248.717","248.717"
"6625.416235341","243.76","243.76","243.76"
"6635.411263427","152.163","152.163","152.163"
"6645.411835355","170.868","170.868","170.868"
"6655.412236447","186.736","186.736","186.736"
"6665.411761764","183.066","183.066","183.066"
"6675.417607684","238.056","238.056","238.056"
"6685.41166645","211.546","211.546","211.546"
"6695.411712261","219.608","219.608","219.608"
"6705.411005731","161.048","161.048","161.048"
"6715.412565232","219.489","219.489","219.489"
"6725.412787554","157.005","157.005","157.005"
"6735.416417804","254.388","254.388","254.388"
"6745.415216505","160.348","160.348","160.348"
"6755.411204199","215.228","215.228","215.228"
"6765.411202966","232.878","232.878","232.878"
"6775.411068108","179.38","179.38","179.38"
"6785.411322115","197.157","197.157","197.157"
"6795.411360875","236.699","236.699","236.699"
"6805.411529686","222.331","222.331","222.331"
"6815.414144215","181.471","181.471","181.471"
"6825.411785617","256.053","256.053","256.053"
"6835.412175223","176.054","176.054","176.054"
"6845.415324455","233.043","233.043","233.043"
"6855.411459023","186.964","186.964","186.964"
"6865.411381799","177.293","177.293","177.293"
"6875.411450242","230.131","230.131","230.131"
"6885.411733604","148.439","148.439","148.439"
"6895.413631836","182.273","182.273","182.273"
"6905.41220331","242.78","242.78","242.78"
"6915.411367127","125.665","125.665","125.665"
"6925.410833943","235.544","235.544","235.544"
"6935.41803182","165.483","165.483","165.483"
"6945.412048688","193.842","193.842","193.842"
"6955.411623089","211.78","211.78","211.78"
"6965.413185372","181.007","181.007","181.007"
"6975.412107328","177.885","177.885","177.885"
"6985.411434455","234.818","234.818","234.818"
"6995.410864401","184.055","184.055","184.055"
"7005.412443357","161.127","161.127","161.127"
"7015.411427426","155.042","155.042","155.042"
"7025.41210309","180.952","180.952","180.952"
"7035.419625844","254.581","254.581","254.581"
"7045.411399343","185.141","185.141","185.141"
"7055.415930159","192.592","192.592","192.592"
"7065.41183735","235.099","235.099","235.099"
"7075.411509628","164.606","164.606","164.606"
"7085.411428785","184.771","184.771","184.771"
"7095.411191609","186.489","186.489","186.489"
"7105.41104051","165.084","165.084","165.084"
"7115.41147993","190.657","190.657","190.657"
"7125.411825987","168.794","168.794","168.794"
"7135.411696187","192.869","192.869","192.869"
"7145.411368681","176.875","176.875","176.875"
"7155.4117383","175.401","175.401","175.401"
"7165.411690041","185.032","185.032","185.032"
"7175.416513409","235.363","235.363","235.363"
"7185.411794059","229.98","229.98","229.98"
"7195.412335592","190.906","190.906","190.906"
"7205.411831509","244.608","244.608","244.608"
"7215.412346908","194.206","194.206","194.206"
"7225.415303533","239.12","239.12","239.12"
"7235.412866385","160.452","160.452","160.452"
"7245.412006662","235.634","235.634","235.634"
"7255.411298817","229.135","229.135","229.135"
"7265.4117241","161.399","161.399","161.399"
"7275.410917156","220.377","220.377","220.377"
"7285.412436295","185.02","185.02","185.02"
"7295.411912065","172.993","172.993","172.993"
"7305.411876876","178.386","178.386","178.386"
"7315.411560071","242.141","242.141","242.141"
"7325.411895999","193.961","193.961","193.961"
"7335.411633473","226.955","226.955","226.955"
"7345.412173522","185.356","185.356","185.356"
"7355.411106465","167.472","167.472","167.472"
"7365.411327138","168.331","168.331","168.331"
"7375.413843476","219.263","219.263","219.263"
"7385.411946143","241.191","241.191","241.191"
"7395.412888164","138.851","138.851","138.851"
"7405.412625601","155.52","155.52","155.52"
"7415.412719441","186.95","186.95","186.95"
"7425.411336143","247.599","247.599","247.599"
"7435.413130826","208.399","208.399","208.399"
"7445.411457531","203.379","203.379","203.379"
"7455.411512456","211.334","211.334","211.334"
"7465.414218143","257.835","257.835","257.835"
"7475.411607068","244.151","244.151","244.151"
"7485.411280781","224.982","224.982","224.982"
"7495.411382658","192.268","192.268","192.268"
"7505.411700461","197.505","197.505","197.505"
"7515.412408728","170.89","170.89","170.89"
"7525.411258861","222.149","222.149","222.149"
"7535.411417441","237.187","237.187","237.187"
"7545.411048589","176.774","176.774","176.774"
"7555.412241979","161.819","161.819","161.819"
"7565.412256608","176.443","176.443","176.443"
"7575.411906601","185.389","185.389","185.389"
"7585.412449584","101.188","101.188","101.188"
"7595.411447388","178.479","178.479","178.479"
"7605.414672165","161.539","161.539","161.539"
"7615.413399657","188.604","188.604","188.604"
"7625.412545189","196.986","196.986","196.986"
"7635.41557482","226.403","226.403","226.403"
"7645.414348086","190.532","190.532","190.532"
"7655.413136764","162.541","162.541","162.541"
"7665.410798322","183.924","183.924","183.924"
"7675.410886306","186.843","186.843","186.843"
"7685.416125315","164.502","164.502","164.502"
"7695.412294658","188.175","188.175","188.175"
"7705.410853312","200.083","200.083","200.083"
"7715.41142571","192.215","192.215","192.215"
"7725.413213106","231.333","231.333","231.333"
"7735.411717404","236.122","236.122","236.122"
"7745.411833064","111.803","111.803","111.803"
"7755.411779191","156.078","156.078","156.078"
"7765.41184969","187.93","187.93","187.93"
"7775.413807674","173.351","173.351","173.351"
"7785.411687533","184.169","184.169","184.169"
"7795.412236667","218.16","218.16","218.16"
"7805.41168768","245.972","245.972","245.972"
"7815.415570248","214.112","214.112","214.112"
"7825.413615468","237.987","237.987","237.987"
"7835.411497063","189.292","189.292","189.292"
"7845.412361314","170.45","170.45","170.45"
"7855.411014664","242.789","242.789","242.789"
"7865.412445862","167.852","167.852","167.852"
"7875.411252928","194.721","194.721","194.721"
"7885.410986581","178.013","178.013","178.013"
"7895.414295333","174.699","174.699","174.699"
"7905.414170497","254.826","254.826","254.826"
"7915.41139238","188.191","188.191","188.191"
"7925.416415274","113.178","113.178","113.178"
"7935.411765366","171.626","171.626","171.626"
"7945.414294694","155.143","155.143","155.143"
"7955.414652241","185.528","185.528","185.528"
"7965.411041643","219.726","219.726","219.726"
"7975.411325222","168.766","168.766","168.766"
"7985.416624729","222.539","222.539","222.539"
"7995.414535419","235.126","235.126","235.126"
"8005.411576351","226.318","226.318","226.318"
"8015.413032309","241.824","241.824","241.824"
"8025.411588827","218.04","218.04","218.04"
"8035.416859308","204.73","204.73","204.73"
"8045.411701037","172.004","172.004","172.004"
"8055.412420561","223.028","223.028","223.028"
"8065.412158941","198.239","198.239","198.239"
"8075.412423025","178.13","178.13","178.13"
"8085.418446892","226.485","226.485","226.485"
"8095.411314387","237.343","237.343","237.343"
"8105.4155639","187.44","187.44","187.44"
"8115.414093514","189.782","189.782","189.782"
"8125.411886567","159.821","159.821","159.821"
"8135.410859157","176.775","176.775","176.775"
"8145.415673522","196.774","196.774","196.774"
"8155.412759315","207.746","207.746","207.746"
"8165.411234652","173.337","173.337","173.337"
"8175.411925313","166.491","166.491","166.491"
"8185.413569796","234.747","234.747","234.747"
"8195.411776841","245.952","245.952","245.952"
"8205.416342219","257.589","257.589","257.589"
"8215.411248706","157.312","157.312","157.312"
"8225.411947861","200.572","200.572","200.572"
"8235.411797533","231.182","231.182","231.182"
"8245.412213082","241.507","241.507","241.507"
"8255.412224219","237.056","237.056","237.056"
"8265.411098695","203.263","203.263","203.263"
"8275.411443934","214.269","214.269","214.269"
"8285.412239287","200.181","200.181","200.181"
"8295.412050465","176.054","176.054","176.054"
"8305.411856865","182.8","182.8","182.8"
"8315.416549274","215.755","215.755","215.755"
"8325.412105997","164.963","164.963","164.963"
"8335.411138065","243.024","243.024","243.024"
"8345.411598525","242.035","242.035","242.035"
"8355.411294741","190.058","190.058","190.058"
"8365.411464787","197.389","197.389","197.389"
"8375.413021901","153.413","153.413","153.413"
"8385.411708713","151.707","151.707","151.707"
"8395.411462211","139.758","139.758","139.758"
"8405.417415513","201.8","201.8","201.8"
"8415.413142439","179.757","179.757","179.757"
"8425.411938471","233.283","233.283","233.283"
"8435.414227643","180.477","180.477","180.477"
"8445.411174097","180.232","180.232","180.232"
"8455.419267463","244.348","244.348","244.348"
"8465.411260479","193.234","193.234","193.234"
"8475.411243994","103.463","103.463","103.463"
"8485.411709332","186.124","186.124","186.124"
"8495.419633624","246.46","246.46","246.46"
"8505.411948464","156.603","156.603","156.603"
"8515.411644413","189.289","189.289","189.289"
"8525.411198213","156.443","156.443","156.443"
"8535.411918489","235.132","235.132","235.132"
"8545.412198099","237.032","237.032","237.032"
"8555.413325685","152.514","152.514","152.514"
"8565.411727634","105.766","105.766","105.766"
"8575.411193578","190.501","190.501","190.501"
"8585.411909355","193.961","193.961","193.961"
"8595.415168248","190.536","190.536","190.536"
"8605.411580904","208.752","208.752","208.752"
"8615.410890485","160.246","160.246","160.246"
"8625.411589935","203.863","203.863","203.863"
"8635.410986092","227.183","227.183","227.183"
"8645.410963826","229.867","229.867","229.867"
"8655.415330927","165.251","165.251","165.251"
"8665.412265789","190.221","190.221","190.221"
"8675.415963643","245.24","245.24","245.24"
"8685.411135643","171.514","171.514","171.514"
"8695.411977163","213.43","213.43","213.43"
"8705.411701469","234.212","234.212","234.212"
"8715.414989032","240.096","240.096","240.096"
"8725.413671391","215.717","215.717","215.717"
"8735.411950973","191.038","191.038","191.038"
"8745.420402003","253.614","253.614","253.614"
"8755.412885201","184.395","184.395","184.395"
"8765.4110916","205.74","205.74","205.74"
"8775.411341589","192.007","192.007","192.007"
"8785.410864959","242.536","242.536","242.536"
"8795.416774009","188.419","188.419","188.419"
"8805.4116846","171.283","171.283","171.283"
"8815.411653838","185.247","185.247","185.247"
"8825.411435601","211.196","211.196","211.196"
"8835.412579621","188.083","188.083","188.083"
"8845.411558524","132.945","132.945","132.945"
"8855.414882364","237.568","237.568","237.568"
"8865.415814538","157.222","157.222","157.222"
"8875.41196801","156.54","156.54","156.54"
"8885.411297795","219.55","219.55","219.55"
"8895.413409901","169.457","169.457","169.457"
"8905.411681586","241.388","241.388","241.388"
"8915.411824869","233.924","233.924","233.924"
"8925.41188914","198.844","198.844","198.844"
"8935.411015052","186.002","186.002","186.002"
"8945.411812489","187.96","187.96","187.96"
"8955.41542505","181.456","181.456","181.456"
"8965.414522883","159.599","159.599","159.599"
"8975.411463876","205.203","205.203","205.203"
"8985.412053437","201.534","201.534","201.534"
"8995.412824909","207.648","207.648","207.648"
"9005.41178688","212.086","212.086","212.086"
"9015.412437497","188.45","188.45","188.45"
"9025.411839677","189.047","189.047","189.047"
"9035.410909569","214.949","214.949","214.949"
"9045.411417581","159.226","159.226","159.226"
"9055.412315899","232.334","232.334","232.334"
"9065.419968982","223.681","223.681","223.681"
"9075.417759846","226.666","226.666","226.666"
"9085.411040067","235.948","235.948","235.948"
"9095.411957167","225.996","225.996","225.996"
"9105.412312482","254.785","254.785","254.785"
"9115.412670115","202.413","202.413","202.413"
"9125.411352784","200.59","200.59","200.59"
"9135.4111428","207.665","207.665","207.665"
"9145.412128087","197.424","197.424","197.424"
"9155.411491496","196.153","196.153","196.153"
"9165.411540977","161.048","161.048","161.048"
"9175.41341153","234.61","234.61","234.61"
"9185.418483039","255.321","255.321","255.321"
"9195.410967492","188.083","188.083","188.083"
"9205.411211147","176.803","176.803","176.803"
"9215.41552917","219.626","219.626","219.626"
"9225.414264696","179.6","179.6","179.6"
"9235.412021879","240.242","240.242","240.242"
"9245.411822092","138.764","138.764","138.764"
"9255.413920857","186.859","186.859","186.859"
"9265.412511333","147.671","147.671","147.671"
"9275.412396718","204.258","204.258","204.258"
"9285.411278201","162.143","162.143","162.143"
"9295.415848517","186.489","186.489","186.489"
"9305.410961338","235.145","235.145","235.145"
"9315.414792759","215.352","215.352","215.352"
"9325.411575976","159.794","159.794","159.794"
"9335.411493905","207.11","207.11","207.11"
"9345.412135457","235.145","235.145","235.145"
"9355.411739228","228.928","228.928","228.928"
"9365.411520523","219.97","219.97","219.97"
"9375.412434257","170.904","170.904","170.904"
"9385.411740795","158.348","158.348","158.348"
"9395.413397261","243.54","243.54","243.54"
"9405.411853568","171.136","171.136","171.136"
"9415.416343248","251.742","251.742","251.742"
"9425.411692852","236.3","236.3","236.3"
"9435.412738042","231.819","231.819","231.819"
"9445.411544223","231.8","231.8","231.8"
"9455.412603446","189.537","189.537","189.537"
"9465.411458015","247.64","247.64","247.64"
"9475.413944247","239.07","239.07","239.07"
"9485.412220502","186.46","186.46","186.46"
"9495.411876868","223.028","223.028","223.028"
"9505.411735335","203.457","203.457","203.457"
"9515.413351091","228.797","228.797","228.797"
"9525.413980204","191.6","191.6","191.6"
"9535.411357884","253.468","253.468","253.468"
"9545.411828414","175.794","175.794","175.794"
"9555.415567845","184.549","184.549","184.549"
"9565.411942131","192.989","192.989","192.989"
"9575.411520012","186.122","186.122","186.122"
"9585.413928662","190.306","190.306","190.306"
"9595.41644865","174.323","174.323","174.323"
"9605.411824638","178.231","178.231","178.231"
"9615.411106633","250.688","250.688","250.688"
"9625.411227322","232.421","232.421","232.421"
"9635.414800986","199.724","199.724","199.724"
"9645.411925331","234.753","234.753","234.753"
"9655.411893869","248.697","248.697","248.697"
"9665.415911562","187.349","187.349","187.349"
"9675.415139869","218.081","218.081","218.081"
"9685.413179519","123.782","123.782","123.782"
"9695.411113059","244.745","244.745","244.745"
"9705.419333847","249.629","249.629","249.629"
"9715.414174309","229.453","229.453","229.453"
"9725.411747687","152.336","152.336","152.336"
"9735.411996849","223.907","223.907","223.907"
"9745.413598405","188.053","188.053","188.053"
"9755.411573072","198.322","198.322","198.322"
"9765.411014431","255.154","255.154","255.154"
"9775.411439138","231.952","231.952","231.952"
"9785.411877847","178.171","178.171","178.171"
"9795.411573961","206.67","206.67","206.67"
"9805.412863962","236.455","236.455","236.455"
"9815.412022469","178.984","178.984","178.984"
"9825.411475212","155.689","155.689","155.689"
"9835.41192085","198.371","198.371","198.371"
"9845.411710799","157.025","157.025","157.025"
"9855.411417228","242.641","242.641","242.641"
"9865.411919018","230.243","230.243","230.243"
"9875.411482605","233.123","233.123","233.123"
"9885.414977426","163.981","163.981","163.981"
"9895.412788114","242.725","242.725","242.725"
"9905.416602883","234.149","234.149","234.149"
"9915.411612635","180.972","180.972","180.972"
"9925.411038782","171.612","171.612","171.612"
"9935.416323601","239.033","239.033","239.033"
"9945.412322514","246.055","246.055","246.055"
"9955.411516272","195.462","195.462","195.462"
"9965.41188992","204.268","204.268","204.268"
"9975.411433873","187.701","187.701","187.701"
"9985.411440342","191.392","191.392","191.392"
"9995.411557189","191.387","191.387","191.387"
"10005.41497429","208.553","208.553","208.553"
"10015.413472695","236.966","236.966","236.966"
"10025.415502334","192.343","192.343","192.343"
"10035.411100009","203.138","203.138","203.138"
"10045.411791741","195.531","195.531","195.531"
"10055.412251889","214.562","214.562","214.562"
"10065.411713313","234.862","234.862","234.862"
"10075.411662917","179.972","179.972","179.972"
"10085.411802445","235.569","235.569","235.569"
"10095.411518025","238.075","238.075","238.075"
"10105.411019772","183.905","183.905","183.905"
"10115.412121134","156.113","156.113","156.113"
"10125.411660218","246.278","246.278","246.278"
"10135.411407263","192.698","192.698","192.698"
"10145.41764225","224.835","224.835","224.835"
"10155.416434492","175.694","175.694","175.694"
"10165.415733484","191.642","191.642","191.642"
"10175.41237326","163.673","163.673","163.673"
"10185.411201846","194.914","194.914","194.914"
"10195.412034","184.06","184.06","184.06"
"10205.411608996","175.287","175.287","175.287"
"10215.412889079","203.64","203.64","203.64"
"10225.414468489","244","244","244"
"10235.411350868","171.247","171.247","171.247"
"10245.411872358","237.168","237.168","237.168"
"10255.410888814","232.948","232.948","232.948"
"10265.411602472","193.116","193.116","193.116"
"10275.41429325","178.62","178.62","178.62"
"10285.411732181","236.064","236.064","236.064"
"10295.411158918","184.902","184.902","184.902"
"10305.411473582","224.493","224.493","224.493"
"10315.411353641","204.352","204.352","204.352"
"10325.411306633","154.041","154.041","154.041"
"10335.414227834","166.831","166.831","166.831"
"10345.412219529","235.723","235.723","235.723"
"10355.411589748","251.742","251.742","251.742"
"10365.411577788","241.263","241.263","241.263"
"10375.411048922","237.79","237.79","237.79"
"10385.410940941","245.723","245.723","245.723"
"10395.413496121","179.23","179.23","179.23"
"10405.412670575","208.58","208.58","208.58"
"10415.4118349","190.676","190.676","190.676"
"10425.411512607","241.811","241.811","241.811"
"10435.411977136","138.242","138.242","138.242"
"10445.411938515","185.507","185.507","185.507"
"10455.414731835","237.211","237.211","237.211"
"10465.411931301","170.329","170.329","170.329"
"10475.413109947","191.151","191.151","191.151"
"10485.411158019","237.39","237.39","237.39"
"10495.418882854","264.002","264.002","264.002"
"10505.41143518","236.342","236.342","236.342"
"10515.411007857","186.593","186.593","186.593"
"10525.412104487","237.79","237.79","237.79"
"10535.418389249","178.017","178.017","178.017"
"10545.412021829","175.878","175.878","175.878"
"10555.413159223","237.301","237.301","237.301"
"10565.411697707","242.544","242.544","242.544"
"10575.412230851","232.315","232.315","232.315"
"10585.411871941","137.078","137.078","137.078"
"10595.412833172","179.086","179.086","179.086"
"10605.411677812","184.044","184.044","184.044"
"10615.411744091","237.876","237.876","237.876"
"10625.410916154","189.68","189.68","189.68"
"10635.414267995","206.499","206.499","206.499"
"10645.411265685","164.807","164.807","164.807"
"10655.411359603","180.447","180.447","180.447"
"10665.411166761","139.306","139.306","139.306"
"10675.411731404","248.165","248.165","248.165"
"10685.41223705","195.823","195.823","195.823"
"10695.411625838","230.073","230.073","230.073"
"10705.412120439","170.575","170.575","170.575"
"10715.412341459","216.706","216.706","216.706"
"10725.411776606","231.28","231.28","231.28"
"10735.416916819","185.624","185.624","185.624"
"10745.411335014","135.619","135.619","135.619"
"10755.411686724","170.329","170.329","170.329"
"10765.413301716","184.134","184.134","184.134"
"10775.411569438","232.506","232.506","232.506"
"10785.411029332","218.758","218.758","218.758"
"10795.413426805","235.56","235.56","235.56"
"10805.410921191","176.628","176.628","176.628"
"10815.417175335","189.804","189.804","189.804"
"10825.414135193","191.279","191.279","191.279"
"10835.414944075","181.302","181.302","181.302"
"10845.412162128","193.873","193.873","193.873"
"10855.413933298","206.533","206.533","206.533"
"10865.4109623","205.897","205.897","205.897"
"10875.412397348","206.025","206.025","206.025"
"10885.412677909","219.914","219.914","219.914"
"10895.421042681","184.977","184.977","184.977"
"10905.411742305","231.299","231.299","231.299"
"10915.411797077","160.328","160.328","160.328"
"10925.41144593","214.865","214.865","214.865"
"10935.413415778","196.806","196.806","196.806"
"10945.411746102","189.051","189.051","189.051"
"10955.411949694","147.864","147.864","147.864"
"10965.411224206","220.86","220.86","220.86"
"10975.413087847","210.445","210.445","210.445"
"10985.410801581","203.818","203.818","203.818"
"10995.414729985","192.263","192.263","192.263"
"11005.411699617","190.28","190.28","190.28"
"11015.411012922","242.179","242.179","242.179"
"11025.411205973","187.345","187.345","187.345"
"11035.414558836","191.033","191.033","191.033"
"11045.413600007","183.009","183.009","183.009"
"11055.413049688","246.346","246.346","246.346"
"11065.412674818","241.178","241.178","241.178"
"11075.411084045","256.858","256.858","256.858"
"11085.410843959","170.821","170.821","170.821"
"11095.413044334","189.312","189.312","189.312"
"11105.41240184","249.88","249.88","249.88"
"11115.411901975","204.914","204.914","204.914"
"11125.411345163","242.669","242.669","242.669"
"11135.414510556","185.87","185.87","185.87"
"11145.411611429","241.688","241.688","241.688"
"11155.411140066","158.371","158.371","158.371"
"11165.41634564","194.721","194.721","194.721"
"11175.415983425","247.081","247.081","247.081"
"11185.411646053","201.72","201.72","201.72"
"11195.411436011","207.498","207.498","207.498"
"11205.411527159","201.965","201.965","201.965"
"11215.41156479","207.515","207.515","207.515"
"11225.411169588","186.838","186.838","186.838"
"11235.41064321","208.726","208.726","208.726"
"11245.411682144","177.872","177.872","177.872"
"11255.412230613","172.052","172.052","172.052"
"11265.41203481","206.879","206.879","206.879"
"11275.411246063","190.05","190.05","190.05"
"11285.412556145","146.62","146.62","146.62"
"11295.411892367","176.874","176.874","176.874"
"11305.411187851","237.541","237.541","237.541"
"11315.413968415","193.722","193.722","193.722"
"11325.410849662","181.637","181.637","181.637"
"11335.411278914","184.5","184.5","184.5"
"11345.411558051","182.778","182.778","182.778"
"11355.411353889","233.261","233.261","233.261"
"11365.411534218","207.371","207.371","207.371"
"11375.412252958","206.142","206.142","206.142"
"11385.413301833","194.475","194.475","194.475"
"11395.41241853","145.482","145.482","145.482"
"11405.411302055","200.737","200.737","200.737"
"11415.419275469","230.79","230.79","230.79"
"11425.411262523","194.229","194.229","194.229"
"11435.411646802","231.544","231.544","231.544"
"11445.411414863","158.941","158.941","158.941"
"11455.411597042","253.554","253.554","253.554"
"11465.411272806","195.459","195.459","195.459"
"11475.41175865","169.687","169.687","169.687"
"11485.412340491","253.554","253.554","253.554"
"11495.41750397","254.289","254.289","254.289"
"11505.412180197","198.787","198.787","198.787"
"11515.412408937","238.766","238.766","238.766"
"11525.411070445","241.463","241.463","241.463"
"11535.410871737","201.228","201.228","201.228"
"11545.413106512","190.526","190.526","190.526"
"11555.411597142","186.453","186.453","186.453"
"11565.411590392","186.207","186.207","186.207"
"11575.411504354","236.07","236.07","236.07"
"11585.416489106","223.559","223.559","223.559"
"11595.412025994","230.677","230.677","230.677"
"11605.412595358","242.052","242.052","242.052"
"11615.411677729","152.288","152.288","152.288"
"11625.41097465","197.313","197.313","197.313"
"11635.411443459","232.997","232.997","232.997"
"11645.410634247","161.313","161.313","161.313"
"11655.412638387","196.33","196.33","196.33"
"11665.41179934","192.508","192.508","192.508"
"11675.4118183","169.494","169.494","169.494"
"11685.411333374","253.064","253.064","253.064"
"11695.412166093","194.951","194.951","194.951"
"11705.411651329","181.287","181.287","181.287"
"11715.414618222","102.819","102.819","102.819"
"11725.411733376","180.81","180.81","180.81"
"11735.411420389","165.393","165.393","165.393"
"11745.412574193","163.191","163.191","163.191"
"11755.412325205","240.708","240.708","240.708"
"11765.412268177","234.09","234.09","234.09"
"11775.411222619","244.98","244.98","244.98"
"11785.411332948","233.959","233.959","233.959"
"11795.414849294","235.56","235.56","235.56"
"11805.412749306","185.715","185.715","185.715"
"11815.410985546","243.424","243.424","243.424"
"11825.410824394","250.615","250.615","250.615"
"11835.412277461","180.579","180.579","180.579"
"11845.411427993","256.613","256.613","256.613"
"11855.41244567","230.299","230.299","230.299"
"11865.412430048","189.297","189.297","189.297"
"11875.411640663","232.997","232.997","232.997"
"11885.412587152","238.766","238.766","238.766"
"11895.411188356","238.521","238.521","238.521"
"11905.411630995","195.689","195.689","195.689"
"11915.41366728","186.945","186.945","186.945"
"11925.411495113","188.836","188.836","188.836"
"11935.410658871","193.722","193.722","193.722"
"11945.412170248","228.337","228.337","228.337"
"11955.4170121","199.033","199.033","199.033"
"11965.411603741","201.212","201.212","201.212"
"11975.416717935","239.148","239.148","239.148"
"11985.415629573","194.705","194.705","194.705"
"11995.411719891","241.953","241.953","241.953"
"12005.410830456","242.443","242.443","242.443"
"12015.41598256","244.49","244.49","244.49"
"12025.414809515","235.959","235.959","235.959"
"12035.411194352","179.103","179.103","179.103"
"12045.411678725","231.79","231.79","231.79"
"12055.41170128","247.43","247.43","247.43"
"12065.410938775","173.936","173.936","173.936"
"12075.413659741","192.508","192.508","192.508"
"12085.411263359","250.125","250.125","250.125"
"12095.411788135","186.838","186.838","186.838"
"12105.41463963","245.365","245.365","245.365"
"12115.412228011","189.558","189.558","189.558"
"12125.411978399","224.296","224.296","224.296"
"12135.412438506","185.469","185.469","185.469"
"12145.411624558","179.58","179.58","179.58"
"12155.412788265","183.501","183.501","183.501"
"12165.411264308","234.561","234.561","234.561"
"12175.416789726","184.887","184.887","184.887"
"12185.412524708","227.583","227.583","227.583"
"12195.415173386","244.225","244.225","244.225"
"12205.411706571","167.129","167.129","167.129"
"12215.411422914","210.936","210.936","210.936"
"12225.411328874","237.031","237.031","237.031"
"12235.415335318","183.024","183.024","183.024"
"12245.411344528","249.042","249.042","249.042"
"12255.411789578","245.225","245.225","245.225"
"12265.411033273","218.548","218.548","218.548"
"12275.411137328","237.786","237.786","237.786"
"12285.41138343","181.041","181.041","181.041"
"12295.413727305","258.285","258.285","258.285"
"12305.411136438","184.731","184.731","184.731"
"12315.413542365","231.544","231.544","231.544"
"12325.413046811","246.94","246.94","246.94"
"12335.410938779","183.747","183.747","183.747"
"12345.411466449","189.051","189.051","189.051"
"12355.416674525","209.217","209.217","209.217"
"12365.412097766","171.067","171.067","171.067"
"12375.411881532","238.031","238.031","238.031"
"12385.411308335","195.95","195.95","195.95"
"12395.415215525","223.45","223.45","223.45"
"12405.412571883","170.179","170.179","170.179"
"12415.41097255","235.695","235.695","235.695"
"12425.412050208","180.825","180.825","180.825"
"12435.411324969","193.246","193.246","193.246"
"12445.411418236","242.424","242.424","242.424"
"12455.417842019","160.095","160.095","160.095"
"12465.41253231","155.516","155.516","155.516"
"12475.411356277","187.576","187.576","187.576"
"12485.411429084","235.959","235.959","235.959"
"12495.414772009","197.313","197.313","197.313"
"12505.410964365","178.857","178.857","178.857"
"12515.413021697","155.984","155.984","155.984"
"12525.411388611","192.493","192.493","192.493"
"12535.410867256","186.453","186.453","186.453"
"12545.411731349","224.186","224.186","224.186"
"12555.411525398","182.517","182.517","182.517"
"12565.411458025","245.12","245.12","245.12"
"12575.411011446","197.426","197.426","197.426"
"12585.412027474","255.514","255.514","255.514"
"12595.416759559","191.279","191.279","191.279"
"12605.41321051","189.558","189.558","189.558"
"12615.411675921","183.024","183.024","183.024"
"12625.412473837","165.487","165.487","165.487"
"12635.416724396","191.755","191.755","191.755"
"12645.412299778","182.182","182.182","182.182"
"12655.411460146","179.826","179.826","179.826"
"12665.411726708","177.236","177.236","177.236"
"12675.412662889","241.373","241.373","241.373"
"12685.415454782","173.809","173.809","173.809"
"12695.411563748","167.253","167.253","167.253"
"12705.413091546","181.169","181.169","181.169"
"12715.416708171","232.448","232.448","232.448"
"12725.414656464","232.619","232.619","232.619"
"12735.410855684","160.328","160.328","160.328"
"12745.413684032","203.175","203.175","203.175"
"12755.411805631","153.638","153.638","153.638"
"12765.411412727","217.159","217.159","217.159"
"12775.412176554","249.146","249.146","249.146"
"12785.411161239","174.546","174.546","174.546"
"12795.411888749","162.5","162.5","162.5"
"12805.411561272","191.4","191.4","191.4"
"12815.411217408","237.631","237.631","237.631"
"12825.41200372","116.869","116.869","116.869"
"12835.411754687","190.921","190.921","190.921"
"12845.411609044","183.664","183.664","183.664"
"12855.416045738","214.095","214.095","214.095"
"12865.411490944","251.591","251.591","251.591"
"12875.41143739","167.991","167.991","167.991"
"12885.41626405","241.373","241.373","241.373"
"12895.410908279","192.367","192.367","192.367"
"12905.411355699","192.242","192.242","192.242"
"12915.413852081","158.89","158.89","158.89"
"12925.411887113","189.066","189.066","189.066"
"12935.411543478","241.06","241.06","241.06"
"12945.4115625","222.288","222.288","222.288"
"12955.412200175","186.486","186.486","186.486"
"12965.411435311","187.347","187.347","187.347"
"12975.41250896","197.253","197.253","197.253"
"12985.410914598","234.691","234.691","234.691"
"12995.410957068","143.242","143.242","143.242"
"13005.413022291","236.702","236.702","236.702"
"13015.411809145","175.907","175.907","175.907"
"13025.411447649","206.737","206.737","206.737"
"13035.411588795","243.926","243.926","243.926"
"13045.412180444","172.713","172.713","172.713"
"13055.411791451","174.419","174.419","174.419"
"13065.413841696","160.47","160.47","160.47"
"13075.415812464","243.159","243.159","243.159"
"13085.411040457","193.738","193.738","193.738"
"13095.411397598","235.805","235.805","235.805"
"13105.410853034","179.984","179.984","179.984"
"13115.416479185","187.099","187.099","187.099"
"13125.411215967","191.033","191.033","191.033"
"13135.4142032","177.352","177.352","177.352"
"13145.413608465","186.347","186.347","186.347"
"13155.411138778","135.443","135.443","135.443"
"13165.412081757","185.874","185.874","185.874"
"13175.411070815","175.416","175.416","175.416"
"13185.413125497","232.6","232.6","232.6"
"13195.411359027","201.473","201.473","201.473"
"13205.41231487","177.728","177.728","177.728"
"13215.412345184","185.594","185.594","185.594"
"13225.412695365","247.023","247.023","247.023"
"13235.411611046","136.921","136.921","136.921"
"13245.411153191","194.563","194.563","194.563"
"13255.411400816","148.818","148.818","148.818"
"13265.411458829","167.799","167.799","167.799"
"13275.41268247","147.588","147.588","147.588"
"13285.411977","162.826","162.826","162.826"
"13295.411385853","185.228","185.228","185.228"
"13305.413094623","234.201","234.201","234.201"
"13315.412438333","196.448","196.448","196.448"
"13325.411588357","239.59","239.59","239.59"
"13335.41113007","256.215","256.215","256.215"
"13345.421094375","204.926","204.926","204.926"
"13355.411930153","155.794","155.794","155.794"
"13365.411707562","202.29","202.29","202.29"
"13375.410937384","186.486","186.486","186.486"
"13385.412345287","188.068","188.068","188.068"
"13395.413128831","188.191","188.191","188.191"
"13405.411863551","177.598","177.598","177.598"
"13415.411707576","231.562","231.562","231.562"
"13425.41166484","189.773","189.773","189.773"
"13435.412871235","241.235","241.235","241.235"
"13445.411216997","210.416","210.416","210.416"
"13455.411175096","192.969","192.969","192.969"
"13465.412607914","192.984","192.984","192.984"
"13475.411292781","158.747","158.747","158.747"
"13485.4142939","193.24","193.24","193.24"
"13495.411709542","204.43","204.43","204.43"
"13505.411722204","138.398","138.398","138.398"
"13515.41111739","186.489","186.489","186.489"
"13525.411960703","197.531","197.531","197.531"
"13535.411678603","203.682","203.682","203.682"
"13545.412026936","182.92","182.92","182.92"
"13555.41312175","237.701","237.701","237.701"
"13565.41140249","188.682","188.682","188.682"
"13575.41181931","225.719","225.719","225.719"
"13585.416221719","244.715","244.715","244.715"
"13595.410840598","244.225","244.225","244.225"
"13605.411432195","245.799","245.799","245.799"
"13615.41087375","187.961","187.961","187.961"
"13625.410957829","193.747","193.747","193.747"
"13635.41199417","160.753","160.753","160.753"
"13645.411105529","234.672","234.672","234.672"
"13655.412128124","163.364","163.364","163.364"
"13665.411863077","172.186","172.186","172.186"
"13675.411874043","178.724","178.724","178.724"
"13685.417331012","188.913","188.913","188.913"
"13695.411337938","185.995","185.995","185.995"
"13705.412835169","187.194","187.194","187.194"
"13715.415327904","182.057","182.057","182.057"
"13725.41447303","181.312","181.312","181.312"
"13735.411371927","134.704","134.704","134.704"
"13745.412270156","237.81","237.81","237.81"
"13755.411011842","243.417","243.417","243.417"
"13765.411424392","236.502","236.502","236.502"
"13775.414950122","184.029","184.029","184.029"
"13785.415884233","125.735","125.735","125.735"
"13795.411002003","167.348","167.348","167.348"
"13805.412268388","158.411","158.411","158.411"
"13815.41187251","197.989","197.989","197.989"
"13825.411632698","194.959","194.959","194.959"
"13835.412011056","184.877","184.877","184.877"
"13845.412608983","155.667","155.667","155.667"
"13855.413473192","161.491","161.491","161.491"
"13865.412021948","165.147","165.147","165.147"
"13875.411269547","167.158","167.158","167.158"
"13885.411922994","174.319","174.319","174.319"
"13895.411902691","177.742","177.742","177.742"
"13905.412019522","186.856","186.856","186.856"
"13915.412511352","186.58","186.58","186.58"
"13925.412737548","219.855","219.855","219.855"
"13935.413683178","201.211","201.211","201.211"
"13945.418038512","208.235","208.235","208.235"
"13955.413428355","222.187","222.187","222.187"
"13965.41123403","167.895","167.895","167.895"
"13975.411438774","231.091","231.091","231.091"
"13985.414997204","206.848","206.848","206.848"
"13995.41222087","241.724","241.724","241.724"
"14005.411996701","161.153","161.153","161.153"
"14015.410927875","185.107","185.107","185.107"
"14025.411592438","184.766","184.766","184.766"
"14035.417840077","176.138","176.138","176.138"
"14045.411269262","187.469","187.469","187.469"
"14055.412179805","184.365","184.365","184.365"
"14065.418432933","247.758","247.758","247.758"
"14075.411269932","236.406","236.406","236.406"
"14085.411850326","188.052","188.052","188.052"
"14095.411524697","232.976","232.976","232.976"
"14105.415134634","241.546","241.546","241.546"
"14115.41613984","150.613","150.613","150.613"
"14125.412029787","167.458","167.458","167.458"
"14135.415035861","205.891","205.891","205.891"
"14145.412026888","176.122","176.122","176.122"
"14155.411825102","200.606","200.606","200.606"
"14165.413269422","166.122","166.122","166.122"
"14175.412694031","153.121","153.121","153.121"
"14185.411565871","191.026","191.026","191.026"
"14195.412714951","245.478","245.478","245.478"
"14205.414093358","167.199","167.199","167.199"
"14215.411419181","162.826","162.826","162.826"
"14225.412341364","210.876","210.876","210.876"
"14235.414595666","210.369","210.369","210.369"
"14245.418117596","184.401","184.401","184.401"
"14255.411151511","156.833","156.833","156.833"
"14265.411447243","251.796","251.796","251.796"
"14275.411159009","191.856","191.856","191.856"
"14285.411457995","234.653","234.653","234.653"
"14295.412089119","191.026","191.026","191.026"
"14305.411823837","174.91","174.91","174.91"
"14315.413251808","173.583","173.583","173.583"
"14325.414696334","189.402","189.402","189.402"
"14335.411281874","228.757","228.757","228.757"
"14345.411417716","201.964","201.964","201.964"
"14355.411534337","230.319","230.319","230.319"
"14365.414306623","240.726","240.726","240.726"
"14375.410952553","160.249","160.249","160.249"
"14385.411453061","221.771","221.771","221.771"
"14395.414106955","209.401","209.401","209.401"
"14405.412000258","251.185","251.185","251.185"
"14415.411951147","189.188","189.188","189.188"
"14425.410880642","173.078","173.078","173.078"
"14435.411776019","224.248","224.248","224.248"
"14445.413878881","212.835","212.835","212.835"
"14455.411598466","255.335","255.335","255.335"
"14465.41167202","189.433","189.433","189.433"
"14475.41226575","236.921","236.921","236.921"
"14485.411202983","250.451","250.451","250.451"
"14495.411965442","194.341","194.341","194.341"
"14505.412461166","202.078","202.078","202.078"
"14515.411731838","221.715","221.715","221.715"
"14525.411315438","141.296","141.296","141.296"
"14535.416245179","177.005","177.005","177.005"
"14545.41405029","161.596","161.596","161.596"
"14555.411637723","206.008","206.008","206.008"
"14565.411277298","200.852","200.852","200.852"
"14575.414582041","173.17","173.17","173.17"
"14585.411440629","197.676","197.676","197.676"
"14595.411666161","166.037","166.037","166.037"
"14605.411902854","181.543","181.543","181.543"
"14615.411270198","151.007","151.007","151.007"
"14625.411368652","235.142","235.142","235.142"
"14635.412309791","145.585","145.585","145.585"
"14645.41146079","234.101","234.101","234.101"
"14655.4122431","232.163","232.163","232.163"
"14665.411979518","239.081","239.081","239.081"
"14675.411691755","196.928","196.928","196.928"
"14685.412905332","170.979","170.979","170.979"
"14695.411994773","233.742","233.742","233.742"
"14705.411711681","238.485","238.485","238.485"
"14715.411436298","243.767","243.767","243.767"
"14725.414082399","205.85","205.85","205.85"
"14735.411369312","168.045","168.045","168.045"
"14745.414872325","179.013","179.013","179.013"
"14755.411704676","183.382","183.382","183.382"
"14765.411151285","210.034","210.034","210.034"
"14775.411097679","206.23","206.23","206.23"
"14785.41170766","151.007","151.007","151.007"
"14795.411845455","158.631","158.631","158.631"
"14805.411227646","255.001","255.001","255.001"
"14815.414618673","205.978","205.978","205.978"
"14825.41290328","163.078","163.078","163.078"
"14835.414611578","180.215","180.215","180.215"
"14845.416576392","208.689","208.689","208.689"
"14855.411187383","225.376","225.376","225.376"
"14865.41579597","177.858","177.858","177.858"
"14875.412451235","197.157","197.157","197.157"
"14885.411412778","208.301","208.301","208.301"
"14895.415977967","238.769","238.769","238.769"
"14905.412525403","219.347","219.347","219.347"
"14915.41193132","186.456","186.456","186.456"
"14925.41123794","155.781","155.781","155.781"
"14935.414516192","242.458","242.458","242.458"
"14945.411585967","227.794","227.794","227.794"
"14955.411238352","214.34","214.34","214.34"
"14965.411029574","188.314","188.314","188.314"
"14975.411535619","150.319","150.319","150.319"
"14985.415129716","183.915","183.915","183.915"
"14995.411206449","158.67","158.67","158.67"
"15005.411222091","162.452","162.452","162.452"
"15015.412164964","234.561","234.561","234.561"
"15025.414369494","171.448","171.448","171.448"
"15035.413321621","192.629","192.629","192.629"
"15045.411696579","223.677","223.677","223.677"
"15055.412436901","181.287","181.287","181.287"
"15065.412003113","186.362","186.362","186.362"
"15075.410980392","137.145","137.145","137.145"
"15085.413852314","187.071","187.071","187.071"
"15095.411857564","159.628","159.628","159.628"
"15105.41117416","233.202","233.202","233.202"
"15115.411249659","234.653","234.653","234.653"
"15125.41672082","181.528","181.528","181.528"
"15135.415228059","210.661","210.661","210.661"
"15145.411176723","217.649","217.649","217.649"
"15155.411729769","232.864","232.864","232.864"
"15165.413360727","123.21","123.21","123.21"
"15175.410812727","231.11","231.11","231.11"
"15185.411942164","141.926","141.926","141.926"
"15195.411973417","204.173","204.173","204.173"
"15205.411867284","222.551","222.551","222.551"
"15215.411350429","162.593","162.593","162.593"
"15225.417541196","191.381","191.381","191.381"
"15235.414914398","218.754","218.754","218.754"
"15245.411623677","174.419","174.419","174.419"
"15255.415206611","188.053","188.053","188.053"
"15265.414017487","175.575","175.575","175.575"
"15275.411513892","154.317","154.317","154.317"
"15285.411969837","170.242","170.242","170.242"
"15295.411841214","255.326","255.326","255.326"
"15305.412121217","225.394","225.394","225.394"
"15315.411538617","219.262","219.262","219.262"
"15325.410999965","197.024","197.024","197.024"
"15335.41716732","234.763","234.763","234.763"
"15345.410940977","172.32","172.32","172.32"
"15355.412259862","161.337","161.337","161.337"
"15365.415205916","211.504","211.504","211.504"
"15375.411162648","169.726","169.726","169.726"
"15385.413192088","161.723","161.723","161.723"
"15395.411710031","193.58","193.58","193.58"
"15405.411386136","208.345","208.345","208.345"
"15415.416440351","255.503","255.503","255.503"
"15425.415540426","239.277","239.277","239.277"
"15435.417433668","253.468","253.468","253.468"
"15445.411884161","234.629","234.629","234.629"
"15455.414609053","148.398","148.398","148.398"
"15465.414566273","185.613","185.613","185.613"
"15475.41128586","176.484","176.484","176.484"
"15485.411308863","174.745","174.745","174.745"
"15495.415678946","254.077","254.077","254.077"
"15505.415253652","181.533","181.533","181.533"
"15515.411218755","163.929","163.929","163.929"
"15525.411013961","186.116","186.116","186.116"
"15535.414309967","162.206","162.206","162.206"
"15545.413009217","196.33","196.33","196.33"
"15555.411568636","161.96","161.96","161.96"
"15565.41149475","165.45","165.45","165.45"
"15575.412446627","111.078","111.078","111.078"
"15585.411410415","186.732","186.732","186.732"
"15595.411315349","162.347","162.347","162.347"
"15605.414564638","254.28","254.28","254.28"
"15615.413227602","155.068","155.068","155.068"
"15625.415995838","179.346","179.346","179.346"
"15635.411340892","167.621","167.621","167.621"
"15645.414447519","185.613","185.613","185.613"
"15655.411398083","189.557","189.557","189.557"
"15665.411733601","204.53","204.53","204.53"
"15675.411730814","245.639","245.639","245.639"
"15685.412562296","235.742","235.742","235.742"
"15695.415708579","191.782","191.782","191.782"
"15705.411120088","234.763","234.763","234.763"
"15715.41235391","233.354","233.354","233.354"
"15725.411741857","187.345","187.345","187.345"
"15735.411646958","152.483","152.483","152.483"
"15745.413192116","180.303","180.303","180.303"
"15755.411138971","186.365","186.365","186.365"
"15765.412686347","253.144","253.144","253.144"
"15775.413164323","203.324","203.324","203.324"
"15785.416848519","264.376","264.376","264.376"
"15795.41113365","240.08","240.08","240.08"
"15805.410865563","247.023","247.023","247.023"
"15815.41573461","250.777","250.777","250.777"
"15825.411095985","164.422","164.422","164.422"
"15835.411579241","159.874","159.874","159.874"
"15845.411427871","116.442","116.442","116.442"
"15855.411252492","188.329","188.329","188.329"
"15865.411277955","173.303","173.303","173.303"
"15875.410976627","205.779","205.779","205.779"
"15885.411688232","190.542","190.542","190.542"
"15895.418174209","218.018","218.018","218.018"
"15905.411205902","199.984","199.984","199.984"
"15915.41126283","188.575","188.575","188.575"
"15925.4131369","175.27","175.27","175.27"
"15935.41187201","208.209","208.209","208.209"
"15945.412220379","205.383","205.383","205.383"
"15955.41247029","191.245","191.245","191.245"
"15965.412502693","158.851","158.851","158.851"
"15975.419678438","171.87","171.87","171.87"
"15985.412209417","200.246","200.246","200.246"
"15995.411356281","207.507","207.507","207.507"
"16005.420297151","253.675","253.675","253.675"
"16015.41461106","232.488","232.488","232.488"
"16025.415185802","175.744","175.744","175.744"
"16035.412119891","169.986","169.986","169.986"
"16045.411009861","167.431","167.431","167.431"
"16055.410987097","252.165","252.165","252.165"
"16065.411703219","239.287","239.287","239.287"
"16075.41154775","253.422","253.422","253.422"
"16085.412764567","230.865","230.865","230.865"
"16095.411779951","232.712","232.712","232.712"
"16105.411579933","187.577","187.577","187.577"
"16115.412043851","211.78","211.78","211.78"
"16125.411290401","154.651","154.651","154.651"
"16135.41160907","190.878","190.878","190.878"
"16145.411507802","242.372","242.372","242.372"
"16155.413932798","192.227","192.227","192.227"
"16165.412116674","190.294","190.294","190.294"
"16175.41325895","198.022","198.022","198.022"
"16185.416793222","166.666","166.666","166.666"
"16195.412579377","187.731","187.731","187.731"
"16205.411569287","249.369","249.369","249.369"
"16215.411435628","172.334","172.334","172.334"
"16225.411516739","188.206","188.206","188.206"
"16235.411506437","206.23","206.23","206.23"
"16245.411878512","197.792","197.792","197.792"
"16255.411452305","170.218","170.218","170.218"
"16265.410952195","193.952","193.952","193.952"
"16275.414367298","234.806","234.806","234.806"
"16285.41338949","224.5","224.5","224.5"
"16295.411086767","203.44","203.44","203.44"
"16305.411863361","206.365","206.365","206.365"
"16315.411849125","214.078","214.078","214.078"
"16325.411346509","119.896","119.896","119.896"
"16335.414278841","168.768","168.768","168.768"
"16345.411165037","206.586","206.586","206.586"
"16355.413161757","176.384","176.384","176.384"
"16365.411182993","237.32","237.32","237.32"
"16375.411991954","193.366","193.366","193.366"
"16385.414040552","196.795","196.795","196.795"
"16395.414828545","182.927","182.927","182.927"
"16405.412473367","181.027","181.027","181.027"
"16415.411183225","208.345","208.345","208.345"
"16425.410967297","227.041","227.041","227.041"
"16435.418873709","208.808","208.808","208.808"
"16445.411260544","209.036","209.036","209.036"
"16455.411069457","165.16","165.16","165.16"
"16465.414052931","195.45","195.45","195.45"
"16475.411720659","207.253","207.253","207.253"
"16485.411528304","207.498","207.498","207.498"
"16495.412704558","235.07","235.07","235.07"
"16505.411389632","142.924","142.924","142.924"
"16515.411890958","171.94","171.94","171.94"
"16525.412789396","239.816","239.816","239.816"
"16535.412603164","133.708","133.708","133.708"
"16545.4122294","234.691","234.691","234.691"
"16555.411665097","170.636","170.636","170.636"
"16565.411768055","186.962","186.962","186.962"
"16575.412086041","209.925","209.925","209.925"
"16585.411528418","230.131","230.131","230.131"
"16595.412360592","153.983","153.983","153.983"
"16605.412549215","183.754","183.754","183.754"
"16615.412316564","193.136","193.136","193.136"
"16625.411450121","188.329","188.329","188.329"
"16635.411722008","189.679","189.679","189.679"
"16645.412085111","195.434","195.434","195.434"
"16655.411345897","167.158","167.158","167.158"
"16665.412177693","188.052","188.052","188.052"
"16675.412422763","189.557","189.557","189.557"
"16685.411541434","245.723","245.723","245.723"
"16695.411735329","244.245","244.245","244.245"
"16705.410925661","219.035","219.035","219.035"
"16715.413026897","195.332","195.332","195.332"
"16725.411703539","200.475","200.475","200.475"
"16735.417109808","246.597","246.597","246.597"
"16745.411806843","238.788","238.788","238.788"
"16755.411424655","200.214","200.214","200.214"
"16765.411584571","197.286","197.286","197.286"
"16775.413770942","223.14","223.14","223.14"
"16785.413139985","182.905","182.905","182.905"
"16795.411604733","165.804","165.804","165.804"
"16805.411205363","214.585","214.585","214.585"
"16815.414737276","236.122","236.122","236.122"
"16825.41155854","178.84","178.84","178.84"
"16835.411025773","233.711","233.711","233.711"
"16845.411913702","217.894","217.894","217.894"
"16855.411421998","185.965","185.965","185.965"
"16865.410919466","192.137","192.137","192.137"
"16875.412388529","177.598","177.598","177.598"
"16885.411220052","235.214","235.214","235.214"
"16895.410953839","187.562","187.562","187.562"
"16905.411163155","219.604","219.604","219.604"
"16915.412411194","261.898","261.898","261.898"
"16925.411439862","199.216","199.216","199.216"
"16935.412305253","241.566","241.566","241.566"
"16945.412024813","184.736","184.736","184.736"
"16955.412293367","183.307","183.307","183.307"
"16965.416906348","205.634","205.634","205.634"
"16975.41639745","177.395","177.395","177.395"
"16985.411087936","175.27","175.27","175.27"
"16995.418844262","176.874","176.874","176.874"
"17005.411002284","163.929","163.929","163.929"
"17015.411433585","185.378","185.378","185.378"
"17025.416205959","234.806","234.806","234.806"
"17035.413623555","239.385","239.385","239.385"
"17045.412886008","193.24","193.24","193.24"
"17055.415457861","239.17","239.17","239.17"
"17065.411144614","198.626","198.626","198.626"
"17075.422205086","183.649","183.649","183.649"
"17085.415441127","186.856","186.856","186.856"
"17095.415527053","250.756","250.756","250.756"
"17105.410959575","175.412","175.412","175.412"
"17115.417015602","196.549","196.549","196.549"
"17125.412598467","231.845","231.845","231.845"
"17135.415765473","242.372","242.372","242.372"
"17145.411648351","204.642","204.642","204.642"
"17155.415783059","180.56","180.56","180.56"
"17165.415492692","154.475","154.475","154.475"
"17175.411016628","178.957","178.957","178.957"
"17185.412176223","250.696","250.696","250.696"
"17195.411863744","175.056","175.056","175.056"
"17205.411277024","219.873","219.873","219.873"
"17215.411776228","132.659","132.659","132.659"
"17225.414702742","213.955","213.955","213.955"
"17235.412717337","216.055","216.055","216.055"
"17245.411469857","197.647","197.647","197.647"
"17255.411664709","160.262","160.262","160.262"
"17265.411755402","236.657","236.657","236.657"
"17275.411315296","160.599","160.599","160.599"
"17285.411651735","133.857","133.857","133.857"
"17295.411496768","185.519","185.519","185.519"
"17305.414526704","166.528","166.528","166.528"
"17315.414795574","156.575","156.575","156.575"
"17325.412884664","163.962","163.962","163.962"
"17335.411854237","209.19","209.19","209.19"
"17345.410899099","229","229","229"
"17355.410881324","180.795","180.795","180.795"
"17365.411553281","226.13","226.13","226.13"
"17375.415279109","163.085","163.085","163.085"
"17385.413181137","227.226","227.226","227.226"
"17395.412397113","192.242","192.242","192.242"
"17405.41192163","242.194","242.194","242.194"
"17415.41327304","155.636","155.636","155.636"
"17425.415445775","173.894","173.894","173.894"
"17435.411658329","229.885","229.885","229.885"
"17445.411331354","204.402","204.402","204.402"
"17455.411478077","207.744","207.744","207.744"
"17465.411039266","219.771","219.771","219.771"
"17475.414749461","217.404","217.404","217.404"
"17485.412078142","231.167","231.167","231.167"
"17495.41156014","246.45","246.45","246.45"
"17505.415433692","193.722","193.722","193.722"
"17515.413709523","203.794","203.794","203.794"
"17525.411817504","170.599","170.599","170.599"
"17535.411616286","199.232","199.232","199.232"
"17545.4125467","202.571","202.571","202.571"
"17555.41143363","162.58","162.58","162.58"
"17565.411328914","196.923","196.923","196.923"
"17575.41246371","216.161","216.161","216.161"
"17585.414201662","220.327","220.327","220.327"
"17595.419076207","183.501","183.501","183.501"
"17605.411766236","174.102","174.102","174.102"
"17615.411264976","163.975","163.975","163.975"
"17625.411184759","235.968","235.968","235.968"
"17635.411902861","203.782","203.782","203.782"
"17645.411371383","210.068","210.068","210.068"
"17655.410928919","235.852","235.852","235.852"
"17665.412037337","190.676","190.676","190.676"
"17675.412934846","185.243","185.243","185.243"
"17685.410911133","148.85","148.85","148.85"
"17695.411186295","189.036","189.036","189.036"
"17705.418137232","193.486","193.486","193.486"
"17715.413100252","185.613","185.613","185.613"
"17725.412194179","237.211","237.211","237.211"
"17735.415641859","249.064","249.064","249.064"
"17745.41266363","192.608","192.608","192.608"
"17755.411442736","191.767","191.767","191.767"
"17765.412080062","119.809","119.809","119.809"
"17775.413860412","242.095","242.095","242.095"
"17785.4118634","185.719","185.719","185.719"
"17795.411809385","232.296","232.296","232.296"
"17805.411413798","199.117","199.117","199.117"
"17815.413402252","154.217","154.217","154.217"
"17825.410840576","142.984","142.984","142.984"
"17835.412168478","211.873","211.873","211.873"
"17845.411432367","188.682","188.682","188.682"
"17855.411676856","160.003","160.003","160.003"
"17865.410988497","187.716","187.716","187.716"
"17875.411851972","170.845","170.845","170.845"
"17885.414596553","200.834","200.834","200.834"
"17895.411929844","203.907","203.907","203.907"
"17905.411838415","199.855","199.855","199.855"
"17915.411644422","168.387","168.387","168.387"
"17925.41201219","191.657","191.657","191.657"
"17935.411466531","230.771","230.771","230.771"
"17945.411935088","186.101","186.101","186.101"
"17955.411665603","236.051","236.051","236.051"
"17965.415940901","206.872","206.872","206.872"
"17975.412212719","246.205","246.205","246.205"
"17985.410907908","168.77","168.77","168.77"
"17995.412164785","187.084","187.084","187.084"
"18005.411715474","195.102","195.102","195.102"
"18015.412579927","186.593","186.593","186.593"
"18025.414366235","172.79","172.79","172.79"
"18035.411745261","234.354","234.354","234.354"
"18045.411449953","235.334","235.334","235.334"
"18055.412268778","176.96","176.96","176.96"
"18065.415591221","168.606","168.606","168.606"
"18075.414728955","167.28","167.28","167.28"
"18085.411641915","213.515","213.515","213.515"
"18095.411459766","214.743","214.743","214.743"
"18105.412263263","247.185","247.185","247.185"
"18115.411198578","232.016","232.016","232.016"
"18125.413680857","197.035","197.035","197.035"
"18135.413168418","246.346","246.346","246.346"
"18145.411144881","169.837","169.837","169.837"
"18155.411293803","167.129","167.129","167.129"
"18165.412387127","248.655","248.655","248.655"
"18175.412662875","245.365","245.365","245.365"
"18185.411628242","227.111","227.111","227.111"
"18195.412041299","188.329","188.329","188.329"
"18205.411281048","152.288","152.288","152.288"
"18215.413684928","233.978","233.978","233.978"
"18225.411252903","170.083","170.083","170.083"
"18235.41170825","200.508","200.508","200.508"
"18245.412167197","220.387","220.387","220.387"
"18255.417327407","218.424","218.424","218.424"
"18265.4115229","185.469","185.469","185.469"
"18275.411458114","242.775","242.775","242.775"
"18285.420706364","252.084","252.084","252.084"
"18295.414613042","194.705","194.705","194.705"
"18305.415027125","235.959","235.959","235.959"
"18315.414121931","232.28","232.28","232.28"
"18325.413005741","176.96","176.96","176.96"
"18335.413969824","256.718","256.718","256.718"
"18345.41137197","232.035","232.035","232.035"
"18355.411023364","195.347","195.347","195.347"
"18365.411676087","229.94","229.94","229.94"
"18375.413764493","234.469","234.469","234.469"
"18385.412553814","183.009","183.009","183.009"
"18395.411870042","193.246","193.246","193.246"
"18405.418608965","244.875","244.875","244.875"
"18415.415793535","186.207","186.207","186.207"
"18425.413494124","170.329","170.329","170.329"
"18435.411182109","171.067","171.067","171.067"
"18445.411589932","164.748","164.748","164.748"
"18455.411733169","160.341","160.341","160.341"
"18465.411442565","236.56","236.56","236.56"
"18475.414434277","202.835","202.835","202.835"
"18485.410825606","208.354","208.354","208.354"
"18495.410996249","170.918","170.918","170.918"
"18505.411746515","177.872","177.872","177.872"
"18515.411600669","251.594","251.594","251.594"
"18525.411507637","229.073","229.073","229.073"
"18535.411049068","194.967","194.967","194.967"
"18545.411533541","238.276","238.276","238.276"
"18555.418513696","236.07","236.07","236.07"
"18565.413694354","139.318","139.318","139.318"
"18575.410858969","187.191","187.191","187.191"
"18585.411103786","188.82","188.82","188.82"
"18595.412821622","210.199","210.199","210.199"
"18605.414904207","188.175","188.175","188.175"
"18615.414468271","168.606","168.606","168.606"
"18625.411434639","106.951","106.951","106.951"
"18635.411442584","244.385","244.385","244.385"
"18645.41462623","168.196","168.196","168.196"
"18655.413865691","242.669","242.669","242.669"
"18665.411602723","235.959","235.959","235.959"
"18675.418768125","258.327","258.327","258.327"
"18685.412286233","150.809","150.809","150.809"
"18695.413704484","242.443","242.443","242.443"
"18705.410955478","195.213","195.213","195.213"
"18715.410902409","238.903","238.903","238.903"
"18725.413692794","164.022","164.022","164.022"
"18735.411709924","202.457","202.457","202.457"
"18745.411683044","186.945","186.945","186.945"
"18755.412591127","200.016","200.016","200.016"
"18765.411370658","232.016","232.016","232.016"
"18775.411142735","184.239","184.239","184.239"
"18785.41074566","190.296","190.296","190.296"
"18795.412606745","158.617","158.617","158.617"
"18805.411450004","195.689","195.689","195.689"
"18815.416207406","199.525","199.525","199.525"
"18825.410909786","202.587","202.587","202.587"
"18835.411912266","185.961","185.961","185.961"
"18845.410956169","216.46","216.46","216.46"
"18855.412017693","213.025","213.025","213.025"
"18865.414657036","181.563","181.563","181.563"
"18875.411780157","182.547","182.547","182.547"
"18885.41299209","206.142","206.142","206.142"
"18895.411917256","235.204","235.204","235.204"
"18905.411193715","184.731","184.731","184.731"
"18915.410943641","209.565","209.565","209.565"
"18925.411899857","161.067","161.067","161.067"
"18935.411430959","185.394","185.394","185.394"
"18945.419483209","246.836","246.836","246.836"
"18955.411352589","189.297","189.297","189.297"
"18965.41470277","189.297","189.297","189.297"
"18975.410881324","218.794","218.794","218.794"
"18985.411906244","250.125","250.125","250.125"
"18995.413552089","188.329","188.329","188.329"
"19005.415322895","152.78","152.78","152.78"
"19015.411566972","191.018","191.018","191.018"
"19025.411735325","172.298","172.298","172.298"
"19035.41814536","240.237","240.237","240.237"
"19045.412112405","172.298","172.298","172.298"
"19055.411318459","230.563","230.563","230.563"
"19065.411632354","241.933","241.933","241.933"
"19075.410919171","179.826","179.826","179.826"
"19085.411626939","197.543","197.543","197.543"
"19095.411828614","177.38","177.38","177.38"
"19105.415412517","185.745","185.745","185.745"
"19115.413483734","229.073","229.073","229.073"
"19125.412264333","235.45","235.45","235.45"
"19135.412307672","249.635","249.635","249.635"
"19145.414174703","183.255","183.255","183.255"
"19155.412821677","228.996","228.996","228.996"
"19165.411785967","193.246","193.246","193.246"
"19175.413683034","222.105","222.105","222.105"
"19185.411885101","180.303","180.303","180.303"
"19195.414860324","173.529","173.529","173.529"
"19205.411801765","196.822","196.822","196.822"
"19215.41165154","203.44","203.44","203.44"
"19225.414878464","189.558","189.558","189.558"
"19235.41134472","191.372","191.372","191.372"
"19245.411462533","139.811","139.811","139.811"
"19255.411690469","238.031","238.031","238.031"
"19265.416271762","200.508","200.508","200.508"
"19275.411183275","235.959","235.959","235.959"
"19285.41116831","191.033","191.033","191.033"
"19295.415356679","245.94","245.94","245.94"
"19305.414333855","236.276","236.276","236.276"
"19315.418994285","252.451","252.451","252.451"
"19325.413439369","205.746","205.746","205.746"
"19335.411726214","195.086","195.086","195.086"
"19345.412243432","203.815","203.815","203.815"
"19355.411409069","154.493","154.493","154.493"
"19365.411625577","222.087","222.087","222.087"
"19375.411524855","234.316","234.316","234.316"
"19385.414954959","243.894","243.894","243.894"
"19395.411077387","202.587","202.587","202.587"
"19405.411714139","184.134","184.134","184.134"
"19415.41220394","163.683","163.683","163.683"
"19425.411485922","180.82","180.82","180.82"
"19435.412095721","235.387","235.387","235.387"
"19445.411289194","156.532","156.532","156.532"
"19455.412159413","202.457","202.457","202.457"
"19465.411138264","206.634","206.634","206.634"
"19475.411233725","185.961","185.961","185.961"
"19485.412319048","242.179","242.179","242.179"
"19495.417075964","191.509","191.509","191.509"
"19505.411627738","170.821","170.821","170.821"
"19515.412018506","230.79","230.79","230.79"
"19525.415458771","205.534","205.534","205.534"
"19535.411927974","233.978","233.978","233.978"
"19545.412359599","208.252","208.252","208.252"
"19555.417245553","186.453","186.453","186.453"
"19565.414099056","182.659","182.659","182.659"
"19575.411904289","163.683","163.683","163.683"
"19585.412756917","165.406","165.406","165.406"
"19595.412098722","190.187","190.187","190.187"
"19605.411348936","158.994","158.994","158.994"
"19615.414596103","186.593","186.593","186.593"
"19625.413135969","181.445","181.445","181.445"
"19635.411218866","182.413","182.413","182.413"
"19645.411591585","183.151","183.151","183.151"
"19655.411188553","192.367","192.367","192.367"
"19665.411942138","166.391","166.391","166.391"
"19675.411208725","188.052","188.052","188.052"
"19685.411432656","172.706","172.706","172.706"
"19695.411623157","200.131","200.131","200.131"
"19705.411871591","169.098","169.098","169.098"
"19715.412215345","181.691","181.691","181.691"
"19725.412906102","187.084","187.084","187.084"
"19735.411340287","224.775","224.775","224.775"
"19745.411619173","188.099","188.099","188.099"
"19755.412181755","145.047","145.047","145.047"
"19765.412909541","151.795","151.795","151.795"
"19775.411887504","156.154","156.154","156.154"
"19785.415996571","262.447","262.447","262.447"
"19795.412846482","169.098","169.098","169.098"
"19805.412234051","221.105","221.105","221.105"
"19815.411644052","199.033","199.033","199.033"
"19825.411622832","237.05","237.05","237.05"
"19835.410839492","177.713","177.713","177.713"
"19845.411888416","178.205","178.205","178.205"
"19855.412301373","195.839","195.839","195.839"
"19865.41238304","172.298","172.298","172.298"
"19875.41218203","161.793","161.793","161.793"
"19885.411374271","163.696","163.696","163.696"
"19895.413434449","185.363","185.363","185.363"
"19905.411878333","153.52","153.52","153.52"
"19915.412597635","195.459","195.459","195.459"
"19925.412279645","240.463","240.463","240.463"
"19935.416261429","167.867","167.867","167.867"
"19945.411437492","237.786","237.786","237.786"
"19955.412591944","234.354","234.354","234.354"
"19965.411903742","237.05","237.05","237.05"
"19975.411989724","195.459","195.459","195.459"
"19985.412131215","242.285","242.285","242.285"
"19995.413325102","213.146","213.146","213.146"
"20005.41210521","167.867","167.867","167.867"
"20015.414738761","162.285","162.285","162.285"
"20025.411579709","228.678","228.678","228.678"
"20035.413312477","186.838","186.838","186.838"
"20045.411308638","185.133","185.133","185.133"
"20055.415867175","206.745","206.745","206.745"
"20065.411411831","166.637","166.637","166.637"
"20075.410899156","232.638","232.638","232.638"
"20085.41351569","225.167","225.167","225.167"
"20095.416433605","226.504","226.504","226.504"
"20105.41193267","187.345","187.345","187.345"
"20115.411733931","164.282","164.282","164.282"
"20125.412600939","189.312","189.312","189.312"
"20135.411462576","189.651","189.651","189.651"
"20145.412426192","176.136","176.136","176.136"
"20155.411032559","188.82","188.82","188.82"
"20165.417511918","219.531","219.531","219.531"
"20175.412216944","187.576","187.576","187.576"
"20185.411542675","235.334","235.334","235.334"
"20195.414654573","187.345","187.345","187.345"
"20205.410681827","223.314","223.314","223.314"
"20215.411633814","252.819","252.819","252.819"
"20225.412994935","192.984","192.984","192.984"
"20235.41146275","235.07","235.07","235.07"
"20245.412278481","255.514","255.514","255.514"
"20255.411531172","189.804","189.804","189.804"
"20265.411767421","189.051","189.051","189.051"
"20275.416192387","234.469","234.469","234.469"
"20285.411604251","166.145","166.145","166.145"
"20295.411438048","226.504","226.504","226.504"
"20305.41074606","221.123","221.123","221.123"
"20315.414228371","209.708","209.708","209.708"
"20325.411028254","226.13","226.13","226.13"
"20335.410839191","217.951","217.951","217.951"
"20345.414593954","188.083","188.083","188.083"
"20355.412673542","236.315","236.315","236.315"
"20365.412237366","161.806","161.806","161.806"
"20375.414606598","190.526","190.526","190.526"
"20385.412556626","179.58","179.58","179.58"
"20395.411814209","233.242","233.242","233.242"
"20405.415877942","186.699","186.699","186.699"
"20415.412384781","220.142","220.142","220.142"
"20425.411695941","224.786","224.786","224.786"
"20435.418070423","251.349","251.349","251.349"
"20445.411354967","237.05","237.05","237.05"
"20455.410668117","119.974","119.974","119.974"
"20465.411600641","238.276","238.276","238.276"
"20475.412101737","187.576","187.576","187.576"
"20485.410751184","235.224","235.224","235.224"
"20495.411753985","214.269","214.269","214.269"
"20505.413073486","147.689","147.689","147.689"
"20515.411184111","188.083","188.083","188.083"
"20525.411327899","142.03","142.03","142.03"
"20535.411023183","230.054","230.054","230.054"
"20545.410995427","236.805","236.805","236.805"
"20555.411940353","205.897","205.897","205.897"
"20565.411240289","173.775","173.775","173.775"
"20575.411670571","219.16","219.16","219.16"
"20585.414614768","104.728","104.728","104.728"
"20595.412005727","148.11","148.11","148.11"
"20605.415095031","173.184","173.184","173.184"
"20615.411363006","209.708","209.708","209.708"
"20625.412626867","156.401","156.401","156.401"
"20635.419225253","240.129","240.129","240.129"
"20645.41111751","201.113","201.113","201.113"
"20655.411253983","166.391","166.391","166.391"
"20665.418812255","245.47","245.47","245.47"
"20675.411854047","180.564","180.564","180.564"
"20685.412831509","171.313","171.313","171.313"
"20695.411118648","206.482","206.482","206.482"
"20705.414531906","180.057","180.057","180.057"
"20715.411295648","180.722","180.722","180.722"
"20725.412855753","180.461","180.461","180.461"
"20735.419676862","244.735","244.735","244.735"
"20745.412213712","177.352","177.352","177.352"
"20755.411781146","128.531","128.531","128.531"
"20765.411127212","208.48","208.48","208.48"
"20775.411900914","221.86","221.86","221.86"
"20785.416049567","235.204","235.204","235.204"
"20795.411668707","237.922","237.922","237.922"
"20805.412070626","194.214","194.214","194.214"
"20815.411440846","204.422","204.422","204.422"
"20825.414395225","234.469","234.469","234.469"
"20835.410903316","188.713","188.713","188.713"
"20845.417256408","224.168","224.168","224.168"
"20855.412080907","238.031","238.031","238.031"
"20865.413074522","162.791","162.791","162.791"
"20875.411786355","191.279","191.279","191.279"
"20885.411159365","164.036","164.036","164.036"
"20895.411858433","143.263","143.263","143.263"
"20905.416318656","207.354","207.354","207.354"
"20915.411312613","179.58","179.58","179.58"
"20925.420506259","260.488","260.488","260.488"
"20935.414798704","215.479","215.479","215.479"
"20945.411339667","197.559","197.559","197.559"
"20955.412692392","246.205","246.205","246.205"
"20965.410843417","180.318","180.318","180.318"
"20975.411485508","186.101","186.101","186.101"
"20985.412029648","256.124","256.124","256.124"
"20995.411048406","182.793","182.793","182.793"
"21005.41115382","125.263","125.263","125.263"
"21015.411174191","236.805","236.805","236.805"
"21025.412010121","192.247","192.247","192.247"
"21035.411531666","212.409","212.409","212.409"
"21045.410807805","204.93","204.93","204.93"
"21055.410907174","238.031","238.031","238.031"
"21065.413589199","185.118","185.118","185.118"
"21075.411154131","187.591","187.591","187.591"
"21085.411889643","189.297","189.297","189.297"
"21095.411926805","164.009","164.009","164.009"
"21105.415934155","184.977","184.977","184.977"
"21115.411561251","212.551","212.551","212.551"
"21125.411691546","236.07","236.07","236.07"
"21135.411664606","232.997","232.997","232.997"
"21145.411813706","238.276","238.276","238.276"
"21155.411716463","143.51","143.51","143.51"
"21165.411007726","249.88","249.88","249.88"
"21175.414131007","191.416","191.416","191.416"
"21185.412355094","196.196","196.196","196.196"
"21195.410958494","200.999","200.999","200.999"
"21205.411491341","242.198","242.198","242.198"
"21215.411144121","173.775","173.775","173.775"
"21225.415965416","156.647","156.647","156.647"
"21235.412002091","190.772","190.772","190.772"
"21245.411347355","197.805","197.805","197.805"
"21255.410797256","224.05","224.05","224.05"
"21265.414690998","187.683","187.683","187.683"
"21275.41143294","228.11","228.11","228.11"
"21285.411779562","191.033","191.033","191.033"
"21295.411261685","253.064","253.064","253.064"
"21305.411117526","172.052","172.052","172.052"
"21315.411817156","198.05","198.05","198.05"
"21325.411743139","250.615","250.615","250.615"
"21335.410923686","187.437","187.437","187.437"
"21345.411586221","141.29","141.29","141.29"
"21355.411100041","191.018","191.018","191.018"
"21365.414738323","234.959","234.959","234.959"
"21375.410958013","185.715","185.715","185.715"
"21385.413664776","175.99","175.99","175.99"
"21395.411742374","176.628","176.628","176.628"
"21405.412509937","232.393","232.393","232.393"
"21415.416779707","236.676","236.676","236.676"
"21425.411983897","237.431","237.431","237.431"
"21435.411504492","171.806","171.806","171.806"
"21445.411770402","245.855","245.855","245.855"
"21455.411731832","193.873","193.873","193.873"
"21465.414796665","193.984","193.984","193.984"
"21475.412425026","191.279","191.279","191.279"
"21485.414610619","184.239","184.239","184.239"
"21495.411737289","193.246","193.246","193.246"
"21505.411828295","186.608","186.608","186.608"
"21515.412289871","234.488","234.488","234.488"
"21525.411566255","191.509","191.509","191.509"
"21535.410959568","223.941","223.941","223.941"
"21545.413382714","180.174","180.174","180.174"
"21555.412409617","165.42","165.42","165.42"
"21565.410853061","237.902","237.902","237.902"
"21575.411662959","198.163","198.163","198.163"
"21585.41441544","237.657","237.657","237.657"
"21595.411163625","153.95","153.95","153.95"
"21605.414583713","244.65","244.65","244.65"
"21615.411029177","170.083","170.083","170.083"
"21625.411322382","232.997","232.997","232.997"
"21635.414531085","168.36","168.36","168.36"
"21645.411504803","204.439","204.439","204.439"
"21655.41170018","201.605","201.605","201.605"
"21665.411873787","251.349","251.349","251.349"
"21675.414143549","244.405","244.405","244.405"
"21685.411627634","153.766","153.766","153.766"
"21695.412628","231.79","231.79","231.79"
"21705.411436984","218.303","218.303","218.303"
"21715.411856421","116.09","116.09","116.09"
"21725.412381919","201.982","201.982","201.982"
"21735.413360233","199.279","199.279","199.279"
"21745.413363563","147.948","147.948","147.948"
"21755.416473772","196.934","196.934","196.934"
"21765.412606195","185.745","185.745","185.745"
"21775.41502054","230.318","230.318","230.318"
"21785.413047487","212.901","212.901","212.901"
"21795.41142496","170.575","170.575","170.575"
"21805.411449574","259.796","259.796","259.796"
"21815.412398965","162.545","162.545","162.545"
"21825.412333113","234.223","234.223","234.223"
"21835.412071517","238.657","238.657","238.657"
"21845.412094384","164.528","164.528","164.528"
"21855.411684957","186.714","186.714","186.714"
"21865.411393681","156.388","156.388","156.388"
"21875.411983804","113.309","113.309","113.309"
"21885.420743848","189.573","189.573","189.573"
"21895.416388958","234.959","234.959","234.959"
"21905.41120506","204.539","204.539","204.539"
"21915.412163033","148.195","148.195","148.195"
"21925.416572535","193.984","193.984","193.984"
"21935.413674203","188.421","188.421","188.421"
"21945.410895658","189.159","189.159","189.159"
"21955.413488925","206.863","206.863","206.863"
"21965.415297453","155.908","155.908","155.908"
"21975.412302389","153.766","153.766","153.766"
"21985.411688803","176.729","176.729","176.729"
"21995.41099758","178.944","178.944","178.944"
"22005.411176737","237.902","237.902","237.902"
"22015.412721314","186.237","186.237","186.237"
"22025.411577031","158.125","158.125","158.125"
"22035.41115759","182.793","182.793","182.793"
"22045.412794871","158.604","158.604","158.604"
"22055.411471331","188.436","188.436","188.436"
"22065.411538565","242.091","242.091","242.091"
"22075.415527924","235.45","235.45","235.45"
"22085.411966646","239.639","239.639","239.639"
"22095.411984464","182.547","182.547","182.547"
"22105.412352945","186.945","186.945","186.945"
"22115.411365395","184.992","184.992","184.992"
"22125.411559135","169.947","169.947","169.947"
"22135.411892921","166.896","166.896","166.896"
"22145.411526141","191.771","191.771","191.771"
"22155.411850268","188.836","188.836","188.836"
"22165.411488442","236.94","236.94","236.94"
"22175.411726331","118.256","118.256","118.256"
"22185.411479748","191.279","191.279","191.279"
"22195.41771005","255.024","255.024","255.024"
"22205.415028993","196.292","196.292","196.292"
"22215.418107443","258.699","258.699","258.699"
"22225.411551024","255.514","255.514","255.514"
"22235.41181597","181.809","181.809","181.809"
"22245.411795287","248.327","248.327","248.327"
"22255.413806954","170.426","170.426","170.426"
"22265.411418244","231.922","231.922","231.922"
"22275.410900863","130.772","130.772","130.772"
"22285.413886392","209.217","209.217","209.217"
"22295.411602212","199.376","199.376","199.376"
"22305.411284477","221.495","221.495","221.495"
"22315.414142447","231.28","231.28","231.28"
"22325.411145657","176.482","176.482","176.482"
"22335.411243103","186.729","186.729","186.729"
"22345.411006746","207.388","207.388","207.388"
"22355.410919939","179.334","179.334","179.334"
"22365.411567796","187.713","187.713","187.713"
"22375.410999082","152.128","152.128","152.128"
"22385.411441955","228.259","228.259","228.259"
"22395.420929948","183.777","183.777","183.777"
"22405.414120522","176.236","176.236","176.236"
"22415.411146886","194.229","194.229","194.229"
"22425.410993703","192.017","192.017","192.017"
"22435.412349014","196.56","196.56","196.56"
"22445.41160683","204.685","204.685","204.685"
"22455.415431298","165.76","165.76","165.76"
"22465.41245829","197.426","197.426","197.426"
"22475.411971777","183.285","183.285","183.285"
"22485.413440752","216.829","216.829","216.829"
"22495.412726073","208.862","208.862","208.862"
"22505.412432528","116.575","116.575","116.575"
"22515.41091563","121.346","121.346","121.346"
"22525.411734797","118.996","118.996","118.996"
"22535.410897348","115.671","115.671","115.671"
"22545.41219946","111.644","111.644","111.644"
"22555.411201847","113.694","113.694","113.694"
"22565.411435841","120.162","120.162","120.162"
"22575.411372067","115.302","115.302","115.302"
"22585.411537001","119.054","119.054","119.054"
"22595.412843188","115.102","115.102","115.102"
"22605.411348198","117.335","117.335","117.335"
"22615.411265835","111.837","111.837","111.837"
"22775.411693486","35.219","35.219","35.219"
"22785.412247218","35.467","35.467","35.467"
"22825.411309537","34.723","34.723","34.723"
"22895.412129727","34.205","34.205","34.205"
"23165.410852469","33.976","33.976","33.976"
"23175.410951642","33.728","33.728","33.728"
"23735.411809428","33.728","33.728","33.728"
"23745.411985866","33.976","33.976","33.976"
"23755.413535802","33.728","33.728","33.728"
"23765.411525562","33.957","33.957","33.957"
"23775.411473392","33.728","33.728","33.728"
"23785.411322184","33.461","33.461","33.461"
"23795.414205548","33.728","33.728","33.728"
"23805.410675285","33.728","33.728","33.728"
"23815.411662744","33.48","33.48","33.48"
"23825.412009404","34.72","34.72","34.72"
"23835.411818005","33.709","33.709","33.709"
"23845.414435924","33.728","33.728","33.728"
"23855.413622886","33.48","33.48","33.48"
"23865.413013182","33.728","33.728","33.728"
"23875.412149596","33.728","33.728","33.728"
"23885.411627594","33.48","33.48","33.48"
"23895.410916072","33.48","33.48","33.48"
"23905.412483719","33.728","33.728","33.728"
"23915.411929245","33.728","33.728","33.728"
"23925.410735442","33.48","33.48","33.48"
"23935.411865707","33.728","33.728","33.728"
"23945.414130796","33.728","33.728","33.728"
"23955.422960364","33.728","33.728","33.728"
"23965.411434901","33.728","33.728","33.728"
"23975.415647203","33.709","33.709","33.709"
"23985.414186618","33.728","33.728","33.728"
"23995.415701072","33.48","33.48","33.48"
"24005.415935807","33.728","33.728","33.728"
"24015.413742565","33.728","33.728","33.728"
"24025.4115708","33.728","33.728","33.728"
"24035.410426062","33.48","33.48","33.48"
"24185.411843267","65.361","65.361","65.361"
"24195.411637232","33.728","33.728","33.728"
"24205.41135783","33.48","33.48","33.48"
"24215.411147422","33.728","33.728","33.728"
"24225.411620244","33.728","33.728","33.728"
"24235.411848124","33.232","33.232","33.232"
"24365.411133672","33.728","33.728","33.728"
"24375.41101276","33.728","33.728","33.728"
"24385.411511192","33.728","33.728","33.728"
"24435.411047088","33.728","33.728","33.728"
"24445.411867952","34.472","34.472","34.472"
"24455.411126821","37.179","37.179","37.179"