"Relative Time (Process)","StudyAbroadGPT-7B - system/cpu.0.cpu_percent","StudyAbroadGPT-7B - system/cpu.0.cpu_percent__MIN","StudyAbroadGPT-7B - system/cpu.0.cpu_percent__MAX","StudyAbroadGPT-7B - system/cpu.1.cpu_percent","StudyAbroadGPT-7B - system/cpu.1.cpu_percent__MIN","StudyAbroadGPT-7B - system/cpu.1.cpu_percent__MAX","StudyAbroadGPT-7B - system/cpu.2.cpu_percent","StudyAbroadGPT-7B - system/cpu.2.cpu_percent__MIN","StudyAbroadGPT-7B - system/cpu.2.cpu_percent__MAX","StudyAbroadGPT-7B - system/cpu.3.cpu_percent","StudyAbroadGPT-7B - system/cpu.3.cpu_percent__MIN","StudyAbroadGPT-7B - system/cpu.3.cpu_percent__MAX"
"15.409319057","20.53231939163375","20.53231939163375","20.53231939163375","21.841269841269916","21.841269841269916","21.841269841269916","25.285171102661874","25.285171102661874","25.285171102661874","23.9695624603671","23.9695624603671","23.9695624603671"
"25.407394499","63.08926780340941","63.08926780340941","63.08926780340941","59.95995995995943","59.95995995995943","59.95995995995943","59.29648241206037","59.29648241206037","59.29648241206037","89.44723618090427","89.44723618090427","89.44723618090427"
"35.412249392","22.94589178357019","22.94589178357019","22.94589178357019","43.28657314629357","43.28657314629357","43.28657314629357","20.160481444334675","20.160481444334675","20.160481444334675","43.23499491353019","43.23499491353019","43.23499491353019"
"45.407426339","35.92814371257344","35.92814371257344","35.92814371257344","32.13213213213147","32.13213213213147","32.13213213213147","63.836163836164495","63.836163836164495","63.836163836164495","30.87044534412975","30.87044534412975","30.87044534412975"
"55.407273893","10.51051051051","10.51051051051","10.51051051051","11.411411411409984","11.411411411409984","11.411411411409984","80.88088088088051","80.88088088088051","80.88088088088051","3.0090270812454785","3.0090270812454785","3.0090270812454785"
"65.406799258","8.634538152609405","8.634538152609405","8.634538152609405","12.964824120604876","12.964824120604876","12.964824120604876","92.39239239239247","92.39239239239247","92.39239239239247","7.615230460921596","7.615230460921596","7.615230460921596"
"75.407508654","11.111111111112375","11.111111111112375","11.111111111112375","41.80000000000064","41.80000000000064","41.80000000000064","54.945054945054714","54.945054945054714","54.945054945054714","4.518072289154887","4.518072289154887","4.518072289154887"
"85.40686782","5.611222444889222","5.611222444889222","5.611222444889222","32.43243243243235","32.43243243243235","32.43243243243235","70.32967032967004","70.32967032967004","70.32967032967004","4.0160642570288685","4.0160642570288685","4.0160642570288685"
"95.406661462","6.206206206207099","6.206206206207099","6.206206206207099","9.236947791165145","9.236947791165145","9.236947791165145","95.79579579579517","95.79579579579517","95.79579579579517","10.130391173520442","10.130391173520442","10.130391173520442"
"105.407212065","6.513026052102979","6.513026052102979","6.513026052102979","10.320641282565072","10.320641282565072","10.320641282565072","96.00000000000128","96.00000000000128","96.00000000000128","7.62286860581734","7.62286860581734","7.62286860581734"
"115.406679942","21.22122122122011","21.22122122122011","21.22122122122011","7.915831663326274","7.915831663326274","7.915831663326274","81.29999999999924","81.29999999999924","81.29999999999924","4.008016032065032","4.008016032065032","4.008016032065032"
"125.408046368","14.314314314316604","14.314314314316604","14.314314314316604","1.2024048096180275","1.2024048096180275","1.2024048096180275","87.91208791208753","87.91208791208753","87.91208791208753","7.6152304609217385","7.6152304609217385","7.6152304609217385"
"135.406851197","6.619859578734882","6.619859578734882","6.619859578734882","18.90000000000057","18.90000000000057","18.90000000000057","88.48848848848961","88.48848848848961","88.48848848848961","15.947843530591275","15.947843530591275","15.947843530591275"
"145.407377451","6.3000000000009475","6.3000000000009475","6.3000000000009475","6.913827655309035","6.913827655309035","6.913827655309035","66.5665665665659","66.5665665665659","66.5665665665659","35.20561685055147","35.20561685055147","35.20561685055147"
"155.406948153","16.901408450702874","16.901408450702874","16.901408450702874","62.38716148445347","62.38716148445347","62.38716148445347","32.93293293293329","32.93293293293329","32.93293293293329","4.012036108323687","4.012036108323687","4.012036108323687"
"165.407416635","19.21921921921993","19.21921921921993","19.21921921921993","25.399999999999633","25.399999999999633","25.399999999999633","76.42357642357513","76.42357642357513","76.42357642357513","9.03614457831364","9.03614457831364","9.03614457831364"
"175.407582166","8.31663326653441","8.31663326653441","8.31663326653441","25.174825174825017","25.174825174825017","25.174825174825017","79.87987987988045","79.87987987988045","79.87987987988045","2.8112449799194588","2.8112449799194588","2.8112449799194588"
"185.406701456","7.01402805611055","7.01402805611055","7.01402805611055","33.266533066133086","33.266533066133086","33.266533066133086","69.20000000000003","69.20000000000003","69.20000000000003","5.410821643286199","5.410821643286199","5.410821643286199"
"195.407747899","10.320641282564837","10.320641282564837","10.320641282564837","11.211211211210363","11.211211211210363","11.211211211210363","93.29999999999927","93.29999999999927","93.29999999999927","16.04814443330086","16.04814443330086","16.04814443330086"
"205.407425036","7.014028056112383","7.014028056112383","7.014028056112383","9.999999999999716","9.999999999999716","9.999999999999716","55.25525525525604","55.25525525525604","55.25525525525604","42.64264264264349","42.64264264264349","42.64264264264349"
"215.40709581","21.485943775099535","21.485943775099535","21.485943775099535","6.425702811243824","6.425702811243824","6.425702811243824","46.793587174348126","46.793587174348126","46.793587174348126","40.24024024024002","40.24024024024002","40.24024024024002"
"225.406908268","8.600000000001273","8.600000000001273","8.600000000001273","14.114114114114921","14.114114114114921","14.114114114114921","89.31068931068994","89.31068931068994","89.31068931068994","16.132264529057082","16.132264529057082","16.132264529057082"
"235.406995567","3.1093279839513","3.1093279839513","3.1093279839513","7.21442885771569","7.21442885771569","7.21442885771569","87.38738738738778","87.38738738738778","87.38738738738778","17.587939698492384","17.587939698492384","17.587939698492384"
"245.407601286","5.711422845692883","5.711422845692883","5.711422845692883","4.504504504504854","4.504504504504854","4.504504504504854","66.86686686686744","66.86686686686744","66.86686686686744","35.77154308617246","35.77154308617246","35.77154308617246"
"255.407586893","20.937188434695535","20.937188434695535","20.937188434695535","11.32264529057993","11.32264529057993","11.32264529057993","50.69999999999879","50.69999999999879","50.69999999999879","34.96993987975955","34.96993987975955","34.96993987975955"
"265.407730029","5.115346038116401","5.115346038116401","5.115346038116401","7.915831663326274","7.915831663326274","7.915831663326274","32.4974924774323","32.4974924774323","32.4974924774323","68.63136863136832","68.63136863136832","68.63136863136832"
"275.407630295","2.5075225677008794","2.5075225677008794","2.5075225677008794","52.047952047952464","52.047952047952464","52.047952047952464","9.929789368104377","9.929789368104377","9.929789368104377","49.44944944944995","49.44944944944995","49.44944944944995"
"285.406930434","10.368893320039547","10.368893320039547","10.368893320039547","25.82582582582507","25.82582582582507","25.82582582582507","19.057171514542645","19.057171514542645","19.057171514542645","75.37537537537503","75.37537537537503","75.37537537537503"
"295.406946234","6.1244979919668445","6.1244979919668445","6.1244979919668445","4.221105527641092","4.221105527641092","4.221105527641092","94.59459459459497","94.59459459459497","94.59459459459497","7.807807807807528","7.807807807807528","7.807807807807528"
"305.406554567","12.400000000002082","12.400000000002082","12.400000000002082","4.600000000002533","4.600000000002533","4.600000000002533","91.19999999999891","91.19999999999891","91.19999999999891","8.024072216649655","8.024072216649655","8.024072216649655"
"315.407814551","8.599999999999195","8.599999999999195","8.599999999999195","21.46439317953777","21.46439317953777","21.46439317953777","55.30000000000075","55.30000000000075","55.30000000000075","33.83383383383262","33.83383383383262","33.83383383383262"
"325.407587736","12.912912912912535","12.912912912912535","12.912912912912535","12.587412587412508","12.587412587412508","12.587412587412508","72.99999999999955","72.99999999999955","72.99999999999955","27.537688442212676","27.537688442212676","27.537688442212676"
"335.406560692","4.395604395604945","4.395604395604945","4.395604395604945","19.658976930792686","19.658976930792686","19.658976930792686","33.066132264529294","33.066132264529294","33.066132264529294","58.658658658658936","58.658658658658936","58.658658658658936"
"345.407580953","10.240963855421468","10.240963855421468","10.240963855421468","16.283716283715115","16.283716283715115","16.283716283715115","43.49999999999909","43.49999999999909","43.49999999999909","46.75324675324715","46.75324675324715","46.75324675324715"
"355.407113602","6.124497991969127","6.124497991969127","6.124497991969127","12.612612612614498","12.612612612614498","12.612612612614498","97.7955911823645","97.7955911823645","97.7955911823645","14.357429718874135","14.357429718874135","14.357429718874135"
"365.407602518","3.1968031968022794","3.1968031968022794","3.1968031968022794","23.223223223223094","23.223223223223094","23.223223223223094","48.299999999999194","48.299999999999194","48.299999999999194","40.88176352705465","40.88176352705465","40.88176352705465"
"375.406751359","3.707414829658303","3.707414829658303","3.707414829658303","91.28256513025936","91.28256513025936","91.28256513025936","7.907907907909633","7.907907907909633","7.907907907909633","5.923694779115622","5.923694779115622","5.923694779115622"
"385.407284662","12.574850299401131","12.574850299401131","12.574850299401131","20.420420420420037","20.420420420420037","20.420420420420037","8.49999999999909","8.49999999999909","8.49999999999909","78.00000000000132","78.00000000000132","78.00000000000132"
"395.407332602","3.496503496504783","3.496503496504783","3.496503496504783","7.6381909547739175","7.6381909547739175","7.6381909547739175","44.176706827309985","44.176706827309985","44.176706827309985","61.461461461461006","61.461461461461006","61.461461461461006"
"405.4075416","30.799999999999272","30.799999999999272","30.799999999999272","3.396603396602582","3.396603396602582","3.396603396602582","27.927927927927538","27.927927927927538","27.927927927927538","46.900000000000546","46.900000000000546","46.900000000000546"
"415.407119983","8.81763527054216","8.81763527054216","8.81763527054216","5.811623246494108","5.811623246494108","5.811623246494108","50.701402805610584","50.701402805610584","50.701402805610584","58.19999999999936","58.19999999999936","58.19999999999936"
"425.406755469","3.199999999999079","3.199999999999079","3.199999999999079","20.962888665997596","20.962888665997596","20.962888665997596","25.35070140280587","25.35070140280587","25.35070140280587","66.0660660660666","66.0660660660666","66.0660660660666"
"435.406695962","9.519038076150682","9.519038076150682","9.519038076150682","65.46546546546504","65.46546546546504","65.46546546546504","34.934934934934994","34.934934934934994","34.934934934934994","5.905905905905081","5.905905905905081","5.905905905905081"
"445.406754276","4.704704704707143","4.704704704707143","4.704704704707143","29.25851703406881","29.25851703406881","29.25851703406881","79.90000000000009","79.90000000000009","79.90000000000009","15.099999999999625","15.099999999999625","15.099999999999625"
"455.40752628","14.042126379136324","14.042126379136324","14.042126379136324","4.004004004002725","4.004004004002725","4.004004004002725","85.81418581418507","85.81418581418507","85.81418581418507","11.73520561685125","11.73520561685125","11.73520561685125"
"465.40709659","2.9999999999995453","2.9999999999995453","2.9999999999995453","3.4068136272558833","3.4068136272558833","3.4068136272558833","35.470941883767104","35.470941883767104","35.470941883767104","72.97297297297254","72.97297297297254","72.97297297297254"
"475.407295831","5.416248746238336","5.416248746238336","5.416248746238336","18.918918918919903","18.918918918919903","18.918918918919903","52.35235235235248","52.35235235235248","52.35235235235248","52.40480961923857","52.40480961923857","52.40480961923857"
"485.407031251","2.4072216649972953","2.4072216649972953","2.4072216649972953","9.20920920920972","9.20920920920972","9.20920920920972","48.69739478958034","48.69739478958034","48.69739478958034","56.55655655655741","56.55655655655741","56.55655655655741"
"495.407635982","7.121364092279293","7.121364092279293","7.121364092279293","32.26773226773248","32.26773226773248","32.26773226773248","44.844844844844985","44.844844844844985","44.844844844844985","30","30","30"
"505.407477632","13.640922768304184","13.640922768304184","13.640922768304184","22.199999999998504","22.199999999998504","22.199999999998504","83.09999999999945","83.09999999999945","83.09999999999945","12.212212212212474","12.212212212212474","12.212212212212474"
"515.407598583","2.9116465863450056","2.9116465863450056","2.9116465863450056","5.622489959841072","5.622489959841072","5.622489959841072","93.20679320679255","93.20679320679255","93.20679320679255","11.44578313252906","11.44578313252906","11.44578313252906"
"525.408279335","7.522567703109022","7.522567703109022","7.522567703109022","30.76923076922979","30.76923076922979","30.76923076922979","23.623623623626617","23.623623623626617","23.623623623626617","53.5464535464526","53.5464535464526","53.5464535464526"
"535.407875399","3.507014028057473","3.507014028057473","3.507014028057473","9.619238476954255","9.619238476954255","9.619238476954255","11.01101101101009","11.01101101101009","11.01101101101009","93.79379379379489","93.79379379379489","93.79379379379489"
"545.406989494","7.128514056223119","7.128514056223119","7.128514056223119","16.299999999998818","16.299999999998818","16.299999999998818","93.29999999999943","93.29999999999943","93.29999999999943","12.912912912914521","12.912912912914521","12.912912912914521"
"555.407543921","14.54363089267845","14.54363089267845","14.54363089267845","10.120240480961815","10.120240480961815","10.120240480961815","75.97597597597627","75.97597597597627","75.97597597597627","12.812812812812528","12.812812812812528","12.812812812812528"
"565.406664223","3.9999999999986358","3.9999999999986358","3.9999999999986358","4.308617234469568","4.308617234469568","4.308617234469568","70.99999999999976","70.99999999999976","70.99999999999976","36.57314629258602","36.57314629258602","36.57314629258602"
"575.407678778","15.915915915915443","15.915915915915443","15.915915915915443","7.892107892107536","7.892107892107536","7.892107892107536","56.456456456456415","56.456456456456415","56.456456456456415","48.89999999999873","48.89999999999873","48.89999999999873"
"585.406707242","1.6000000000030195","1.6000000000030195","1.6000000000030195","3.9078156312613315","3.9078156312613315","3.9078156312613315","32.432432432434034","32.432432432434034","32.432432432434034","68.73126873126988","68.73126873126988","68.73126873126988"
"595.406893914","2.5025025025022725","2.5025025025022725","2.5025025025022725","6.012024048097548","6.012024048097548","6.012024048097548","80.39999999999964","80.39999999999964","80.39999999999964","20.06018054162482","20.06018054162482","20.06018054162482"
"605.407479185","10.020040080158251","10.020040080158251","10.020040080158251","14.914914914914993","14.914914914914993","14.914914914914993","32.76553106212401","32.76553106212401","32.76553106212401","73.94789579158184","73.94789579158184","73.94789579158184"
"615.406829609","2.0080321285145053","2.0080321285145053","2.0080321285145053","13.226452905810962","13.226452905810962","13.226452905810962","2.6026026026025093","2.6026026026025093","2.6026026026025093","100","100","100"
"625.407258782","2.9999999999995453","2.9999999999995453","2.9999999999995453","3.199999999999079","3.199999999999079","3.199999999999079","91.70000000000073","91.70000000000073","91.70000000000073","16.68341708542788","16.68341708542788","16.68341708542788"
"635.40718766","38.777555110219275","38.777555110219275","38.777555110219275","5.110220440881664","5.110220440881664","5.110220440881664","21.242484969938747","21.242484969938747","21.242484969938747","55.29999999999973","55.29999999999973","55.29999999999973"
"645.407482983","9.200000000002792","9.200000000002792","9.200000000002792","5.516549648946495","5.516549648946495","5.516549648946495","92.29229229229247","92.29229229229247","92.29229229229247","3.6144578313265665","3.6144578313265665","3.6144578313265665"
"655.406947475","2.304609218437052","2.304609218437052","2.304609218437052","6.318956870612769","6.318956870612769","6.318956870612769","18.036072144287928","18.036072144287928","18.036072144287928","87.79999999999973","87.79999999999973","87.79999999999973"
"665.407258661","4.308617234467388","4.308617234467388","4.308617234467388","57.85785785785885","57.85785785785885","57.85785785785885","13.813813813812617","13.813813813812617","13.813813813812617","38.41524573721168","38.41524573721168","38.41524573721168"
"675.406883262","2.1021021021024646","2.1021021021024646","2.1021021021024646","24.999999999999716","24.999999999999716","24.999999999999716","9.519038076150682","9.519038076150682","9.519038076150682","76.94610778442937","76.94610778442937","76.94610778442937"
"685.407735164","3.699999999998908","3.699999999998908","3.699999999998908","67.26726726726595","67.26726726726595","67.26726726726595","9.418837675355359","9.418837675355359","9.418837675355359","34.168336673346886","34.168336673346886","34.168336673346886"
"695.407024694","4.404404404402771","4.404404404402771","4.404404404402771","20.06018054162528","20.06018054162528","20.06018054162528","21.82182182182066","21.82182182182066","21.82182182182066","68.33667334669262","68.33667334669262","68.33667334669262"
"705.407468605","3.8000000000010914","3.8000000000010914","3.8000000000010914","1.6032064128286738","1.6032064128286738","1.6032064128286738","26.479438314945163","26.479438314945163","26.479438314945163","81.18118118118196","81.18118118118196","81.18118118118196"
"715.407174983","4.208416833665778","4.208416833665778","4.208416833665778","5.48902195608536","5.48902195608536","5.48902195608536","84.30000000000064","84.30000000000064","84.30000000000064","22.377622377624252","22.377622377624252","22.377622377624252"
"725.40689199","5.410821643288477","5.410821643288477","5.410821643288477","9.50950950950562","9.50950950950562","9.50950950950562","74.42557442557437","74.42557442557437","74.42557442557437","24.67402206620061","24.67402206620061","24.67402206620061"
"735.407759583","10.843373493974848","10.843373493974848","10.843373493974848","34.102306920764605","34.102306920764605","34.102306920764605","7.422266800399163","7.422266800399163","7.422266800399163","62.36236236236164","62.36236236236164","62.36236236236164"
"745.407005501","7.414829659322934","7.414829659322934","7.414829659322934","30.13972055888211","30.13972055888211","30.13972055888211","46.74674674674865","46.74674674674865","46.74674674674865","30.59177532597581","30.59177532597581","30.59177532597581"
"755.407154412","7.007007007005339","7.007007007005339","7.007007007005339","15.346038114340782","15.346038114340782","15.346038114340782","54.05405405405159","54.05405405405159","54.05405405405159","40.0400400400441","40.0400400400441","40.0400400400441"
"765.407256134","2.691924227315666","2.691924227315666","2.691924227315666","10.921843687379962","10.921843687379962","10.921843687379962","49.149149149151086","49.149149149151086","49.149149149151086","54.254254254253894","54.254254254253894","54.254254254253894"
"775.407330584","4.124748490942089","4.124748490942089","4.124748490942089","7.021063189567023","7.021063189567023","7.021063189567023","70.67067067067073","70.67067067067073","70.67067067067073","33.1325301204783","33.1325301204783","33.1325301204783"
"785.406640528","15.747241725180608","15.747241725180608","15.747241725180608","6.813627254509644","6.813627254509644","6.813627254509644","55.04495504495398","55.04495504495398","55.04495504495398","37.71313941825599","37.71313941825599","37.71313941825599"
"795.407648889","6.793206793205318","6.793206793205318","6.793206793205318","5.811623246492246","5.811623246492246","5.811623246492246","79.15831663326635","79.15831663326635","79.15831663326635","23.346693386771562","23.346693386771562","23.346693386771562"
"805.407042445","4.522613065329251","4.522613065329251","4.522613065329251","9.100000000000534","9.100000000000534","9.100000000000534","54.745254745256","54.745254745256","54.745254745256","47.79999999999973","47.79999999999973","47.79999999999973"
"815.406908113","5.005005004998229","5.005005004998229","5.005005004998229","9.428284854562147","9.428284854562147","9.428284854562147","83.36673346693307","83.36673346693307","83.36673346693307","15.847542627884797","15.847542627884797","15.847542627884797"
"825.407163018","13.72745490982473","13.72745490982473","13.72745490982473","5.5055055055071955","5.5055055055071955","5.5055055055071955","85.81418581418767","85.81418581418767","85.81418581418767","10.030090270814462","10.030090270814462","10.030090270814462"
"835.407661746","5.220883534136345","5.220883534136345","5.220883534136345","2.702702702704733","2.702702702704733","2.702702702704733","96.19999999999891","96.19999999999891","96.19999999999891","8.92678034102197","8.92678034102197","8.92678034102197"
"845.407272162","12.412412412410498","12.412412412410498","12.412412412410498","4.004004004002725","4.004004004002725","4.004004004002725","35.86413586413881","35.86413586413881","35.86413586413881","62.26226226226162","62.26226226226162","62.26226226226162"
"855.407263463","3.5070140280595914","3.5070140280595914","3.5070140280595914","6.224899598392456","6.224899598392456","6.224899598392456","76.57657657657461","76.57657657657461","76.57657657657461","28.02802802803246","28.02802802803246","28.02802802803246"
"865.407378752","2.605210420839428","2.605210420839428","2.605210420839428","12.449799196791192","12.449799196791192","12.449799196791192","34.76953907815653","34.76953907815653","34.76953907815653","67.16716716716672","67.16716716716672","67.16716716716672"
"875.407530549","2.899999999999636","2.899999999999636","2.899999999999636","16.533066132261606","16.533066132261606","16.533066132261606","11.935807422269324","11.935807422269324","11.935807422269324","85.78578578578703","85.78578578578703","85.78578578578703"
"885.406557235","2.599999999999909","2.599999999999909","2.599999999999909","3.2032032032047657","3.2032032032047657","3.2032032032047657","73.17317317317317","73.17317317317317","73.17317317317317","37.06293706293662","37.06293706293662","37.06293706293662"
"895.407416082","2.3976023976091416","2.3976023976091416","2.3976023976091416","2.004008016028051","2.004008016028051","2.004008016028051","19.91991991991817","19.91991991991817","19.91991991991817","89.98998998998977","89.98998998998977","89.98998998998977"
"905.407359831","4.012036108321407","4.012036108321407","4.012036108321407","8.926780341026125","8.926780341026125","8.926780341026125","78.37837837837937","78.37837837837937","78.37837837837937","24.724724724726688","24.724724724726688","24.724724724726688"
"915.40757305","9.92978936810021","9.92978936810021","9.92978936810021","4.308617234469568","4.308617234469568","4.308617234469568","82.30000000000018","82.30000000000018","82.30000000000018","16.66666666666364","16.66666666666364","16.66666666666364"
"925.407246895","2.9116465863494385","2.9116465863494385","2.9116465863494385","3.4068136272536824","3.4068136272536824","3.4068136272536824","77.89999999999964","77.89999999999964","77.89999999999964","30.43043043043162","30.43043043043162","30.43043043043162"
"935.406781487","8.199999999997463","8.199999999997463","8.199999999997463","6.406406406405271","6.406406406405271","6.406406406405271","35.03503503503352","35.03503503503352","35.03503503503352","80.18018018017956","80.18018018017956","80.18018018017956"
"945.407328145","3.815261044177615","3.815261044177615","3.815261044177615","13.026052104207938","13.026052104207938","13.026052104207938","55.055055055053984","55.055055055053984","55.055055055053984","43.85614385614617","43.85614385614617","43.85614385614617"
"955.407170123","5.110220440881664","5.110220440881664","5.110220440881664","11.300000000000523","11.300000000000523","11.300000000000523","86.11388611388541","86.11388611388541","86.11388611388541","12.012012012010453","12.012012012010453","12.012012012010453"
"965.406726156","14.514514514516902","14.514514514516902","14.514514514516902","11.735205616849237","11.735205616849237","11.735205616849237","40.16064257028098","40.16064257028098","40.16064257028098","61.86186186186104","61.86186186186104","61.86186186186104"
"975.407338703","2.602602602598135","2.602602602598135","2.602602602598135","11.711711711716182","11.711711711716182","11.711711711716182","27.45490981963932","27.45490981963932","27.45490981963932","74.42557442557437","74.42557442557437","74.42557442557437"
"985.407317299","6.600000000002792","6.600000000002792","6.600000000002792","9.437751004012442","9.437751004012442","9.437751004012442","71.00000000000136","71.00000000000136","71.00000000000136","28.628628628628256","28.628628628628256","28.628628628628256"
"995.407028255","6.8273092369464345","6.8273092369464345","6.8273092369464345","31.33133133133083","31.33133133133083","31.33133133133083","58.2164328657308","58.2164328657308","58.2164328657308","33.33333333333409","33.33333333333409","33.33333333333409"
"1005.406974091","5.505505505502894","5.505505505502894","5.505505505502894","41.6000000000012","41.6000000000012","41.6000000000012","63.099999999999454","63.099999999999454","63.099999999999454","3.7074148296582186","3.7074148296582186","3.7074148296582186"
"1015.407547787","5.3106212424887165","5.3106212424887165","5.3106212424887165","42.142142142141154","42.142142142141154","42.142142142141154","57.214428857715696","57.214428857715696","57.214428857715696","9.71943887775988","9.71943887775988","9.71943887775988"
"1025.407144881","9.200000000002582","9.200000000002582","9.200000000002582","13.513513513514559","13.513513513514559","13.513513513514559","93.40000000000146","93.40000000000146","93.40000000000146","9.00900900900784","9.00900900900784","9.00900900900784"
"1035.40783205","10.220440881763327","10.220440881763327","10.220440881763327","13.286713286711205","13.286713286711205","13.286713286711205","89.81018981019021","89.81018981019021","89.81018981019021","6.224899598394738","6.224899598394738","6.224899598394738"
"1045.407436372","9.327983951849976","9.327983951849976","9.327983951849976","2.7027027027024566","2.7027027027024566","2.7027027027024566","92.1921921921923","92.1921921921923","92.1921921921923","4.814443329987968","4.814443329987968","4.814443329987968"
"1055.406921782","1.9000000000050068","1.9000000000050068","1.9000000000050068","56.25625625625838","56.25625625625838","56.25625625625838","27.82782782782917","27.82782782782917","27.82782782782917","19.81981981982181","19.81981981982181","19.81981981982181"
"1065.407642133","4.88534396809366","4.88534396809366","4.88534396809366","15.631262525049525","15.631262525049525","15.631262525049525","97.5","97.5","97.5","11.770623742455395","11.770623742455395","11.770623742455395"
"1075.407473264","3.4930139720616356","3.4930139720616356","3.4930139720616356","11.322645290579956","11.322645290579956","11.322645290579956","77.89999999999964","77.89999999999964","77.89999999999964","20.741482965931187","20.741482965931187","20.741482965931187"
"1085.407335801","5.511022044083405","5.511022044083405","5.511022044083405","7.799999999997809","7.799999999997809","7.799999999997809","38.238238238236164","38.238238238236164","38.238238238236164","63.82765531062067","63.82765531062067","63.82765531062067"
"1095.407147751","13.731343283579022","13.731343283579022","13.731343283579022","6.820461384155202","6.820461384155202","6.820461384155202","58.94105894105897","58.94105894105897","58.94105894105897","51.55155155155124","51.55155155155124","51.55155155155124"
"1105.407274325","6.993006993011554","6.993006993011554","6.993006993011554","18.737474949898672","18.737474949898672","18.737474949898672","66.9669669669667","66.9669669669667","66.9669669669667","40.800000000001546","40.800000000001546","40.800000000001546"
"1165.407443364","4.2265285666547","4.2265285666547","4.2265285666547","2.621035058430533","2.621035058430533","2.621035058430533","5.6603773584908925","5.6603773584908925","5.6603773584908925","4.895572263992955","4.895572263992955","4.895572263992955"
"1175.406965273","7.915831663332748","7.915831663332748","7.915831663332748","12.412412412414486","12.412412412414486","12.412412412414486","86.79999999999836","86.79999999999836","86.79999999999836","1.3039117352044571","1.3039117352044571","1.3039117352044571"
"1185.407283812","7.285429141714491","7.285429141714491","7.285429141714491","14.028056112222487","14.028056112222487","14.028056112222487","80.08008008008183","80.08008008008183","80.08008008008183","8.425275827483121","8.425275827483121","8.425275827483121"
"1195.406655547","8.708708708703652","8.708708708703652","8.708708708703652","5.310621242482651","5.310621242482651","5.310621242482651","93.99999999999864","93.99999999999864","93.99999999999864","4.208416833668056","4.208416833668056","4.208416833668056"
"1205.406601237","4.522613065329251","4.522613065329251","4.522613065329251","29.8000000000011","29.8000000000011","29.8000000000011","68.3683683683683","68.3683683683683","68.3683683683683","7.314629258512979","7.314629258512979","7.314629258512979"
"1215.407092711","9.318637274551572","9.318637274551572","9.318637274551572","6.920762286860953","6.920762286860953","6.920762286860953","71.10000000000127","71.10000000000127","71.10000000000127","43.44344344344615","43.44344344344615","43.44344344344615"
"1225.40755636","2.3069207622870893","2.3069207622870893","2.3069207622870893","4.904904904907156","4.904904904907156","4.904904904907156","43.55644355644388","43.55644355644388","43.55644355644388","64.3","64.3","64.3"
"1235.407904764","10.732196589766604","10.732196589766604","10.732196589766604","1.803607214427296","1.803607214427296","1.803607214427296","92.09209209209229","92.09209209209229","92.09209209209229","12.337011033097447","12.337011033097447","12.337011033097447"
"1245.406750119","7.738693467336642","7.738693467336642","7.738693467336642","16.64994984954752","16.64994984954752","16.64994984954752","35","35","35","56.05605605605637","56.05605605605637","56.05605605605637"
"1255.407682162","5.888223552895408","5.888223552895408","5.888223552895408","18.281718281715715","18.281718281715715","18.281718281715715","20.24048096192363","20.24048096192363","20.24048096192363","84.699999999998","84.699999999998","84.699999999998"
"1265.407727124","7.021063189569018","7.021063189569018","7.021063189569018","5.215646940826713","5.215646940826713","5.215646940826713","51.903807615231","51.903807615231","51.903807615231","49.64894684052303","49.64894684052303","49.64894684052303"
"1275.407582108","2.4024024024024366","2.4024024024024366","2.4024024024024366","5.611222444886945","5.611222444886945","5.611222444886945","37.07414829659357","37.07414829659357","37.07414829659357","70.81243731193668","70.81243731193668","70.81243731193668"
"1285.407374816","6.506506506507264","6.506506506507264","6.506506506507264","18.674698795181932","18.674698795181932","18.674698795181932","30.96192384769766","30.96192384769766","30.96192384769766","76.04790419161581","76.04790419161581","76.04790419161581"
"1295.407026239","3.410230692073351","3.410230692073351","3.410230692073351","20.561685055166794","20.561685055166794","20.561685055166794","67.10000000000036","67.10000000000036","67.10000000000036","24.473420260783385","24.473420260783385","24.473420260783385"
"1305.40689143","8.016032064131693","8.016032064131693","8.016032064131693","12.71271271271281","12.71271271271281","12.71271271271281","87.48748748748721","87.48748748748721","87.48748748748721","8.116232464929297","8.116232464929297","8.116232464929297"
"1315.407674752","7.807807807805429","7.807807807805429","7.807807807805429","13.386613386616212","13.386613386616212","13.386613386616212","10.92184368737213","10.92184368737213","10.92184368737213","100","100","100"
"1325.407090782","6.6066066066072695","6.6066066066072695","6.6066066066072695","11.100000000001273","11.100000000001273","11.100000000001273","81.11888111887967","81.11888111887967","81.11888111887967","18.200000000003083","18.200000000003083","18.200000000003083"
"1335.40721436","13.052208835339174","13.052208835339174","13.052208835339174","2.4072216649928437","2.4072216649928437","2.4072216649928437","81.28128128128282","81.28128128128282","81.28128128128282","16.599999999998545","16.599999999998545","16.599999999998545"
"1345.40678851","10.100000000002183","10.100000000002183","10.100000000002183","25.125125125122178","25.125125125122178","25.125125125122178","21.142284569137235","21.142284569137235","21.142284569137235","76.75350701403102","76.75350701403102","76.75350701403102"
"1355.407461611","9.43775100401201","9.43775100401201","9.43775100401201","64.89999999999941","64.89999999999941","64.89999999999941","35.03503503503648","35.03503503503648","35.03503503503648","4.008016032060476","4.008016032060476","4.008016032060476"
"1365.407142289","4.513540621870499","4.513540621870499","4.513540621870499","14.42885771543138","14.42885771543138","14.42885771543138","85.18518518518535","85.18518518518535","85.18518518518535","10.531594784355095","10.531594784355095","10.531594784355095"
"1375.407434475","10.42084168336635","10.42084168336635","10.42084168336635","11.611611611610408","11.611611611610408","11.611611611610408","7.515030060114077","7.515030060114077","7.515030060114077","100","100","100"
"1385.407200579","1.4014014014001575","1.4014014014001575","1.4014014014001575","4.609218436874104","4.609218436874104","4.609218436874104","61.600000000000286","61.600000000000286","61.600000000000286","39.47895791583213","39.47895791583213","39.47895791583213"
"1395.406528546","3.507014028057473","3.507014028057473","3.507014028057473","27.30000000000018","27.30000000000018","27.30000000000018","56.01202404809755","56.01202404809755","56.01202404809755","22.244488977953868","22.244488977953868","22.244488977953868"
"1405.407251113","8.491508491507398","8.491508491507398","8.491508491507398","23.04609218437052","23.04609218437052","23.04609218437052","91.69999999999845","91.69999999999845","91.69999999999845","6.212424849702567","6.212424849702567","6.212424849702567"
"1415.407019278","5.0100200400778165","5.0100200400778165","5.0100200400778165","7.622868605817167","7.622868605817167","7.622868605817167","52.899999999999636","52.899999999999636","52.899999999999636","50.40080160320605","50.40080160320605","50.40080160320605"
"1425.406812084","4.012036108325785","4.012036108325785","4.012036108325785","3.699999999998908","3.699999999998908","3.699999999998908","43.84384384384617","43.84384384384617","43.84384384384617","63.06306306306458","63.06306306306458","63.06306306306458"
"1435.407464305","3.106212424853562","3.106212424853562","3.106212424853562","6.306306306307537","6.306306306307537","6.306306306307537","52.65265265265143","52.65265265265143","52.65265265265143","56.656656656655834","56.656656656655834","56.656656656655834"
"1445.407271576","7.422266800399163","7.422266800399163","7.422266800399163","24.424424424424394","24.424424424424394","24.424424424424394","72.75449101796384","72.75449101796384","72.75449101796384","20.620620620620524","20.620620620620524","20.620620620620524"
"1455.407588278","3.4068136272494365","3.4068136272494365","3.4068136272494365","8.899999999998727","8.899999999998727","8.899999999998727","70.49999999999955","70.49999999999955","70.49999999999955","31.563126252505864","31.563126252505864","31.563126252505864"
"1465.407216689","7.007007007009572","7.007007007009572","7.007007007009572","2.6026026026019995","2.6026026026019995","2.6026026026019995","46.346346346346174","46.346346346346174","46.346346346346174","59.11823647294483","59.11823647294483","59.11823647294483"
"1475.407568102","8.591408591411557","8.591408591411557","8.591408591411557","20.260782347040422","20.260782347040422","20.260782347040422","37.07414829659357","37.07414829659357","37.07414829659357","66.00000000000064","66.00000000000064","66.00000000000064"
"1485.407851261","8.224674022068006","8.224674022068006","8.224674022068006","2.602602602600411","2.602602602600411","2.602602602600411","31.2687312687348","31.2687312687348","31.2687312687348","73.14629258517203","73.14629258517203","73.14629258517203"
"1495.407236759","6.59999999999826","6.59999999999826","6.59999999999826","6.218655967906735","6.218655967906735","6.218655967906735","64.60000000000036","64.60000000000036","64.60000000000036","37.913741223672055","37.913741223672055","37.913741223672055"
"1505.407423235","10.289710289712065","10.289710289712065","10.289710289712065","12.738214643929588","12.738214643929588","12.738214643929588","55.95595595595636","55.95595595595636","55.95595595595636","48.09619238476672","48.09619238476672","48.09619238476672"
"1515.406538986","1.7017017016979152","1.7017017016979152","1.7017017016979152","70.77077077077396","70.77077077077396","70.77077077077396","1.2012012012023563","1.2012012012023563","1.2012012012023563","30.1301301301307","30.1301301301307","30.1301301301307"
"1525.407457162","20.100000000002183","20.100000000002183","20.100000000002183","16.400000000002528","16.400000000002528","16.400000000002528","67.06706706706672","67.06706706706672","67.06706706706672","9.036144578314133","9.036144578314133","9.036144578314133"
"1535.406791811","25.249500998004887","25.249500998004887","25.249500998004887","15.879396984924183","15.879396984924183","15.879396984924183","77.30000000000018","77.30000000000018","77.30000000000018","9.628886659978217","9.628886659978217","9.628886659978217"
"1545.406827291","25.050100200397342","25.050100200397342","25.050100200397342","10.910910910909834","10.910910910909834","10.910910910909834","66.86686686686669","66.86686686686669","66.86686686686669","0.9027081243745559","0.9027081243745559","0.9027081243745559"
"1555.407619018","3.8961038961093535","3.8961038961093535","3.8961038961093535","14.21421421421135","14.21421421421135","14.21421421421135","91.1088911088903","91.1088911088903","91.1088911088903","6.806806806803041","6.806806806803041","6.806806806803041"
"1565.407481756","6.606606606604994","6.606606606604994","6.606606606604994","7.622868605819447","7.622868605819447","7.622868605819447","95.89999999999918","95.89999999999918","95.89999999999918","18.775100401606117","18.775100401606117","18.775100401606117"
"1575.407009172","5.700000000001637","5.700000000001637","5.700000000001637","7.407407407411538","7.407407407411538","7.407407407411538","90.4904904904921","90.4904904904921","90.4904904904921","11.244979919677577","11.244979919677577","11.244979919677577"
"1585.407181842","8.944723618089336","8.944723618089336","8.944723618089336","27.454909819634988","27.454909819634988","27.454909819634988","69.09999999999854","69.09999999999854","69.09999999999854","8.216432865737271","8.216432865737271","8.216432865737271"
"1595.406798895","9.0999999999964","9.0999999999964","9.0999999999964","11.211211211214406","11.211211211214406","11.211211211214406","92.69999999999982","92.69999999999982","92.69999999999982","17.352056168501488","17.352056168501488","17.352056168501488"
"1605.406799216","16.616616616615524","16.616616616615524","16.616616616615524","3.614457831319883","3.614457831319883","3.614457831319883","83.40000000000221","83.40000000000221","83.40000000000221","9.800000000002456","9.800000000002456","9.800000000002456"
"1615.406849491","7.007007007005339","7.007007007005339","7.007007007005339","7.221664994987324","7.221664994987324","7.221664994987324","81.099999999999","81.099999999999","81.099999999999","20.820820820823204","20.820820820823204","20.820820820823204"
"1625.406771271","8.13253012048974","8.13253012048974","8.13253012048974","30.40000000000134","30.40000000000134","30.40000000000134","10.230692076230524","10.230692076230524","10.230692076230524","77.15430861723603","77.15430861723603","77.15430861723603"
"1635.407251923","16.316316316313216","16.316316316313216","16.316316316313216","11.711711711712162","11.711711711712162","11.711711711712162","83.6836836836845","83.6836836836845","83.6836836836845","8.617234468932693","8.617234468932693","8.617234468932693"
"1645.406911912","22.66800401203419","22.66800401203419","22.66800401203419","6.900000000000546","6.900000000000546","6.900000000000546","70.14028056112211","70.14028056112211","70.14028056112211","14.42885771543138","14.42885771543138","14.42885771543138"
"1655.407441184","9.580838323355943","9.580838323355943","9.580838323355943","6.01202404809527","6.01202404809527","6.01202404809527","88.51148851148733","88.51148851148733","88.51148851148733","11.445783132532844","11.445783132532844","11.445783132532844"
"1665.406901195","14.428857715430723","14.428857715430723","14.428857715430723","12.912912912910555","12.912912912910555","12.912912912910555","86.20000000000118","86.20000000000118","86.20000000000118","15.562248995985705","15.562248995985705","15.562248995985705"
"1675.407324952","5.611222444893779","5.611222444893779","5.611222444893779","7.507507507507672","7.507507507507672","7.507507507507672","69.29999999999924","69.29999999999924","69.29999999999924","34.2342342342323","34.2342342342323","34.2342342342323"
"1685.406832206","7.321965897686901","7.321965897686901","7.321965897686901","12.537612838515228","12.537612838515228","12.537612838515228","88.88888888888788","88.88888888888788","88.88888888888788","5.305305305307183","5.305305305307183","5.305305305307183"
"1695.407017059","11.188811188809854","11.188811188809854","11.188811188809854","6.726907630525076","6.726907630525076","6.726907630525076","92.5","92.5","92.5","20.10050251256318","20.10050251256318","20.10050251256318"
"1705.40726496","11.923847695391308","11.923847695391308","11.923847695391308","1.2012012012000801","1.2012012012000801","1.2012012012000801","90.49999999999999","90.49999999999999","90.49999999999999","10","10","10"
"1715.407410851","17.168674698795485","17.168674698795485","17.168674698795485","3.807615230462009","3.807615230462009","3.807615230462009","84.30000000000064","84.30000000000064","84.30000000000064","4.404404404402771","4.404404404402771","4.404404404402771"
"1725.407123697","10.889110889112105","10.889110889112105","10.889110889112105","34.46553446553573","34.46553446553573","34.46553446553573","46.13841524573477","46.13841524573477","46.13841524573477","26.65330661322495","26.65330661322495","26.65330661322495"
"1735.407406999","3.2967032967046355","3.2967032967046355","3.2967032967046355","63.59999999999838","63.59999999999838","63.59999999999838","44.44444444444394","44.44444444444394","44.44444444444394","4.513540621863863","4.513540621863863","4.513540621863863"
"1745.406988437","3.7037037037025238","3.7037037037025238","3.7037037037025238","2.404809619236395","2.404809619236395","2.404809619236395","99.10000000000082","99.10000000000082","99.10000000000082","8.9089089089097","8.9089089089097","8.9089089089097"
"1755.407159628","7.7154308617232505","7.7154308617232505","7.7154308617232505","11.345381526101423","11.345381526101423","11.345381526101423","53.49999999999909","53.49999999999909","53.49999999999909","58.25825825826042","58.25825825826042","58.25825825826042"
"1765.407579525","3.699999999999077","3.699999999999077","3.699999999999077","5.00000000000432","5.00000000000432","5.00000000000432","57.915831663328554","57.915831663328554","57.915831663328554","43.34334334334356","43.34334334334356","43.34334334334356"
"1775.407211818","2.1021021021046926","2.1021021021046926","2.1021021021046926","59.35935935935902","59.35935935935902","59.35935935935902","34.03403403403114","34.03403403403114","34.03403403403114","10.83249749247692","10.83249749247692","10.83249749247692"
"1785.40694868","11.399999999998727","11.399999999998727","11.399999999998727","28.69999999999891","28.69999999999891","28.69999999999891","76.50000000000091","76.50000000000091","76.50000000000091","14.142427281840444","14.142427281840444","14.142427281840444"
"1795.407009513","8.49999999999909","8.49999999999909","8.49999999999909","23.523523523524332","23.523523523524332","23.523523523524332","56.45645645645839","56.45645645645839","56.45645645645839","25.62562562562786","25.62562562562786","25.62562562562786"
"1805.407651764","3.0030030030047525","3.0030030030047525","3.0030030030047525","20.50000000000182","20.50000000000182","20.50000000000182","16.399999999998727","16.399999999998727","16.399999999998727","76.1523046092174","76.1523046092174","76.1523046092174"
"1815.407615506","5.069582504970116","5.069582504970116","5.069582504970116","53.25325325325363","53.25325325325363","53.25325325325363","32.397191574722726","32.397191574722726","32.397191574722726","38.438438438437935","38.438438438437935","38.438438438437935"
"1825.406900865","8.49999999999909","8.49999999999909","8.49999999999909","31.093279839515127","31.093279839515127","31.093279839515127","68.40000000000146","68.40000000000146","68.40000000000146","7.70770770770962","7.70770770770962","7.70770770770962"
"1835.406725007","2.502502502502557","2.502502502502557","2.502502502502557","100","100","100","9.227683049147936","9.227683049147936","9.227683049147936","1.6032064128286738","1.6032064128286738","1.6032064128286738"
"1845.40755822","2.40963855421695","2.40963855421695","2.40963855421695","15.6156156156147","15.6156156156147","15.6156156156147","83.5835835835845","83.5835835835845","83.5835835835845","13.41341341340667","13.41341341340667","13.41341341340667"
"1855.4070174","8.708708708707807","8.708708708707807","8.708708708707807","8.817635270546315","8.817635270546315","8.817635270546315","79.87987987988045","79.87987987988045","79.87987987988045","31.362725450905966","31.362725450905966","31.362725450905966"
"1865.407333135","7.615230460923669","7.615230460923669","7.615230460923669","11.999999999998181","11.999999999998181","11.999999999998181","77.34530938123767","77.34530938123767","77.34530938123767","18.618618618618026","18.618618618618026","18.618618618618026"
"1875.407169593","3.2032032032003595","3.2032032032003595","3.2032032032003595","22.422422422423","22.422422422423","22.422422422423","42.92878635907294","42.92878635907294","42.92878635907294","45.69138276553291","45.69138276553291","45.69138276553291"
"1885.407488849","9.800000000001887","9.800000000001887","9.800000000001887","11.988011988006456","11.988011988006456","11.988011988006456","72.60000000000116","72.60000000000116","72.60000000000116","34.90471414242817","34.90471414242817","34.90471414242817"
"1895.40654132","2.110552763823877","2.110552763823877","2.110552763823877","12.224448897797563","12.224448897797563","12.224448897797563","13.21321321321059","13.21321321321059","13.21321321321059","88.21178821178731","88.21178821178731","88.21178821178731"
"1905.407816051","7.823470411227457","7.823470411227457","7.823470411227457","17.717717717717925","17.717717717717925","17.717717717717925","81.78178178178285","81.78178178178285","81.78178178178285","8.024072216647374","8.024072216647374","8.024072216647374"
"1915.407238066","8.308308308311558","8.308308308311558","8.308308308311558","41.04104104104144","41.04104104104144","41.04104104104144","72.80000000000096","72.80000000000096","72.80000000000096","6.806806806805317","6.806806806805317","6.806806806805317"
"1925.407238184","15.915915915911615","15.915915915911615","15.915915915911615","23.823823823824352","23.823823823824352","23.823823823824352","47.29999999999778","47.29999999999778","47.29999999999778","29.05811623246674","29.05811623246674","29.05811623246674"
"1935.407519925","5.310621242486965","5.310621242486965","5.310621242486965","13.440320962886448","13.440320962886448","13.440320962886448","64.86486486486419","64.86486486486419","64.86486486486419","30.761523046088335","30.761523046088335","30.761523046088335"
"1945.406734905","22.07792207792196","22.07792207792196","22.07792207792196","16.699999999999967","16.699999999999967","16.699999999999967","34.403209628888696","34.403209628888696","34.403209628888696","57.95795795796077","57.95795795796077","57.95795795796077"
"1955.40744448","4.116465863452339","4.116465863452339","4.116465863452339","10.220440881765605","10.220440881765605","10.220440881765605","60.860860860861465","60.860860860861465","60.860860860861465","39.779559118234395","39.779559118234395","39.779559118234395"
"1965.407429548","5.410821643290755","5.410821643290755","5.410821643290755","11.62324649298852","11.62324649298852","11.62324649298852","35.500000000000206","35.500000000000206","35.500000000000206","64.80000000000177","64.80000000000177","64.80000000000177"
"1975.407027345","7.776669990027568","7.776669990027568","7.776669990027568","20.160481444331033","20.160481444331033","20.160481444331033","41.424272818454625","41.424272818454625","41.424272818454625","61.72344689378881","61.72344689378881","61.72344689378881"
"1985.40731373","2.50000000000216","2.50000000000216","2.50000000000216","18.254764292880644","18.254764292880644","18.254764292880644","68.2682682682683","68.2682682682683","68.2682682682683","26.352705410823766","26.352705410823766","26.352705410823766"
"1995.40735582","5.215646940822389","5.215646940822389","5.215646940822389","11.377245508980787","11.377245508980787","11.377245508980787","66.73326673326818","66.73326673326818","66.73326673326818","31.431431431430845","31.431431431430845","31.431431431430845"
"2005.407285555","8.008008008007362","8.008008008007362","8.008008008007362","11.244979919677577","11.244979919677577","11.244979919677577","34.939759036144636","34.939759036144636","34.939759036144636","76.42357642357567","76.42357642357567","76.42357642357567"
"2015.407245198","3.911735205615652","3.911735205615652","3.911735205615652","3.1031031031041905","3.1031031031041905","3.1031031031041905","98.5999999999968","98.5999999999968","98.5999999999968","9.327983951854112","9.327983951854112","9.327983951854112"
"2025.407579567","4.308617234471846","4.308617234471846","4.308617234471846","3.8114343029098974","3.8114343029098974","3.8114343029098974","98.20179820179979","98.20179820179979","98.20179820179979","8.542713567838438","8.542713567838438","8.542713567838438"
"2035.408480885","5.015045135404039","5.015045135404039","5.015045135404039","10.710710710712096","10.710710710712096","10.710710710712096","83.40000000000146","83.40000000000146","83.40000000000146","18.3550651955864","18.3550651955864","18.3550651955864"
"2045.406681118","9.318637274551572","9.318637274551572","9.318637274551572","12.036108324973343","12.036108324973343","12.036108324973343","65.13026052104037","65.13026052104037","65.13026052104037","40.681362725452985","40.681362725452985","40.681362725452985"
"2055.406545536","7.992007992005455","7.992007992005455","7.992007992005455","5.2052052052049","5.2052052052049","5.2052052052049","93.30669330669046","93.30669330669046","93.30669330669046","7.207207207201138","7.207207207201138","7.207207207201138"
"2065.407188843","2.49999999999784","2.49999999999784","2.49999999999784","23.223223223221876","23.223223223221876","23.223223223221876","27.883650952862148","27.883650952862148","27.883650952862148","60.360360360358655","60.360360360358655","60.360360360358655"
"2075.406774868","9.499999999998181","9.499999999998181","9.499999999998181","40.78156312625179","40.78156312625179","40.78156312625179","69.669669669667","69.669669669667","69.669669669667","10.05025125628159","10.05025125628159","10.05025125628159"
"2085.407565037","5.310621242486965","5.310621242486965","5.310621242486965","53.40681362725368","53.40681362725368","53.40681362725368","50.50000000000182","50.50000000000182","50.50000000000182","3.410230692077601","3.410230692077601","3.410230692077601"
"2095.40758501","9.07278165503553","9.07278165503553","9.07278165503553","31.33133133133168","31.33133133133168","31.33133133133168","69.86986986986977","69.86986986986977","69.86986986986977","5.911823647296036","5.911823647296036","5.911823647296036"
"2105.406834256","7.500000000004206","7.500000000004206","7.500000000004206","14.32865731462987","14.32865731462987","14.32865731462987","46.99398797594995","46.99398797594995","46.99398797594995","61.723446893786004","61.723446893786004","61.723446893786004"
"2115.407795037","4.8144433299856875","4.8144433299856875","4.8144433299856875","4.108216432866544","4.108216432866544","4.108216432866544","83.41658341658523","83.41658341658523","83.41658341658523","22.567703109328438","22.567703109328438","22.567703109328438"
"2125.407238551","6.412825651299331","6.412825651299331","6.412825651299331","7.8313253012025905","7.8313253012025905","7.8313253012025905","27.855711422842077","27.855711422842077","27.855711422842077","75.09999999999877","75.09999999999877","75.09999999999877"
"2135.406793941","6.5065065065118155","6.5065065065118155","6.5065065065118155","8.249496981892571","8.249496981892571","8.249496981892571","52.90581162324626","52.90581162324626","52.90581162324626","61.42284569138603","61.42284569138603","61.42284569138603"
"2145.407632152","13.186813186811698","13.186813186811698","13.186813186811698","11.011011011010341","11.011011011010341","11.011011011010341","30.96192384769679","30.96192384769679","30.96192384769679","60.69999999999709","60.69999999999709","60.69999999999709"
"2155.407501983","9.400000000000546","9.400000000000546","9.400000000000546","7.429718875500129","7.429718875500129","7.429718875500129","54.39999999999807","54.39999999999807","54.39999999999807","42.42728184553764","42.42728184553764","42.42728184553764"
"2165.406687888","11.823647294588055","11.823647294588055","11.823647294588055","20.941883767535536","20.941883767535536","20.941883767535536","53.85385385385403","53.85385385385403","53.85385385385403","44.53360080240663","44.53360080240663","44.53360080240663"
"2175.407049128","5.416248746238213","5.416248746238213","5.416248746238213","20.300000000002","20.300000000002","20.300000000002","73.07307307307318","73.07307307307318","73.07307307307318","15.099999999996047","15.099999999996047","15.099999999996047"
"2185.407575224","28.37162837163246","28.37162837163246","28.37162837163246","1.6016016016001797","1.6016016016001797","1.6016016016001797","16.000000000005183","16.000000000005183","16.000000000005183","58.41683366733383","58.41683366733383","58.41683366733383"
"2195.40665812","9.190809190806009","9.190809190806009","9.190809190806009","26.026026026026777","26.026026026026777","26.026026026026777","82.28228228227833","82.28228228227833","82.28228228227833","11.900000000004551","11.900000000004551","11.900000000004551"
"2205.406910286","2.505010020040076","2.505010020040076","2.505010020040076","41.000000000001776","41.000000000001776","41.000000000001776","28.52852852852824","28.52852852852824","28.52852852852824","40.440440440438245","40.440440440438245","40.440440440438245"
"2215.407184226","7.199999999997431","7.199999999997431","7.199999999997431","9.236947791161212","9.236947791161212","9.236947791161212","92.59999999999957","92.59999999999957","92.59999999999957","7.622868605816374","7.622868605816374","7.622868605816374"
"2225.407187857","11.200000000005222","11.200000000005222","11.200000000005222","10.710710710709739","10.710710710709739","10.710710710709739","83.66733466933836","83.66733466933836","83.66733466933836","16.950852557673134","16.950852557673134","16.950852557673134"
"2235.40668544","13.299999999999274","13.299999999999274","13.299999999999274","25","25","25","31.0310310310308","31.0310310310308","31.0310310310308","51.90380761523091","51.90380761523091","51.90380761523091"
"2245.4065579","6.613226452904643","6.613226452904643","6.613226452904643","12.000000000000455","12.000000000000455","12.000000000000455","49.54954954955111","49.54954954955111","49.54954954955111","48.44844844845097","48.44844844845097","48.44844844845097"
"2255.407400866","7.839195979901294","7.839195979901294","7.839195979901294","2.7027027027003037","2.7027027027003037","2.7027027027003037","91.70000000000073","91.70000000000073","91.70000000000073","12.812812812810542","12.812812812810542","12.812812812810542"
"2265.40715787","8.499999999996248","8.499999999996248","8.499999999996248","18.756268806422245","18.756268806422245","18.756268806422245","93.29999999999927","93.29999999999927","93.29999999999927","8.13253012048135","8.13253012048135","8.13253012048135"
"2275.406764789","5.305305305303114","5.305305305303114","5.305305305303114","3.607214428854428","3.607214428854428","3.607214428854428","95.69569569569724","95.69569569569724","95.69569569569724","11.022044088175422","11.022044088175422","11.022044088175422"
"2285.406553","4.895104895106928","4.895104895106928","4.895104895106928","6.906906906909565","6.906906906909565","6.906906906909565","85.29999999999745","85.29999999999745","85.29999999999745","16.93386773547146","16.93386773547146","16.93386773547146"
"2295.407691609","13.253012048190405","13.253012048190405","13.253012048190405","6.506506506507559","6.506506506507559","6.506506506507559","46.29258517034195","46.29258517034195","46.29258517034195","65.300000000002","65.300000000002","65.300000000002"
"2305.407504705","9.919839679362894","9.919839679362894","9.919839679362894","6.513026052105107","6.513026052105107","6.513026052105107","56.65665665665674","56.65665665665674","56.65665665665674","42.46987951807232","42.46987951807232","42.46987951807232"
"2315.406663611","11.222444889783002","11.222444889783002","11.222444889783002","8.399999999996908","8.399999999996908","8.399999999996908","59.31863727454787","59.31863727454787","59.31863727454787","36.93693693693661","36.93693693693661","36.93693693693661"
"2325.407835608","11.055776892425294","11.055776892425294","11.055776892425294","13.81381381381458","13.81381381381458","13.81381381381458","90.89089089088802","90.89089089088802","90.89089089088802","15.245737211638893","15.245737211638893","15.245737211638893"
"2335.407516424","2.7135678391957225","2.7135678391957225","2.7135678391957225","5.900000000003729","5.900000000003729","5.900000000003729","92.5","92.5","92.5","12.637913741221555","12.637913741221555","12.637913741221555"
"2345.407651607","2.794411177648855","2.794411177648855","2.794411177648855","29.01606425702673","29.01606425702673","29.01606425702673","38.600000000004066","38.600000000004066","38.600000000004066","45.699999999999555","45.699999999999555","45.699999999999555"
"2355.407351593","13.999999999996998","13.999999999996998","13.999999999996998","17.2344689378745","17.2344689378745","17.2344689378745","79.32067932067946","79.32067932067946","79.32067932067946","18.172690763052422","18.172690763052422","18.172690763052422"
"2365.407000212","2.9999999999995453","2.9999999999995453","2.9999999999995453","9.20920920920972","9.20920920920972","9.20920920920972","53.15315315315377","53.15315315315377","53.15315315315377","51.89999999999608","51.89999999999608","51.89999999999608"
"2375.406565745","11.14457831325425","11.14457831325425","11.14457831325425","7.300000000002124","7.300000000002124","7.300000000002124","67.29999999999711","67.29999999999711","67.29999999999711","28.986960882650486","28.986960882650486","28.986960882650486"
"2385.406804172","6.793206793210947","6.793206793210947","6.793206793210947","11.322645290580473","11.322645290580473","11.322645290580473","33.40020060180536","33.40020060180536","33.40020060180536","80.18018018017956","80.18018018017956","80.18018018017956"
"2395.406852298","3.9960039960006375","3.9960039960006375","3.9960039960006375","5.511022044089738","5.511022044089738","5.511022044089738","96.50000000000091","96.50000000000091","96.50000000000091","7.507507507511541","7.507507507511541","7.507507507511541"
"2405.407121957","20.941883767531934","20.941883767531934","20.941883767531934","11.122244488979211","11.122244488979211","11.122244488979211","66.86686686686669","66.86686686686669","66.86686686686669","16.933867735467672","16.933867735467672","16.933867735467672"
"2415.407252838","14.985014985013068","14.985014985013068","14.985014985013068","14.18581418581241","14.18581418581241","14.18581418581241","11.800000000002374","11.800000000002374","11.800000000002374","88.70000000000294","88.70000000000294","88.70000000000294"
"2425.407170754","5.210420841687732","5.210420841687732","5.210420841687732","21.163490471411382","21.163490471411382","21.163490471411382","86.18618618618542","86.18618618618542","86.18618618618542","3.406813627255806","3.406813627255806","3.406813627255806"
"2435.407092067","12.925851703402458","12.925851703402458","12.925851703402458","84.70000000000185","84.70000000000185","84.70000000000185","12.91291291291283","12.91291291291283","12.91291291291283","3.0090270812477593","3.0090270812477593","3.0090270812477593"
"2445.406799988","12.312312312316195","12.312312312316195","12.312312312316195","11.01101101100984","11.01101101100984","11.01101101100984","85.28528528528697","85.28528528528697","85.28528528528697","6.913827655311156","6.913827655311156","6.913827655311156"
"2455.407477611","14.399999999996654","14.399999999996654","14.399999999996654","17.900000000005644","17.900000000005644","17.900000000005644","25.249500998003764","25.249500998003764","25.249500998003764","72.37237237237085","72.37237237237085","72.37237237237085"
"2465.407453355","2.9116465863494385","2.9116465863494385","2.9116465863494385","5.9999999999990905","5.9999999999990905","5.9999999999990905","81.70000000000073","81.70000000000073","81.70000000000073","25.225225225222193","25.225225225222193","25.225225225222193"
"2475.407383006","2.7054108216430994","2.7054108216430994","2.7054108216430994","7.021063189571263","7.021063189571263","7.021063189571263","85.77154308617165","85.77154308617165","85.77154308617165","18.674698795181932","18.674698795181932","18.674698795181932"
"2485.407705598","7.178464606179643","7.178464606179643","7.178464606179643","8.108108108105464","8.108108108105464","8.108108108105464","29.158316633265024","29.158316633265024","29.158316633265024","86.90000000000055","86.90000000000055","86.90000000000055"
"2495.407207073","3.309929789371851","3.309929789371851","3.309929789371851","5.315947843530425","5.315947843530425","5.315947843530425","99.89989989990227","99.89989989990227","99.89989989990227","5.399999999999636","5.399999999999636","5.399999999999636"
"2505.407183775","15.915915915915443","15.915915915915443","15.915915915915443","11.100000000001273","11.100000000001273","11.100000000001273","77.92207792207803","77.92207792207803","77.92207792207803","9.819639278561388","9.819639278561388","9.819639278561388"
"2515.406985853","7.7154308617232505","7.7154308617232505","7.7154308617232505","8.70870870870741","8.70870870870741","8.70870870870741","93.49999999999909","93.49999999999909","93.49999999999909","19.458375125372505","19.458375125372505","19.458375125372505"
"2525.407169669","3.69261477045573","3.69261477045573","3.69261477045573","2.5075225677008794","2.5075225677008794","2.5075225677008794","54.35435435435391","54.35435435435391","54.35435435435391","53.49999999999925","53.49999999999925","53.49999999999925"
"2535.407813697","2.412060301509848","2.412060301509848","2.412060301509848","11.211211211209795","11.211211211209795","11.211211211209795","57.01402805611463","57.01402805611463","57.01402805611463","45.34534534534379","45.34534534534379","45.34534534534379"
"2545.406723871","6.4192577733210925","6.4192577733210925","6.4192577733210925","25.450901803610197","25.450901803610197","25.450901803610197","71.49999999999766","71.49999999999766","71.49999999999766","25.376128385156825","25.376128385156825","25.376128385156825"
"2555.40770937","9.519038076150464","9.519038076150464","9.519038076150464","37.23723723723605","37.23723723723605","37.23723723723605","61.72344689378707","61.72344689378707","61.72344689378707","7.114228456918411","7.114228456918411","7.114228456918411"
"2565.407523547","17.83567134268734","17.83567134268734","17.83567134268734","5.410821643286199","5.410821643286199","5.410821643286199","83.19999999999786","83.19999999999786","83.19999999999786","6.519558676026847","6.519558676026847","6.519558676026847"
"2575.40695978","17.617617617619384","17.617617617619384","17.617617617619384","24.424424424425503","24.424424424425503","24.424424424425503","76.30000000000109","76.30000000000109","76.30000000000109","12.036108324977354","12.036108324977354","12.036108324977354"
"2585.407483775","8.224674022061539","8.224674022061539","8.224674022061539","24.924924924923282","24.924924924923282","24.924924924923282","75.6243756243756","75.6243756243756","75.6243756243756","4.714142427281999","4.714142427281999","4.714142427281999"
"2595.40733179","6.112224448898782","6.112224448898782","6.112224448898782","11.122244488979211","11.122244488979211","11.122244488979211","60.02004008016259","60.02004008016259","60.02004008016259","39.239239239240824","39.239239239240824","39.239239239240824"
"2605.407649082","5","5","5","10.832497492478707","10.832497492478707","10.832497492478707","26.452905811621925","26.452905811621925","26.452905811621925","87.09999999999978","87.09999999999978","87.09999999999978"
"2615.407086864","3.1062124248492884","3.1062124248492884","3.1062124248492884","2.104208416834028","2.104208416834028","2.104208416834028","68.96896896897061","68.96896896897061","68.96896896897061","41.925777331997836","41.925777331997836","41.925777331997836"
"2625.407891031","2.797202797204735","2.797202797204735","2.797202797204735","76.10000000000127","76.10000000000127","76.10000000000127","15.799999999995443","15.799999999995443","15.799999999995443","19.07630522087981","19.07630522087981","19.07630522087981"
"2635.406597562","5.976095617528996","5.976095617528996","5.976095617528996","9.009009009009707","9.009009009009707","9.009009009009707","97.800000000002","97.800000000002","97.800000000002","8.241206030150265","8.241206030150265","8.241206030150265"
"2645.407541131","11.21121121121213","11.21121121121213","11.21121121121213","11.735205616846955","11.735205616846955","11.735205616846955","88.79999999999704","88.79999999999704","88.79999999999704","12.04819277108475","12.04819277108475","12.04819277108475"
"2655.40737824","8.408408408405496","8.408408408405496","8.408408408405496","26.25250501002345","26.25250501002345","26.25250501002345","73.7737737737743","73.7737737737743","73.7737737737743","5.728643216086199","5.728643216086199","5.728643216086199"
"2665.407275203","3.503503503507062","3.503503503507062","3.503503503507062","6.706706706703029","6.706706706703029","6.706706706703029","98.90109890109765","98.90109890109765","98.90109890109765","4.924623115573726","4.924623115573726","4.924623115573726"
"2675.40745673","4.795204795204873","4.795204795204873","4.795204795204873","17.53507014028201","17.53507014028201","17.53507014028201","36.23623623623531","36.23623623623531","36.23623623623531","71.50000000000091","71.50000000000091","71.50000000000091"
"2685.407370538","3.413654618470934","3.413654618470934","3.413654618470934","66.16766467065835","66.16766467065835","66.16766467065835","16.30000000000035","16.30000000000035","16.30000000000035","30.491474423268667","30.491474423268667","30.491474423268667"
"2695.407458188","8.00800800800964","8.00800800800964","8.00800800800964","18.55566700100247","18.55566700100247","18.55566700100247","82.9000000000034","82.9000000000034","82.9000000000034","5.205205205200822","5.205205205200822","5.205205205200822"
"2705.407522238","22.399999999996563","22.399999999996563","22.399999999996563","8.734939759039184","8.734939759039184","8.734939759039184","80.29999999999835","80.29999999999835","80.29999999999835","19.519519519525453","19.519519519525453","19.519519519525453"
"2715.40800736","4.91474423270205","4.91474423270205","4.91474423270205","4.909819639276584","4.909819639276584","4.909819639276584","97.40000000000225","97.40000000000225","97.40000000000225","5.120481927708685","5.120481927708685","5.120481927708685"
"2725.407261677","6.606606606609546","6.606606606609546","6.606606606609546","9.218436873744071","9.218436873744071","9.218436873744071","89.49999999999866","89.49999999999866","89.49999999999866","9.309309309307451","9.309309309307451","9.309309309307451"
"2735.407213073","10.41041041040572","10.41041041040572","10.41041041040572","7.228915662657038","7.228915662657038","7.228915662657038","92.899999999999","92.899999999999","92.899999999999","18.6186186186203","18.6186186186203","18.6186186186203"
"2745.407340202","6.619859578732903","6.619859578732903","6.619859578732903","7.9237713139374195","7.9237713139374195","7.9237713139374195","67.66766766766972","67.66766766766972","67.66766766766972","31.594784353061563","31.594784353061563","31.594784353061563"
"2755.407511233","52.30000000000452","52.30000000000452","52.30000000000452","1.4985014985023744","1.4985014985023744","1.4985014985023744","11.511511511502341","11.511511511502341","11.511511511502341","38.73873873873952","38.73873873873952","38.73873873873952"
"2765.407191178","17.499999999997726","17.499999999997726","17.499999999997726","10.91091091091033","10.91091091091033","10.91091091091033","27.63819095478099","27.63819095478099","27.63819095478099","73.7737737737743","73.7737737737743","73.7737737737743"
"2775.406603835","7.847082494967574","7.847082494967574","7.847082494967574","53.246753246751354","53.246753246751354","53.246753246751354","39.46053946053678","39.46053946053678","39.46053946053678","13.113113113104943","13.113113113104943","13.113113113104943"
"2785.406939334","2.615694164983091","2.615694164983091","2.615694164983091","20.900000000001455","20.900000000001455","20.900000000001455","28.156312625251186","28.156312625251186","28.156312625251186","64.52905811623127","64.52905811623127","64.52905811623127"
"2795.407273988","18.081918081921685","18.081918081921685","18.081918081921685","15.815815815820821","15.815815815820821","15.815815815820821","83.83233532933858","83.83233532933858","83.83233532933858","12.864321608045842","12.864321608045842","12.864321608045842"
"2805.406772221","2.5075225676987127","2.5075225676987127","2.5075225676987127","9.409409409401913","9.409409409401913","9.409409409401913","36.81043129388372","36.81043129388372","36.81043129388372","67.66766766766678","67.66766766766678","67.66766766766678"
"2815.406781226","2.7027027027068855","2.7027027027068855","2.7027027027068855","4.909819639280694","4.909819639280694","4.909819639280694","58.358358358358906","58.358358358358906","58.358358358358906","49.44944944945113","49.44944944945113","49.44944944945113"
"2825.407402644","15.230460921841892","15.230460921841892","15.230460921841892","30.00000000000864","30.00000000000864","30.00000000000864","70.75848303393505","70.75848303393505","70.75848303393505","6.7336683417093965","6.7336683417093965","6.7336683417093965"
"2835.407407641","13.41341341341061","13.41341341341061","13.41341341341061","9.699999999989787","9.699999999989787","9.699999999989787","90.90909090908802","90.90909090908802","90.90909090908802","7.307307307305373","7.307307307305373","7.307307307305373"
"2845.406609115","14.34302908726434","14.34302908726434","14.34302908726434","7.007007007016082","7.007007007016082","7.007007007016082","84.4155844155839","84.4155844155839","84.4155844155839","8.625877632908088","8.625877632908088","8.625877632908088"
"2855.40683755","10.030090270812181","10.030090270812181","10.030090270812181","12.925851703402458","12.925851703402458","12.925851703402458","82.98298298298444","82.98298298298444","82.98298298298444","8.817635270538005","8.817635270538005","8.817635270538005"
"2865.407203155","5.483549351952424","5.483549351952424","5.483549351952424","76.50000000000091","76.50000000000091","76.50000000000091","41.94194194193885","41.94194194193885","41.94194194193885","6.419257773302586","6.419257773302586","6.419257773302586"
"2875.406724244","7.815631262522841","7.815631262522841","7.815631262522841","80.29999999999745","80.29999999999745","80.29999999999745","5.500000000001819","5.500000000001819","5.500000000001819","19.800000000000182","19.800000000000182","19.800000000000182"
"2885.406650046","6.827309236954631","6.827309236954631","6.827309236954631","23.7474949899823","23.7474949899823","23.7474949899823","75.57557557557672","75.57557557557672","75.57557557557672","9.01803607214933","9.01803607214933","9.01803607214933"
"2895.406650156","15.715715715714854","15.715715715714854","15.715715715714854","8.935742971890805","8.935742971890805","8.935742971890805","74.09999999999619","74.09999999999619","74.09999999999619","29.317269076305845","29.317269076305845","29.317269076305845"
"2905.406971828","7.3146292585214265","7.3146292585214265","7.3146292585214265","10.51051051050801","10.51051051050801","10.51051051050801","89.0000000000019","89.0000000000019","89.0000000000019","8.408408408413836","8.408408408413836","8.408408408413836"
"2915.407786255","8.608608608597198","8.608608608597198","8.608608608597198","3.610832497484869","3.610832497484869","3.610832497484869","83.29999999999927","83.29999999999927","83.29999999999927","18.172690763046408","18.172690763046408","18.172690763046408"
"2925.407205376","11.93580742226129","11.93580742226129","11.93580742226129","39.139139139140816","39.139139139140816","39.139139139140816","71.97197197197409","71.97197197197409","71.97197197197409","7.214428857726096","7.214428857726096","7.214428857726096"
"2935.407615752","6.224899598392456","6.224899598392456","6.224899598392456","30.630630630632517","30.630630630632517","30.630630630632517","38.76123876123673","38.76123876123673","38.76123876123673","39.75903614457854","39.75903614457854","39.75903614457854"
"2945.406975572","3.9117352056223154","3.9117352056223154","3.9117352056223154","65.59999999999945","65.59999999999945","65.59999999999945","5.711422845688716","5.711422845688716","5.711422845688716","41.70000000000073","41.70000000000073","41.70000000000073"
"2955.406770244","10.37924151696979","10.37924151696979","10.37924151696979","49.35064935064876","49.35064935064876","49.35064935064876","43.20000000000453","43.20000000000453","43.20000000000453","27.955911823638168","27.955911823638168","27.955911823638168"
"2965.407733787","3.3999999999969077","3.3999999999969077","3.3999999999969077","9.018036072144772","9.018036072144772","9.018036072144772","98.40000000000131","98.40000000000131","98.40000000000131","4.012036108330346","4.012036108330346","4.012036108330346"
"2975.406674236","3.607214428863377","3.607214428863377","3.607214428863377","1.7034068136324594","1.7034068136324594","1.7034068136324594","39.7191574724166","39.7191574724166","39.7191574724166","64.49999999999818","64.49999999999818","64.49999999999818"
"2985.407229158","8.075772681953799","8.075772681953799","8.075772681953799","5.305305305294251","5.305305305294251","5.305305305294251","72.69999999999982","72.69999999999982","72.69999999999982","35.599999999999454","35.599999999999454","35.599999999999454"
"2995.407621992","2.8971028971024704","2.8971028971024704","2.8971028971024704","9.300000000008886","9.300000000008886","9.300000000008886","58.99999999999945","58.99999999999945","58.99999999999945","45.29058116232916","45.29058116232916","45.29058116232916"
"3005.40726494","2.605210420848304","2.605210420848304","2.605210420848304","9.409409409410161","9.409409409410161","9.409409409410161","55.310621242486725","55.310621242486725","55.310621242486725","48.89999999999873","48.89999999999873","48.89999999999873"
"3015.407171916","7.178464606179643","7.178464606179643","7.178464606179643","50.24975024975116","50.24975024975116","50.24975024975116","49.94994994994886","49.94994994994886","49.94994994994886","21.965897693079224","21.965897693079224","21.965897693079224"
"3025.407300668","6.21242484969402","6.21242484969402","6.21242484969402","9.127382146439905","9.127382146439905","9.127382146439905","87.39999999999897","87.39999999999897","87.39999999999897","11.222444889778957","11.222444889778957","11.222444889778957"
"3035.407132309","1.4985014985046459","1.4985014985046459","1.4985014985046459","1.2036108325009283","1.2036108325009283","1.2036108325009283","36.936936936938295","36.936936936938295","36.936936936938295","64.52905811623127","64.52905811623127","64.52905811623127"
"3045.407306907","3.803803803800428","3.803803803800428","3.803803803800428","66.13386613386474","66.13386613386474","66.13386613386474","24.749498997990514","24.749498997990514","24.749498997990514","18.81881881882316","18.81881881882316","18.81881881882316"
"3055.407147427","20.720720720725478","20.720720720725478","20.720720720725478","23.246492985963048","23.246492985963048","23.246492985963048","78.19999999999966","78.19999999999966","78.19999999999966","7.314629258510702","7.314629258510702","7.314629258510702"
"3065.406885302","7.854984894261603","7.854984894261603","7.854984894261603","12.825651302608886","12.825651302608886","12.825651302608886","50.54945054945339","50.54945054945339","50.54945054945339","43.18637274549232","43.18637274549232","43.18637274549232"
"3075.407401377","1.6096579476847177","1.6096579476847177","1.6096579476847177","36.599999999998545","36.599999999998545","36.599999999998545","19.499999999995406","19.499999999995406","19.499999999995406","54.854854854855795","54.854854854855795","54.854854854855795"
"3085.407812352","4.195804195789694","4.195804195789694","4.195804195789694","20.941883767532886","20.941883767532886","20.941883767532886","91.19119119119071","91.19119119119071","91.19119119119071","14.100000000006357","14.100000000006357","14.100000000006357"
"3095.407135711","2.208835341372375","2.208835341372375","2.208835341372375","6.0120240480909874","6.0120240480909874","6.0120240480909874","5.210420841687494","5.210420841687494","5.210420841687494","100","100","100"
"3105.406596938","2.5999999999993406","2.5999999999993406","2.5999999999993406","8.817635270546315","8.817635270546315","8.817635270546315","67.66766766766678","67.66766766766678","67.66766766766678","36.208625877631995","36.208625877631995","36.208625877631995"
"3115.407259316","5.9999999999990905","5.9999999999990905","5.9999999999990905","18.400000000001455","18.400000000001455","18.400000000001455","83.09999999999945","83.09999999999945","83.09999999999945","21.199999999996635","21.199999999996635","21.199999999996635"
"3125.407004093","9.890109890112036","9.890109890112036","9.890109890112036","9.236947791157068","9.236947791157068","9.236947791157068","60.58174523570617","60.58174523570617","60.58174523570617","36.072144288577825","36.072144288577825","36.072144288577825"
"3135.406770318","2.1063189568732037","2.1063189568732037","2.1063189568732037","8.024072216657679","8.024072216657679","8.024072216657679","9.109109109116126","9.109109109116126","9.109109109116126","95.0901803607193","95.0901803607193","95.0901803607193"
"3145.407573725","10.269192422725924","10.269192422725924","10.269192422725924","19.48051948052178","19.48051948052178","19.48051948052178","73.59999999999673","73.59999999999673","73.59999999999673","27.927927927928174","27.927927927928174","27.927927927928174"
"3155.407612928","4.4088176352773125","4.4088176352773125","4.4088176352773125","4.216867469880233","4.216867469880233","4.216867469880233","65.13026052104355","65.13026052104355","65.13026052104355","40.140140140138655","40.140140140138655","40.140140140138655"
"3165.407213988","6.393606393609525","6.393606393609525","6.393606393609525","10.92184368736401","10.92184368736401","10.92184368736401","56.65665665665644","56.65665665665644","56.65665665665644","42.98597194388993","42.98597194388993","42.98597194388993"
"3175.407613803","5.805805805805204","5.805805805805204","5.805805805805204","19.300000000005703","19.300000000005703","19.300000000005703","49.20000000000073","49.20000000000073","49.20000000000073","54.154154154155776","54.154154154155776","54.154154154155776"
"3185.407238697","13.0130130130072","13.0130130130072","13.0130130130072","15.831663326658663","15.831663326658663","15.831663326658663","49.24774322968628","49.24774322968628","49.24774322968628","38.43843843843058","38.43843843843058","38.43843843843058"
"3195.407114166","2.605210420843747","2.605210420843747","2.605210420843747","5.811623246496538","5.811623246496538","5.811623246496538","66.73326673326517","66.73326673326517","66.73326673326517","40.220661985958145","40.220661985958145","40.220661985958145"
"3205.407626664","6.799999999998363","6.799999999998363","6.799999999998363","17.251755265794237","17.251755265794237","17.251755265794237","67.56756756756744","67.56756756756744","67.56756756756744","39.859437751007356","39.859437751007356","39.859437751007356"
"3215.407512715","22.86860581745834","22.86860581745834","22.86860581745834","10.199999999999818","10.199999999999818","10.199999999999818","74.90000000000236","74.90000000000236","74.90000000000236","8.391608391609662","8.391608391609662","8.391608391609662"
"3225.407153888","9.027081243729025","9.027081243729025","9.027081243729025","7.42226680039266","7.42226680039266","7.42226680039266","93.29329329329242","93.29329329329242","93.29329329329242","4.4088176352667245","4.4088176352667245","4.4088176352667245"
"3235.406852259","12.625250501005873","12.625250501005873","12.625250501005873","10.240963855429664","10.240963855429664","10.240963855429664","90.69069069069297","90.69069069069297","90.69069069069297","4.120603015082754","4.120603015082754","4.120603015082754"
"3245.407513711","5.416248746230079","5.416248746230079","5.416248746230079","28.671328671318534","28.671328671318534","28.671328671318534","81.13772455089803","81.13772455089803","81.13772455089803","13.313313313312877","13.313313313312877","13.313313313312877"
"3255.407208755","4.50901803607881","4.50901803607881","4.50901803607881","9.700000000002547","9.700000000002547","9.700000000002547","27.855711422844358","27.855711422844358","27.855711422844358","75.5999999999949","75.5999999999949","75.5999999999949"
"3265.406829093","12.33701103309573","12.33701103309573","12.33701103309573","7.407407407413815","7.407407407413815","7.407407407413815","81.68168168167746","81.68168168167746","81.68168168167746","12.412412412410498","12.412412412410498","12.412412412410498"
"3275.407493915","8.808808808803265","8.808808808803265","8.808808808803265","10.710710710708032","10.710710710708032","10.710710710708032","69.56956956957431","69.56956956957431","69.56956956957431","42.48496993988467","42.48496993988467","42.48496993988467"
"3285.407051032","30.66933066933215","30.66933066933215","30.66933066933215","3.309929789369571","3.309929789369571","3.309929789369571","70.55888223552483","70.55888223552483","70.55888223552483","8.425275827483691","8.425275827483691","8.425275827483691"
"3295.40739811","1.8036072144316886","1.8036072144316886","1.8036072144316886","3.0090270812454785","3.0090270812454785","3.0090270812454785","39.239239239240824","39.239239239240824","39.239239239240824","62.13786213785989","62.13786213785989","62.13786213785989"
"3305.407316042","6.700000000000728","6.700000000000728","6.700000000000728","11.233701103318925","11.233701103318925","11.233701103318925","96.59999999999627","96.59999999999627","96.59999999999627","9.929789368100494","9.929789368100494","9.929789368100494"
"3315.406553845","7.407407407407661","7.407407407407661","7.407407407407661","10.82164328657289","10.82164328657289","10.82164328657289","43.53059177532633","43.53059177532633","43.53059177532633","52.70541082164297","52.70541082164297","52.70541082164297"
"3325.406625512","2.4072216650016367","2.4072216650016367","2.4072216650016367","42.44244244243595","42.44244244243595","42.44244244243595","53.25325325325151","53.25325325325151","53.25325325325151","16.21621621621548","16.21621621621548","16.21621621621548"
"3335.406993175","14.185814185814602","14.185814185814602","14.185814185814602","35.005015045136886","35.005015045136886","35.005015045136886","65.70000000000164","65.70000000000164","65.70000000000164","15.245737211628882","15.245737211628882","15.245737211628882"
"3345.406741335","2.402402402393661","2.402402402393661","2.402402402393661","9.71943887775988","9.71943887775988","9.71943887775988","70.50000000000182","70.50000000000182","70.50000000000182","31.73173173173482","31.73173173173482","31.73173173173482"
"3355.407534322","3.0090270812454785","3.0090270812454785","3.0090270812454785","8.19999999999709","8.19999999999709","8.19999999999709","49.70000000000255","49.70000000000255","49.70000000000255","55.71142284569327","55.71142284569327","55.71142284569327"
"3365.407299747","5.811623246492511","5.811623246492511","5.811623246492511","15.045135406222832","15.045135406222832","15.045135406222832","96.7032967032975","96.7032967032975","96.7032967032975","11.11111111111617","11.11111111111617","11.11111111111617"
"3375.406595615","8.191808191799035","8.191808191799035","8.191808191799035","14.100000000000817","14.100000000000817","14.100000000000817","43.143143143144165","43.143143143144165","43.143143143144165","49.599198396789376","49.599198396789376","49.599198396789376"
"3385.406911783","13.941825476432216","13.941825476432216","13.941825476432216","3.30992978936729","3.30992978936729","3.30992978936729","86.59999999999854","86.59999999999854","86.59999999999854","10.44176706828315","10.44176706828315","10.44176706828315"
"3395.406574153","6.913827655315396","6.913827655315396","6.913827655315396","9.929789368106432","9.929789368106432","9.929789368106432","43.94394394394363","43.94394394394363","43.94394394394363","70.39999999999964","70.39999999999964","70.39999999999964"
"3405.407654991","3.899999999994534","3.899999999994534","3.899999999994534","6.1061061061075135","6.1061061061075135","6.1061061061075135","14.22845691382445","14.22845691382445","14.22845691382445","91.49149149149221","91.49149149149221","91.49149149149221"
"3415.407386174","7.607607607617678","7.607607607617678","7.607607607617678","5.2261306532616745","5.2261306532616745","5.2261306532616745","68.40000000000146","68.40000000000146","68.40000000000146","32.26452905811108","32.26452905811108","32.26452905811108"
"3425.40799448","14.071856287425351","14.071856287425351","14.071856287425351","15.399999999994215","15.399999999994215","15.399999999994215","74.99999999999318","74.99999999999318","74.99999999999318","15.546639919762987","15.546639919762987","15.546639919762987"
"3435.407263867","3.711133400199751","3.711133400199751","3.711133400199751","15.863453815260256","15.863453815260256","15.863453815260256","98.60000000000127","98.60000000000127","98.60000000000127","3.7148594377498947","3.7148594377498947","3.7148594377498947"
"3445.407330007","4.804804804802247","4.804804804802247","4.804804804802247","11.211211211218448","11.211211211218448","11.211211211218448","30.23023023023071","30.23023023023071","30.23023023023071","71.49999999999832","71.49999999999832","71.49999999999832"
"3455.40677046","6.599999999998545","6.599999999998545","6.599999999998545","9.027081243731876","9.027081243731876","9.027081243731876","73.49999999999909","73.49999999999909","73.49999999999909","26.626626626632433","26.626626626632433","26.626626626632433"
"3465.40733054","5.894105894107219","5.894105894107219","5.894105894107219","18.943170488533518","18.943170488533518","18.943170488533518","60.020040080159845","60.020040080159845","60.020040080159845","47.99599198396985","47.99599198396985","47.99599198396985"
"3475.407462988","3.9920159680714136","3.9920159680714136","3.9920159680714136","3.707414829653831","3.707414829653831","3.707414829653831","24.448897795595126","24.448897795595126","24.448897795595126","82.5","82.5","82.5"
"3485.407031593","7.3146292585068124","7.3146292585068124","7.3146292585068124","7.214428857722198","7.214428857722198","7.214428857722198","77.5","77.5","77.5","23.470411233694982","23.470411233694982","23.470411233694982"
"3495.407504991","9.399999999995998","9.399999999995998","9.399999999995998","21.05788423153692","21.05788423153692","21.05788423153692","73.04609218436947","73.04609218436947","73.04609218436947","26.05210420842152","26.05210420842152","26.05210420842152"
"3505.40757631","3.296703296711284","3.296703296711284","3.296703296711284","1.8072289156564347","1.8072289156564347","1.8072289156564347","35.835835835830046","35.835835835830046","35.835835835830046","73.6736736736744","73.6736736736744","73.6736736736744"
"3515.407437085","7.823470411231661","7.823470411231661","7.823470411231661","3.0090270812477593","3.0090270812477593","3.0090270812477593","84.7152847152876","84.7152847152876","84.7152847152876","20.120120120118195","20.120120120118195","20.120120120118195"
"3525.407408297","18.6626746506967","18.6626746506967","18.6626746506967","11.947791164663704","11.947791164663704","11.947791164663704","82.49999999999841","82.49999999999841","82.49999999999841","17.03406813627147","17.03406813627147","17.03406813627147"
"3535.40725828","6.999999999998819","6.999999999998819","6.999999999998819","6.700000000000118","6.700000000000118","6.700000000000118","93.79999999999711","93.79999999999711","93.79999999999711","5.120481927710734","5.120481927710734","5.120481927710734"
"3545.406918455","10.020040080162124","10.020040080162124","10.020040080162124","24.200000000000728","24.200000000000728","24.200000000000728","70.99999999999909","70.99999999999909","70.99999999999909","9.999999999991815","9.999999999991815","9.999999999991815"
"3555.407123101","11.188811188809854","11.188811188809854","11.188811188809854","16.850551654967383","16.850551654967383","16.850551654967383","88.28828828829187","88.28828828829187","88.28828828829187","12.236710130393416","12.236710130393416","12.236710130393416"
"3565.407139858","2.3976023976003824","2.3976023976003824","2.3976023976003824","4.399999999996399","4.399999999996399","4.399999999996399","98.40159840159549","98.40159840159549","98.40159840159549","9.8294884653984","9.8294884653984","9.8294884653984"
"3575.406743617","7.715430861727455","7.715430861727455","7.715430861727455","5.210420841672496","5.210420841672496","5.210420841672496","84.21578421578839","84.21578421578839","84.21578421578839","17.469879518070034","17.469879518070034","17.469879518070034"
"3585.407221094","10.589410589406233","10.589410589406233","10.589410589406233","7.085828343313427","7.085828343313427","7.085828343313427","29.15831663326825","29.15831663326825","29.15831663326825","84.00000000000091","84.00000000000091","84.00000000000091"
"3595.407502027","6.600000000009314","6.600000000009314","6.600000000009314","5.01002004008038","5.01002004008038","5.01002004008038","96.1038961038971","96.1038961038971","96.1038961038971","5.911823647294027","5.911823647294027","5.911823647294027"
"3605.407384535","2.5075225676941515","2.5075225676941515","2.5075225676941515","6.20000000000744","6.20000000000744","6.20000000000744","18.236472945885108","18.236472945885108","18.236472945885108","88.99999999999736","88.99999999999736","88.99999999999736"
"3615.406886001","6.2686567164273646","6.2686567164273646","6.2686567164273646","9.409409409406749","9.409409409406749","9.409409409406749","99.7997997998","99.7997997998","99.7997997998","10.653266331657937","10.653266331657937","10.653266331657937"
"3625.407466365","14.128256513017387","14.128256513017387","14.128256513017387","6.720160481438662","6.720160481438662","6.720160481438662","26.39999999999658","26.39999999999658","26.39999999999658","64.40000000000055","64.40000000000055","64.40000000000055"
"3635.407234022","37.07414829659535","37.07414829659535","37.07414829659535","17.100000000007903","17.100000000007903","17.100000000007903","49.24924924925575","49.24924924925575","49.24924924925575","5.310621242489002","5.310621242489002","5.310621242489002"
"3645.406943571","2.006018054155663","2.006018054155663","2.006018054155663","44.33299899698549","44.33299899698549","44.33299899698549","24.82482482482555","24.82482482482555","24.82482482482555","42.48496993987943","42.48496993987943","42.48496993987943"
"3655.406946181","13.841524573721905","13.841524573721905","13.841524573721905","19.95987963892135","19.95987963892135","19.95987963892135","73.19999999999709","73.19999999999709","73.19999999999709","23.19999999999238","23.19999999999238","23.19999999999238"
"3665.406785585","3.707414829658387","3.707414829658387","3.707414829658387","6.093906093914048","6.093906093914048","6.093906093914048","94.8051948051951","94.8051948051951","94.8051948051951","8.625877632908088","8.625877632908088","8.625877632908088"
"3675.407324733","7.007007007005339","7.007007007005339","7.007007007005339","3.1124497991916624","3.1124497991916624","3.1124497991916624","80.78078078077964","80.78078078077964","80.78078078077964","24.348697394777552","24.348697394777552","24.348697394777552"
"3685.407314164","14.02805611223153","14.02805611223153","14.02805611223153","76.00000000000145","76.00000000000145","76.00000000000145","10.821643286576462","10.821643286576462","10.821643286576462","27.855711422846635","27.855711422846635","27.855711422846635"
"3695.40691749","5.115346038116401","5.115346038116401","5.115346038116401","5.500000000001819","5.500000000001819","5.500000000001819","98.29999999999912","98.29999999999912","98.29999999999912","9.227683049156218","9.227683049156218","9.227683049156218"
"3705.406670551","13.453815261037686","13.453815261037686","13.453815261037686","5.805805805804676","5.805805805804676","5.805805805804676","61.80000000000291","61.80000000000291","61.80000000000291","31.89568706117944","31.89568706117944","31.89568706117944"
"3715.407859819","12.900000000008657","12.900000000008657","12.900000000008657","7.114228456914503","7.114228456914503","7.114228456914503","56.970912738211545","56.970912738211545","56.970912738211545","52.800000000001745","52.800000000001745","52.800000000001745"
"3725.407215598","7.507507507507672","7.507507507507672","7.507507507507672","3.0030030030003374","3.0030030030003374","3.0030030030003374","91.80819180819489","91.80819180819489","91.80819180819489","8.808808808801793","8.808808808801793","8.808808808801793"
"3735.407596008","19.119119119110717","19.119119119110717","19.119119119110717","1.5015015014978927","1.5015015014978927","1.5015015014978927","82.08208208208205","82.08208208208205","82.08208208208205","1.8054162487580694","1.8054162487580694","1.8054162487580694"
"3745.407178787","6.89310689311183","6.89310689311183","6.89310689311183","9.819639278563667","9.819639278563667","9.819639278563667","97.79999999999745","97.79999999999745","97.79999999999745","16.03206412825712","16.03206412825712","16.03206412825712"
"3755.407518214","3.296703296704769","3.296703296704769","3.296703296704769","2.3046092184415032","2.3046092184415032","2.3046092184415032","94.20000000000073","94.20000000000073","94.20000000000073","15.763052208829235","15.763052208829235","15.763052208829235"
"3765.407419896","7.114228456916133","7.114228456916133","7.114228456916133","7.715430861719046","7.715430861719046","7.715430861719046","75.17517517517445","75.17517517517445","75.17517517517445","25.62562562562564","25.62562562562564","25.62562562562564"
"3775.407528593","13.42685370741565","13.42685370741565","13.42685370741565","12.100000000000364","12.100000000000364","12.100000000000364","19.019019019023165","19.019019019023165","19.019019019023165","84.50000000000045","84.50000000000045","84.50000000000045"
"3785.407369997","4.509018036070519","4.509018036070519","4.509018036070519","6.218655967904739","6.218655967904739","6.218655967904739","63.100000000003995","63.100000000003995","63.100000000003995","41.94194194194414","41.94194194194414","41.94194194194414"
"3795.407103349","4.12060301507399","4.12060301507399","4.12060301507399","8.091908091903562","8.091908091903562","8.091908091903562","39.7397397397386","39.7397397397386","39.7397397397386","64.36436436436414","64.36436436436414","64.36436436436414"
"3805.407781479","12.039800995019322","12.039800995019322","12.039800995019322","12.81281281281848","12.81281281281848","12.81281281281848","91.19999999999891","91.19999999999891","91.19999999999891","13.527054108219438","13.527054108219438","13.527054108219438"
"3815.407018661","10.821643286573615","10.821643286573615","10.821643286573615","3.2064128256485267","3.2064128256485267","3.2064128256485267","88.00000000000182","88.00000000000182","88.00000000000182","12.637913741217568","12.637913741217568","12.637913741217568"
"3825.407326125","4.216867469880233","4.216867469880233","4.216867469880233","10.410410410410273","10.410410410410273","10.410410410410273","50.250752256766674","50.250752256766674","50.250752256766674","50.35035035035342","50.35035035035342","50.35035035035342"
"3835.407399323","4.108216432864453","4.108216432864453","4.108216432864453","9.418837675355359","9.418837675355359","9.418837675355359","51.248751248751226","51.248751248751226","51.248751248751226","50.901803607215925","50.901803607215925","50.901803607215925"
"3845.407180651","4.3956043956116595","4.3956043956116595","4.3956043956116595","16.34904714141732","16.34904714141732","16.34904714141732","34.76953907815583","34.76953907815583","34.76953907815583","73.4734734734744","73.4734734734744","73.4734734734744"
"3855.407133591","8.917835671345543","8.917835671345543","8.917835671345543","42.91417165668657","42.91417165668657","42.91417165668657","59.459459459464135","59.459459459464135","59.459459459464135","3.5070140280573128","3.5070140280573128","3.5070140280573128"
"3865.40685801","3.3132530120497328","3.3132530120497328","3.3132530120497328","4.208416833676594","4.208416833676594","4.208416833676594","98.00000000000182","98.00000000000182","98.00000000000182","8.717434869738765","8.717434869738765","8.717434869738765"
"3875.407402563","7.592407592394397","7.592407592394397","7.592407592394397","37.76223776223217","37.76223776223217","37.76223776223217","37.21163490470783","37.21163490470783","37.21163490470783","48.99799599198493","48.99799599198493","48.99799599198493"
"3885.406792256","10.865191146880992","10.865191146880992","10.865191146880992","66.9669669669667","66.9669669669667","66.9669669669667","33.33333333332726","33.33333333332726","33.33333333332726","2.505010020026748","2.505010020026748","2.505010020026748"
"3895.40752429","9.01803607214933","9.01803607214933","9.01803607214933","21.12112112112058","21.12112112112058","21.12112112112058","82.21778221778222","82.21778221778222","82.21778221778222","2.7027027027025796","2.7027027027025796","2.7027027027025796"
"3905.407214123","8.18363273452842","8.18363273452842","8.18363273452842","11.811811811821936","11.811811811821936","11.811811811821936","27.555110220444135","27.555110220444135","27.555110220444135","83.51648351648296","83.51648351648296","83.51648351648296"
"3915.406865124","5.100000000003993","5.100000000003993","5.100000000003993","36.49999999999968","36.49999999999968","36.49999999999968","8.208208208197117","8.208208208197117","8.208208208197117","66.96696696696743","66.96696696696743","66.96696696696743"
"3925.406841983","6.32530120482035","6.32530120482035","6.32530120482035","15.291750503006215","15.291750503006215","15.291750503006215","36.573146292583125","36.573146292583125","36.573146292583125","56.499999999999226","56.499999999999226","56.499999999999226"
"3935.406696713","8.032128514058021","8.032128514058021","8.032128514058021","18.218218218230593","18.218218218230593","18.218218218230593","87.48748748748721","87.48748748748721","87.48748748748721","15.931863727455614","15.931863727455614","15.931863727455614"
"3945.407213227","1.9095477386894804","1.9095477386894804","1.9095477386894804","10.889110889104009","10.889110889104009","10.889110889104009","22.800000000016045","22.800000000016045","22.800000000016045","80.70000000000164","80.70000000000164","80.70000000000164"
"3955.406702751","2.8942115768475203","2.8942115768475203","2.8942115768475203","5.105105105100574","5.105105105100574","5.105105105100574","66.93386773546767","66.93386773546767","66.93386773546767","41.68336673346502","41.68336673346502","41.68336673346502"
"3965.406579763","13.768844221106969","13.768844221106969","13.768844221106969","13.886113886116854","13.886113886116854","13.886113886116854","44.73420260781717","44.73420260781717","44.73420260781717","56.14385614385837","56.14385614385837","56.14385614385837"
"3975.407614237","10.68931068930852","10.68931068930852","10.68931068930852","4.30861723447165","4.30861723447165","4.30861723447165","78.47847847847905","78.47847847847905","78.47847847847905","21.821821821823224","21.821821821823224","21.821821821823224"
"3985.407384767","3.803803803813391","3.803803803813391","3.803803803813391","30.030030030031824","30.030030030031824","30.030030030031824","52.3046092184415","52.3046092184415","52.3046092184415","29.158316633266352","29.158316633266352","29.158316633266352"
"3995.407383895","5.194805194792215","5.194805194792215","5.194805194792215","40.66265060241132","40.66265060241132","40.66265060241132","41.28256513025668","41.28256513025668","41.28256513025668","45.23570712136013","45.23570712136013","45.23570712136013"
"4005.407386063","22.489959839362232","22.489959839362232","22.489959839362232","5.405405405398332","5.405405405398332","5.405405405398332","77.99999999999727","77.99999999999727","77.99999999999727","7.42226680039494","7.42226680039494","7.42226680039494"
"4015.407417407","4.495504495496583","4.495504495496583","4.495504495496583","4.80961923847279","4.80961923847279","4.80961923847279","98.00000000000182","98.00000000000182","98.00000000000182","6.513026052117887","6.513026052117887","6.513026052117887"
"4025.407361596","9.628886659980058","9.628886659980058","9.628886659980058","13.927855711427744","13.927855711427744","13.927855711427744","89.699999999998","89.699999999998","89.699999999998","9.51903807614862","9.51903807614862","9.51903807614862"
"4035.407686973","2.6104417670704554","2.6104417670704554","2.6104417670704554","11.511511511508122","11.511511511508122","11.511511511508122","99.90009990009771","99.90009990009771","99.90009990009771","6.720160481444891","6.720160481444891","6.720160481444891"
"4045.407339041","5.299999999997453","5.299999999997453","5.299999999997453","6.813627254513889","6.813627254513889","6.813627254513889","92.79279279279464","92.79279279279464","92.79279279279464","10.130391173522492","10.130391173522492","10.130391173522492"
"4055.406817047","10.631895687064926","10.631895687064926","10.631895687064926","4.919678714865911","4.919678714865911","4.919678714865911","87.38738738738607","87.38738738738607","87.38738738738607","11.211211211208088","11.211211211208088","11.211211211208088"
"4065.406968622","6.199999999998909","6.199999999998909","6.199999999998909","10.020040080154837","10.020040080154837","10.020040080154837","97.90209790210194","97.90209790210194","97.90209790210194","14.242728184558587","14.242728184558587","14.242728184558587"
"4075.407762809","10.299999999999727","10.299999999999727","10.299999999999727","3.3033033033114507","3.3033033033114507","3.3033033033114507","92.00799200799037","92.00799200799037","92.00799200799037","9.70970970970792","9.70970970970792","9.70970970970792"
"4085.407010183","5.522088353415461","5.522088353415461","5.522088353415461","6.318956870612769","6.318956870612769","6.318956870612769","62.56256256256278","62.56256256256278","62.56256256256278","41.44144144143346","41.44144144143346","41.44144144143346"
"4095.407586354","10.510510510503456","10.510510510503456","10.510510510503456","23.97602397601518","23.97602397601518","23.97602397601518","12.22444889779412","12.22444889779412","12.22444889779412","82.10000000000036","82.10000000000036","82.10000000000036"
"4105.406889037","2.40963855421695","2.40963855421695","2.40963855421695","8.425275827483691","8.425275827483691","8.425275827483691","87.59999999999764","87.59999999999764","87.59999999999764","17.051153460383446","17.051153460383446","17.051153460383446"
"4115.407312265","2.607823470422241","2.607823470422241","2.607823470422241","13.772455089823119","13.772455089823119","13.772455089823119","1.5015015015024447","1.5015015015024447","1.5015015015024447","100","100","100"
"4125.407506086","11.28871128871316","11.28871128871316","11.28871128871316","8.425275827476106","8.425275827476106","8.425275827476106","77.17717717717922","77.17717717717922","77.17717717717922","33.80000000000712","33.80000000000712","33.80000000000712"
"4135.407224633","4.799999999995634","4.799999999995634","4.799999999995634","3.607214428863048","3.607214428863048","3.607214428863048","80.5805805805796","80.5805805805796","80.5805805805796","25.32663316582486","25.32663316582486","25.32663316582486"
"4145.407364313","2.802802802802591","2.802802802802591","2.802802802802591","4.308617234465208","4.308617234465208","4.308617234465208","35.3353353353349","35.3353353353349","35.3353353353349","73.17317317317422","73.17317317317422","73.17317317317422"
"4155.406500645","9.880239520964551","9.880239520964551","9.880239520964551","17.75325977934194","17.75325977934194","17.75325977934194","87.68768768769067","87.68768768769067","87.68768768769067","14.914914914913055","14.914914914913055","14.914914914913055"
"4165.406719854","4.00400400400045","4.00400400400045","4.00400400400045","6.212424849698577","6.212424849698577","6.212424849698577","44.30000000000343","44.30000000000343","44.30000000000343","62.0620620620616","62.0620620620616","62.0620620620616"
"4175.406590011","4.80480480480054","4.80480480480054","4.80480480480054","5.711422845690474","5.711422845690474","5.711422845690474","64.76476476476418","64.76476476476418","64.76476476476418","40.9819639278544","40.9819639278544","40.9819639278544"
"4185.407976305","4.704704704709204","4.704704704709204","4.704704704709204","19.739478957919246","19.739478957919246","19.739478957919246","35.53553553553358","35.53553553553358","35.53553553553358","70.72927072926845","70.72927072926845","70.72927072926845"
"4195.407448419","2.8056112224358816","2.8056112224358816","2.8056112224358816","9.800000000006111","9.800000000006111","9.800000000006111","32.46492985972027","32.46492985972027","32.46492985972027","71.74348697394957","71.74348697394957","71.74348697394957"
"4205.407672751","4.50901803607881","4.50901803607881","4.50901803607881","15.747241725172206","15.747241725172206","15.747241725172206","67.70000000000142","67.70000000000142","67.70000000000142","26.826826826825773","26.826826826825773","26.826826826825773"
"4215.407534175","4.704704704698681","4.704704704698681","4.704704704698681","13.399999999993579","13.399999999993579","13.399999999993579","62.32464929859679","62.32464929859679","62.32464929859679","45.78313253012472","45.78313253012472","45.78313253012472"
"4225.407367177","5.200000000005598","5.200000000005598","5.200000000005598","6.399999999997035","6.399999999997035","6.399999999997035","58.95895895895897","58.95895895895897","58.95895895895897","47.14714714714399","47.14714714714399","47.14714714714399"
"4235.406925854","3.4034034034049343","3.4034034034049343","3.4034034034049343","5.416248746238213","5.416248746238213","5.416248746238213","67.50250752257072","67.50250752257072","67.50250752257072","38.238238238241784","38.238238238241784","38.238238238241784"
"4245.407687504","2.409638554214667","2.409638554214667","2.409638554214667","2.7000000000063937","2.7000000000063937","2.7000000000063937","49.54954954954881","49.54954954954881","49.54954954954881","59.49999999999904","59.49999999999904","59.49999999999904"
"4255.407551005","9.227683049147936","9.227683049147936","9.227683049147936","10.389610389610745","10.389610389610745","10.389610389610745","87.08708708708835","87.08708708708835","87.08708708708835","21.943887775555165","21.943887775555165","21.943887775555165"
"4265.406752812","4.112337011033816","4.112337011033816","4.112337011033816","6.700000000000728","6.700000000000728","6.700000000000728","98.60139860139536","98.60139860139536","98.60139860139536","6.306306306311514","6.306306306311514","6.306306306311514"
"4275.407401922","10.1507537688466","10.1507537688466","10.1507537688466","58.05805805805586","58.05805805805586","58.05805805805586","40.34034034033867","40.34034034033867","40.34034034033867","5.6112224448872","5.6112224448872","5.6112224448872"
"4285.407573323","11.876247504986587","11.876247504986587","11.876247504986587","8.800000000003365","8.800000000003365","8.800000000003365","91.68336673346805","91.68336673346805","91.68336673346805","19.315895372233143","19.315895372233143","19.315895372233143"
"4295.407469753","3.109327983949232","3.109327983949232","3.109327983949232","8.0160320641297","8.0160320641297","8.0160320641297","65.79999999999927","65.79999999999927","65.79999999999927","38.63863863863621","38.63863863863621","38.63863863863621"
"4305.407291719","2.897102897104742","2.897102897104742","2.897102897104742","5.622489959826119","5.622489959826119","5.622489959826119","49.84984984984656","49.84984984984656","49.84984984984656","57.74225774226146","57.74225774226146","57.74225774226146"
"4315.406799877","12.787212787209965","12.787212787209965","12.787212787209965","9.709709709719808","9.709709709719808","9.709709709719808","89.28928928928937","89.28928928928937","89.28928928928937","16.064257028114575","16.064257028114575","16.064257028114575"
"4325.406536782","2.799999999999727","2.799999999999727","2.799999999999727","8.20820820820775","8.20820820820775","8.20820820820775","60.39999999999963","60.39999999999963","60.39999999999963","45.79999999999927","45.79999999999927","45.79999999999927"
"4335.40689881","3.196803196809306","3.196803196809306","3.196803196809306","4.204204204205024","4.204204204205024","4.204204204205024","49.298597194387106","49.298597194387106","49.298597194387106","58.61723446894409","58.61723446894409","58.61723446894409"
"4345.406942272","13.440320962881886","13.440320962881886","13.440320962881886","7.300000000004066","7.300000000004066","7.300000000004066","48.400000000001455","48.400000000001455","48.400000000001455","61.32264529057364","61.32264529057364","61.32264529057364"
"4355.407045258","7.422266800407269","7.422266800407269","7.422266800407269","6.012024048082422","6.012024048082422","6.012024048082422","24.649298597191276","24.649298597191276","24.649298597191276","75.875875875879","75.875875875879","75.875875875879"
"4365.406843207","4.695304695308841","4.695304695308841","4.695304695308841","10.921843687377969","10.921843687377969","10.921843687377969","64.5000000000014","64.5000000000014","64.5000000000014","36.70000000000073","36.70000000000073","36.70000000000073"
"4375.406887885","5.799999999999272","5.799999999999272","5.799999999999272","8.708708708707807","8.708708708707807","8.708708708707807","78.82117882117845","78.82117882117845","78.82117882117845","35","35","35"
"4385.40654984","8.991008991005977","8.991008991005977","8.991008991005977","16.533066132269212","16.533066132269212","16.533066132269212","60.12024048096363","60.12024048096363","60.12024048096363","31.062124248499167","31.062124248499167","31.062124248499167"
"4395.407348631","6.012024048099553","6.012024048099553","6.012024048099553","14.22845691382119","14.22845691382119","14.22845691382119","56.70000000000073","56.70000000000073","56.70000000000073","34.804413239714876","34.804413239714876","34.804413239714876"
"4405.406687906","2.9970029970047487","2.9970029970047487","2.9970029970047487","11.611611611610408","11.611611611610408","11.611611611610408","83.20000000000164","83.20000000000164","83.20000000000164","20.741482965939355","20.741482965939355","20.741482965939355"
"4415.406940606","9.027081243721295","9.027081243721295","9.027081243721295","25.625625625628995","25.625625625628995","25.625625625628995","43.129388164489015","43.129388164489015","43.129388164489015","38.238238238241784","38.238238238241784","38.238238238241784"
"4425.406935879","4.60921843686562","4.60921843686562","4.60921843686562","13.613613613618497","13.613613613618497","13.613613613618497","60.7784431137677","60.7784431137677","60.7784431137677","34.669338677347476","34.669338677347476","34.669338677347476"
"4435.40699018","11.222444889787047","11.222444889787047","11.222444889787047","6.519558676015741","6.519558676015741","6.519558676015741","50.85255767302396","50.85255767302396","50.85255767302396","37.57515030060284","37.57515030060284","37.57515030060284"
"4445.4072295","17.1342685370737","17.1342685370737","17.1342685370737","29.62962962963292","29.62962962963292","29.62962962963292","51.14885114885338","51.14885114885338","51.14885114885338","26.706827309242083","26.706827309242083","26.706827309242083"
"4455.406742135","3.9156626505969085","3.9156626505969085","3.9156626505969085","51.90000000000037","51.90000000000037","51.90000000000037","28.471528471518486","28.471528471518486","28.471528471518486","29.470529470520603","29.470529470520603","29.470529470520603"
"4465.407580425","8.508508508513838","8.508508508513838","8.508508508513838","6.118355065201269","6.118355065201269","6.118355065201269","92.39999999999782","92.39999999999782","92.39999999999782","8.908908908912382","8.908908908912382","8.908908908912382"
"4475.40711177","9.709709709711586","9.709709709711586","9.709709709711586","18.700000000001182","18.700000000001182","18.700000000001182","90.09009009009206","90.09009009009206","90.09009009009206","10.020040080159847","10.020040080159847","10.020040080159847"
"4485.406584498","8.316633266532701","8.316633266532701","8.316633266532701","8.917835671345543","8.917835671345543","8.917835671345543","91.40859140859033","91.40859140859033","91.40859140859033","6.820461384155202","6.820461384155202","6.820461384155202"
"4495.407175092","4.499999999998181","4.499999999998181","4.499999999998181","7.915831663311408","7.915831663311408","7.915831663311408","95.09509509509262","95.09509509509262","95.09509509509262","6.212424849698577","6.212424849698577","6.212424849698577"
"4505.407571747","2.8056112224447394","2.8056112224447394","2.8056112224447394","5.7286432160775815","5.7286432160775815","5.7286432160775815","49.35064935065336","49.35064935065336","49.35064935065336","60.120240480959076","60.120240480959076","60.120240480959076"
"4515.407462953","13.727454909817896","13.727454909817896","13.727454909817896","5.9880239521014476","5.9880239521014476","5.9880239521014476","58.01603206412588","58.01603206412588","58.01603206412588","36.97394789578573","36.97394789578573","36.97394789578573"
"4525.40770919","2.505010020051353","2.505010020051353","2.505010020051353","11.222444889787047","11.222444889787047","11.222444889787047","15.863453815267938","15.863453815267938","15.863453815267938","86.78678678678942","86.78678678678942","86.78678678678942"
"4535.40699579","4.079601990050492","4.079601990050492","4.079601990050492","11.144578313249683","11.144578313249683","11.144578313249683","60.76076076075918","60.76076076075918","60.76076076075918","54.809619238476905","54.809619238476905","54.809619238476905"
"4545.407033391","6.012024048099553","6.012024048099553","6.012024048099553","17.682317682314178","17.682317682314178","17.682317682314178","21.921921921922944","21.921921921922944","21.921921921922944","68.36836836836913","68.36836836836913","68.36836836836913"
"4555.407386393","13.513513513502748","13.513513513502748","13.513513513502748","3.5070140280595914","3.5070140280595914","3.5070140280595914","77.77777777777474","77.77777777777474","77.77777777777474","20.661985957879388","20.661985957879388","20.661985957879388"
"4565.407411856","8.991008991005977","8.991008991005977","8.991008991005977","17.835671342685878","17.835671342685878","17.835671342685878","88.60000000000127","88.60000000000127","88.60000000000127","12.55020080320482","12.55020080320482","12.55020080320482"
"4575.406799043","4.800000000004292","4.800000000004292","4.800000000004292","6.506506506511518","6.506506506511518","6.506506506511518","94.29999999999836","94.29999999999836","94.29999999999836","10.210210210205698","10.210210210205698","10.210210210205698"
"4585.406635649","14.74423269809817","14.74423269809817","14.74423269809817","13.527054108221714","13.527054108221714","13.527054108221714","52.352352352353684","52.352352352353684","52.352352352353684","34.73473473473488","34.73473473473488","34.73473473473488"
"4595.406774778","8.591408591405134","8.591408591405134","8.591408591405134","10.040160642562029","10.040160642562029","10.040160642562029","43.84384384384645","43.84384384384645","43.84384384384645","69.06906906906976","69.06906906906976","69.06906906906976"
"4605.407184213","9.018036072141038","9.018036072141038","9.018036072141038","6.91382765530071","6.91382765530071","6.91382765530071","82.60000000000218","82.60000000000218","82.60000000000218","14.629258517035074","14.629258517035074","14.629258517035074"
"4615.406684119","3.510531594790193","3.510531594790193","3.510531594790193","10.220440881767418","10.220440881767418","10.220440881767418","29.959919839673926","29.959919839673926","29.959919839673926","73.27327327327197","73.27327327327197","73.27327327327197"
"4625.406489501","9.499999999998181","9.499999999998181","9.499999999998181","7.114228456916133","7.114228456916133","7.114228456916133","89.42115768463175","89.42115768463175","89.42115768463175","19.639278557120985","19.639278557120985","19.639278557120985"
"4635.406601068","5.416248746238213","5.416248746238213","5.416248746238213","11.823647294583498","11.823647294583498","11.823647294583498","40.84084084083562","40.84084084083562","40.84084084083562","61.361361361362555","61.361361361362555","61.361361361362555"
"4645.407196899","6.893106893105642","6.893106893105642","6.893106893105642","10.621242484973447","10.621242484973447","10.621242484973447","89.19999999999716","89.19999999999716","89.19999999999716","7.214428857717641","7.214428857717641","7.214428857717641"
"4655.406668501","10.310310310316153","10.310310310316153","10.310310310316153","10.130391173522492","10.130391173522492","10.130391173522492","92.30000000000018","92.30000000000018","92.30000000000018","2.2044088176288055","2.2044088176288055","2.2044088176288055"
"4665.406888556","10.489510489512078","10.489510489512078","10.489510489512078","19.539078156313934","19.539078156313934","19.539078156313934","52.40480961924073","52.40480961924073","52.40480961924073","47.54262788365667","47.54262788365667","47.54262788365667"
"4675.407655212","2.404809619236395","2.404809619236395","2.404809619236395","8.6172344689433","8.6172344689433","8.6172344689433","47.20000000000255","47.20000000000255","47.20000000000255","58.316633266532705","58.316633266532705","58.316633266532705"
"4685.407475063","2.1978021977978797","2.1978021977978797","2.1978021977978797","11.799999999993815","11.799999999993815","11.799999999993815","5.105105105102849","5.105105105102849","5.105105105102849","96.29629629628855","96.29629629628855","96.29629629628855"
"4695.406735337","8.691308691299906","8.691308691299906","8.691308691299906","5.616850551650225","5.616850551650225","5.616850551650225","63.30000000000382","63.30000000000382","63.30000000000382","43.15684315684034","43.15684315684034","43.15684315684034"
"4705.406792026","4.000000000007367","4.000000000007367","4.000000000007367","17.03406813627903","17.03406813627903","17.03406813627903","51.703406813623495","51.703406813623495","51.703406813623495","36.54618473895564","36.54618473895564","36.54618473895564"
"4715.407329681","7.329317269072565","7.329317269072565","7.329317269072565","14.514514514512827","14.514514514512827","14.514514514512827","86.01398601398668","86.01398601398668","86.01398601398668","6.713426853708437","6.713426853708437","6.713426853708437"
"4725.407626781","34.23423423423858","34.23423423423858","34.23423423423858","3.396603396605085","3.396603396605085","3.396603396605085","20.54108216432682","20.54108216432682","20.54108216432682","63.16316316316507","63.16316316316507","63.16316316316507"
"4735.407131134","54.20841683366825","54.20841683366825","54.20841683366825","1.499999999996362","1.499999999996362","1.499999999996362","4.321608040190693","4.321608040190693","4.321608040190693","47.20000000000255","47.20000000000255","47.20000000000255"
"4745.4078698","6.106106106104669","6.106106106104669","6.106106106104669","3.0090270812454785","3.0090270812454785","3.0090270812454785","78.19999999999906","78.19999999999906","78.19999999999906","27.45490981963579","27.45490981963579","27.45490981963579"
"4755.407295354","13.527054108219438","13.527054108219438","13.527054108219438","10.978043912178801","10.978043912178801","10.978043912178801","21.564694082244507","21.564694082244507","21.564694082244507","84.88488488489148","84.88488488489148","84.88488488489148"
"4765.407573312","3.1031031031003486","3.1031031031003486","3.1031031031003486","8.717434869732726","8.717434869732726","8.717434869732726","96.10389610389328","96.10389610389328","96.10389610389328","5.705705705694332","5.705705705694332","5.705705705694332"
"4775.407266439","8.500000000003638","8.500000000003638","8.500000000003638","42.14214214213959","42.14214214213959","42.14214214213959","53.75375375375384","53.75375375375384","53.75375375375384","10.420841683368154","10.420841683368154","10.420841683368154"
"4785.407559254","20.399999999999636","20.399999999999636","20.399999999999636","24.248496993989765","24.248496993989765","24.248496993989765","70.21063189568527","70.21063189568527","70.21063189568527","13.152610441771037","13.152610441771037","13.152610441771037"
"4795.406969945","3.7111334001929093","3.7111334001929093","3.7111334001929093","12.387612387609936","12.387612387609936","12.387612387609936","30.73073073072849","30.73073073072849","30.73073073072849","70.5705705705675","70.5705705705675","70.5705705705675"
"4805.406514879","2.902902902902602","2.902902902902602","2.902902902902602","8.100000000004002","8.100000000004002","8.100000000004002","16.216216216223106","16.216216216223106","16.216216216223106","88.2000000000051","88.2000000000051","88.2000000000051"
"4815.406968177","5.6112224448849215","5.6112224448849215","5.6112224448849215","21.078921078917347","21.078921078917347","21.078921078917347","79.17917917917944","79.17917917917944","79.17917917917944","25.37612838515907","25.37612838515907","25.37612838515907"
"4825.407737938","15.515515515516261","15.515515515516261","15.515515515516261","9.409409409407886","9.409409409407886","9.409409409407886","82.5174825174829","82.5174825174829","82.5174825174829","6.906906906905327","6.906906906905327","6.906906906905327"
"4835.407450478","2.6026026026068836","2.6026026026068836","2.6026026026068836","6.306306306307537","6.306306306307537","6.306306306307537","53.707414829653835","53.707414829653835","53.707414829653835","53.80761523046218","53.80761523046218","53.80761523046218"
"4845.407270938","3.8076152304621824","3.8076152304621824","3.8076152304621824","30.160320641283324","30.160320641283324","30.160320641283324","59.61923847695469","59.61923847695469","59.61923847695469","25.175526579740765","25.175526579740765","25.175526579740765"
"4855.407325451","8.425275827483691","8.425275827483691","8.425275827483691","19.31931931932317","19.31931931932317","19.31931931932317","93.60639360639443","93.60639360639443","93.60639360639443","5.1204819277130165","5.1204819277130165","5.1204819277130165"
"4865.406497786","7.530120481927684","7.530120481927684","7.530120481927684","6.4064064064098245","6.4064064064098245","6.4064064064098245","92.69999999999982","92.69999999999982","92.69999999999982","6.506506506496179","6.506506506496179","6.506506506496179"
"4875.406985581","2.5999999999955983","2.5999999999955983","2.5999999999955983","7.699999999995271","7.699999999995271","7.699999999995271","97.5","97.5","97.5","6.212424849698577","6.212424849698577","6.212424849698577"
"4885.408121691","4.595404595413527","4.595404595413527","4.595404595413527","6.920762286857022","6.920762286857022","6.920762286857022","61.26126126126048","61.26126126126048","61.26126126126048","53.90000000000328","53.90000000000328","53.90000000000328"
"4895.407543277","33.3333333333265","33.3333333333265","33.3333333333265","1.9000000000049204","1.9000000000049204","1.9000000000049204","31.700000000005275","31.700000000005275","31.700000000005275","38.91675025074679","38.91675025074679","38.91675025074679"
"4905.406921289","6.720160481454013","6.720160481454013","6.720160481454013","8.208208208216107","8.208208208216107","8.208208208216107","45.8458458458465","45.8458458458465","45.8458458458465","55.15515515515352","55.15515515515352","55.15515515515352"
"4915.407424807","9.490509490507467","9.490509490507467","9.490509490507467","19.176706827302077","19.176706827302077","19.176706827302077","83.20000000000164","83.20000000000164","83.20000000000164","17.452357071220128","17.452357071220128","17.452357071220128"
"4925.407585154","2.602602602595977","2.602602602595977","2.602602602595977","9.919839679358338","9.919839679358338","9.919839679358338","61.66166166166155","61.66166166166155","61.66166166166155","41.74174174174338","41.74174174174338","41.74174174174338"
"4935.406745447","4.395604395602573","4.395604395602573","4.395604395602573","34.20000000000073","34.20000000000073","34.20000000000073","20.240480961919992","20.240480961919992","20.240480961919992","56.75675675674962","56.75675675674962","56.75675675674962"
"4945.406889758","5.794205794207213","5.794205794207213","5.794205794207213","35.43543543543225","35.43543543543225","35.43543543543225","57.21442885772154","57.21442885772154","57.21442885772154","33.23323323323712","33.23323323323712","33.23323323323712"
"4955.406815646","8.726178535605502","8.726178535605502","8.726178535605502","3.106212424853562","3.106212424853562","3.106212424853562","95.09999999999764","95.09999999999764","95.09999999999764","7.307307307303762","7.307307307303762","7.307307307303762"
"4965.407732971","3.9920159680626988","3.9920159680626988","3.9920159680626988","4.9098196392761375","4.9098196392761375","4.9098196392761375","68.33667334669346","68.33667334669346","68.33667334669346","38.01404212638346","38.01404212638346","38.01404212638346"
"4975.407420167","17.134268537082814","17.134268537082814","17.134268537082814","39.178356713432656","39.178356713432656","39.178356713432656","26.899999999993895","26.899999999993895","26.899999999993895","44.49999999999818","44.49999999999818","44.49999999999818"
"4985.406811477","3.299999999991314","3.299999999991314","3.299999999991314","11.823647294593814","11.823647294593814","11.823647294593814","99.00000000000091","99.00000000000091","99.00000000000091","1.3039117352089589","1.3039117352089589","1.3039117352089589"
"4995.406874376","8.717434869738765","8.717434869738765","8.717434869738765","10.610610610605745","10.610610610605745","10.610610610605745","66.86686686686669","66.86686686686669","66.86686686686669","28.82882882883055","28.82882882883055","28.82882882883055"
"5005.407204189","7.823470411240069","7.823470411240069","7.823470411240069","11.611611611610408","11.611611611610408","11.611611611610408","55.71142284569679","55.71142284569679","55.71142284569679","55.55555555554948","55.55555555554948","55.55555555554948"
"5015.407300784","4.709418837671273","4.709418837671273","4.709418837671273","6.393606393611797","6.393606393611797","6.393606393611797","43.68737474949763","43.68737474949763","43.68737474949763","60.76076076075918","60.76076076075918","60.76076076075918"
"5025.407440727","5.6224899598342235","5.6224899598342235","5.6224899598342235","9.018036072141038","9.018036072141038","9.018036072141038","73.77377377376975","73.77377377376975","73.77377377376975","26.152304609216298","26.152304609216298","26.152304609216298"
"5035.407265018","5.80000000000784","5.80000000000784","5.80000000000784","3.1093279839469514","3.1093279839469514","3.1093279839469514","38.138138138132796","38.138138138132796","38.138138138132796","66.66666666666666","66.66666666666666","66.66666666666666"
"5045.406909289","35.8999999999979","35.8999999999979","35.8999999999979","8.708708708716117","8.708708708716117","8.708708708716117","48.29999999999927","48.29999999999927","48.29999999999927","20.46138415246374","20.46138415246374","20.46138415246374"
"5055.40758741","8.22467402206307","8.22467402206307","8.22467402206307","2.70000000000412","2.70000000000412","2.70000000000412","87.49999999999886","87.49999999999886","87.49999999999886","17.417417417415614","17.417417417415614","17.417417417415614"
"5065.407688244","5.69430569431402","5.69430569431402","5.69430569431402","1.4999999999874034","1.4999999999874034","1.4999999999874034","96.69999999999648","96.69999999999648","96.69999999999648","9.227683049148778","9.227683049148778","9.227683049148778"
"5075.407561059","7.307307307311536","7.307307307311536","7.307307307311536","18.50000000000591","18.50000000000591","18.50000000000591","93.90609390609731","93.90609390609731","93.90609390609731","10.030090270812181","10.030090270812181","10.030090270812181"
"5085.407490609","7.422266800399502","7.422266800399502","7.422266800399502","15.446339017050395","15.446339017050395","15.446339017050395","84.51548451548304","84.51548451548304","84.51548451548304","6.726907630525076","6.726907630525076","6.726907630525076"
"5095.407130996","15.784215784207062","15.784215784207062","15.784215784207062","9.590409590409745","9.590409590409745","9.590409590409745","72.44488977956497","72.44488977956497","72.44488977956497","17.2690763052218","17.2690763052218","17.2690763052218"
"5105.406892411","14.014014014018505","14.014014014018505","14.014014014018505","35.399999999999636","35.399999999999636","35.399999999999636","39.29999999999284","39.29999999999284","39.29999999999284","40.24024024024549","40.24024024024549","40.24024024024549"
"5115.407624811","2.600000000002183","2.600000000002183","2.600000000002183","7.228915662653133","7.228915662653133","7.228915662653133","73.5264735264732","73.5264735264732","73.5264735264732","32.16432865731575","32.16432865731575","32.16432865731575"
"5125.407623912","2.299999999997908","2.299999999997908","2.299999999997908","7.823470411231661","7.823470411231661","7.823470411231661","5.90590590590294","5.90590590590294","5.90590590590294","98.29999999999927","98.29999999999927","98.29999999999927"
"5135.407501374","4.980079681274918","4.980079681274918","4.980079681274918","8.399999999994634","8.399999999994634","8.399999999994634","84.5845845845846","84.5845845845846","84.5845845845846","33.79999999999507","33.79999999999507","33.79999999999507"
"5145.407302546","2.202202202204599","2.202202202204599","2.202202202204599","34.03403403403714","34.03403403403714","34.03403403403714","6.3000000000010905","6.3000000000010905","6.3000000000010905","71.49999999999636","71.49999999999636","71.49999999999636"
"5155.407508371","4.404404404409599","4.404404404409599","4.404404404409599","6.706706706707581","6.706706706707581","6.706706706707581","19.919919919932752","19.919919919932752","19.919919919932752","84.60000000000036","84.60000000000036","84.60000000000036"
"5165.406743227","4.885343968078235","4.885343968078235","4.885343968078235","15.415415415417662","15.415415415417662","15.415415415417662","100","100","100","7.915831663335027","7.915831663335027","7.915831663335027"
"5175.407130163","13.413413413415162","13.413413413415162","13.413413413415162","28.85771543085497","28.85771543085497","28.85771543085497","56.456456456456415","56.456456456456415","56.456456456456415","16.96787148593211","16.96787148593211","16.96787148593211"
"5185.407652815","2.2000000000025466","2.2000000000025466","2.2000000000025466","5.215646940826713","5.215646940826713","5.215646940826713","6.713426853690824","6.713426853690824","6.713426853690824","100","100","100"
"5195.407680206","6.979062811573737","6.979062811573737","6.979062811573737","10.531594784354613","10.531594784354613","10.531594784354613","84.83033932135675","84.83033932135675","84.83033932135675","28.284854563703092","28.284854563703092","28.284854563703092"
"5205.40723929","2.3046092184326","2.3046092184326","2.3046092184326","8.89110889110369","8.89110889110369","8.89110889110369","4.1123370110448425","4.1123370110448425","4.1123370110448425","100","100","100"
"5215.406796142","2.104208416836402","2.104208416836402","2.104208416836402","2.404809619236395","2.404809619236395","2.404809619236395","87.21278721278772","87.21278721278772","87.21278721278772","23.069207622869843","23.069207622869843","23.069207622869843"
"5225.408448256","9.51903807615003","9.51903807615003","9.51903807615003","26.352705410821486","26.352705410821486","26.352705410821486","59.51903807615828","59.51903807615828","59.51903807615828","28.28485456369001","28.28485456369001","28.28485456369001"
"5235.407294567","3.3033033033026475","3.3033033033026475","3.3033033033026475","14.20000000000073","14.20000000000073","14.20000000000073","99.29999999999836","99.29999999999836","99.29999999999836","2.4024024024091553","2.4024024024091553","2.4024024024091553"
"5245.40730969","6.3000000000010905","6.3000000000010905","6.3000000000010905","3.2999999999992724","3.2999999999992724","3.2999999999992724","96.59659659659506","96.59659659659506","96.59659659659506","6.619859578728342","6.619859578728342","6.619859578728342"
"5255.406668658","2.407221664992954","2.407221664992954","2.407221664992954","11.25628140703657","11.25628140703657","11.25628140703657","30.23023023023071","30.23023023023071","30.23023023023071","72.10000000000036","72.10000000000036","72.10000000000036"
"5265.406983802","10.65737051793352","10.65737051793352","10.65737051793352","18.93787575150539","18.93787575150539","18.93787575150539","85.92814371257693","85.92814371257693","85.92814371257693","13.226452905809285","13.226452905809285","13.226452905809285"
"5275.408239984","4.399999999998272","4.399999999998272","4.399999999998272","6.606606606613797","6.606606606613797","6.606606606613797","76.30000000000109","76.30000000000109","76.30000000000109","25.877632898701457","25.877632898701457","25.877632898701457"
"5285.407449153","2.5948103792347412","2.5948103792347412","2.5948103792347412","4.809619238475069","4.809619238475069","4.809619238475069","60.86086086085692","60.86086086085692","60.86086086085692","48.14814814814638","48.14814814814638","48.14814814814638"
"5295.407689642","8.300000000007612","8.300000000007612","8.300000000007612","17.517517517516307","17.517517517516307","17.517517517516307","62.300000000000175","62.300000000000175","62.300000000000175","41.78356713426198","41.78356713426198","41.78356713426198"
"5305.40690487","6.613226452906922","6.613226452906922","6.613226452906922","7.221664994978862","7.221664994978862","7.221664994978862","60.1601601601591","60.1601601601591","60.1601601601591","42.12637913741845","42.12637913741845","42.12637913741845"
"5315.407139502","8.299999999999272","8.299999999999272","8.299999999999272","8.008008008010004","8.008008008010004","8.008008008010004","94.59459459459534","94.59459459459534","94.59459459459534","4.80480480480054","4.80480480480054","4.80480480480054"
"5325.407311338","9.690309690306089","9.690309690306089","9.690309690306089","7.5150300601198845","7.5150300601198845","7.5150300601198845","68.46846846847143","68.46846846847143","68.46846846847143","42.828485456367176","42.828485456367176","42.828485456367176"
"5335.40748044","3.503503503506903","3.503503503506903","3.503503503506903","3.0030030030048893","3.0030030030048893","3.0030030030048893","31.69999999999618","31.69999999999618","31.69999999999618","77.82217782217576","77.82217782217576","77.82217782217576"
"5345.407459107","4.499999999998181","4.499999999998181","4.499999999998181","8.90890890891157","8.90890890891157","8.90890890891157","94.20000000000073","94.20000000000073","94.20000000000073","5.805805805816055","5.805805805816055","5.805805805816055"
"5355.406976274","4.604604604596385","4.604604604596385","4.604604604596385","48.29999999999927","48.29999999999927","48.29999999999927","11.411411411410386","11.411411411410386","11.411411411410386","55.2552552552558","55.2552552552558","55.2552552552558"
"5365.407299396","55.0449550449583","55.0449550449583","55.0449550449583","1.4999999999964984","1.4999999999964984","1.4999999999964984","1.1011011010978475","1.1011011010978475","1.1011011010978475","46.14614614614388","46.14614614614388","46.14614614614388"
"5375.40699675","3.8076152304618347","3.8076152304618347","3.8076152304618347","22.991967871485492","22.991967871485492","22.991967871485492","33.26653306613841","33.26653306613841","33.26653306613841","46.25374625374861","46.25374625374861","46.25374625374861"
"5385.407168325","18.54436689930157","18.54436689930157","18.54436689930157","17.91791791792542","17.91791791792542","17.91791791792542","81.70000000000073","81.70000000000073","81.70000000000073","11.44578313252528","11.44578313252528","11.44578313252528"
"5395.406900693","4.9950049950135185","4.9950049950135185","4.9950049950135185","4.509018036061406","4.509018036061406","4.509018036061406","95.89589589589727","95.89589589589727","95.89589589589727","7.800000000008113","7.800000000008113","7.800000000008113"
"5405.407248811","4.9049049049028275","4.9049049049028275","4.9049049049028275","8.826479438309777","8.826479438309777","8.826479438309777","88.29999999999927","88.29999999999927","88.29999999999927","12.82565130260322","12.82565130260322","12.82565130260322"
"5415.407362736","15.139442231072413","15.139442231072413","15.139442231072413","11.611611611618455","11.611611611618455","11.611611611618455","90.1098901098925","90.1098901098925","90.1098901098925","15.015015015008515","15.015015015008515","15.015015015008515"
"5425.406669126","2.497502497511302","2.497502497511302","2.497502497511302","9.63855421686069","9.63855421686069","9.63855421686069","31.96392785570261","31.96392785570261","31.96392785570261","71.4714714714763","71.4714714714763","71.4714714714763"
"5435.407114751","20.15968063871381","20.15968063871381","20.15968063871381","29.72972972973022","29.72972972973022","29.72972972973022","11.511511511508122","11.511511511508122","11.511511511508122","54.15415415414895","54.15415415414895","54.15415415414895"
"5445.406978189","23.02302302302325","23.02302302302325","23.02302302302325","32.96703296703634","32.96703296703634","32.96703296703634","53.4000000000057","53.4000000000057","53.4000000000057","3.9117352056200345","3.9117352056200345","3.9117352056200345"
"5455.407144867","14.58541458541463","14.58541458541463","14.58541458541463","30.761523046090616","30.761523046090616","30.761523046090616","73.29999999999684","73.29999999999684","73.29999999999684","7.607607607612235","7.607607607612235","7.607607607612235"
"5465.407039205","8.29170829171647","8.29170829171647","8.29170829171647","3.406813627255806","3.406813627255806","3.406813627255806","92.89289289289302","92.89289289289302","92.89289289289302","10.452261306524303","10.452261306524303","10.452261306524303"
"5475.407361241","5.194805194794014","5.194805194794014","5.194805194794014","11.011011011014894","11.011011011014894","11.011011011014894","49.64964964965113","49.64964964965113","49.64964964965113","48.648648648646436","48.648648648646436","48.648648648646436"
"5485.407268616","10.721442885769097","10.721442885769097","10.721442885769097","14.314314314308435","14.314314314308435","14.314314314308435","75.02497502498011","75.02497502498011","75.02497502498011","23.600000000003675","23.600000000003675","23.600000000003675"
"5495.406783272","2.0020020020013627","2.0020020020013627","2.0020020020013627","5.5110220440902395","5.5110220440902395","5.5110220440902395","52.9529529529492","52.9529529529492","52.9529529529492","48.35164835165102","48.35164835165102","48.35164835165102"
"5505.407107092","2.1956087824375756","2.1956087824375756","2.1956087824375756","3.2064128256505127","3.2064128256505127","3.2064128256505127","33.066132264527766","33.066132264527766","33.066132264527766","74.82447342025694","74.82447342025694","74.82447342025694"
"5515.407089489","7.600000000010587","7.600000000010587","7.600000000010587","12.800000000005385","12.800000000005385","12.800000000005385","61.22244488977542","61.22244488977542","61.22244488977542","46.6000000000034","46.6000000000034","46.6000000000034"
"5525.406765998","8.18363273452842","8.18363273452842","8.18363273452842","4.899999999991442","4.899999999991442","4.899999999991442","94.10589410589331","94.10589410589331","94.10589410589331","7.522567703111416","7.522567703111416","7.522567703111416"
"5535.408002018","2.1999999999934516","2.1999999999934516","2.1999999999934516","3.203203203211449","3.203203203211449","3.203203203211449","39.278557114226345","39.278557114226345","39.278557114226345","65.13026052104493","65.13026052104493","65.13026052104493"
"5545.406644628","12.163509471589256","12.163509471589256","12.163509471589256","33.93393393393194","33.93393393393194","33.93393393393194","51.54845154845792","51.54845154845792","51.54845154845792","21.643286573143808","21.643286573143808","21.643286573143808"
"5555.406536651","8.308308308307762","8.308308308307762","8.308308308307762","13.413413413406058","13.413413413406058","13.413413413406058","1.2024048096046374","1.2024048096046374","1.2024048096046374","93.60000000000524","93.60000000000524","93.60000000000524"
"5565.407146396","10.41041041041255","10.41041041041255","10.41041041041255","13.326653306620978","13.326653306620978","13.326653306620978","18.273092369482384","18.273092369482384","18.273092369482384","71.49999999999895","71.49999999999895","71.49999999999895"
"5575.407471346","7.307307307303097","7.307307307303097","7.307307307303097","14.629258517025958","14.629258517025958","14.629258517025958","71.67167167167177","71.67167167167177","71.67167167167177","37.47494989980475","37.47494989980475","37.47494989980475"
"5585.407114205","2.5974025973981427","2.5974025973981427","2.5974025973981427","5.522088353417744","5.522088353417744","5.522088353417744","43.74374374374361","43.74374374374361","43.74374374374361","63.56356356355949","63.56356356355949","63.56356356355949"
"5595.406497536","2.3046092184326","2.3046092184326","2.3046092184326","7.707707707711545","7.707707707711545","7.707707707711545","82.88288288288214","82.88288288288214","82.88288288288214","21.52152152152031","21.52152152152031","21.52152152152031"
"5605.40665294","8.900000000011559","8.900000000011559","8.900000000011559","9.236947791173643","9.236947791173643","9.236947791173643","45.33600802407543","45.33600802407543","45.33600802407543","67.36736736736447","67.36736736736447","67.36736736736447"
"5615.407828658","15.668662674649381","15.668662674649381","15.668662674649381","4.704704704698681","4.704704704698681","4.704704704698681","63.79999999999655","63.79999999999655","63.79999999999655","30.591775325978976","30.591775325978976","30.591775325978976"
"5625.407673537","11.022044088179475","11.022044088179475","11.022044088179475","8.599999999999","8.599999999999","8.599999999999","45.090180360718854","45.090180360718854","45.090180360718854","50.75075075074674","50.75075075074674","50.75075075074674"
"5635.406800719","3.19680319680051","3.19680319680051","3.19680319680051","10.621242484973447","10.621242484973447","10.621242484973447","68.73747494989952","68.73747494989952","68.73747494989952","36.93693693693948","36.93693693693948","36.93693693693948"
"5645.406738776","10.56829511465349","10.56829511465349","10.56829511465349","53.0530530530512","53.0530530530512","53.0530530530512","37.10000000000491","37.10000000000491","37.10000000000491","25.250501002000377","25.250501002000377","25.250501002000377"
"5655.407025193","2.400000000006694","2.400000000006694","2.400000000006694","4.80961923847279","4.80961923847279","4.80961923847279","99.09909909909771","99.09909909909771","99.09909909909771","6.318956870621315","6.318956870621315","6.318956870621315"
"5665.406859643","6.506506506494496","6.506506506494496","6.506506506494496","9.519038076150899","9.519038076150899","9.519038076150899","71.40000000000133","71.40000000000133","71.40000000000133","27.500000000000004","27.500000000000004","27.500000000000004"
"5675.407388812","8.982035928151037","8.982035928151037","8.982035928151037","10.199999999997544","10.199999999997544","10.199999999997544","91.99999999999746","91.99999999999746","91.99999999999746","18.41841841841345","18.41841841841345","18.41841841841345"
"5685.407185005","2.0999999999937335","2.0999999999937335","2.0999999999937335","9.719438877758488","9.719438877758488","9.719438877758488","59.20000000000444","59.20000000000444","59.20000000000444","43.587174348702945","43.587174348702945","43.587174348702945"
"5695.406966719","4.50901803607881","4.50901803607881","4.50901803607881","13.88611388610903","13.88611388610903","13.88611388610903","8.032128514049623","8.032128514049623","8.032128514049623","89.01098901098462","89.01098901098462","89.01098901098462"
"5705.407479135","27.899999999999636","27.899999999999636","27.899999999999636","42.2845691382771","42.2845691382771","42.2845691382771","48.10000000000417","48.10000000000417","48.10000000000417","6.13065326633706","6.13065326633706","6.13065326633706"
"5715.407365501","13.61361361361291","13.61361361361291","13.61361361361291","1.3013013013023038","1.3013013013023038","1.3013013013023038","79.6999999999943","79.6999999999943","79.6999999999943","9.009009009005563","9.009009009005563","9.009009009005563"
"5725.406898117","4.195804195807103","4.195804195807103","4.195804195807103","4.312938816443428","4.312938816443428","4.312938816443428","34.434434434441705","34.434434434441705","34.434434434441705","71.9438877755506","71.9438877755506","71.9438877755506"
"5735.406877989","14.399999999997307","14.399999999997307","14.399999999997307","9.819639278561388","9.819639278561388","9.819639278561388","68.93787575150083","68.93787575150083","68.93787575150083","35.341365461851645","35.341365461851645","35.341365461851645"
"5745.407127068","4.499999999998181","4.499999999998181","4.499999999998181","12.712712712709415","12.712712712709415","12.712712712709415","30.50000000000182","30.50000000000182","30.50000000000182","68.69999999999891","68.69999999999891","68.69999999999891"
"5755.407517707","2.9970029970058842","2.9970029970058842","2.9970029970058842","3.7037037037046314","3.7037037037046314","3.7037037037046314","99.40000000000055","99.40000000000055","99.40000000000055","7.507507507509947","7.507507507509947","7.507507507509947"
"5765.407472507","10.610610610605745","10.610610610605745","10.610610610605745","21.16349047141235","21.16349047141235","21.16349047141235","14.028056112221417","14.028056112221417","14.028056112221417","86.0860860860825","86.0860860860825","86.0860860860825"
"5775.407751056","4.9950049950135185","4.9950049950135185","4.9950049950135185","5.4108216432950655","5.4108216432950655","5.4108216432950655","94.39439439439482","94.39439439439482","94.39439439439482","8.808808808810094","8.808808808810094","8.808808808810094"
"5785.408270906","1.799999999993979","1.799999999993979","1.799999999993979","1.8018018017956505","1.8018018017956505","1.8018018017956505","37.437437437441766","37.437437437441766","37.437437437441766","65.36536536536512","65.36536536536512","65.36536536536512"
"5795.406817918","5.694305694302662","5.694305694302662","5.694305694302662","11.233701103316646","11.233701103316646","11.233701103316646","67.567567567572","67.567567567572","67.567567567572","39.078156312624316","39.078156312624316","39.078156312624316"
"5805.407346504","6.872509960158289","6.872509960158289","6.872509960158289","2.5000000000022737","2.5000000000022737","2.5000000000022737","95.10489510489285","95.10489510489285","95.10489510489285","9.63855421687605","9.63855421687605","9.63855421687605"
"5815.40756142","8.808808808809292","8.808808808809292","8.808808808809292","7.014028056111848","7.014028056111848","7.014028056111848","65.86586586586347","65.86586586586347","65.86586586586347","34.965034965037376","34.965034965037376","34.965034965037376"
"5825.407528805","11.71171171171497","11.71171171171497","11.71171171171497","97.10000000000036","97.10000000000036","97.10000000000036","10.821643286576462","10.821643286576462","10.821643286576462","4.819277108420643","4.819277108420643","4.819277108420643"
"5835.407741384","6.206206206204684","6.206206206204684","6.206206206204684","58.7587587587536","58.7587587587536","58.7587587587536","51.64835164834686","51.64835164834686","51.64835164834686","2.8084252758248565","2.8084252758248565","2.8084252758248565"
"5845.40690195","6.89310689310337","6.89310689310337","6.89310689310337","29.729729729732927","29.729729729732927","29.729729729732927","63.56356356356736","63.56356356356736","63.56356356356736","14.929859719437344","14.929859719437344","14.929859719437344"
"5855.406988063","8.600000000007313","8.600000000007313","8.600000000007313","13.841524573714045","13.841524573714045","13.841524573714045","30.290872617850805","30.290872617850805","30.290872617850805","64.9649649649642","64.9649649649642","64.9649649649642"
"5865.407541694","6.779661016952226","6.779661016952226","6.779661016952226","21.200000000006074","21.200000000006074","21.200000000006074","39.33933933934408","39.33933933934408","39.33933933934408","62.46246246246506","62.46246246246506","62.46246246246506"
"5875.408076696","3.300000000001546","3.300000000001546","3.300000000001546","27.34530938123664","27.34530938123664","27.34530938123664","6.813627254498562","6.813627254498562","6.813627254498562","79.37937937938403","79.37937937938403","79.37937937938403"
"5885.406918772","1.999999999998181","1.999999999998181","1.999999999998181","3.2999999999992724","3.2999999999992724","3.2999999999992724","54.95495495495397","54.95495495495397","54.95495495495397","50.25025025024661","50.25025025024661","50.25025025024661"
"5895.407041452","11.98801198800991","11.98801198800991","11.98801198800991","2.2999999999958436","2.2999999999958436","2.2999999999958436","37.575150300608534","37.575150300608534","37.575150300608534","68.56856856856747","68.56856856856747","68.56856856856747"
"5905.406826568","2.3023023022913645","2.3023023022913645","2.3023023022913645","1.7051153460388004","1.7051153460388004","1.7051153460388004","47.4474474474463","47.4474474474463","47.4474474474463","63.636363636366944","63.636363636366944","63.636363636366944"
"5915.406969148","3.3066132264523214","3.3066132264523214","3.3066132264523214","5.505505505500619","5.505505505500619","5.505505505500619","13.640922768305844","13.640922768305844","13.640922768305844","88.99999999999736","88.99999999999736","88.99999999999736"
"5925.407121752","2.5948103792458515","2.5948103792458515","2.5948103792458515","12.248995983938254","12.248995983938254","12.248995983938254","80.69999999999989","80.69999999999989","80.69999999999989","22.289156626501402","22.289156626501402","22.289156626501402"
"5935.406502866","3.803803803813391","3.803803803813391","3.803803803813391","7.592407592401211","7.592407592401211","7.592407592401211","27.05410821643432","27.05410821643432","27.05410821643432","77.60000000000218","77.60000000000218","77.60000000000218"
"5945.407011792","2.8056112224447394","2.8056112224447394","2.8056112224447394","7.307307307313812","7.307307307313812","7.307307307313812","98.60000000000127","98.60000000000127","98.60000000000127","3.7037037037069074","3.7037037037069074","3.7037037037069074"
"5955.407188231","7.792207792205079","7.792207792205079","7.792207792205079","14.74423269809646","14.74423269809646","14.74423269809646","16.248746238711558","16.248746238711558","16.248746238711558","92.7000000000037","92.7000000000037","92.7000000000037"
"5965.407434567","4.012036108330346","4.012036108330346","4.012036108330346","4.199999999992015","4.199999999992015","4.199999999992015","98.60000000000127","98.60000000000127","98.60000000000127","6.934673366830276","6.934673366830276","6.934673366830276"
"5975.406746717","5.594405594400893","5.594405594400893","5.594405594400893","9.900000000008285","9.900000000008285","9.900000000008285","52.35235235234913","52.35235235234913","52.35235235234913","48.44844844845097","48.44844844845097","48.44844844845097"
"5985.406990287","3.692614770458167","3.692614770458167","3.692614770458167","5.0150451354060905","5.0150451354060905","5.0150451354060905","51.551551551557864","51.551551551557864","51.551551551557864","67.10000000000036","67.10000000000036","67.10000000000036"
"5995.407102474","4.400000000006966","4.400000000006966","4.400000000006966","6.10610610611151","6.10610610611151","6.10610610611151","64.80000000000018","64.80000000000018","64.80000000000018","38.65461847389556","38.65461847389556","38.65461847389556"
"6005.407504597","6.913827655306914","6.913827655306914","6.913827655306914","64.99999999999682","64.99999999999682","64.99999999999682","35.600000000004","35.600000000004","35.600000000004","5.917753259780646","5.917753259780646","5.917753259780646"
"6015.40773248","13.413413413413942","13.413413413413942","13.413413413413942","12.587412587414493","12.587412587414493","12.587412587414493","28.499999999999094","28.499999999999094","28.499999999999094","72.87287287287192","72.87287287287192","72.87287287287192"
"6025.406959318","2.90000000000191","2.90000000000191","2.90000000000191","10.610610610613882","10.610610610613882","10.610610610613882","63.28986960882431","63.28986960882431","63.28986960882431","39.73973973974316","39.73973973974316","39.73973973974316"
"6035.407361971","2.8971028971024704","2.8971028971024704","2.8971028971024704","1.6032064128265417","1.6032064128265417","1.6032064128265417","40.040040040040914","40.040040040040914","40.040040040040914","71.12887112886848","71.12887112886848","71.12887112886848"
"6045.406724146","2.3069207622915453","2.3069207622915453","2.3069207622915453","5.416248746238213","5.416248746238213","5.416248746238213","91.09109109109298","91.09109109109298","91.09109109109298","13.640922768305844","13.640922768305844","13.640922768305844"
"6055.407539526","11.888111888102976","11.888111888102976","11.888111888102976","14.714714714709821","14.714714714709821","14.714714714709821","15.230460921827332","15.230460921827332","15.230460921827332","89.81018981019476","89.81018981019476","89.81018981019476"
"6065.407207118","2.5025025024934533","2.5025025024934533","2.5025025024934533","8.008008008003175","8.008008008003175","8.008008008003175","100","100","100","2.605210420843747","2.605210420843747","2.605210420843747"
"6075.406729591","3.6036036036179566","3.6036036036179566","3.6036036036179566","3.707414829658387","3.707414829658387","3.707414829658387","44.38877755510545","44.38877755510545","44.38877755510545","61.561561561559266","61.561561561559266","61.561561561559266"
"6085.406936524","11.711711711704659","11.711711711704659","11.711711711704659","8.108108108122195","8.108108108122195","8.108108108122195","27.67232767233143","27.67232767233143","27.67232767233143","81.01898101898162","81.01898101898162","81.01898101898162"
"6095.407416076","2.400000000000091","2.400000000000091","2.400000000000091","10.642570281119346","10.642570281119346","10.642570281119346","15.931863727463275","15.931863727463275","15.931863727463275","86.08608608608377","86.08608608608377","86.08608608608377"
"6105.406978849","2.3976023976092504","2.3976023976092504","2.3976023976092504","19.719719719715393","19.719719719715393","19.719719719715393","73.1462925851708","73.1462925851708","73.1462925851708","20.89999999999426","20.89999999999426","20.89999999999426"
"6115.407285355","8.32497492477338","8.32497492477338","8.32497492477338","7.392607392613465","7.392607392613465","7.392607392613465","37.69999999999982","37.69999999999982","37.69999999999982","76.32898696087742","76.32898696087742","76.32898696087742"
"6125.406757862","4.395604395600702","4.395604395600702","4.395604395600702","10.500000000004093","10.500000000004093","10.500000000004093","51.80360721443169","51.80360721443169","51.80360721443169","48.200000000006185","48.200000000006185","48.200000000006185"
"6135.407291039","2.900000000001646","2.900000000001646","2.900000000001646","4.513540621854947","4.513540621854947","4.513540621854947","47.24172517552574","47.24172517552574","47.24172517552574","58.29999999999927","58.29999999999927","58.29999999999927"
"6145.407216117","4.278606965176948","4.278606965176948","4.278606965176948","9.628886659989181","9.628886659989181","9.628886659989181","33.3667334669346","33.3667334669346","33.3667334669346","83.59999999999673","83.59999999999673","83.59999999999673"
"6155.407645077","2.7972027972004465","2.7972027972004465","2.7972027972004465","5.817452357072616","5.817452357072616","5.817452357072616","6.0120240480909874","6.0120240480909874","6.0120240480909874","100","100","100"
"6165.407348855","10.020040080159847","10.020040080159847","10.020040080159847","33.63363363363109","33.63363363363109","33.63363363363109","36.63663663663143","36.63663663663143","36.63663663663143","34.43443443443715","34.43443443443715","34.43443443443715"
"6175.407736063","12.299999999996752","12.299999999996752","12.299999999996752","15.531062124241885","15.531062124241885","15.531062124241885","63.66366366366963","63.66366366366963","63.66366366366963","36.77354709419071","36.77354709419071","36.77354709419071"
"6185.407837563","3.6144578313308022","3.6144578313308022","3.6144578313308022","8.316633266541055","8.316633266541055","8.316633266541055","26.726726726723488","26.726726726723488","26.726726726723488","77.00000000000027","77.00000000000027","77.00000000000027"
"6195.407226082","11.000000000003638","11.000000000003638","11.000000000003638","3.0030030030068917","3.0030030030068917","3.0030030030068917","77.199999999998","77.199999999998","77.199999999998","22.244488977950326","22.244488977950326","22.244488977950326"
"6205.406884835","22.97702297701957","22.97702297701957","22.97702297701957","22.768304914740984","22.768304914740984","22.768304914740984","22.00000000000273","22.00000000000273","22.00000000000273","63.436563436562366","63.436563436562366","63.436563436562366"
"6215.406953089","5.32128514055331","5.32128514055331","5.32128514055331","6.0999999999989996","6.0999999999989996","6.0999999999989996","25.57673019057289","25.57673019057289","25.57673019057289","75.95190380761782","75.95190380761782","75.95190380761782"
"6225.407400912","8.408408408410422","8.408408408410422","8.408408408410422","47.54754754754858","47.54754754754858","47.54754754754858","49.400000000000546","49.400000000000546","49.400000000000546","9.700000000006211","9.700000000006211","9.700000000006211"
"6235.408294785","11.044176706830921","11.044176706830921","11.044176706830921","39.27855711422179","39.27855711422179","39.27855711422179","52.20000000000255","52.20000000000255","52.20000000000255","21.142284569143108","21.142284569143108","21.142284569143108"
"6245.407295129","11.499999999998636","11.499999999998636","11.499999999998636","12.700000000005485","12.700000000005485","12.700000000005485","79.80000000000018","79.80000000000018","79.80000000000018","15.461847389550092","15.461847389550092","15.461847389550092"
"6255.407255766","11.67664670659506","11.67664670659506","11.67664670659506","2.902902902902602","2.902902902902602","2.902902902902602","90.59999999999945","90.59999999999945","90.59999999999945","7.915831663335027","7.915831663335027","7.915831663335027"
"6265.407497516","33.13313313313178","33.13313313313178","33.13313313313178","4.7094188376776795","4.7094188376776795","4.7094188376776795","68.8376753507016","68.8376753507016","68.8376753507016","6.325301204819772","6.325301204819772","6.325301204819772"
"6275.406833228","9.190809190811988","9.190809190811988","9.190809190811988","7.723169508529757","7.723169508529757","7.723169508529757","92.20779220779421","92.20779220779421","92.20779220779421","19.739478957919246","19.739478957919246","19.739478957919246"
"6285.407470819","4.685942173473152","4.685942173473152","4.685942173473152","2.899999999990805","2.899999999990805","2.899999999990805","98.09999999999928","98.09999999999928","98.09999999999928","9.447236180900672","9.447236180900672","9.447236180900672"
"6295.407369301","4.600000000000364","4.600000000000364","4.600000000000364","4.804804804811483","4.804804804811483","4.804804804811483","95.79999999999927","95.79999999999927","95.79999999999927","8.116232464925112","8.116232464925112","8.116232464925112"
"6305.407235923","5.5776892430251","5.5776892430251","5.5776892430251","15.215215215219919","15.215215215219919","15.215215215219919","80","80","80","29.759519038081848","29.759519038081848","29.759519038081848"
"6315.407532407","2.3000000000047294","2.3000000000047294","2.3000000000047294","10.089910089905237","10.089910089905237","10.089910089905237","2.8028028028180128","2.8028028028180128","2.8028028028180128","100","100","100"
"6325.407121427","8.0080080080009","8.0080080080009","8.0080080080009","18.73747494989953","18.73747494989953","18.73747494989953","69.0380761523018","69.0380761523018","69.0380761523018","20.04008016032152","20.04008016032152","20.04008016032152"
"6335.407307983","13.000000000004091","13.000000000004091","13.000000000004091","11.322645290581718","11.322645290581718","11.322645290581718","10.799999999999272","10.799999999999272","10.799999999999272","95.89999999999273","95.89999999999273","95.89999999999273"
"6345.407186577","5.199999999995271","5.199999999995271","5.199999999995271","8.926780341020098","8.926780341020098","8.926780341020098","66.60000000000007","66.60000000000007","66.60000000000007","34.869739478961","34.869739478961","34.869739478961"
"6355.407138044","7.507507507507672","7.507507507507672","7.507507507507672","4.304304304307312","4.304304304307312","4.304304304307312","44.944944944939195","44.944944944939195","44.944944944939195","58.458458458461195","58.458458458461195","58.458458458461195"
"6365.406678926","13.500000000003636","13.500000000003636","13.500000000003636","10.932798395179894","10.932798395179894","10.932798395179894","52.20440881763771","52.20440881763771","52.20440881763771","51.55155155154903","51.55155155154903","51.55155155154903"
"6375.407203426","8.917835671345543","8.917835671345543","8.917835671345543","47.047047047046256","47.047047047046256","47.047047047046256","49.70000000000712","49.70000000000712","49.70000000000712","8.008008008010004","8.008008008010004","8.008008008010004"
"6385.407653306","2.0080321285122227","2.0080321285122227","2.0080321285122227","29.029029029035126","29.029029029035126","29.029029029035126","77.57757757757928","77.57757757757928","77.57757757757928","5.3053053053028725","5.3053053053028725","5.3053053053028725"
"6395.40727124","17.28271728272163","17.28271728272163","17.28271728272163","16.416416416420834","16.416416416420834","16.416416416420834","80.68068068067734","80.68068068067734","80.68068068067734","17.352056168508234","17.352056168508234","17.352056168508234"
"6405.407121083","4.299999999994206","4.299999999994206","4.299999999994206","1.003009027084867","1.003009027084867","1.003009027084867","17.417417417415614","17.417417417415614","17.417417417415614","91.00899100899402","91.00899100899402","91.00899100899402"
"6415.407478697","7.485029940119434","7.485029940119434","7.485029940119434","8.991008990996892","8.991008990996892","8.991008990996892","70.92907092907038","70.92907092907038","70.92907092907038","28.815261044175504","28.815261044175504","28.815261044175504"
"6425.406730675","7.185628742519468","7.185628742519468","7.185628742519468","9.418837675357636","9.418837675357636","9.418837675357636","87.98798798798954","87.98798798798954","87.98798798798954","22.945891783567774","22.945891783567774","22.945891783567774"
"6435.406825537","4.00400400400045","4.00400400400045","4.00400400400045","8.608608608607796","8.608608608607796","8.608608608607796","98.79999999999666","98.79999999999666","98.79999999999666","4.099999999981101","4.099999999981101","4.099999999981101"
"6445.406638184","2.2000000000025466","2.2000000000025466","2.2000000000025466","69.23847695390027","69.23847695390027","69.23847695390027","9.619238476958374","9.619238476958374","9.619238476958374","32.497492477435436","32.497492477435436","32.497492477435436"
"6455.407248728","3.9000000000029194","3.9000000000029194","3.9000000000029194","7.6076076076099595","7.6076076076099595","7.6076076076099595","15.13026052103582","15.13026052103582","15.13026052103582","85.01498501498534","85.01498501498534","85.01498501498534"
"6465.407414209","5.594405594400893","5.594405594400893","5.594405594400893","11.100000000004812","11.100000000004812","11.100000000004812","86.21378621378997","86.21378621378997","86.21378621378997","15.230460921839613","15.230460921839613","15.230460921839613"
"6475.407387083","2.794411177653393","2.794411177653393","2.794411177653393","24.14829659318597","24.14829659318597","24.14829659318597","60.26026026025685","60.26026026025685","60.26026026025685","27.181544633903854","27.181544633903854","27.181544633903854"
"6485.406843326","2.1978021977958075","2.1978021977958075","2.1978021977958075","6.913827655309192","6.913827655309192","6.913827655309192","20.140280561120754","20.140280561120754","20.140280561120754","83.98398398398145","83.98398398398145","83.98398398398145"
"6495.407232694","16.566866267470466","16.566866267470466","16.566866267470466","18.273092369474924","18.273092369474924","18.273092369474924","87.69999999999982","87.69999999999982","87.69999999999982","8.300000000007612","8.300000000007612","8.300000000007612"
"6505.40715509","8.799999999992798","8.799999999992798","8.799999999992798","25.325325325330127","25.325325325330127","25.325325325330127","67.93587174348869","67.93587174348869","67.93587174348869","12.012012012010453","12.012012012010453","12.012012012010453"
"6515.407357982","2.9029029028960385","2.9029029028960385","2.9029029028960385","62.974051896208834","62.974051896208834","62.974051896208834","40.818363273446565","40.818363273446565","40.818363273446565","9.609609609610184","9.609609609610184","9.609609609610184"
"6525.408031411","16.616616616623116","16.616616616623116","16.616616616623116","88.5885885885861","88.5885885885861","88.5885885885861","19.480519480524556","19.480519480524556","19.480519480524556","3.9117352056242387","3.9117352056242387","3.9117352056242387"
"6535.407029928","6.0120240480909874","6.0120240480909874","6.0120240480909874","44.34434434434316","44.34434434434316","44.34434434434316","58.9178356713418","58.9178356713418","58.9178356713418","5.905905905907492","5.905905905907492","5.905905905907492"
"6545.407503355","2.202202202204599","2.202202202204599","2.202202202204599","3.807615230453069","3.807615230453069","3.807615230453069","90.59059059058984","90.59059059058984","90.59059059058984","12.224448897789564","12.224448897789564","12.224448897789564"
"6555.407873133","9.218436873740355","9.218436873740355","9.218436873740355","34.63463463463576","34.63463463463576","34.63463463463576","41.64164164164641","41.64164164164641","41.64164164164641","32.064128256506415","32.064128256506415","32.064128256506415"
"6565.406595623","1.7000000000117872","1.7000000000117872","1.7000000000117872","11.911911911916185","11.911911911916185","11.911911911916185","89.19999999999975","89.19999999999975","89.19999999999975","1.2012012012091295","1.2012012012091295","1.2012012012091295"
"6575.407436755","8.61723446893497","8.61723446893497","8.61723446893497","6.613226452904643","6.613226452904643","6.613226452904643","90.10000000000218","90.10000000000218","90.10000000000218","10.341365461844795","10.341365461844795","10.341365461844795"
"6585.407509114","17.330677290836807","17.330677290836807","17.330677290836807","8.316633266531943","8.316633266531943","8.316633266531943","86.19999999999891","86.19999999999891","86.19999999999891","16.449348044135263","16.449348044135263","16.449348044135263"
"6595.406780555","3.3033033033026475","3.3033033033026475","3.3033033033026475","9.118236472955394","9.118236472955394","9.118236472955394","67.83567134268654","67.83567134268654","67.83567134268654","34.83483483483716","34.83483483483716","34.83483483483716"
"6605.407396499","3.8038038038061175","3.8038038038061175","3.8038038038061175","11.488511488507603","11.488511488507603","11.488511488507603","65.99999999999909","65.99999999999909","65.99999999999909","33.80000000000109","33.80000000000109","33.80000000000109"
"6615.407441521","7.860696517412431","7.860696517412431","7.860696517412431","21.021021021017933","21.021021021017933","21.021021021017933","41.400000000003274","41.400000000003274","41.400000000003274","61.099999999996726","61.099999999996726","61.099999999996726"
"6625.407250841","3.8038038038046333","3.8038038038046333","3.8038038038046333","44.85514485513896","44.85514485513896","44.85514485513896","10.230692076236432","10.230692076236432","10.230692076236432","54.15415415415388","54.15415415415388","54.15415415415388"
"6635.407138333","3.2901296111681257","3.2901296111681257","3.2901296111681257","10.310310310316153","10.310310310316153","10.310310310316153","85.01498501497944","85.01498501497944","85.01498501497944","18.254764292876917","18.254764292876917","18.254764292876917"
"6645.406529295","10.030090270803974","10.030090270803974","10.030090270803974","2.404809619245289","2.404809619245289","2.404809619245289","5.010020040089036","5.010020040089036","5.010020040089036","100","100","100"
"6655.407193917","8.791208791209689","8.791208791209689","8.791208791209689","4.408817635258012","4.408817635258012","4.408817635258012","82.71728271728432","82.71728271728432","82.71728271728432","27.75551102204715","27.75551102204715","27.75551102204715"
"6665.407535228","2.50501002004019","2.50501002004019","2.50501002004019","5.5055055055092215","5.5055055055092215","5.5055055055092215","14.414414414418516","14.414414414418516","14.414414414418516","90.40000000000418","90.40000000000418","90.40000000000418"
"6675.407459291","4.408817635275435","4.408817635275435","4.408817635275435","17.41741741742313","17.41741741742313","17.41741741742313","62.39999999999781","62.39999999999781","62.39999999999781","31.4257028112397","31.4257028112397","31.4257028112397"
"6685.40698284","28.59999999999673","28.59999999999673","28.59999999999673","28.95791583166104","28.95791583166104","28.95791583166104","43.32998996991483","43.32998996991483","43.32998996991483","27.95591182365217","27.95591182365217","27.95591182365217"
"6695.407661409","4.200000000000728","4.200000000000728","4.200000000000728","5.105105105098763","5.105105105098763","5.105105105098763","73.69999999999891","73.69999999999891","73.69999999999891","33.833833833829644","33.833833833829644","33.833833833829644"
"6705.406922456","3.9078156312568635","3.9078156312568635","3.9078156312568635","9.519038076158276","9.519038076158276","9.519038076158276","25.62562562562786","25.62562562562786","25.62562562562786","73.99999999999636","73.99999999999636","73.99999999999636"
"6715.40732092","9.760956175305816","9.760956175305816","9.760956175305816","15.63126252505337","15.63126252505337","15.63126252505337","64.89999999999782","64.89999999999782","64.89999999999782","41.58316633266883","41.58316633266883","41.58316633266883"
"6725.407475279","2.397602397600165","2.397602397600165","2.397602397600165","6.399999999997035","6.399999999997035","6.399999999997035","6.606606606588289","6.606606606588289","6.606606606588289","100","100","100"
"6735.406766073","2.5000000000022737","2.5000000000022737","2.5000000000022737","4.60460460460465","4.60460460460465","4.60460460460465","76.27627627627686","76.27627627627686","76.27627627627686","31.425702811252222","31.425702811252222","31.425702811252222"
"6745.407050258","8.782435129741225","8.782435129741225","8.782435129741225","15.947843530595108","15.947843530595108","15.947843530595108","73.97397397397887","73.97397397397887","73.97397397397887","29.89999999999144","29.89999999999144","29.89999999999144"
"6755.406926824","5.405405405405159","5.405405405405159","5.405405405405159","10.910910910904494","10.910910910904494","10.910910910904494","33.133133133145485","33.133133133145485","33.133133133145485","68.19999999999709","68.19999999999709","68.19999999999709"
"6765.407014275","4.104104104102737","4.104104104102737","4.104104104102737","3.603603603600405","3.603603603600405","3.603603603600405","94.39999999999549","94.39999999999549","94.39999999999549","11.445783132533366","11.445783132533366","11.445783132533366"
"6775.406636674","25.349301397204123","25.349301397204123","25.349301397204123","19.157472417251554","19.157472417251554","19.157472417251554","61.899999999999466","61.899999999999466","61.899999999999466","23.94789579158987","23.94789579158987","23.94789579158987"
"6785.407295127","2.3000000000047294","2.3000000000047294","2.3000000000047294","6.700000000000118","6.700000000000118","6.700000000000118","5.817452357070866","5.817452357070866","5.817452357070866","100","100","100"
"6795.407003875","2.5948103792458515","2.5948103792458515","2.5948103792458515","2.4048096192386734","2.4048096192386734","2.4048096192386734","84.48448448448373","84.48448448448373","84.48448448448373","25.951903807615455","25.951903807615455","25.951903807615455"
"6805.407018043","9.619238476953816","9.619238476953816","9.619238476953816","9.381237524962998","9.381237524962998","9.381237524962998","20.100000000000353","20.100000000000353","20.100000000000353","90.00999000999023","90.00999000999023","90.00999000999023"
"6815.407153586","6.487025948100468","6.487025948100468","6.487025948100468","7.114228456907669","7.114228456907669","7.114228456907669","46.64664664664621","46.64664664664621","46.64664664664621","56.35635635635471","56.35635635635471","56.35635635635471"
"6825.407605966","3.8000000000010914","3.8000000000010914","3.8000000000010914","1.9057171514504745","1.9057171514504745","1.9057171514504745","19.539078156306104","19.539078156306104","19.539078156306104","87.79999999999856","87.79999999999856","87.79999999999856"
"6835.407318547","16.499999999998636","16.499999999998636","16.499999999998636","8.383233532937489","8.383233532937489","8.383233532937489","77.54491017964578","77.54491017964578","77.54491017964578","24.949899799598104","24.949899799598104","24.949899799598104"
"6845.406718971","3.8961038960918897","3.8961038960918897","3.8961038960918897","7.221664994978862","7.221664994978862","7.221664994978862","98.5971943887651","98.5971943887651","98.5971943887651","5.511022044081127","5.511022044081127","5.511022044081127"
"6855.406857631","3.003003003013447","3.003003003013447","3.003003003013447","7.907907907924485","7.907907907924485","7.907907907924485","23.476523476526598","23.476523476526598","23.476523476526598","81.01898101898507","81.01898101898507","81.01898101898507"
"6865.407111405","9.70970970969603","9.70970970969603","9.70970970969603","12.699999999997544","12.699999999997544","12.699999999997544","76.50000000000118","76.50000000000118","76.50000000000118","14.959839357435238","14.959839357435238","14.959839357435238"
"6875.407314513","8.29170829172405","8.29170829172405","8.29170829172405","17.01701701701557","17.01701701701557","17.01701701701557","34.93493493494536","34.93493493494536","34.93493493494536","72.5548902195571","72.5548902195571","72.5548902195571"
"6885.407352027","3.5035035035072215","3.5035035035072215","3.5035035035072215","11.08891108889369","11.08891108889369","11.08891108889369","25.125125125118753","25.125125125118753","25.125125125118753","75.27527527527668","75.27527527527668","75.27527527527668"
"6895.407400015","2.4975024975047146","2.4975024975047146","2.4975024975047146","8.617234468951628","8.617234468951628","8.617234468951628","42.18436873746805","42.18436873746805","42.18436873746805","63.126252505014605","63.126252505014605","63.126252505014605"
"6905.407694476","10.358565737043348","10.358565737043348","10.358565737043348","16.116116116115467","16.116116116115467","16.116116116115467","71.00000000000364","71.00000000000364","71.00000000000364","32.09999999999127","32.09999999999127","32.09999999999127"
"6915.406994619","12.224448897789564","12.224448897789564","12.224448897789564","38.400000000001455","38.400000000001455","38.400000000001455","13.60000000000582","13.60000000000582","13.60000000000582","50.60120240481365","50.60120240481365","50.60120240481365"
"6925.406725184","7.19280719280958","7.19280719280958","7.19280719280958","8.717434869738765","8.717434869738765","8.717434869738765","71.299999999992","71.299999999992","71.299999999992","27.127127127128087","27.127127127128087","27.127127127128087"
"6935.408150819","9.200000000000728","9.200000000000728","9.200000000000728","36.53653653653842","36.53653653653842","36.53653653653842","38.361638361627776","38.361638361627776","38.361638361627776","47.14714714713944","47.14714714713944","47.14714714713944"
"6945.407493836","2.297702297700158","2.297702297700158","2.297702297700158","29.759519038080008","29.759519038080008","29.759519038080008","58.458458458468755","58.458458458468755","58.458458458468755","22.61306532664065","22.61306532664065","22.61306532664065"
"6955.407271131","1.2024048096181974","1.2024048096181974","1.2024048096181974","0.9009009008932731","0.9009009008932731","0.9009009008932731","60.660660660649725","60.660660660649725","60.660660660649725","41.19999999999891","41.19999999999891","41.19999999999891"
"6965.407739965","11.70000000001679","11.70000000001679","11.70000000001679","13.039117352049729","13.039117352049729","13.039117352049729","32.698094282865156","32.698094282865156","32.698094282865156","70.57057057057393","70.57057057057393","70.57057057057393"
"6975.407516679","4.499999999998181","4.499999999998181","4.499999999998181","8.534136546180008","8.534136546180008","8.534136546180008","4.112337011022787","4.112337011022787","4.112337011022787","96.90309690309297","96.90309690309297","96.90309690309297"
"6985.407168073","13.399999999985704","13.399999999985704","13.399999999985704","17.400000000015115","17.400000000015115","17.400000000015115","78.49999999999845","78.49999999999845","78.49999999999845","5.805805805805204","5.805805805805204","5.805805805805204"
"6995.406535971","6.306306306317769","6.306306306317769","6.306306306317769","7.615230460915251","7.615230460915251","7.615230460915251","83.50000000000064","83.50000000000064","83.50000000000064","31.695085255771264","31.695085255771264","31.695085255771264"
"7005.407406059","7.992007992009635","7.992007992009635","7.992007992009635","7.000000000007275","7.000000000007275","7.000000000007275","52.35707121364649","52.35707121364649","52.35707121364649","48.80000000000109","48.80000000000109","48.80000000000109"
"7015.406989942","11.5884115884029","11.5884115884029","11.5884115884029","3.8114343029116564","3.8114343029116564","3.8114343029116564","90.59059059059439","90.59059059059439","90.59059059059439","6.920762286857022","6.920762286857022","6.920762286857022"
"7025.406916973","8.599999999999","8.599999999999","8.599999999999","17.65295887663914","17.65295887663914","17.65295887663914","57.25725725726885","57.25725725726885","57.25725725726885","47.394789579165604","47.394789579165604","47.394789579165604"
"7035.407460266","2.0040080160390774","2.0040080160390774","2.0040080160390774","4.504504504485394","4.504504504485394","4.504504504485394","100","100","100","6.312625250493259","6.312625250493259","6.312625250493259"
"7045.407121719","10.910910910914883","10.910910910914883","10.910910910914883","18.381618381621706","18.381618381621706","18.381618381621706","23.423423423430233","23.423423423430233","23.423423423430233","63.299999999999265","63.299999999999265","63.299999999999265"
"7055.407575222","7.62286860581102","7.62286860581102","7.62286860581102","6.913827655292226","6.913827655292226","6.913827655292226","87.30000000000473","87.30000000000473","87.30000000000473","13.913913913917494","13.913913913917494","13.913913913917494"
"7065.407393573","8.891108891111967","8.891108891111967","8.891108891111967","14.343029087272152","14.343029087272152","14.343029087272152","40.4404404404427","40.4404404404427","40.4404404404427","66.49999999999636","66.49999999999636","66.49999999999636"
"7075.407108521","2.1978021977978797","2.1978021977978797","2.1978021977978797","5.005005005015583","5.005005005015583","5.005005005015583","100","100","100","5.120481927704352","5.120481927704352","5.120481927704352"
"7085.407387228","6.899999999988158","6.899999999988158","6.899999999988158","8.208208208197865","8.208208208197865","8.208208208197865","87.20000000000022","87.20000000000022","87.20000000000022","13.039117352065594","13.039117352065594","13.039117352065594"
"7095.406994009","9.07278165504192","9.07278165504192","9.07278165504192","10.12024048095544","10.12024048095544","10.12024048095544","87.79999999999967","87.79999999999967","87.79999999999967","21.621621621606366","21.621621621606366","21.621621621606366"
"7105.406640207","3.2032032032026354","3.2032032032026354","3.2032032032026354","7.414829659316774","7.414829659316774","7.414829659316774","56.49999999999754","56.49999999999754","56.49999999999754","47.29458917835222","47.29458917835222","47.29458917835222"
"7115.406900325","6.406406406400719","6.406406406400719","6.406406406400719","7.5150300601305915","7.5150300601305915","7.5150300601305915","52.952952952953744","52.952952952953744","52.952952952953744","48.496993987979806","48.496993987979806","48.496993987979806"
"7125.407026456","5.700000000014243","5.700000000014243","5.700000000014243","17.200000000002547","17.200000000002547","17.200000000002547","78.57857857857483","78.57857857857483","78.57857857857483","27.60000000000673","27.60000000000673","27.60000000000673"
"7135.407280254","7.28542914172097","7.28542914172097","7.28542914172097","8.108108108103188","8.108108108103188","8.108108108103188","36.13613613612202","36.13613613612202","36.13613613612202","65.36536536536424","65.36536536536424","65.36536536536424"
"7145.406988456","5.6112224448849215","5.6112224448849215","5.6112224448849215","54.64535464535827","54.64535464535827","54.64535464535827","38.19999999999709","38.19999999999709","38.19999999999709","16.13226452905554","16.13226452905554","16.13226452905554"
"7155.407619665","4.885343968104553","4.885343968104553","4.885343968104553","14.314314314308435","14.314314314308435","14.314314314308435","98.59859859860465","98.59859859860465","98.59859859860465","11.623246492992017","11.623246492992017","11.623246492992017"
"7165.407397955","2.497502497484725","2.497502497484725","2.497502497484725","10.910910910912607","10.910910910912607","10.910910910912607","47.44744744743673","47.44744744743673","47.44744744743673","55.811623246492516","55.811623246492516","55.811623246492516"
"7175.406684365","4.012036108321589","4.012036108321589","4.012036108321589","7.207207207203085","7.207207207203085","7.207207207203085","68.4000000000072","68.4000000000072","68.4000000000072","35.70000000000164","35.70000000000164","35.70000000000164"
"7185.407733491","8.999999999997499","8.999999999997499","8.999999999997499","13.426853707423541","13.426853707423541","13.426853707423541","62.562562562554824","62.562562562554824","62.562562562554824","44.20000000000073","44.20000000000073","44.20000000000073"
"7195.407404187","7.915831663343418","7.915831663343418","7.915831663343418","10.110110110112517","10.110110110112517","10.110110110112517","50.65065065065565","50.65065065065565","50.65065065065565","46.49298597194009","46.49298597194009","46.49298597194009"
"7205.407721923","2.5974025973870214","2.5974025973870214","2.5974025973870214","9.309309309303321","9.309309309303321","9.309309309303321","28.82882882883055","28.82882882883055","28.82882882883055","76.60000000000764","76.60000000000764","76.60000000000764"
"7215.407152121","12.848605577696823","12.848605577696823","12.848605577696823","12.625250501004743","12.625250501004743","12.625250501004743","76.35270541082389","76.35270541082389","76.35270541082389","26.178535606823246","26.178535606823246","26.178535606823246"
"7225.406704356","5.711422845681882","5.711422845681882","5.711422845681882","1.8018018017956505","1.8018018017956505","1.8018018017956505","43.599999999996726","43.599999999996726","43.599999999996726","62.06206206205469","62.06206206205469","62.06206206205469"
"7235.407565164","6.800000000019864","6.800000000019864","6.800000000019864","6.012024048093266","6.012024048093266","6.012024048093266","64.20000000000073","64.20000000000073","64.20000000000073","38.10000000000617","38.10000000000617","38.10000000000617"
"7245.406737113","10.631895687056774","10.631895687056774","10.631895687056774","8.308308308324456","8.308308308324456","8.308308308324456","62.82565130260323","62.82565130260323","62.82565130260323","42.785571142281704","42.785571142281704","42.785571142281704"
"7255.407272389","15.799999999999272","15.799999999999272","15.799999999999272","10.521042084161508","10.521042084161508","10.521042084161508","77.52247752247801","77.52247752247801","77.52247752247801","15.515515515517675","15.515515515517675","15.515515515517675"
"7265.407354587","2.3069207623004573","2.3069207623004573","2.3069207623004573","4.200000000003001","4.200000000003001","4.200000000003001","55.55555555555859","55.55555555555859","55.55555555555859","52.45245245245142","52.45245245245142","52.45245245245142"
"7275.406900288","4.208416833659134","4.208416833659134","4.208416833659134","12.938816449355292","12.938816449355292","12.938816449355292","79.399999999996","79.399999999996","79.399999999996","16.64994984953916","16.64994984953916","16.64994984953916"
"7285.407576343","10.199999999997544","10.199999999997544","10.199999999997544","10.32064128256303","10.32064128256303","10.32064128256303","86.39999999999665","86.39999999999665","86.39999999999665","24.024024024030012","24.024024024030012","24.024024024030012"
"7295.407737868","2.5974025973870214","2.5974025973870214","2.5974025973870214","65.1696606786396","65.1696606786396","65.1696606786396","10.320641282572144","10.320641282572144","10.320641282572144","36.37274549097553","36.37274549097553","36.37274549097553"
"7305.406836063","5.10510510512468","5.10510510512468","5.10510510512468","43.9879759518999","43.9879759518999","43.9879759518999","58.717434869738774","58.717434869738774","58.717434869738774","8.108108108119918","8.108108108119918","8.108108108119918"
"7315.406948772","7.299999999995635","7.299999999995635","7.299999999995635","53.746253746245266","53.746253746245266","53.746253746245266","43.50000000000364","43.50000000000364","43.50000000000364","24.64929859719583","24.64929859719583","24.64929859719583"
"7325.406776216","2.802802802802591","2.802802802802591","2.802802802802591","39.21765295887775","39.21765295887775","39.21765295887775","11.422845691377432","11.422845691377432","11.422845691377432","61.79999999999837","61.79999999999837","61.79999999999837"
"7335.40755261","2.199999999984757","2.199999999984757","2.199999999984757","49.399999999996","49.399999999996","49.399999999996","9.009009009022131","9.009009009022131","9.009009009022131","52.10420841683412","52.10420841683412","52.10420841683412"
"7345.407521223","10.978043912197231","10.978043912197231","10.978043912197231","15.446339017051802","15.446339017051802","15.446339017051802","58.499999999987","58.499999999987","58.499999999987","43.186372745487766","43.186372745487766","43.186372745487766"
"7355.407084357","13.727454909810033","13.727454909810033","13.727454909810033","23.847695390788466","23.847695390788466","23.847695390788466","63.126252505014605","63.126252505014605","63.126252505014605","14.51451451451301","14.51451451451301","14.51451451451301"
"7365.407011903","2.5","2.5","2.5","7.599999999985376","7.599999999985376","7.599999999985376","98.29999999999927","98.29999999999927","98.29999999999927","6.619859578743098","6.619859578743098","6.619859578743098"
"7375.407205924","8.582834331342761","8.582834331342761","8.582834331342761","8.000000000011733","8.000000000011733","8.000000000011733","39.83983983984729","39.83983983984729","39.83983983984729","72.8456913827731","72.8456913827731","72.8456913827731"
"7385.407369986","2.5974025973715933","2.5974025973715933","2.5974025973715933","3.592814371245636","3.592814371245636","3.592814371245636","52.304609218432596","52.304609218432596","52.304609218432596","56.056056056043815","56.056056056043815","56.056056056043815"
"7395.407511682","7.907907907924485","7.907907907924485","7.907907907924485","8.61723446893497","8.61723446893497","8.61723446893497","38.299999999988046","38.299999999988046","38.299999999988046","59.719438877756716","59.719438877756716","59.719438877756716"
"7405.407431246","8.400000000001455","8.400000000001455","8.400000000001455","26.653306613232697","26.653306613232697","26.653306613232697","41.441441441436524","41.441441441436524","41.441441441436524","51.000000000003645","51.000000000003645","51.000000000003645"
"7415.406582968","5.41082164327961","5.41082164327961","5.41082164327961","57.25725725726106","57.25725725726106","57.25725725726106","47.5524475524487","47.5524475524487","47.5524475524487","4.80480480480054","4.80480480480054","4.80480480480054"
"7425.407010317","13.047808764952148","13.047808764952148","13.047808764952148","40.85914085914143","40.85914085914143","40.85914085914143","53.91566265060532","53.91566265060532","53.91566265060532","6.425702811239699","6.425702811239699","6.425702811239699"
"7435.407263855","6.606606606596191","6.606606606596191","6.606606606596191","8.032128514068702","8.032128514068702","8.032128514068702","94.50549450550089","94.50549450550089","94.50549450550089","19.619619619625944","19.619619619625944","19.619619619625944"
"7445.407098586","3.5964035963918146","3.5964035963918146","3.5964035963918146","3.2032032032003595","3.2032032032003595","3.2032032032003595","96.19999999999891","96.19999999999891","96.19999999999891","2.7081243731147926","2.7081243731147926","2.7081243731147926"
"7455.407015876","1.0989010989180477","1.0989010989180477","1.0989010989180477","32.89869608826752","32.89869608826752","32.89869608826752","44.34434434434926","44.34434434434926","44.34434434434926","25.050100200401896","25.050100200401896","25.050100200401896"
"7465.407491769","11.199999999991851","11.199999999991851","11.199999999991851","20.500000000004093","20.500000000004093","20.500000000004093","71.02897102897529","71.02897102897529","71.02897102897529","1.10441767068847","1.10441767068847","1.10441767068847"
"7475.407256467","15.215215215210815","15.215215215210815","15.215215215210815","37.41223671012847","37.41223671012847","37.41223671012847","62.962962962957235","62.962962962957235","62.962962962957235","15.731462925849476","15.731462925849476","15.731462925849476"
"7485.407085154","20.52052052052816","20.52052052052816","20.52052052052816","19.5195195195113","19.5195195195113","19.5195195195113","68.9689689689703","68.9689689689703","68.9689689689703","5.005005005005114","5.005005005005114","5.005005005005114"
"7495.407037836","2.3976023976092504","2.3976023976092504","2.3976023976092504","5.427135678383048","5.427135678383048","5.427135678383048","77.89999999999964","77.89999999999964","77.89999999999964","29.029029029038945","29.029029029038945","29.029029029038945"
"7505.407291035","41.65834165834375","41.65834165834375","41.65834165834375","14.21421421421753","14.21421421421753","14.21421421421753","61.53846153845175","61.53846153845175","61.53846153845175","4.814443329985908","4.814443329985908","4.814443329985908"
"7515.407230895","15.361445783137645","15.361445783137645","15.361445783137645","1.2012012012090203","1.2012012012090203","1.2012012012090203","85.70000000000618","85.70000000000618","85.70000000000618","4.404404404400495","4.404404404400495","4.404404404400495"
"7525.4071764","3.5892323030810793","3.5892323030810793","3.5892323030810793","39.156626506023876","39.156626506023876","39.156626506023876","40.42126379137597","40.42126379137597","40.42126379137597","31.293881644931204","31.293881644931204","31.293881644931204"
"7535.407147522","8.935742971882489","8.935742971882489","8.935742971882489","44.600000000000364","44.600000000000364","44.600000000000364","63.19999999999709","63.19999999999709","63.19999999999709","12.625250501011557","12.625250501011557","12.625250501011557"
"7545.406890951","11.38861138860646","11.38861138860646","11.38861138860646","19.939879759532314","19.939879759532314","19.939879759532314","30.190571715140486","30.190571715140486","30.190571715140486","53.95395395395003","53.95395395395003","53.95395395395003"
"7555.407812657","7.178464606202627","7.178464606202627","7.178464606202627","10.542168674683284","10.542168674683284","10.542168674683284","75.20000000000437","75.20000000000437","75.20000000000437","22.891566265064643","22.891566265064643","22.891566265064643"
"7565.408368781","9.528585757270616","9.528585757270616","9.528585757270616","16.11611611613757","16.11611611613757","16.11611611613757","81.49999999999973","81.49999999999973","81.49999999999973","20.299999999997453","20.299999999997453","20.299999999997453"
"7575.4071473","3.1968031968002193","3.1968031968002193","3.1968031968002193","37.437437437424684","37.437437437424684","37.437437437424684","26.152304609216298","26.152304609216298","26.152304609216298","48.846539618868015","48.846539618868015","48.846539618868015"
"7585.406587071","2.199999999984757","2.199999999984757","2.199999999984757","2.999999999992724","2.999999999992724","2.999999999992724","8.6258776329051","8.6258776329051","8.6258776329051","100","100","100"
"7595.407033913","5.505505505507447","5.505505505507447","5.505505505507447","15.515515515519951","15.515515515519951","15.515515515519951","78.44311377245748","78.44311377245748","78.44311377245748","31.66332665330988","31.66332665330988","31.66332665330988"
"7605.407033469","2.1000000000113506","2.1000000000113506","2.1000000000113506","9.227683049156218","9.227683049156218","9.227683049156218","17.352056168493153","17.352056168493153","17.352056168493153","86.28628628628708","86.28628628628708","86.28628628628708"
"7615.407994514","4.408817635275837","4.408817635275837","4.408817635275837","3.10621242482935","3.10621242482935","3.10621242482935","92.79999999999745","92.79999999999745","92.79999999999745","15.731462925849476","15.731462925849476","15.731462925849476"
"7625.40703839","5.682951146557047","5.682951146557047","5.682951146557047","14.314314314326316","14.314314314326316","14.314314314326316","90.8908908908938","90.8908908908938","90.8908908908938","16.816816816826137","16.816816816826137","16.816816816826137"
"7635.406697342","2.0080321285055573","2.0080321285055573","2.0080321285055573","12.449799196776917","12.449799196776917","12.449799196776917","5.105105105107401","5.105105105107401","5.105105105107401","97.39739739739515","97.39739739739515","97.39739739739515"
"7645.407404045","22.244488977950326","22.244488977950326","22.244488977950326","7.800000000016498","7.800000000016498","7.800000000016498","78.69999999999891","78.69999999999891","78.69999999999891","4.80961923847279","4.80961923847279","4.80961923847279"
"7655.408567795","6.081754735798029","6.081754735798029","6.081754735798029","10.431293881628914","10.431293881628914","10.431293881628914","52.74725274724905","52.74725274724905","52.74725274724905","54.65465465466447","54.65465465466447","54.65465465466447"
"7665.406688637","5.69999999998221","5.69999999998221","5.69999999998221","7.214428857726096","7.214428857726096","7.214428857726096","41.3827655310666","41.3827655310666","41.3827655310666","66.86686686686521","66.86686686686521","66.86686686686521"
"7675.406628196","11.90000000002112","11.90000000002112","11.90000000002112","30.73852295409202","30.73852295409202","30.73852295409202","63.06306306306626","63.06306306306626","63.06306306306626","8.108108108119918","8.108108108119918","8.108108108119918"
"7685.407122176","5.722891566247705","5.722891566247705","5.722891566247705","7.321965897689181","7.321965897689181","7.321965897689181","86.786786786787","86.786786786787","86.786786786787","15.115115115108527","15.115115115108527","15.115115115108527"
"7695.40742466","10.179640718566787","10.179640718566787","10.179640718566787","12.62525050099563","12.62525050099563","12.62525050099563","54.74525474524919","54.74525474524919","54.74525474524919","49.04904904905558","49.04904904905558","49.04904904905558"
"7705.406604293","1.5015015014978927","1.5015015014978927","1.5015015014978927","47.95204795204872","47.95204795204872","47.95204795204872","30.330330330328444","30.330330330328444","30.330330330328444","24.14829659317686","24.14829659317686","24.14829659317686"
"7715.407215638","1.2024048096270916","1.2024048096270916","1.2024048096270916","2.0000000000004547","2.0000000000004547","2.0000000000004547","51.751751751753616","51.751751751753616","51.751751751753616","49.29859719440546","49.29859719440546","49.29859719440546"
"7725.407681653","9.729187562682135","9.729187562682135","9.729187562682135","29.929929929941157","29.929929929941157","29.929929929941157","68.70000000000461","68.70000000000461","68.70000000000461","15.215215215195377","15.215215215195377","15.215215215195377"
"7735.407511265","8.9641434263108","8.9641434263108","8.9641434263108","4.4088176352667245","4.4088176352667245","4.4088176352667245","94.09999999999854","94.09999999999854","94.09999999999854","7.0210631895582205","7.0210631895582205","7.0210631895582205"
"7745.407414151","6.030150753754881","6.030150753754881","6.030150753754881","5.705705705702917","5.705705705702917","5.705705705702917","69.39999999999952","69.39999999999952","69.39999999999952","31.462925851711443","31.462925851711443","31.462925851711443"
"7755.407479385","8.973080757739114","8.973080757739114","8.973080757739114","17.87148594377411","17.87148594377411","17.87148594377411","85.27054108216382","85.27054108216382","85.27054108216382","18.436873747492697","18.436873747492697","18.436873747492697"
"7765.407364496","4.613841524583511","4.613841524583511","4.613841524583511","5.310621242490796","5.310621242490796","5.310621242490796","97.39999999999782","97.39999999999782","97.39999999999782","5.505505505507447","5.505505505507447","5.505505505507447"
"7775.407752501","9.41883767533799","9.41883767533799","9.41883767533799","30.330330330328444","30.330330330328444","30.330330330328444","70.32967032966843","70.32967032966843","70.32967032966843","5.829145728651199","5.829145728651199","5.829145728651199"
"7785.407660007","11.700000000000728","11.700000000000728","11.700000000000728","15.631262525045681","15.631262525045681","15.631262525045681","89.48948948949655","89.48948948949655","89.48948948949655","11.3113113112874","11.3113113112874","11.3113113112874"
"7795.407553381","8.091908091905099","8.091908091905099","8.091908091905099","10.710710710717136","10.710710710717136","10.710710710717136","57.999999999992724","57.999999999992724","57.999999999992724","39.27855711423091","39.27855711423091","39.27855711423091"
"7805.407442831","6.613226452904643","6.613226452904643","6.613226452904643","5.405405405413279","5.405405405413279","5.405405405413279","42.9287863590775","42.9287863590775","42.9287863590775","58.91783567133724","58.91783567133724","58.91783567133724"
"7815.40687403","13.186813186812262","13.186813186812262","13.186813186812262","12.525050100200948","12.525050100200948","12.525050100200948","31.06212424851456","31.06212424851456","31.06212424851456","72.92707292707807","72.92707292707807","72.92707292707807"
"7825.407489786","10.230692076233737","10.230692076233737","10.230692076233737","69.26926926927152","69.26926926927152","69.26926926927152","7.199999999985667","7.199999999985667","7.199999999985667","28.95791583165876","28.95791583165876","28.95791583165876"
"7835.407408234","7.630522088354881","7.630522088354881","7.630522088354881","10.020040080135246","10.020040080135246","10.020040080135246","5.210420841678856","5.210420841678856","5.210420841678856","92.20779220779492","92.20779220779492","92.20779220779492"
"7845.407482869","14.585414585425987","14.585414585425987","14.585414585425987","11.835506519569336","11.835506519569336","11.835506519569336","65.39999999999684","65.39999999999684","65.39999999999684","39.21765295887318","39.21765295887318","39.21765295887318"
"7855.406857948","4.509018036061406","4.509018036061406","4.509018036061406","4.012036108321589","4.012036108321589","4.012036108321589","31.43143143142291","31.43143143142291","31.43143143142291","74.60000000000036","74.60000000000036","74.60000000000036"
"7865.407268423","4.108216432864453","4.108216432864453","4.108216432864453","5.794205794224331","5.794205794224331","5.794205794224331","63.299999999999265","63.299999999999265","63.299999999999265","42.084168336673365","42.084168336673365","42.084168336673365"
"7875.407114862","5.01002004008038","5.01002004008038","5.01002004008038","9.018036072141038","9.018036072141038","9.018036072141038","60.46046046046861","60.46046046046861","60.46046046046861","40.48096192385084","40.48096192385084","40.48096192385084"
"7885.406720898","8.517034068141015","8.517034068141015","8.517034068141015","10.489510489495812","10.489510489495812","10.489510489495812","68.40521564693327","68.40521564693327","68.40521564693327","42.94294294294352","42.94294294294352","42.94294294294352"
"7895.406850088","8.42527582748446","8.42527582748446","8.42527582748446","7.692307692321846","7.692307692321846","7.692307692321846","92.20779220779492","92.20779220779492","92.20779220779492","6.606606606605295","6.606606606605295","6.606606606605295"
"7905.40752913","4.395604395593487","4.395604395593487","4.395604395593487","6.913827655306914","6.913827655306914","6.913827655306914","78.45691382765801","78.45691382765801","78.45691382765801","25.551102204416214","25.551102204416214","25.551102204416214"
"7915.406659046","10.12024048095045","10.12024048095045","10.12024048095045","14.844533600814538","14.844533600814538","14.844533600814538","32.13213213212409","32.13213213212409","32.13213213212409","72.87287287287192","72.87287287287192","72.87287287287192"
"7925.407239811","2.700000000006148","2.700000000006148","2.700000000006148","48.69999999999891","48.69999999999891","48.69999999999891","31.46292585170806","31.46292585170806","31.46292585170806","31.131131131128537","31.131131131128537","31.131131131128537"
"7935.407375786","9.109109109107852","9.109109109107852","9.109109109107852","23.023023023018517","23.023023023018517","23.023023023018517","51.00000000000345","51.00000000000345","51.00000000000345","32.43243243243551","32.43243243243551","32.43243243243551"
"7945.406864261","7.292707292704098","7.292707292704098","7.292707292704098","17.051153460380437","17.051153460380437","17.051153460380437","89.4000000000051","89.4000000000051","89.4000000000051","16.332665330669265","16.332665330669265","16.332665330669265"
"7955.407600846","4.486540378872638","4.486540378872638","4.486540378872638","13.026052104201696","13.026052104201696","13.026052104201696","67.69999999999527","67.69999999999527","67.69999999999527","32.53012048192837","32.53012048192837","32.53012048192837"
"7965.406856039","5.5165496489571435","5.5165496489571435","5.5165496489571435","13.326653306615357","13.326653306615357","13.326653306615357","34.39999999998407","34.39999999998407","34.39999999998407","62.16216216215478","62.16216216215478","62.16216216215478"
"7975.406911852","6.000000000002546","6.000000000002546","6.000000000002546","16.850551654974968","16.850551654974968","16.850551654974968","94.90000000000691","94.90000000000691","94.90000000000691","12.487512487496314","12.487512487496314","12.487512487496314"
"7985.407539419","2.2110552763576936","2.2110552763576936","2.2110552763576936","33.93393393392885","33.93393393392885","33.93393393392885","69.93987975951772","69.93987975951772","69.93987975951772","8.525576730202348","8.525576730202348","8.525576730202348"
"7995.407129907","2.1021021021123714","2.1021021021123714","2.1021021021123714","9.929789368110086","9.929789368110086","9.929789368110086","19.93987975950861","19.93987975950861","19.93987975950861","82.78278278278583","82.78278278278583","82.78278278278583"
"8005.406490897","4.29570429570711","4.29570429570711","4.29570429570711","13.299999999992595","13.299999999992595","13.299999999992595","57.80000000001423","57.80000000001423","57.80000000001423","54.454454454459935","54.454454454459935","54.454454454459935"
"8015.406932384","4.52261306531616","4.52261306531616","4.52261306531616","15.199999999997543","15.199999999997543","15.199999999997543","68.36836836836004","68.36836836836004","68.36836836836004","26.326326326336858","26.326326326336858","26.326326326336858"
"8025.406751803","3.8038038038140836","3.8038038038140836","3.8038038038140836","7.522567703100699","7.522567703100699","7.522567703100699","82.70000000000437","82.70000000000437","82.70000000000437","19.739478957910134","19.739478957910134","19.739478957910134"
"8035.407711686","8.474576271172916","8.474576271172916","8.474576271172916","15.99999999998836","15.99999999998836","15.99999999998836","76.89999999999179","76.89999999999179","76.89999999999179","28.313253012047753","28.313253012047753","28.313253012047753"
"8045.407287427","2.5025025025225855","2.5025025025225855","2.5025025025225855","4.518072289163503","4.518072289163503","4.518072289163503","73.80000000000587","73.80000000000587","73.80000000000587","33.80140421262992","33.80140421262992","33.80140421262992"
"8055.407358348","6.099999999987631","6.099999999987631","6.099999999987631","3.7000000000011823","3.7000000000011823","3.7000000000011823","31.16232464929668","31.16232464929668","31.16232464929668","73.40000000000146","73.40000000000146","73.40000000000146"
"8065.407060112","8.817635270550067","8.817635270550067","8.817635270550067","22.422422422434853","22.422422422434853","22.422422422434853","64.96496496497059","64.96496496497059","64.96496496497059","15.500000000001817","15.500000000001817","15.500000000001817"
"8075.406961003","7.100000000011733","7.100000000011733","7.100000000011733","1.7034068136189449","1.7034068136189449","1.7034068136189449","35.80742226678812","35.80742226678812","35.80742226678812","72.34468937875917","72.34468937875917","72.34468937875917"
"8085.407179846","2.202202202195695","2.202202202195695","2.202202202195695","5.494505494490019","5.494505494490019","5.494505494490019","44.85514485513168","44.85514485513168","44.85514485513168","62.69999999999527","62.69999999999527","62.69999999999527"
"8095.407165194","7.807807807798602","7.807807807798602","7.807807807798602","11.546184738969338","11.546184738969338","11.546184738969338","59.50000000000555","59.50000000000555","59.50000000000555","36.37274549098465","36.37274549098465","36.37274549098465"
"8105.407224848","3.896103896116168","3.896103896116168","3.896103896116168","8.299999999999272","8.299999999999272","8.299999999999272","99.60000000000036","99.60000000000036","99.60000000000036","16.13226452906627","16.13226452906627","16.13226452906627"
"8115.407049705","2.104208416827289","2.104208416827289","2.104208416827289","4.00400400400045","4.00400400400045","4.00400400400045","34.26853707415052","34.26853707415052","34.26853707415052","73.82617382617549","73.82617382617549","73.82617382617549"
"8125.407456112","3.0060120240586152","3.0060120240586152","3.0060120240586152","3.3066132264523214","3.3066132264523214","3.3066132264523214","85.39999999999964","85.39999999999964","85.39999999999964","22.367101303908825","22.367101303908825","22.367101303908825"
"8135.406495807","9.209209209210139","9.209209209210139","9.209209209210139","30.36963036963162","30.36963036963162","30.36963036963162","42.79999999999745","42.79999999999745","42.79999999999745","47.5","47.5","47.5"
"8145.407146795","2.5999999999690226","2.5999999999690226","2.5999999999690226","12.424849699404003","12.424849699404003","12.424849699404003","64.86486486486831","64.86486486486831","64.86486486486831","35.23523523524306","35.23523523524306","35.23523523524306"
"8155.407482114","9.000000000012914","9.000000000012914","9.000000000012914","4.200000000000728","4.200000000000728","4.200000000000728","93.09309309309569","93.09309309309569","93.09309309309569","6.0120240480909874","6.0120240480909874","6.0120240480909874"
"8165.407019734","39.879759519035446","39.879759519035446","39.879759519035446","2.5025025024848047","2.5025025024848047","2.5025025024848047","11.400000000010294","11.400000000010294","11.400000000010294","64.32865731463279","64.32865731463279","64.32865731463279"
"8175.40752647","2.7000000000043656","2.7000000000043656","2.7000000000043656","5.611222444904404","5.611222444904404","5.611222444904404","82.0641282565126","82.0641282565126","82.0641282565126","22.522522522523015","22.522522522523015","22.522522522523015"
"8185.406590877","3.0999999999971806","3.0999999999971806","3.0999999999971806","6.093906093902691","6.093906093902691","6.093906093902691","39.33933933933207","39.33933933933207","39.33933933933207","65.93406593406193","65.93406593406193","65.93406593406193"
"8195.407725385","8.89999999999418","8.89999999999418","8.89999999999418","14.785214785219186","14.785214785219186","14.785214785219186","31.927710843385814","31.927710843385814","31.927710843385814","75.5999999999949","75.5999999999949","75.5999999999949"
"8205.406662037","8.525576730197061","8.525576730197061","8.525576730197061","8.817635270552346","8.817635270552346","8.817635270552346","89.31068931069245","89.31068931069245","89.31068931069245","6.827309236942181","6.827309236942181","6.827309236942181"
"8215.406906956","2.409638554214447","2.409638554214447","2.409638554214447","4.104104104085277","4.104104104085277","4.104104104085277","26.47352647351799","26.47352647351799","26.47352647351799","83.21678321677763","83.21678321677763","83.21678321677763"
"8225.406788695","10.778443113773529","10.778443113773529","10.778443113773529","3.800000000003365","3.800000000003365","3.800000000003365","94.70529470528828","94.70529470528828","94.70529470528828","17.717717717732906","17.717717717732906","17.717717717732906"
"8235.407558273","4.995004995004886","4.995004995004886","4.995004995004886","8.216432865728907","8.216432865728907","8.216432865728907","47.09418837675374","47.09418837675374","47.09418837675374","56.08040201005456","56.08040201005456","56.08040201005456"
"8245.408377376","8.016032064141822","8.016032064141822","8.016032064141822","5.110220440892356","5.110220440892356","5.110220440892356","24.02402402403474","24.02402402403474","24.02402402403474","77.79999999999745","77.79999999999745","77.79999999999745"
"8255.408040256","9.20920920919193","9.20920920919193","9.20920920919193","15.215215215210815","15.215215215210815","15.215215215210815","87.80000000000655","87.80000000000655","87.80000000000655","13.813813813815209","13.813813813815209","13.813813813815209"
"8265.406816441","4.00400400400045","4.00400400400045","4.00400400400045","7.2216649949957885","7.2216649949957885","7.2216649949957885","61.899999999996005","61.899999999996005","61.899999999996005","43.887775551096105","43.887775551096105","43.887775551096105"
"8275.407413348","1.500000000014552","1.500000000014552","1.500000000014552","1.1988011988114398","1.1988011988114398","1.1988011988114398","70.27027027026708","70.27027027026708","70.27027027026708","31.099999999996726","31.099999999996726","31.099999999996726"
"8285.407152816","7.014028056119683","7.014028056119683","7.014028056119683","7.11422845688846","7.11422845688846","7.11422845688846","37.13713713714742","37.13713713714742","37.13713713714742","64.46446446446834","64.46446446446834","64.46446446446834"
"8295.406920407","9.709709709703366","9.709709709703366","9.709709709703366","20.64128256514052","20.64128256514052","20.64128256514052","21.66499498496","21.66499498496","21.66499498496","77.97797797797531","77.97797797797531","77.97797797797531"
"8305.407620851","2.8942115768548953","2.8942115768548953","2.8942115768548953","8.499999999986994","8.499999999986994","8.499999999986994","56.85685685685191","56.85685685685191","56.85685685685191","48.051948051951","48.051948051951","48.051948051951"
"8315.407794039","2.605210420826233","2.605210420826233","2.605210420826233","6.806806806827874","6.806806806827874","6.806806806827874","73.40000000000146","73.40000000000146","73.40000000000146","31.331331331333107","31.331331331333107","31.331331331333107"
"8325.407121647","8.083832335326175","8.083832335326175","8.083832335326175","14.428857715421001","14.428857715421001","14.428857715421001","33.266533066130805","33.266533066130805","33.266533066130805","76.15230460922065","76.15230460922065","76.15230460922065"
"8335.406888173","2.106318956879853","2.106318956879853","2.106318956879853","12.000000000005093","12.000000000005093","12.000000000005093","33.433433433423495","33.433433433423495","33.433433433423495","67.2327672327705","67.2327672327705","67.2327672327705"
"8345.407366746","2.7000000000043656","2.7000000000043656","2.7000000000043656","8.316633266515991","8.316633266515991","8.316633266515991","42.84284284285164","42.84284284285164","42.84284284285164","62.52505010019639","62.52505010019639","62.52505010019639"
"8355.407113907","22.177822177817426","22.177822177817426","22.177822177817426","12.512512512496857","12.512512512496857","12.512512512496857","48.1481481481441","48.1481481481441","48.1481481481441","45.845845845846114","45.845845845846114","45.845845845846114"
"8365.407267048","2.500000000017735","2.500000000017735","2.500000000017735","6.50000000001337","6.50000000001337","6.50000000001337","45.490981963929485","45.490981963929485","45.490981963929485","59.259259259261285","59.259259259261285","59.259259259261285"
"8375.407886593","3.9078156312241137","3.9078156312241137","3.9078156312241137","5.310621242494042","5.310621242494042","5.310621242494042","4.600000000000364","4.600000000000364","4.600000000000364","99.399999999996","99.399999999996","99.399999999996"
"8385.407289347","3.803803803813391","3.803803803813391","3.803803803813391","16.549648946834942","16.549648946834942","16.549648946834942","86.59999999999854","86.59999999999854","86.59999999999854","23.34669338677384","23.34669338677384","23.34669338677384"
"8395.407208519","4.6000000000117325","4.6000000000117325","4.6000000000117325","9.327983951859098","9.327983951859098","9.327983951859098","66.49999999999636","66.49999999999636","66.49999999999636","33.43343343343864","33.43343343343864","33.43343343343864"
"8405.407270723","7.915831663317522","7.915831663317522","7.915831663317522","8.116232464925112","8.116232464925112","8.116232464925112","11.422845691377432","11.422845691377432","11.422845691377432","88.88888888889193","88.88888888889193","88.88888888889193"
"8415.406767664","20.920920920922832","20.920920920922832","20.920920920922832","20.55888223552296","20.55888223552296","20.55888223552296","12.13640922770715","12.13640922770715","12.13640922770715","75.79999999999927","75.79999999999927","75.79999999999927"
"8425.407114387","10.58941058940754","10.58941058940754","10.58941058940754","9.738955823287451","9.738955823287451","9.738955823287451","58.29999999999169","58.29999999999169","58.29999999999169","37.2745490982029","37.2745490982029","37.2745490982029"
"8435.407179594","2.7027027027248476","2.7027027027248476","2.7027027027248476","4.304304304307312","4.304304304307312","4.304304304307312","79.17917917917944","79.17917917917944","79.17917917917944","27.15430861721363","27.15430861721363","27.15430861721363"
"8445.406735425","5.594405594383229","5.594405594383229","5.594405594383229","27.20883534137237","27.20883534137237","27.20883534137237","42.79999999999745","42.79999999999745","42.79999999999745","55.55555555555859","55.55555555555859","55.55555555555859"
"8455.406729591","7.8921078920997045","7.8921078920997045","7.8921078920997045","4.00400400400045","4.00400400400045","4.00400400400045","32.665330661326266","32.665330661326266","32.665330661326266","69.93006993006841","69.93006993006841","69.93006993006841"
"8465.406808337","2.6078234704331678","2.6078234704331678","2.6078234704331678","8.99100899102397","8.99100899102397","8.99100899102397","55.00000000000001","55.00000000000001","55.00000000000001","49.749749749753384","49.749749749753384","49.749749749753384"
"8475.406745079","2.004008016021581","2.004008016021581","2.004008016021581","3.3033033032850407","3.3033033032850407","3.3033033032850407","28.728728728741242","28.728728728741242","28.728728728741242","79.42057942057588","79.42057942057588","79.42057942057588"
"8485.406800642","9.090909090907438","9.090909090907438","9.090909090907438","13.527054108220671","13.527054108220671","13.527054108220671","60.46046046045232","60.46046046045232","60.46046046045232","48.69999999999891","48.69999999999891","48.69999999999891"
"8495.407735811","3.099999999994907","3.099999999994907","3.099999999994907","6.3936063936027105","6.3936063936027105","6.3936063936027105","27.32732732732355","27.32732732732355","27.32732732732355","78.0780780780816","78.0780780780816","78.0780780780816"
"8505.407565821","2.894211576857164","2.894211576857164","2.894211576857164","11.055276381912396","11.055276381912396","11.055276381912396","35.27054108216113","35.27054108216113","35.27054108216113","67.73547094187981","67.73547094187981","67.73547094187981"
"8515.407287136","9.590409590417087","9.590409590417087","9.590409590417087","17.835671342692713","17.835671342692713","17.835671342692713","84.60000000000316","84.60000000000316","84.60000000000316","17.117117117117857","17.117117117117857","17.117117117117857"
"8525.406748812","4.104104104105013","4.104104104105013","4.104104104105013","6.206206206215499","6.206206206215499","6.206206206215499","54.95495495495397","54.95495495495397","54.95495495495397","51.00401606426058","51.00401606426058","51.00401606426058"
"8535.407272864","2.497502497502443","2.497502497502443","2.497502497502443","53.09999999999491","53.09999999999491","53.09999999999491","22.600000000002183","22.600000000002183","22.600000000002183","36.39999999999873","36.39999999999873","36.39999999999873"
"8545.407336088","11.155378486046683","11.155378486046683","11.155378486046683","9.929789368102776","9.929789368102776","9.929789368102776","92.70000000000437","92.70000000000437","92.70000000000437","16.032064128267052","16.032064128267052","16.032064128267052"
"8555.406805446","4.116465863452715","4.116465863452715","4.116465863452715","12.412412412410498","12.412412412410498","12.412412412410498","61.561561561559266","61.561561561559266","61.561561561559266","35.971943887778586","35.971943887778586","35.971943887778586"
"8565.407185403","4.785643070802506","4.785643070802506","4.785643070802506","22.52252252252529","22.52252252252529","22.52252252252529","59.699999999995214","59.699999999995214","59.699999999995214","28.80000000000495","28.80000000000495","28.80000000000495"
"8575.407110128","12.199999999995672","12.199999999995672","12.199999999995672","16.432865731457813","16.432865731457813","16.432865731457813","82.18218218217524","82.18218218217524","82.18218218217524","16.64994984954828","16.64994984954828","16.64994984954828"
"8585.407136407","3.3033033033026475","3.3033033033026475","3.3033033033026475","5.817452357070866","5.817452357070866","5.817452357070866","90.79999999999927","90.79999999999927","90.79999999999927","13.613613613610633","13.613613613610633","13.613613613610633"
"8595.407255514","7.285429141711893","7.285429141711893","7.285429141711893","2.502502502519854","2.502502502519854","2.502502502519854","28.528528528545806","28.528528528545806","28.528528528545806","76.39999999999418","76.39999999999418","76.39999999999418"
"8605.406984242","3.3132530120477526","3.3132530120477526","3.3132530120477526","16.916916916907258","16.916916916907258","16.916916916907258","61.322645290582756","61.322645290582756","61.322645290582756","43.38677354709536","43.38677354709536","43.38677354709536"
"8615.406587435","1.6983016983046595","1.6983016983046595","1.6983016983046595","1.2036108325053796","1.2036108325053796","1.2036108325053796","30.330330330328444","30.330330330328444","30.330330330328444","70.8708708708717","70.8708708708717","70.8708708708717"
"8625.407357438","1.3000000000099499","1.3000000000099499","1.3000000000099499","1.6000000000008185","1.6000000000008185","1.6000000000008185","30.030030030030687","30.030030030030687","30.030030030030687","71.09999999999673","71.09999999999673","71.09999999999673"
"8635.406726927","9.809809809805655","9.809809809805655","9.809809809805655","10.599999999994907","10.599999999994907","10.599999999994907","84.61538461538531","84.61538461538531","84.61538461538531","22.845691382768536","22.845691382768536","22.845691382768536"
"8645.40694925","7.307307307319974","7.307307307319974","7.307307307319974","7.344064386314483","7.344064386314483","7.344064386314483","94.69469469469615","94.69469469469615","94.69469469469615","2.7081243731147926","2.7081243731147926","2.7081243731147926"
"8655.406935884","5.299999999989322","5.299999999989322","5.299999999989322","31.100000000005824","31.100000000005824","31.100000000005824","32.800000000009675","32.800000000009675","32.800000000009675","46.09999999998692","46.09999999998692","46.09999999998692"
"8665.407864533","12.112112112103638","12.112112112103638","12.112112112103638","6.80680680680863","6.80680680680863","6.80680680680863","92.90000000000093","92.90000000000093","92.90000000000093","8.73493975904335","8.73493975904335","8.73493975904335"
"8675.407455321","3.807615230471295","3.807615230471295","3.807615230471295","18.355065195587237","18.355065195587237","18.355065195587237","65.23046092183962","65.23046092183962","65.23046092183962","36.92614770459193","36.92614770459193","36.92614770459193"
"8685.406711781","12.024048096181975","12.024048096181975","12.024048096181975","14.814814814810767","14.814814814810767","14.814814814810767","46.69338677354768","46.69338677354768","46.69338677354768","39.37875751503663","39.37875751503663","39.37875751503663"
"8695.407489796","3.003003003015723","3.003003003015723","3.003003003015723","6.820461384155825","6.820461384155825","6.820461384155825","60.76076076075918","60.76076076075918","60.76076076075918","44.85514485514076","44.85514485514076","44.85514485514076"
"8705.407433897","28.371628371605446","28.371628371605446","28.371628371605446","9.40940940939878","9.40940940939878","9.40940940939878","48.748748748748724","48.748748748748724","48.748748748748724","42.04204204204114","42.04204204204114","42.04204204204114"
"8715.407461424","9.281437125767471","9.281437125767471","9.281437125767471","7.407407407407661","7.407407407407661","7.407407407407661","93.3933933933947","93.3933933933947","93.3933933933947","5.015045135414756","5.015045135414756","5.015045135414756"
"8725.407214755","7.314629258496086","7.314629258496086","7.314629258496086","16.299999999991996","16.299999999991996","16.299999999991996","82.99999999999272","82.99999999999272","82.99999999999272","6.419257773314543","6.419257773314543","6.419257773314543"
"8735.407744779","6.97906281157437","6.97906281157437","6.97906281157437","64.05622489960254","64.05622489960254","64.05622489960254","51.05105105105581","51.05105105105581","51.05105105105581","8.308308308307762","8.308308308307762","8.308308308307762"
"8745.407757649","3.3932135728754025","3.3932135728754025","3.3932135728754025","40.01996007984802","40.01996007984802","40.01996007984802","63.40000000000812","63.40000000000812","63.40000000000812","8.216432865728907","8.216432865728907","8.216432865728907"
"8755.407289851","2.799999999988868","2.799999999988868","2.799999999988868","9.02708124372649","9.02708124372649","9.02708124372649","43.887775551096105","43.887775551096105","43.887775551096105","61.022044088178475","61.022044088178475","61.022044088178475"
"8765.406916754","16.800000000000992","16.800000000000992","16.800000000000992","10.799999999999272","10.799999999999272","10.799999999999272","36.23623623623594","36.23623623623594","36.23623623623594","64.49999999999818","64.49999999999818","64.49999999999818"
"8775.406978806","1.299999999992233","1.299999999992233","1.299999999992233","1.1011011010889442","1.1011011010889442","1.1011011010889442","32.36472945891487","32.36472945891487","32.36472945891487","68.90000000000327","68.90000000000327","68.90000000000327"
"8785.40688111","3.393213572857865","3.393213572857865","3.393213572857865","8.500000000005912","8.500000000005912","8.500000000005912","76.15230460922065","76.15230460922065","76.15230460922065","25.125125125127862","25.125125125127862","25.125125125127862"
"8795.407083771","13.239719157470367","13.239719157470367","13.239719157470367","33.233830845781064","33.233830845781064","33.233830845781064","11.3113113112874","11.3113113112874","11.3113113112874","71.54308617234199","71.54308617234199","71.54308617234199"
"8805.407559214","16.900000000004294","16.900000000004294","16.900000000004294","4.714142427275587","4.714142427275587","4.714142427275587","84.00000000000546","84.00000000000546","84.00000000000546","9.709709709703366","9.709709709703366","9.709709709703366"
"8815.4072957","3.2032032032003595","3.2032032032003595","3.2032032032003595","26.226226226221378","26.226226226221378","26.226226226221378","26.17853560680977","26.17853560680977","26.17853560680977","57.6576576576611","57.6576576576611","57.6576576576611"
"8825.407282921","5.4054054054165395","5.4054054054165395","5.4054054054165395","18.281718281717158","18.281718281717158","18.281718281717158","53.607214428863706","53.607214428863706","53.607214428863706","41.5584415584392","41.5584415584392","41.5584415584392"
"8835.407689853","16.650049850448294","16.650049850448294","16.650049850448294","25.476429287869372","25.476429287869372","25.476429287869372","67.0670670670727","67.0670670670727","67.0670670670727","7.321965897689181","7.321965897689181","7.321965897689181"
"8845.407248474","8.40840840839337","8.40840840839337","8.40840840839337","5.905905905907492","5.905905905907492","5.905905905907492","90.99999999999454","90.99999999999454","90.99999999999454","8.634538152615466","8.634538152615466","8.634538152615466"
"8855.40695053","21.100000000016333","21.100000000016333","21.100000000016333","7.899999999992816","7.899999999992816","7.899999999992816","58.8000000000011","58.8000000000011","58.8000000000011","42.54254254254802","42.54254254254802","42.54254254254802"
"8865.407112803","6.713426853693713","6.713426853693713","6.713426853693713","28.699999999995036","28.699999999995036","28.699999999995036","20.099999999973114","20.099999999973114","20.099999999973114","60.36036036035913","60.36036036035913","60.36036036035913"
"8875.407512906","18.20000000001197","18.20000000001197","18.20000000001197","60.90000000000373","60.90000000000373","60.90000000000373","25.22522522523466","25.22522522523466","25.22522522523466","10.12024048095544","10.12024048095544","10.12024048095544"
"8885.407442977","8.208208208188761","8.208208208188761","8.208208208188761","27.372627372626866","27.372627372626866","27.372627372626866","75.79999999999927","75.79999999999927","75.79999999999927","3.803803803813391","3.803803803813391","3.803803803813391"
"8895.406709344","6.000000000003638","6.000000000003638","6.000000000003638","67.43486973948347","67.43486973948347","67.43486973948347","41.958041958039225","41.958041958039225","41.958041958039225","12.224448897789564","12.224448897789564","12.224448897789564"
"8905.407494972","7.507507507524512","7.507507507524512","7.507507507524512","5.100000000003528","5.100000000003528","5.100000000003528","91.40000000000327","91.40000000000327","91.40000000000327","11.43430290873725","11.43430290873725","11.43430290873725"
"8915.407084104","8.124373119339017","8.124373119339017","8.124373119339017","3.4000000000037294","3.4000000000037294","3.4000000000037294","92.39239239239143","92.39239239239143","92.39239239239143","9.628886659980937","9.628886659980937","9.628886659980937"
"8925.407850841","12.974051896199759","12.974051896199759","12.974051896199759","19.47791164658961","19.47791164658961","19.47791164658961","80.90000000000146","80.90000000000146","80.90000000000146","16.716716716708707","16.716716716708707","16.716716716708707"
"8935.406964135","2.3023023022979827","2.3023023022979827","2.3023023022979827","8.09999999999638","8.09999999999638","8.09999999999638","86.30000000000109","86.30000000000109","86.30000000000109","15.847542627899317","15.847542627899317","15.847542627899317"
"8945.406951261","4.11233701103191","4.11233701103191","4.11233701103191","6.312625250493259","6.312625250493259","6.312625250493259","44.33299899698549","44.33299899698549","44.33299899698549","60.5999999999949","60.5999999999949","60.5999999999949"
"8955.407684602","5.982053838487783","5.982053838487783","5.982053838487783","14.629258517025958","14.629258517025958","14.629258517025958","53.293413173660895","53.293413173660895","53.293413173660895","56.056056056060925","56.056056056060925","56.056056056060925"
"8965.406749649","10.999999999987448","10.999999999987448","10.999999999987448","32.698094282852885","32.698094282852885","32.698094282852885","53.39999999999298","53.39999999999298","53.39999999999298","18.090452261292064","18.090452261292064","18.090452261292064"
"8975.407204499","13.213213213228666","13.213213213228666","13.213213213228666","6.706706706724569","6.706706706724569","6.706706706724569","27.054108216432226","27.054108216432226","27.054108216432226","61.22244488978351","61.22244488978351","61.22244488978351"
"8985.407205476","68.50000000000364","68.50000000000364","68.50000000000364","32.56513026051653","32.56513026051653","32.56513026051653","9.509509509507897","9.509509509507897","9.509509509507897","6.813627254520103","6.813627254520103","6.813627254520103"
"8995.407590301","21.599999999998545","21.599999999998545","21.599999999998545","1.399999999996453","1.399999999996453","1.399999999996453","79.44111776446796","79.44111776446796","79.44111776446796","1.2024048096181974","1.2024048096181974","1.2024048096181974"
"9005.406921993","26.819541375875712","26.819541375875712","26.819541375875712","6.5195586760248645","6.5195586760248645","6.5195586760248645","47.3473473473536","47.3473473473536","47.3473473473536","33.36663336662198","33.36663336662198","33.36663336662198"
"9015.406962277","3.7962037962131996","3.7962037962131996","3.7962037962131996","15.11511511511763","15.11511511511763","15.11511511511763","38.71614844533527","38.71614844533527","38.71614844533527","70.99999999999982","70.99999999999982","70.99999999999982"
"9025.407359443","9.290709290695512","9.290709290695512","9.290709290695512","44.34434434434037","44.34434434434037","44.34434434434037","37.9379379379293","37.9379379379293","37.9379379379293","23.370110330984662","23.370110330984662","23.370110330984662"
"9035.406660324","2.502502502502557","2.502502502502557","2.502502502502557","83.18318318318296","83.18318318318296","83.18318318318296","25.150300601210223","25.150300601210223","25.150300601210223","2.3069207622826333","2.3069207622826333","2.3069207622826333"
"9045.406977364","13.20754716981098","13.20754716981098","13.20754716981098","16.95085255767615","16.95085255767615","16.95085255767615","90.90000000000146","90.90000000000146","90.90000000000146","9.829488465413467","9.829488465413467","9.829488465413467"
"9055.407343654","2.605210420826233","2.605210420826233","2.605210420826233","1.9019019018891798","1.9019019018891798","1.9019019018891798","100","100","100","8.517034068131176","8.517034068131176","8.517034068131176"
"9065.407366696","12.424849699415393","12.424849699415393","12.424849699415393","43.40000000001175","43.40000000001175","43.40000000001175","36.036036036040464","36.036036036040464","36.036036036040464","22.545090180352595","22.545090180352595","22.545090180352595"
"9075.407394383","11.711711711710564","11.711711711710564","11.711711711710564","43.59999999999789","43.59999999999789","43.59999999999789","24.724724724718712","24.724724724718712","24.724724724718712","38.67735470941725","38.67735470941725","38.67735470941725"
"9085.407010109","5.278884462141253","5.278884462141253","5.278884462141253","18.254764292862003","18.254764292862003","18.254764292862003","94.80000000000473","94.80000000000473","94.80000000000473","7.939698492453676","7.939698492453676","7.939698492453676"
"9095.407266845","4.395604395608589","4.395604395608589","4.395604395608589","7.7077077076977165","7.7077077076977165","7.7077077076977165","75.49999999999719","75.49999999999719","75.49999999999719","28.2565130260635","28.2565130260635","28.2565130260635"
"9105.4072645","6.006006006009779","6.006006006009779","6.006006006009779","31.494483450347282","31.494483450347282","31.494483450347282","47.30000000000473","47.30000000000473","47.30000000000473","29.72972972973662","29.72972972973662","29.72972972973662"
"9115.407209956","6.679960119643632","6.679960119643632","6.679960119643632","23.72372372373021","23.72372372373021","23.72372372373021","58.07422266799834","58.07422266799834","58.07422266799834","40.15984015983277","40.15984015983277","40.15984015983277"
"9125.407088871","1.7017017017024672","1.7017017017024672","1.7017017017024672","3.803803803795875","3.803803803795875","3.803803803795875","63.699999999998916","63.699999999998916","63.699999999998916","34.86973947895506","34.86973947895506","34.86973947895506"
"9135.407025107","1.4014014013978815","1.4014014013978815","1.4014014013978815","58.00000000001091","58.00000000001091","58.00000000001091","43.04304304303543","43.04304304303543","43.04304304303543","1.2024048096181974","1.2024048096181974","1.2024048096181974"
"9145.40749276","5.300000000006548","5.300000000006548","5.300000000006548","56.39999999999418","56.39999999999418","56.39999999999418","46.799999999993815","46.799999999993815","46.799999999993815","9.327983951878501","9.327983951878501","9.327983951878501"
"9155.407135797","31.863727454908318","31.863727454908318","31.863727454908318","1.102204408823315","1.102204408823315","1.102204408823315","44.34434434434822","44.34434434434822","44.34434434434822","27.899999999973407","27.899999999973407","27.899999999973407"
"9165.407164705","5.489021956081321","5.489021956081321","5.489021956081321","40.54054054055462","40.54054054055462","40.54054054055462","7.715430861719046","7.715430861719046","7.715430861719046","61.700000000000735","61.700000000000735","61.700000000000735"
"9175.406737099","15.515515515508572","15.515515515508572","15.515515515508572","25.625625625607544","25.625625625607544","25.625625625607544","31.600000000010986","31.600000000010986","31.600000000010986","55.555555555566684","55.555555555566684","55.555555555566684"
"9185.40718798","9.090909090909092","9.090909090909092","9.090909090909092","21.16349047141761","21.16349047141761","21.16349047141761","25.977933801411762","25.977933801411762","25.977933801411762","61.48445336007625","61.48445336007625","61.48445336007625"
"9195.406627347","15.684315684327757","15.684315684327757","15.684315684327757","9.409409409414714","9.409409409414714","9.409409409414714","79.82017982018499","79.82017982018499","79.82017982018499","10.100000000002183","10.100000000002183","10.100000000002183"
"9205.407087267","8.374875373863786","8.374875373863786","8.374875373863786","21.199999999989814","21.199999999989814","21.199999999989814","75.62437562438016","75.62437562438016","75.62437562438016","25.15030060119658","25.15030060119658","25.15030060119658"
"9215.407467342","2.507522567721061","2.507522567721061","2.507522567721061","6.900000000022027","6.900000000022027","6.900000000022027","99.79979979979538","99.79979979979538","99.79979979979538","5.911823647304342","5.911823647304342","5.911823647304342"
"9225.407415078","2.002002001993397","2.002002001993397","2.002002001993397","11.711711711696621","11.711711711696621","11.711711711696621","29.90000000001966","29.90000000001966","29.90000000001966","71.70000000000073","71.70000000000073","71.70000000000073"
"9235.407237907","5.110220440901469","5.110220440901469","5.110220440901469","18.518518518522566","18.518518518522566","18.518518518522566","30.69207622867384","30.69207622867384","30.69207622867384","74.77477477477896","74.77477477477896","74.77477477477896"
"9245.407616459","5.194805194792215","5.194805194792215","5.194805194792215","4.704704704700529","4.704704704700529","4.704704704700529","94.90509490510192","94.90509490510192","94.90509490510192","10.040160642573893","10.040160642573893","10.040160642573893"
"9255.406931098","2.104208416827289","2.104208416827289","2.104208416827289","6.406406406400719","6.406406406400719","6.406406406400719","66.83316683316137","66.83316683316137","66.83316683316137","37.9379379379271","37.9379379379271","37.9379379379271"
"9265.40757763","13.486513486516827","13.486513486516827","13.486513486516827","58.699999999997324","58.699999999997324","58.699999999997324","17.352056168517358","17.352056168517358","17.352056168517358","36.71013039118602","36.71013039118602","36.71013039118602"
"9275.407501947","6.499999999981629","6.499999999981629","6.499999999981629","47.54754754754858","47.54754754754858","47.54754754754858","33.833833833811575","33.833833833811575","33.833833833811575","29.729729729723825","29.729729729723825","29.729729729723825"
"9285.406909748","5.105105105123751","5.105105105123751","5.105105105123751","4.909819639278863","4.909819639278863","4.909819639278863","55.611222444893016","55.611222444893016","55.611222444893016","49.549549549557995","49.549549549557995","49.549549549557995"
"9295.406968765","2.495009980042534","2.495009980042534","2.495009980042534","32.46753246753176","32.46753246753176","32.46753246753176","46.44644644645138","46.44644644645138","46.44644644645138","34.06813627254294","34.06813627254294","34.06813627254294"
"9305.407135501","12.912912912903726","12.912912912903726","12.912912912903726","20.140280561125312","20.140280561125312","20.140280561125312","14.214214214215254","14.214214214215254","14.214214214215254","82.08208208208205","82.08208208208205","82.08208208208205"
"9315.407539058","14.385614385603601","14.385614385603601","14.385614385603601","8.200000000016061","8.200000000016061","8.200000000016061","55.144855144850155","55.144855144850155","55.144855144850155","36.83683683683145","36.83683683683145","36.83683683683145"
"9325.407192725","8.926780341034434","8.926780341034434","8.926780341034434","59.499999999981725","59.499999999981725","59.499999999981725","19.81981981983048","19.81981981983048","19.81981981983048","25.325325325323327","25.325325325323327","25.325325325323327"
"9335.406898764","8.099999999994907","8.099999999994907","8.099999999994907","81.30000000001019","81.30000000001019","81.30000000001019","12.725450901799427","12.725450901799427","12.725450901799427","22.04408817635185","22.04408817635185","22.04408817635185"
"9345.407205217","1.5015015014978927","1.5015015014978927","1.5015015014978927","83.38338338338448","83.38338338338448","83.38338338338448","18.118118118113415","18.118118118113415","18.118118118113415","0.9018036072068133","0.9018036072068133","0.9018036072068133"
"9355.407747381","8.016032064121317","8.016032064121317","8.016032064121317","67.19999999999345","67.19999999999345","67.19999999999345","8.191808191780826","8.191808191780826","8.191808191780826","32.73273273273327","32.73273273273327","32.73273273273327"
"9365.407398163","6.7729083665374015","6.7729083665374015","6.7729083665374015","16.633266533080597","16.633266533080597","16.633266533080597","96.59999999999854","96.59999999999854","96.59999999999854","8.917835671353844","8.917835671353844","8.917835671353844"
"9375.407100697","2.700000000023847","2.700000000023847","2.700000000023847","3.9078156312568635","3.9078156312568635","3.9078156312568635","98.89889889889325","98.89889889889325","98.89889889889325","9.799999999988323","9.799999999988323","9.799999999988323"
"9385.406646256","4.618473895573968","4.618473895573968","4.618473895573968","4.895104895102607","4.895104895102607","4.895104895102607","96.80638722555138","96.80638722555138","96.80638722555138","6.813627254520103","6.813627254520103","6.813627254520103"
"9395.407614392","8.70870870870029","8.70870870870029","8.70870870870029","17.151454363096754","17.151454363096754","17.151454363096754","93.99399399399131","93.99399399399131","93.99399399399131","8.517034068152409","8.517034068152409","8.517034068152409"
"9405.407712426","1.901901901924557","1.901901901924557","1.901901901924557","9.519038076160012","9.519038076160012","9.519038076160012","38.838838838829645","38.838838838829645","38.838838838829645","65.33466533466354","65.33466533466354","65.33466533466354"
"9415.407373055","2.594810379228169","2.594810379228169","2.594810379228169","4.3086172344712566","4.3086172344712566","4.3086172344712566","10.721442885785368","10.721442885785368","10.721442885785368","96.09218436873402","96.09218436873402","96.09218436873402"
"9425.407453038","4.30000000000291","4.30000000000291","4.30000000000291","24.448897795572094","24.448897795572094","24.448897795572094","43.143143143149345","43.143143143149345","43.143143143149345","60.10000000000218","60.10000000000218","60.10000000000218"
"9435.407143112","3.6036036035942334","3.6036036035942334","3.6036036035942334","3.607214428880617","3.607214428880617","3.607214428880617","97.5","97.5","97.5","8.333333333340944","8.333333333340944","8.333333333340944"
"9445.407413649","2.6026026026043705","2.6026026026043705","2.6026026026043705","4.091816367266108","4.091816367266108","4.091816367266108","91.59159159158841","91.59159159158841","91.59159159158841","16.516516516498033","16.516516516498033","16.516516516498033"
"9455.407166039","4.865938430981092","4.865938430981092","4.865938430981092","38.415245737213425","38.415245737213425","38.415245737213425","56.60000000000643","56.60000000000643","56.60000000000643","25.15030060119658","25.15030060119658","25.15030060119658"
"9465.407234785","4.191616766467609","4.191616766467609","4.191616766467609","5.894105894107219","5.894105894107219","5.894105894107219","39.078156312623314","39.078156312623314","39.078156312623314","69.70912738214919","69.70912738214919","69.70912738214919"
"9475.406791416","5.005005005024687","5.005005005024687","5.005005005024687","9.609609609584622","9.609609609584622","9.609609609584622","26.907630522084503","26.907630522084503","26.907630522084503","74.17417417417434","74.17417417417434","74.17417417417434"
"9485.407192638","6.399999999995343","6.399999999995343","6.399999999995343","7.915831663318965","7.915831663318965","7.915831663318965","94.40559440559154","94.40559440559154","94.40559440559154","6.212424849711114","6.212424849711114","6.212424849711114"
"9495.407691922","10.299999999988358","10.299999999988358","10.299999999988358","6.800000000001674","6.800000000001674","6.800000000001674","94.70529470529736","94.70529470529736","94.70529470529736","16.633266533065402","16.633266533065402","16.633266533065402"
"9505.407709372","4.80480480480054","4.80480480480054","4.80480480480054","8.808808808819197","8.808808808819197","8.808808808819197","97.79999999999745","97.79999999999745","97.79999999999745","3.803803803795875","3.803803803795875","3.803803803795875"
"9515.408048277","2.4000000000155706","2.4000000000155706","2.4000000000155706","9.738955823303936","9.738955823303936","9.738955823303936","22.16649949848311","22.16649949848311","22.16649949848311","81.28128128128537","81.28128128128537","81.28128128128537"
"9525.407677967","12.612612612615074","12.612612612615074","12.612612612615074","8.991008990990894","8.991008990990894","8.991008990990894","37.700000000006604","37.700000000006604","37.700000000006604","68.99999999999982","68.99999999999982","68.99999999999982"
"9535.407198894","3.4965034964895185","3.4965034964895185","3.4965034964895185","11.900000000005093","11.900000000005093","11.900000000005093","60.320641282563024","60.320641282563024","60.320641282563024","40.68136272545839","40.68136272545839","40.68136272545839"
"9545.407506575","4.312938816470009","4.312938816470009","4.312938816470009","7.407407407405383","7.407407407405383","7.407407407405383","66.16766467066597","66.16766467066597","66.16766467066597","35.73573573573815","35.73573573573815","35.73573573573815"
"9555.407124331","10.059760956160304","10.059760956160304","10.059760956160304","8.708708708715324","8.708708708715324","8.708708708715324","60.20000000000436","60.20000000000436","60.20000000000436","51.30260521042176","51.30260521042176","51.30260521042176"
"9565.406805054","10.810810810826558","10.810810810826558","10.810810810826558","5.6112224448849215","5.6112224448849215","5.6112224448849215","89.399999999996","89.399999999996","89.399999999996","10.441767068264511","10.441767068264511","10.441767068264511"
"9575.407152181","7.3293172690556405","7.3293172690556405","7.3293172690556405","1.703406813645974","1.703406813645974","1.703406813645974","95.1951951951986","95.1951951951986","95.1951951951986","9.809809809789233","9.809809809789233","9.809809809789233"
"9585.407766539","5.2841475573342","5.2841475573342","5.2841475573342","9.829488465376004","9.829488465376004","9.829488465376004","55.69999999999708","55.69999999999708","55.69999999999708","59.700000000002554","59.700000000002554","59.700000000002554"
"9595.407278564","2.2954091816345388","2.2954091816345388","2.2954091816345388","1.3026052104308679","1.3026052104308679","1.3026052104308679","10.030090270820388","10.030090270820388","10.030090270820388","100","100","100"
"9605.407796526","3.4034034034049343","3.4034034034049343","3.4034034034049343","2.39520958083831","2.39520958083831","2.39520958083831","75.600000000004","75.600000000004","75.600000000004","34.600000000000364","34.600000000000364","34.600000000000364"
"9615.407002653","13.00000000000855","13.00000000000855","13.00000000000855","6.306306306298433","6.306306306298433","6.306306306298433","8.71743486974629","8.71743486974629","8.71743486974629","100","100","100"
"9625.407043201","2.4900398406399495","2.4900398406399495","2.4900398406399495","16.900000000005093","16.900000000005093","16.900000000005093","7.62286860581102","7.62286860581102","7.62286860581102","89.51048951048793","89.51048951048793","89.51048951048793"
"9635.407572398","4.509018036061406","4.509018036061406","4.509018036061406","39.500000000007276","39.500000000007276","39.500000000007276","8.599999999989196","8.599999999989196","8.599999999989196","61.66166166166853","61.66166166166853","61.66166166166853"
"9645.407747297","12.175648702587745","12.175648702587745","12.175648702587745","8.316633266532701","8.316633266532701","8.316633266532701","58.074222668005994","58.074222668005994","58.074222668005994","52.9588766298906","52.9588766298906","52.9588766298906"
"9655.407504751","3.507014028077498","3.507014028077498","3.507014028077498","10.330992978942172","10.330992978942172","10.330992978942172","30.59999999999491","30.59999999999491","30.59999999999491","69.96996996996931","69.96996996996931","69.96996996996931"
"9665.407641593","2.5025025024848047","2.5025025024848047","2.5025025024848047","9.09090909089092","9.09090909089092","9.09090909089092","45.29058116234098","45.29058116234098","45.29058116234098","58.59999999999672","58.59999999999672","58.59999999999672"
"9675.406639446","6.100000000005821","6.100000000005821","6.100000000005821","9.127382146438459","9.127382146438459","9.127382146438459","95.00499500499512","95.00499500499512","95.00499500499512","5.1153460381250575","5.1153460381250575","5.1153460381250575"
"9685.406922001","3.9840637450182155","3.9840637450182155","3.9840637450182155","13.440320962888554","13.440320962888554","13.440320962888554","45.04504504504603","45.04504504504603","45.04504504504603","65.43086172344721","65.43086172344721","65.43086172344721"
"9695.406534373","2.6026026026225786","2.6026026026225786","2.6026026026225786","11.74698795180899","11.74698795180899","11.74698795180899","70.05988023952227","70.05988023952227","70.05988023952227","31.563126252502745","31.563126252502745","31.563126252502745"
"9705.407482029","2.4975024974692785","2.4975024974692785","2.4975024974692785","11.534603811447553","11.534603811447553","11.534603811447553","11.746987951790725","11.746987951790725","11.746987951790725","89.91008991008795","89.91008991008795","89.91008991008795"
"9715.407613282","11.088911088916662","11.088911088916662","11.088911088916662","14.585414585407817","14.585414585407817","14.585414585407817","71.67167167167693","71.67167167167693","71.67167167167693","33.16633266532701","33.16633266532701","33.16633266532701"
"9725.406698782","14.22845691381078","14.22845691381078","14.22845691381078","9.327983951859098","9.327983951859098","9.327983951859098","65.6312625250548","65.6312625250548","65.6312625250548","24.69879518071629","24.69879518071629","24.69879518071629"
"9735.406822787","2.991026919272819","2.991026919272819","2.991026919272819","9.900000000014206","9.900000000014206","9.900000000014206","41.599999999998545","41.599999999998545","41.599999999998545","61.723446893795796","61.723446893795796","61.723446893795796"
"9745.407003562","14.071856287425351","14.071856287425351","14.071856287425351","15.815815815802381","15.815815815802381","15.815815815802381","59.55955955955904","59.55955955955904","59.55955955955904","40.51896207585053","40.51896207585053","40.51896207585053"
"9755.407454059","3.9195979899267637","3.9195979899267637","3.9195979899267637","30.130130130127487","30.130130130127487","30.130130130127487","69.73026973026744","69.73026973026744","69.73026973026744","10.120240480959996","10.120240480959996","10.120240480959996"
"9765.406801517","7.784431137730747","7.784431137730747","7.784431137730747","35.79999999999927","35.79999999999927","35.79999999999927","14.614614614606195","14.614614614606195","14.614614614606195","57.11422845691321","57.11422845691321","57.11422845691321"
"9775.40718151","12.649402390442626","12.649402390442626","12.649402390442626","20.541082164324543","20.541082164324543","20.541082164324543","57.6576576576611","57.6576576576611","57.6576576576611","38.91675025074679","38.91675025074679","38.91675025074679"
"9785.407481365","8.917835671353844","8.917835671353844","8.917835671353844","5.310621242491764","5.310621242491764","5.310621242491764","93.19999999999833","93.19999999999833","93.19999999999833","6.212424849698577","6.212424849698577","6.212424849698577"
"9795.407218487","1.8036072144162336","1.8036072144162336","1.8036072144162336","46.59318637274389","46.59318637274389","46.59318637274389","9.519038076117916","9.519038076117916","9.519038076117916","48.59719438877421","48.59719438877421","48.59719438877421"
"9805.406860413","4.990019960079623","4.990019960079623","4.990019960079623","25.799999999999272","25.799999999999272","25.799999999999272","61.66166166166853","61.66166166166853","61.66166166166853","33.100000000004","33.100000000004","33.100000000004"
"9815.406847916","3.1155778894418895","3.1155778894418895","3.1155778894418895","10.200000000004366","10.200000000004366","10.200000000004366","97.09418837674463","97.09418837674463","97.09418837674463","4.008016032069041","4.008016032069041","4.008016032069041"
"9825.406571385","5.210420841705245","5.210420841705245","5.210420841705245","3.4136546184750323","3.4136546184750323","3.4136546184750323","84.38438438438915","84.38438438438915","84.38438438438915","19.71971971972725","19.71971971972725","19.71971971972725"
"9835.406877372","9.309309309295912","9.309309309295912","9.309309309295912","10.778443113771258","10.778443113771258","10.778443113771258","11.288711288728253","11.288711288728253","11.288711288728253","100","100","100"
"9845.407439648","5.105105105108748","5.105105105108748","5.105105105108748","7.207207207219982","7.207207207219982","7.207207207219982","3.5070140280332103","3.5070140280332103","3.5070140280332103","98.19999999999709","98.19999999999709","98.19999999999709"
"9855.407135857","8.826479438324132","8.826479438324132","8.826479438324132","38.738738738736444","38.738738738736444","38.738738738736444","7.414829659333649","7.414829659333649","7.414829659333649","60.69999999999709","60.69999999999709","60.69999999999709"
"9865.406982603","4.204204204187581","4.204204204187581","4.204204204187581","8.71743486974629","8.71743486974629","8.71743486974629","96.70000000000073","96.70000000000073","96.70000000000073","13.613613613626363","13.613613613626363","13.613613613626363"
"9875.407139356","13.91391391390839","13.91391391390839","13.91391391390839","8.617234468927428","8.617234468927428","8.617234468927428","88.5114885114924","88.5114885114924","88.5114885114924","9.447236180901537","9.447236180901537","9.447236180901537"
"9885.406823652","4.300000000022592","4.300000000022592","4.300000000022592","9.218436873746947","9.218436873746947","9.218436873746947","11.133400200599253","11.133400200599253","11.133400200599253","90.29029029028753","90.29029029028753","90.29029029028753"
"9895.407112153","6.19380619379928","6.19380619379928","6.19380619379928","4.408817635260693","4.408817635260693","4.408817635260693","91.79999999999531","91.79999999999531","91.79999999999531","13.813813813815209","13.813813813815209","13.813813813815209"
"9905.407363252","4.099999999998545","4.099999999998545","4.099999999998545","13.51351351351499","13.51351351351499","13.51351351351499","12.424849699381193","12.424849699381193","12.424849699381193","100","100","100"
"9915.407549772","5.677290836649994","5.677290836649994","5.677290836649994","9.409409409400494","9.409409409400494","9.409409409400494","60.82164328658003","60.82164328658003","60.82164328658003","39.939939939938625","39.939939939938625","39.939939939938625"
"9925.4069139","2.0080321285215375","2.0080321285215375","2.0080321285215375","5.5165496489571435","5.5165496489571435","5.5165496489571435","36.636636636635984","36.636636636635984","36.636636636635984","69.49999999999264","69.49999999999264","69.49999999999264"
"9935.407409077","10","10","10","6.318956870621315","6.318956870621315","6.318956870621315","55.00000000000001","55.00000000000001","55.00000000000001","59.499999999998174","59.499999999998174","59.499999999998174"
"9945.407010101","4.699999999993452","4.699999999993452","4.699999999993452","8.383233532918586","8.383233532918586","8.383233532918586","92.39999999999782","92.39999999999782","92.39999999999782","8.425275827475339","8.425275827475339","8.425275827475339"
"9955.407414756","4.600000000008622","4.600000000008622","4.600000000008622","5.305305305296044","5.305305305296044","5.305305305296044","72.70000000000437","72.70000000000437","72.70000000000437","25.15030060119658","25.15030060119658","25.15030060119658"
"9965.407208496","37.06293706293427","37.06293706293427","37.06293706293427","24.62462462463463","24.62462462463463","24.62462462463463","24.924924924923282","24.924924924923282","24.924924924923282","31.33133133133766","31.33133133133766","31.33133133133766"
"9975.407144815","80.90000000000146","80.90000000000146","80.90000000000146","2.400000000000091","2.400000000000091","2.400000000000091","19.038076152292682","19.038076152292682","19.038076152292682","1.1033099297950777","1.1033099297950777","1.1033099297950777"
"9985.407075786","13.586413586405675","13.586413586405675","13.586413586405675","9.30000000000291","9.30000000000291","9.30000000000291","88.78878878878965","88.78878878878965","88.78878878878965","3.607214428854592","3.607214428854592","3.607214428854592"
"9995.407348603","4.495504495493495","4.495504495493495","4.495504495493495","14.773869346741586","14.773869346741586","14.773869346741586","100","100","100","9.628886659988304","9.628886659988304","9.628886659988304"
"10005.406787636","1.8000000000051843","1.8000000000051843","1.8000000000051843","11.022044088180479","11.022044088180479","11.022044088180479","37.87575150299379","37.87575150299379","37.87575150299379","56.59999999999975","56.59999999999975","56.59999999999975"
"10015.407183798","5.489021956083589","5.489021956083589","5.489021956083589","1.002004008019721","1.002004008019721","1.002004008019721","53.15315315315775","53.15315315315775","53.15315315315775","48.24824824825581","48.24824824825581","48.24824824825581"
"10025.407322199","7.2000000000103315","7.2000000000103315","7.2000000000103315","25.874125874110867","25.874125874110867","25.874125874110867","13.540621865592206","13.540621865592206","13.540621865592206","84.93013972055736","84.93013972055736","84.93013972055736"
"10035.406990991","3.603603603609509","3.603603603609509","3.603603603609509","46.5465465465524","46.5465465465524","46.5465465465524","25.15030060119658","25.15030060119658","25.15030060119658","40.12036108324326","40.12036108324326","40.12036108324326"
"10045.40752533","6.006006006010961","6.006006006010961","6.006006006010961","12.024048096200287","12.024048096200287","12.024048096200287","34.46553446554098","34.46553446554098","34.46553446554098","62.86286286286169","62.86286286286169","62.86286286286169"
"10055.407920172","9.519038076141785","9.519038076141785","9.519038076141785","20.94188376753363","20.94188376753363","20.94188376753363","83.28328328328524","83.28328328328524","83.28328328328524","16.432865731473044","16.432865731473044","16.432865731473044"
"10065.406603062","7.807807807816809","7.807807807816809","7.807807807816809","15.815815815815434","15.815815815815434","15.815815815815434","48.94894894894419","48.94894894894419","48.94894894894419","39.97995991983924","39.97995991983924","39.97995991983924"
"10075.408105174","4.091816367263839","4.091816367263839","4.091816367263839","7.307307307304428","7.307307307304428","7.307307307304428","24.124124124123195","24.124124124123195","24.124124124123195","82.81718281718065","82.81718281718065","82.81718281718065"
"10085.40747288","13.899999999995316","13.899999999995316","13.899999999995316","2.4072216649925147","2.4072216649925147","2.4072216649925147","75.62688064193038","75.62688064193038","75.62688064193038","21.84368737474426","21.84368737474426","21.84368737474426"
"10095.407278316","7.884231536934518","7.884231536934518","7.884231536934518","14.914914914913055","14.914914914913055","14.914914914913055","65.53106212424188","65.53106212424188","65.53106212424188","42.084168336673365","42.084168336673365","42.084168336673365"
"10105.406590438","5.205205205209689","5.205205205209689","5.205205205209689","4.900000000000091","4.900000000000091","4.900000000000091","59.5595595595664","59.5595595595664","59.5595595595664","45.145145145153755","45.145145145153755","45.145145145153755"
"10115.406992347","2.1021021020956843","2.1021021020956843","2.1021021020956843","4.413239719162871","4.413239719162871","4.413239719162871","7.399999999997816","7.399999999997816","7.399999999997816","98.40000000000146","98.40000000000146","98.40000000000146"
"10125.407170357","4.083665338644353","4.083665338644353","4.083665338644353","22.344689378768273","22.344689378768273","22.344689378768273","84.60000000000036","84.60000000000036","84.60000000000036","17.871485943764977","17.871485943764977","17.871485943764977"
"10135.407124123","4.4088176352750335","4.4088176352750335","4.4088176352750335","6.106106106093858","6.106106106093858","6.106106106093858","15.346038114341482","15.346038114341482","15.346038114341482","87.5","87.5","87.5"
"10145.407500613","3.499999999988358","3.499999999988358","3.499999999988358","4.00400400400045","4.00400400400045","4.00400400400045","30.73073073072849","30.73073073072849","30.73073073072849","76.07607607608138","76.07607607608138","76.07607607608138"
"10155.407113891","7.385229540932476","7.385229540932476","7.385229540932476","19.358074222674475","19.358074222674475","19.358074222674475","68.16816816816456","68.16816816816456","68.16816816816456","34.50351053159304","34.50351053159304","34.50351053159304"
"10165.407761135","2.7972027971916145","2.7972027971916145","2.7972027971916145","22.74549098196515","22.74549098196515","22.74549098196515","61.261261261268565","61.261261261268565","61.261261261268565","27.855711422835245","27.855711422835245","27.855711422835245"
"10175.407430965","2.700000000006148","2.700000000006148","2.700000000006148","52.557673019058434","52.557673019058434","52.557673019058434","13.22645290579347","13.22645290579347","13.22645290579347","46.599999999998545","46.599999999998545","46.599999999998545"
"10185.407007822","18.507462686544795","18.507462686544795","18.507462686544795","38.99999999999636","38.99999999999636","38.99999999999636","39.63963963964275","39.63963963964275","39.63963963964275","31.362725450904268","31.362725450904268","31.362725450904268"
"10195.407241408","2.597402597404721","2.597402597404721","2.597402597404721","10.010010010012504","10.010010010012504","10.010010010012504","21.02102102102512","21.02102102102512","21.02102102102512","82.69999999999527","82.69999999999527","82.69999999999527"
"10205.407430362","7.192807192819631","7.192807192819631","7.192807192819631","47.64764764765088","47.64764764765088","47.64764764765088","56.09999999999673","56.09999999999673","56.09999999999673","2.106318956879853","2.106318956879853","2.106318956879853"
"10215.407583688","12.199999999995725","12.199999999995725","12.199999999995725","40.81836327346351","40.81836327346351","40.81836327346351","5.622489959834737","5.622489959834737","5.622489959834737","61.62324649298502","61.62324649298502","61.62324649298502"
"10225.407329396","2.004008016039442","2.004008016039442","2.004008016039442","36.83683683682906","36.83683683682906","36.83683683682906","6.986027944126542","6.986027944126542","6.986027944126542","64.36436436436868","64.36436436436868","64.36436436436868"
"10235.406786367","2.4072216649925147","2.4072216649925147","2.4072216649925147","42.89999999999054","42.89999999999054","42.89999999999054","9.018036072124454","9.018036072124454","9.018036072124454","59.55955955956359","59.55955955956359","59.55955955956359"
"10245.407454995","5.976095617534067","5.976095617534067","5.976095617534067","9.628886659988304","9.628886659988304","9.628886659988304","75.30000000000194","75.30000000000194","75.30000000000194","39.31795386159001","39.31795386159001","39.31795386159001"
"10255.406646173","14.744232698088682","14.744232698088682","14.744232698088682","6.606606606607571","6.606606606607571","6.606606606607571","84.56913827655279","84.56913827655279","84.56913827655279","8.99100899100516","8.99100899100516","8.99100899100516"
"10265.407309127","7.60760760761085","7.60760760761085","7.60760760761085","3.6963036962788824","3.6963036962788824","3.6963036962788824","26.426426426430282","26.426426426430282","26.426426426430282","77.37737737738381","77.37737737738381","77.37737737738381"
"10275.407246074","3.9039039039163703","3.9039039039163703","3.9039039039163703","18.555667001019348","18.555667001019348","18.555667001019348","83.39999999999236","83.39999999999236","83.39999999999236","13.340020060187378","13.340020060187378","13.340020060187378"
"10285.407598616","7.107107107098523","7.107107107098523","7.107107107098523","38.56143856143237","38.56143856143237","38.56143856143237","48.200000000006185","48.200000000006185","48.200000000006185","30.26052104208075","30.26052104208075","30.26052104208075"
"10295.406654169","7.8921078920997045","7.8921078920997045","7.8921078920997045","5.115346038098624","5.115346038098624","5.115346038098624","85.78578578578475","85.78578578578475","85.78578578578475","16.73346693387526","16.73346693387526","16.73346693387526"
"10305.406841884","4.008016032062206","4.008016032062206","4.008016032062206","38.20000000000833","38.20000000000833","38.20000000000833","48.500000000003915","48.500000000003915","48.500000000003915","23.647294589180667","23.647294589180667","23.647294589180667"
"10315.407428829","4.990019960080529","4.990019960080529","4.990019960080529","47.6953907815674","47.6953907815674","47.6953907815674","33.567134268533074","33.567134268533074","33.567134268533074","42.72818455365686","42.72818455365686","42.72818455365686"
"10325.406977588","4.486540378872638","4.486540378872638","4.486540378872638","20.44088176351847","20.44088176351847","20.44088176351847","70.04008016032152","70.04008016032152","70.04008016032152","19.25777331995275","19.25777331995275","19.25777331995275"
"10335.407256311","8.483033932138989","8.483033932138989","8.483033932138989","9.309309309312425","9.309309309312425","9.309309309312425","58.483033932131455","58.483033932131455","58.483033932131455","38.938938938933966","38.938938938933966","38.938938938933966"
"10345.406967246","13.386613386614387","13.386613386614387","13.386613386614387","36.26373626374565","36.26373626374565","36.26373626374565","68.06806806807137","68.06806806807137","68.06806806807137","12.925851703407016","12.925851703407016","12.925851703407016"
"10355.407217842","7.707707707712245","7.707707707712245","7.707707707712245","3.3033033033026475","3.3033033033026475","3.3033033033026475","94.09999999999854","94.09999999999854","94.09999999999854","9.218436873744071","9.218436873744071","9.218436873744071"
"10365.407451183","2.40240240240027","2.40240240240027","2.40240240240027","2.797202797211041","2.797202797211041","2.797202797211041","74.4744744744721","74.4744744744721","74.4744744744721","33.33333333333638","33.33333333333638","33.33333333333638"
"10375.406801796","8.80000000001086","8.80000000001086","8.80000000001086","7.0210631895582205","7.0210631895582205","7.0210631895582205","54.15415415415388","54.15415415415388","54.15415415415388","60.36036036035913","60.36036036035913","60.36036036035913"
"10385.406913006","14.629258517028626","14.629258517028626","14.629258517028626","3.7962037961964077","3.7962037961964077","3.7962037961964077","62.86286286286169","62.86286286286169","62.86286286286169","32.46492985971867","32.46492985971867","32.46492985971867"
"10395.406809185","9.181636726547232","9.181636726547232","9.181636726547232","5.500000000012188","5.500000000012188","5.500000000012188","57.54245754247527","57.54245754247527","57.54245754247527","42.642642642656206","42.642642642656206","42.642642642656206"
"10405.406735967","5.094905094889919","5.094905094889919","5.094905094889919","17.31731731731333","17.31731731731333","17.31731731731333","100","100","100","8.643216080390527","8.643216080390527","8.643216080390527"
"10415.406778115","10.578842315363717","10.578842315363717","10.578842315363717","3.0030030030162695","3.0030030030162695","3.0030030030162695","91.30000000000268","91.30000000000268","91.30000000000268","10.932798395178613","10.932798395178613","10.932798395178613"
"10425.406956531","10.41041041043569","10.41041041043569","10.41041041043569","14.428857715436244","14.428857715436244","14.428857715436244","79.72027972027362","79.72027972027362","79.72027972027362","10.59999999998774","10.59999999998774","10.59999999998774"
"10435.407913731","12.299999999995634","12.299999999995634","12.299999999995634","32.76553106211183","32.76553106211183","32.76553106211183","41.841841841845664","41.841841841845664","41.841841841845664","41.96787148594271","41.96787148594271","41.96787148594271"
"10445.407490768","2.4975024975047146","2.4975024975047146","2.4975024975047146","4.004004004002725","4.004004004002725","4.004004004002725","37.13713713712921","37.13713713712921","37.13713713712921","71.74348697395473","71.74348697395473","71.74348697395473"
"10455.406671836","7.684630738495728","7.684630738495728","7.684630738495728","7.128514056216758","7.128514056216758","7.128514056216758","72.00000000000728","72.00000000000728","72.00000000000728","26.9999999999849","26.9999999999849","26.9999999999849"
"10465.406984861","10.220440881766486","10.220440881766486","10.220440881766486","19.341974077772782","19.341974077772782","19.341974077772782","10.040160642562029","10.040160642562029","10.040160642562029","88.48848848849397","88.48848848849397","88.48848848849397"
"10475.407293223","3.0030030030139936","3.0030030030139936","3.0030030030139936","7.107107107116731","7.107107107116731","7.107107107116731","9.118236472952283","9.118236472952283","9.118236472952283","96.899999999996","96.899999999996","96.899999999996"
"10485.406856239","4.995004994987622","4.995004994987622","4.995004994987622","11.21121121120126","11.21121121120126","11.21121121120126","3.009027081254327","3.009027081254327","3.009027081254327","96.99999999999818","96.99999999999818","96.99999999999818"
"10495.406912949","8.416833667353933","8.416833667353933","8.416833667353933","36.30892678034481","36.30892678034481","36.30892678034481","64.12825651302522","64.12825651302522","64.12825651302522","3.811434302900949","3.811434302900949","3.811434302900949"
"10505.406999591","13.099999999997289","13.099999999997289","13.099999999997289","17.29999999999878","17.29999999999878","17.29999999999878","77.27727727728151","77.27727727728151","77.27727727728151","21.87812187812649","21.87812187812649","21.87812187812649"
"10515.406662775","3.0060120240409374","3.0060120240409374","3.0060120240409374","12.000000000005093","12.000000000005093","12.000000000005093","55.399999999999636","55.399999999999636","55.399999999999636","44.78957915831203","44.78957915831203","44.78957915831203"
"10525.407536942","2.4048096192386734","2.4048096192386734","2.4048096192386734","17.23446893786994","17.23446893786994","17.23446893786994","42.084168336662806","42.084168336662806","42.084168336662806","53.353353353358344","53.353353353358344","53.353353353358344"
"10535.406568138","15.868263473069927","15.868263473069927","15.868263473069927","43.200000000009695","43.200000000009695","43.200000000009695","54.6546546546471","54.6546546546471","54.6546546546471","15.631262525061057","15.631262525061057","15.631262525061057"
"10545.406800338","30.399999999977883","30.399999999977883","30.399999999977883","3.4034034034049343","3.4034034034049343","3.4034034034049343","36.636636636647516","36.636636636647516","36.636636636647516","36.23623623623594","36.23623623623594","36.23623623623594"
"10555.407205701","2.3023023023157716","2.3023023023157716","2.3023023023157716","6.406406406366637","6.406406406366637","6.406406406366637","64.39999999999861","64.39999999999861","64.39999999999861","36.636636636635984","36.636636636635984","36.636636636635984"
"10565.407567296","9.390609390614275","9.390609390614275","9.390609390614275","11.935807422272692","11.935807422272692","11.935807422272692","26.85370741483797","26.85370741483797","26.85370741483797","83.09999999999798","83.09999999999798","83.09999999999798"
"10575.406875954","7.299999999996771","7.299999999996771","7.299999999996771","40.3596403596323","40.3596403596323","40.3596403596323","55.26579739217322","55.26579739217322","55.26579739217322","11.711711711712695","11.711711711712695","11.711711711712695"
"10585.407051477","9.309309309312425","9.309309309312425","9.309309309312425","2.20440881764663","2.20440881764663","2.20440881764663","92.80719280719042","92.80719280719042","92.80719280719042","9.61923847694558","9.61923847694558","9.61923847694558"
"10595.407382","13.786213786207997","13.786213786207997","13.786213786207997","20.24048096192911","20.24048096192911","20.24048096192911","87.35059760955622","87.35059760955622","87.35059760955622","7.815631262522841","7.815631262522841","7.815631262522841"
"10605.407265523","5.994005994009497","5.994005994009497","5.994005994009497","13.21321321321059","13.21321321321059","13.21321321321059","30.661322645299453","30.661322645299453","30.661322645299453","67.13286713286821","67.13286713286821","67.13286713286821"
"10615.407673821","2.4072216649925147","2.4072216649925147","2.4072216649925147","6.406406406420037","6.406406406420037","6.406406406420037","72.70000000000437","72.70000000000437","72.70000000000437","34.102306920760874","34.102306920760874","34.102306920760874"
"10625.406679608","16.417910447773888","16.417910447773888","16.417910447773888","20.24048096191316","20.24048096191316","20.24048096191316","42.08416833665369","42.08416833665369","42.08416833665369","50.80160320641198","50.80160320641198","50.80160320641198"
"10635.407009316","4.714142427277867","4.714142427277867","4.714142427277867","40.28056112223974","40.28056112223974","40.28056112223974","67.43256743257506","67.43256743257506","67.43256743257506","2.2044088176379186","2.2044088176379186","2.2044088176379186"
"10645.407221403","11.011011011014894","11.011011011014894","11.011011011014894","10.000000000016371","10.000000000016371","10.000000000016371","89.18918918918057","89.18918918918057","89.18918918918057","3.6999999999859394","3.6999999999859394","3.6999999999859394"
"10655.407130001","19.219219219220367","19.219219219220367","19.219219219220367","9.719438877749374","9.719438877749374","9.719438877749374","41.082164328662756","41.082164328662756","41.082164328662756","59.97993981945612","59.97993981945612","59.97993981945612"
"10665.406828829","3.8038038037806357","3.8038038037806357","3.8038038037806357","9.01803607215762","9.01803607215762","9.01803607215762","79.52047952047815","79.52047952047815","79.52047952047815","21.664994984954827","21.664994984954827","21.664994984954827"
"10675.407467571","4.191616766485002","4.191616766485002","4.191616766485002","6.927710843360951","6.927710843360951","6.927710843360951","89.28928928928481","89.28928928928481","89.28928928928481","15.015015015015344","15.015015015015344","15.015015015015344"
"10685.407052103","9.428284854551174","9.428284854551174","9.428284854551174","2.4048096192386734","2.4048096192386734","2.4048096192386734","92.30000000000473","92.30000000000473","92.30000000000473","8.224674022071442","8.224674022071442","8.224674022071442"
"10695.407620001","14.271457085848457","14.271457085848457","14.271457085848457","17.817817817823794","17.817817817823794","17.817817817823794","89.399999999996","89.399999999996","89.399999999996","7.321965897689181","7.321965897689181","7.321965897689181"
"10705.406910491","4.299999999985503","4.299999999985503","4.299999999985503","4.714142427275587","4.714142427275587","4.714142427275587","81.40000000000327","81.40000000000327","81.40000000000327","22.12212212212297","22.12212212212297","22.12212212212297"
"10715.407615178","36.06393606394109","36.06393606394109","36.06393606394109","2.3023023023157716","2.3023023023157716","2.3023023023157716","22.945891783567774","22.945891783567774","22.945891783567774","43.599999999996726","43.599999999996726","43.599999999996726"
"10725.406801066","10.489510489502992","10.489510489502992","10.489510489502992","13.026052104203975","13.026052104203975","13.026052104203975","50.29999999999746","50.29999999999746","50.29999999999746","54.49999999999818","54.49999999999818","54.49999999999818"
"10735.407827235","7.984031936121585","7.984031936121585","7.984031936121585","11.222444889788068","11.222444889788068","11.222444889788068","77.27727727727242","77.27727727727242","77.27727727727242","15.831663326668611","15.831663326668611","15.831663326668611"
"10745.406928615","10.889110889112105","10.889110889112105","10.889110889112105","11.322645290573638","11.322645290573638","11.322645290573638","64.33566433566801","64.33566433566801","64.33566433566801","28.356713426845104","28.356713426845104","28.356713426845104"
"10755.406936793","8.175473579277698","8.175473579277698","8.175473579277698","22.5","22.5","22.5","40.600000000004","40.600000000004","40.600000000004","58.31663326654029","58.31663326654029","58.31663326654029"
"10765.407219098","4.491017964061584","4.491017964061584","4.491017964061584","60.36036036036824","60.36036036036824","60.36036036036824","30.130130130123867","30.130130130123867","30.130130130123867","19.35807422266307","19.35807422266307","19.35807422266307"
"10775.407281385","6.593406593423168","6.593406593423168","6.593406593423168","32.19658976930128","32.19658976930128","32.19658976930128","26.72672672674138","26.72672672674138","26.72672672674138","49.45054945054655","49.45054945054655","49.45054945054655"
"10785.406617964","3.781094527355494","3.781094527355494","3.781094527355494","11.911911911915102","11.911911911915102","11.911911911915102","69.2076228685976","69.2076228685976","69.2076228685976","43.587174348693836","43.587174348693836","43.587174348693836"
"10795.407122749","2.2999999999956344","2.2999999999956344","2.2999999999956344","4.012036108321589","4.012036108321589","4.012036108321589","52.29540918164135","52.29540918164135","52.29540918164135","55.4554554554563","55.4554554554563","55.4554554554563"
"10805.406589579","5.994005994009497","5.994005994009497","5.994005994009497","20.120120120122746","20.120120120122746","20.120120120122746","75.95190380761782","75.95190380761782","75.95190380761782","11.58841158843049","11.58841158843049","11.58841158843049"
"10815.406856791","11.055776892435116","11.055776892435116","11.055776892435116","13.440320962888554","13.440320962888554","13.440320962888554","88.88888888888485","88.88888888888485","88.88888888888485","13.799999999969732","13.799999999969732","13.799999999969732"
"10825.407980508","2.2954091816322695","2.2954091816322695","2.2954091816322695","9.418837675358494","9.418837675358494","9.418837675358494","38.99999999999436","38.99999999999436","38.99999999999436","65.06506506507284","65.06506506507284","65.06506506507284"
"10835.407323115","2.202202202196096","2.202202202196096","2.202202202196096","10.27944111775427","10.27944111775427","10.27944111775427","32.56513026052564","32.56513026052564","32.56513026052564","70.79999999999927","70.79999999999927","70.79999999999927"
"10845.407521148","6.28742514970935","6.28742514970935","6.28742514970935","13.25301204818859","13.25301204818859","13.25301204818859","97.40000000000644","97.40000000000644","97.40000000000644","11.758793969842127","11.758793969842127","11.758793969842127"
"10855.40717485","6.906906906895205","6.906906906895205","6.906906906895205","10.910910910928827","10.910910910928827","10.910910910928827","50.64935064934664","50.64935064934664","50.64935064934664","42.899999999999636","42.899999999999636","42.899999999999636"
"10865.406783994","21.10000000000582","21.10000000000582","21.10000000000582","1.3026052104128791","1.3026052104128791","1.3026052104128791","53.45345345345608","53.45345345345608","53.45345345345608","27.22722722723452","27.22722722723452","27.22722722723452"
"10875.407670758","6.206206206213223","6.206206206213223","6.206206206213223","13.073852295405903","13.073852295405903","13.073852295405903","38.27655310621118","38.27655310621118","38.27655310621118","65.66566566566485","65.66566566566485","65.66566566566485"
"10885.407774003","13.173652694607298","13.173652694607298","13.173652694607298","8.708708708715324","8.708708708715324","8.708708708715324","78.79999999999585","78.79999999999585","78.79999999999585","19.900000000012387","19.900000000012387","19.900000000012387"
"10895.406842322","9.236947791166198","9.236947791166198","9.236947791166198","12.212212212208149","12.212212212208149","12.212212212208149","18.018018018005304","18.018018018005304","18.018018018005304","76.17617617617023","76.17617617617023","76.17617617617023"
"10905.407362199","18.036072144297012","18.036072144297012","18.036072144297012","7.114228456907669","7.114228456907669","7.114228456907669","63.66366366366839","63.66366366366839","63.66366366366839","23.823823823816333","23.823823823816333","23.823823823816333"
"10915.407513064","10.337972166958968","10.337972166958968","10.337972166958968","9.318637274534195","9.318637274534195","9.318637274534195","61.92384769538729","61.92384769538729","61.92384769538729","51.10220440882352","51.10220440882352","51.10220440882352"
"10925.407395872","3.900000000013933","3.900000000013933","3.900000000013933","3.7074148296675005","3.7074148296675005","3.7074148296675005","80.41958041958048","80.41958041958048","80.41958041958048","27.699999999995274","27.699999999995274","27.699999999995274"
"10935.407231304","12.024048096184165","12.024048096184165","12.024048096184165","7.60760760761085","7.60760760761085","7.60760760761085","88.80000000000109","88.80000000000109","88.80000000000109","4.4088176352667245","4.4088176352667245","4.4088176352667245"
"10945.407654343","14.670658682643046","14.670658682643046","14.670658682643046","16.248746238707","16.248746238707","16.248746238707","89.91008991009521","89.91008991009521","89.91008991009521","8.534136546196711","8.534136546196711","8.534136546196711"
"10955.406859838","2.497502497502443","2.497502497502443","2.497502497502443","12.825651302612334","12.825651302612334","12.825651302612334","24.373119358074298","24.373119358074298","24.373119358074298","77.10000000000036","77.10000000000036","77.10000000000036"
"10965.407053598","5.400000000008731","5.400000000008731","5.400000000008731","36.86313686314115","36.86313686314115","36.86313686314115","20.52052052052279","20.52052052052279","20.52052052052279","51.80360721442274","51.80360721442274","51.80360721442274"
"10975.40739094","17.19999999999345","17.19999999999345","17.19999999999345","70.64128256512606","70.64128256512606","70.64128256512606","33.000000000010914","33.000000000010914","33.000000000010914","8.016032064138082","8.016032064138082","8.016032064138082"
"10985.406545094","5.089820359285663","5.089820359285663","5.089820359285663","81.08108108106829","81.08108108106829","81.08108108106829","22.066198595792084","22.066198595792084","22.066198595792084","2.7999999999974534","2.7999999999974534","2.7999999999974534"
"10995.406647113","1.799999999985048","1.799999999985048","1.799999999985048","40.54054054055235","40.54054054055235","40.54054054055235","32.93293293293329","32.93293293293329","32.93293293293329","30.591775325972648","30.591775325972648","30.591775325972648"
"11005.40692953","9.072781655034499","9.072781655034499","9.072781655034499","14.014014014010678","14.014014014010678","14.014014014010678","95.39999999999964","95.39999999999964","95.39999999999964","11.088911088916662","11.088911088916662","11.088911088916662"
"11015.406769035","11.900000000021226","11.900000000021226","11.900000000021226","6.5000000000156435","6.5000000000156435","6.5000000000156435","82.89999999999964","82.89999999999964","82.89999999999964","12.525050100226007","12.525050100226007","12.525050100226007"
"11025.40703467","5.994005993994687","5.994005993994687","5.994005993994687","8.116232464925112","8.116232464925112","8.116232464925112","82.5","82.5","82.5","18.618618618606643","18.618618618606643","18.618618618606643"
"11035.407203769","3.193612774448054","3.193612774448054","3.193612774448054","16.432865731457813","16.432865731457813","16.432865731457813","85.10000000000218","85.10000000000218","85.10000000000218","22.768304914750107","22.768304914750107","22.768304914750107"
"11045.40716364","2.102102102111616","2.102102102111616","2.102102102111616","9.300000000005184","9.300000000005184","9.300000000005184","54.245754245747655","54.245754245747655","54.245754245747655","49.549549549539705","49.549549549539705","49.549549549539705"
"11055.406857286","4.799999999995634","4.799999999995634","4.799999999995634","1.9057171514592492","1.9057171514592492","1.9057171514592492","46.90000000000566","46.90000000000566","46.90000000000566","59.21843687374862","59.21843687374862","59.21843687374862"
"11065.407456502","7.377866400794949","7.377866400794949","7.377866400794949","13.613613613606285","13.613613613606285","13.613613613606285","84.98498498498466","84.98498498498466","84.98498498498466","22.600000000002183","22.600000000002183","22.600000000002183"
"11075.406739151","2.5","2.5","2.5","3.41023069207729","3.41023069207729","3.41023069207729","30.460921843679227","30.460921843679227","30.460921843679227","78.55711422846181","78.55711422846181","78.55711422846181"
"11085.406591226","2.902902902911706","2.902902902911706","2.902902902911706","5.094905094907165","5.094905094907165","5.094905094907165","99.30069930070222","99.30069930070222","99.30069930070222","6.5065065065030065","6.5065065065030065","6.5065065065030065"
"11095.406771699","3.099999999994907","3.099999999994907","3.099999999994907","10.100000000004457","10.100000000004457","10.100000000004457","15.045135406210521","15.045135406210521","15.045135406210521","87.88788788787815","87.88788788787815","87.88788788787815"
"11105.406895488","10.189810189798008","10.189810189798008","10.189810189798008","10.330992978942172","10.330992978942172","10.330992978942172","93.69999999999891","93.69999999999891","93.69999999999891","13.139418254775896","13.139418254775896","13.139418254775896"
"11115.40679247","25.800000000013906","25.800000000013906","25.800000000013906","7.299999999995635","7.299999999995635","7.299999999995635","62.562562562563926","62.562562562563926","62.562562562563926","11.322645290573638","11.322645290573638","11.322645290573638"
"11125.406843228","53.60000000000582","53.60000000000582","53.60000000000582","2.8028028027917213","2.8028028027917213","2.8028028027917213","47.947947947958106","47.947947947958106","47.947947947958106","2.7081243731239146","2.7081243731239146","2.7081243731239146"
"11135.407588968","6.293706293700432","6.293706293700432","6.293706293700432","12.838515546644988","12.838515546644988","12.838515546644988","97.30269730270159","97.30269730270159","97.30269730270159","11.823647294590458","11.823647294590458","11.823647294590458"
"11145.407130694","8.99100899100516","8.99100899100516","8.99100899100516","4.80480480480054","4.80480480480054","4.80480480480054","92.99299299298556","92.99299299298556","92.99299299298556","6.720160481445505","6.720160481445505","6.720160481445505"
"11155.406908778","3.109327983949232","3.109327983949232","3.109327983949232","13.999999999998908","13.999999999998908","13.999999999998908","59.300000000010314","59.300000000010314","59.300000000010314","37.77555110219221","37.77555110219221","37.77555110219221"
"11165.407511343","11.688311688328207","11.688311688328207","11.688311688328207","9.50000000000555","9.50000000000555","9.50000000000555","88.88888888888282","88.88888888888282","88.88888888888282","18.700000000022794","18.700000000022794","18.700000000022794"
"11175.407616505","6.806806806778208","6.806806806778208","6.806806806778208","4.909819639296194","4.909819639296194","4.909819639296194","95.10000000000218","95.10000000000218","95.10000000000218","5.911823647295229","5.911823647295229","5.911823647295229"
"11185.407226421","3.000000000010368","3.000000000010368","3.000000000010368","3.4034034033873457","3.4034034033873457","3.4034034033873457","98.90000000000308","98.90000000000308","98.90000000000308","4.00400400400045","4.00400400400045","4.00400400400045"
"11195.407477307","10.389610389602602","10.389610389602602","10.389610389602602","31.00000000000027","31.00000000000027","31.00000000000027","23.823823823830203","23.823823823830203","23.823823823830203","52.5525525525537","52.5525525525537","52.5525525525537"
"11205.40725467","1.102204408823315","1.102204408823315","1.102204408823315","50.20040080160759","50.20040080160759","50.20040080160759","42.40000000000829","42.40000000000829","42.40000000000829","9.499999999990814","9.499999999990814","9.499999999990814"
"11215.407043156","43.656343656352966","43.656343656352966","43.656343656352966","3.399999999983884","3.399999999983884","3.399999999983884","8.016032064113665","8.016032064113665","8.016032064113665","48.19639278556815","48.19639278556815","48.19639278556815"
"11225.407077565","4.291417165654006","4.291417165654006","4.291417165654006","41.72517552659165","41.72517552659165","41.72517552659165","66.23246492985933","66.23246492985933","66.23246492985933","11.823647294606527","11.823647294606527","11.823647294606527"
"11235.406694549","2.4024024024180406","2.4024024024180406","2.4024024024180406","94.1941941941948","94.1941941941948","94.1941941941948","15.084915084916936","15.084915084916936","15.084915084916936","0.9027081243565583","0.9027081243565583","0.9027081243565583"
"11245.407617384","3.6926147704494254","3.6926147704494254","3.6926147704494254","17.61761761761698","17.61761761761698","17.61761761761698","83.83233532934018","83.83233532934018","83.83233532934018","10.22044088178285","10.22044088178285","10.22044088178285"
"11255.407843339","14.855433698902413","14.855433698902413","14.855433698902413","14.514514514508825","14.514514514508825","14.514514514508825","88.29999999999927","88.29999999999927","88.29999999999927","10.240963855403313","10.240963855403313","10.240963855403313"
"11265.407199605","3.2934131736518246","3.2934131736518246","3.2934131736518246","2.1042084168428534","2.1042084168428534","2.1042084168428534","74.79999999999563","74.79999999999563","74.79999999999563","34.503510531595865","34.503510531595865","34.503510531595865"
"11275.407184996","1.898101898089118","1.898101898089118","1.898101898089118","1.1011011011069518","1.1011011011069518","1.1011011011069518","8.817635270550067","8.817635270550067","8.817635270550067","99.59999999999134","99.59999999999134","99.59999999999134"
"11285.407822232","5.982053838487783","5.982053838487783","5.982053838487783","11.356783919589116","11.356783919589116","11.356783919589116","98.50149850150217","98.50149850150217","98.50149850150217","6.506506506504192","6.506506506504192","6.506506506504192"
"11295.407540296","2.3952095808387446","2.3952095808387446","2.3952095808387446","10.700000000001637","10.700000000001637","10.700000000001637","100","100","100","7.429718875499111","7.429718875499111","7.429718875499111"
"11305.406994399","2.3046092184504063","2.3046092184504063","2.3046092184504063","8.882235528937532","8.882235528937532","8.882235528937532","96.80000000000291","96.80000000000291","96.80000000000291","6.993006992997208","6.993006992997208","6.993006992997208"
"11315.407144463","11.876247504994586","11.876247504994586","11.876247504994586","7.622868605801898","7.622868605801898","7.622868605801898","71.04208416833741","71.04208416833741","71.04208416833741","23.42342342342539","23.42342342342539","23.42342342342539"
"11325.406526842","6.493506493502718","6.493506493502718","6.493506493502718","13.92785571143331","13.92785571143331","13.92785571143331","48.8488488488417","48.8488488488417","48.8488488488417","59.17753259778282","59.17753259778282","59.17753259778282"
"11335.407050664","4.208416833670526","4.208416833670526","4.208416833670526","17.051153460374426","17.051153460374426","17.051153460374426","59.418837675347106","59.418837675347106","59.418837675347106","34.73053892215612","34.73053892215612","34.73053892215612"
"11345.407367125","8.691308691298326","8.691308691298326","8.691308691298326","36.26373626373906","36.26373626373906","36.26373626373906","40.71856287426884","40.71856287426884","40.71856287426884","28.786359077236362","28.786359077236362","28.786359077236362"
"11355.407317228","7.661691542293456","7.661691542293456","7.661691542293456","11.835506519562372","11.835506519562372","11.835506519562372","38.80000000000109","38.80000000000109","38.80000000000109","71.2424849699306","71.2424849699306","71.2424849699306"
"11365.407169881","1.9999999999890863","1.9999999999890863","1.9999999999890863","42.29999999999791","42.29999999999791","42.29999999999791","57.02811244979799","57.02811244979799","57.02811244979799","8.408408408426727","8.408408408426727","8.408408408426727"
"11375.407038912","69.000000000002","69.000000000002","69.000000000002","2.2066198595901554","2.2066198595901554","2.2066198595901554","31.06893106892712","31.06893106892712","31.06893106892712","1.4028056112166738","1.4028056112166738","1.4028056112166738"
"11385.406635663","26.420737786652865","26.420737786652865","26.420737786652865","11.411411411389704","11.411411411389704","11.411411411389704","75.97597597597472","75.97597597597472","75.97597597597472","3.106212424853845","3.106212424853845","3.106212424853845"
"11395.407286006","31.99999999997899","31.99999999997899","31.99999999997899","1.1011011011069518","1.1011011011069518","1.1011011011069518","15.415415415421684","15.415415415421684","15.415415415421684","54.709418837669","54.709418837669","54.709418837669"
"11405.407117723","21.021021021027398","21.021021021027398","21.021021021027398","1.0989010989089616","1.0989010989089616","1.0989010989089616","26.626626626625754","26.626626626625754","26.626626626625754","54.20000000000073","54.20000000000073","54.20000000000073"
"11415.407305052","18.045862412773594","18.045862412773594","18.045862412773594","12.751004016069759","12.751004016069759","12.751004016069759","84.80000000000196","84.80000000000196","84.80000000000196","4.212637913759706","4.212637913759706","4.212637913759706"
"11425.407025556","3.6963036962934397","3.6963036962934397","3.6963036962934397","9.819639278553169","9.819639278553169","9.819639278553169","40.54054054054497","40.54054054054497","40.54054054054497","60.66066066065689","60.66066066065689","60.66066066065689"
"11435.407265808","9.699999999995217","9.699999999995217","9.699999999995217","4.795204795202601","4.795204795202601","4.795204795202601","28.028028028030462","28.028028028030462","28.028028028030462","70.7707707707694","70.7707707707694","70.7707707707694"
"11445.407288758","6.187624750524896","6.187624750524896","6.187624750524896","8.016032064138082","8.016032064138082","8.016032064138082","68.69999999999891","68.69999999999891","68.69999999999891","46.346346346339345","46.346346346339345","46.346346346339345"
"11455.407350556","6.399999999978317","6.399999999978317","6.399999999978317","14.328657314632801","14.328657314632801","14.328657314632801","11.445783132516148","11.445783132516148","11.445783132516148","80.68068068069554","80.68068068069554","80.68068068069554"
"11465.407181946","1.8000000000048568","1.8000000000048568","1.8000000000048568","41.19999999999209","41.19999999999209","41.19999999999209","0.9009009009023773","0.9009009009023773","0.9009009009023773","59.699999999993445","59.699999999993445","59.699999999993445"
"11475.406709888","9.628886659990059","9.628886659990059","9.628886659990059","14.729458917845296","14.729458917845296","14.729458917845296","18.336673346708345","18.336673346708345","18.336673346708345","83.48348348348676","83.48348348348676","83.48348348348676"
"11485.407127616","8.291708291692991","8.291708291692991","8.291708291692991","2.805611222417911","2.805611222417911","2.805611222417911","83.08308308307761","83.08308308307761","83.08308308307761","17.83567134268946","17.83567134268946","17.83567134268946"
"11495.407582261","6.793206793209553","6.793206793209553","6.793206793209553","10.778443113789413","10.778443113789413","10.778443113789413","89.51048951048601","89.51048951048601","89.51048951048601","8.525576730178091","8.525576730178091","8.525576730178091"
"11505.407310397","12.700000000002055","12.700000000002055","12.700000000002055","5.405405405396055","5.405405405396055","5.405405405396055","87.70000000000437","87.70000000000437","87.70000000000437","7.114228456922319","7.114228456922319","7.114228456922319"
"11515.407759416","8.374875373864171","8.374875373864171","8.374875373864171","26.980942828487414","26.980942828487414","26.980942828487414","76.9000000000002","76.9000000000002","76.9000000000002","16.633266533050207","16.633266533050207","16.633266533050207"
"11525.406707355","11.033099297896042","11.033099297896042","11.033099297896042","63.200000000008586","63.200000000008586","63.200000000008586","35.83583583584499","35.83583583584499","35.83583583584499","2.2066198595901554","2.2066198595901554","2.2066198595901554"
"11535.406647788","6.493506493502718","6.493506493502718","6.493506493502718","67.23446893787592","67.23446893787592","67.23446893787592","39.03903903903625","39.03903903903625","39.03903903903625","1.3013013012933181","1.3013013012933181","1.3013013012933181"
"11545.40704488","7.868525896424619","7.868525896424619","7.868525896424619","43.38677354709536","43.38677354709536","43.38677354709536","70.17017017017389","70.17017017017389","70.17017017017389","6.519558676041918","6.519558676041918","6.519558676041918"
"11555.406837378","5.505505505498343","5.505505505498343","5.505505505498343","20.040080160317867","20.040080160317867","20.040080160317867","84.68468468468059","84.68468468468059","84.68468468468059","3.31325301202949","3.31325301202949","3.31325301202949"
"11565.406847714","10.978043912181072","10.978043912181072","10.978043912181072","5.505505505516551","5.505505505516551","5.505505505516551","89.90000000000508","89.90000000000508","89.90000000000508","6.720160481462523","6.720160481462523","6.720160481462523"
"11575.40734703","4.88534396811362","4.88534396811362","4.88534396811362","16.733466933866147","16.733466933866147","16.733466933866147","99.39939939939549","99.39939939939549","99.39939939939549","8.016032064121317","8.016032064121317","8.016032064121317"
"11585.407134646","2.09790209789333","2.09790209789333","2.09790209789333","5.805805805805204","5.805805805805204","5.805805805805204","68.53146853146713","68.53146853146713","68.53146853146713","36.345381526109","36.345381526109","36.345381526109"
"11595.406784314","2.502502502502557","2.502502502502557","2.502502502502557","10.810810810794079","10.810810810794079","10.810810810794079","51.25125125125128","51.25125125125128","51.25125125125128","51.299999999991996","51.299999999991996","51.299999999991996"
"11605.407480281","10.657370517928657","10.657370517928657","10.657370517928657","38.977955911832915","38.977955911832915","38.977955911832915","63.827655310627016","63.827655310627016","63.827655310627016","15.763052208858316","15.763052208858316","15.763052208858316"
"11615.407356949","5.394605394595827","5.394605394595827","5.394605394595827","11.122244488951877","11.122244488951877","11.122244488951877","29.859719438861905","29.859719438861905","29.859719438861905","69.43056943056963","69.43056943056963","69.43056943056963"
"11625.406790452","1.3986013986159962","1.3986013986159962","1.3986013986159962","15.515515515523953","15.515515515523953","15.515515515523953","57.357357357354246","57.357357357354246","57.357357357354246","33.901705115340235","33.901705115340235","33.901705115340235"
"11635.407017542","2.794411177633478","2.794411177633478","2.794411177633478","64.06406406406182","64.06406406406182","64.06406406406182","43.90000000001348","43.90000000001348","43.90000000001348","10.510510510519751","10.510510510519751","10.510510510519751"
"11645.40647539","4.904904904920142","4.904904904920142","4.904904904920142","47.74774774775316","47.74774774775316","47.74774774775316","54.44555444555144","54.44555444555144","54.44555444555144","6.325301204828904","6.325301204828904","6.325301204828904"
"11655.407411829","11.911911911899061","11.911911911899061","11.911911911899061","26.373626373619985","26.373626373619985","26.373626373619985","68.66866866866688","68.66866866866688","68.66866866866688","6.306306306298433","6.306306306298433","6.306306306298433"
"11665.406612908","5.284147557336467","5.284147557336467","5.284147557336467","15.245737211637502","15.245737211637502","15.245737211637502","96.80000000000291","96.80000000000291","96.80000000000291","12.273641851117723","12.273641851117723","12.273641851117723"
"11675.407699051","3.5035035035072215","3.5035035035072215","3.5035035035072215","3.8000000000101863","3.8000000000101863","3.8000000000101863","96.49999999999636","96.49999999999636","96.49999999999636","8.491508491462055","8.491508491462055","8.491508491462055"
"11685.406918513","2.8942115768548953","2.8942115768548953","2.8942115768548953","5.705705705685748","5.705705705685748","5.705705705685748","68.9689689689681","68.9689689689681","68.9689689689681","37.11133400200898","37.11133400200898","37.11133400200898"
"11695.406560216","5.60560560560063","5.60560560560063","5.60560560560063","5.522088353406834","5.522088353406834","5.522088353406834","16.900000000011115","16.900000000011115","16.900000000011115","90.59059059058528","90.59059059058528","90.59059059058528"
"11705.407652609","2.786069651749769","2.786069651749769","2.786069651749769","15.438247011963984","15.438247011963984","15.438247011963984","73.7737737737743","73.7737737737743","73.7737737737743","31.795386158478244","31.795386158478244","31.795386158478244"
"11715.407173459","4.208416833650788","4.208416833650788","4.208416833650788","5.220883534140434","5.220883534140434","5.220883534140434","64.93506493506352","64.93506493506352","64.93506493506352","38.5229540918135","38.5229540918135","38.5229540918135"
"11725.406979882","5.577689243022331","5.577689243022331","5.577689243022331","8.800000000008586","8.800000000008586","8.800000000008586","19.35807422266307","19.35807422266307","19.35807422266307","83.00000000000782","83.00000000000782","83.00000000000782"
"11735.407336483","3.9800995024842307","3.9800995024842307","3.9800995024842307","7.314629258515258","7.314629258515258","7.314629258515258","100","100","100","16.783919597989453","16.783919597989453","16.783919597989453"
"11745.406551209","47.04112337010994","47.04112337010994","47.04112337010994","6.806806806809869","6.806806806809869","6.806806806809869","17.334669338673738","17.334669338673738","17.334669338673738","36.53653653654525","36.53653653654525","36.53653653654525"
"11755.407151107","1.5984015983825188","1.5984015983825188","1.5984015983825188","16.032064128257936","16.032064128257936","16.032064128257936","35.93593593592651","35.93593593592651","35.93593593592651","52.10420841683451","52.10420841683451","52.10420841683451"
"11765.407673562","9.870388833496682","9.870388833496682","9.870388833496682","18.918918918901017","18.918918918901017","18.918918918901017","52.15215215216198","52.15215215216198","52.15215215216198","48.99799599198028","48.99799599198028","48.99799599198028"
"11775.406813744","5.98205383849005","5.98205383849005","5.98205383849005","4.904904904920142","4.904904904920142","4.904904904920142","94.18837675350748","94.18837675350748","94.18837675350748","8.316633266549411","8.316633266549411","8.316633266549411"
"11785.407144484","2.594810379261265","2.594810379261265","2.594810379261265","4.900000000000091","4.900000000000091","4.900000000000091","44.4444444444404","44.4444444444404","44.4444444444404","63.46346346345475","63.46346346345475","63.46346346345475"
"11795.407254674","8.083832335325374","8.083832335325374","8.083832335325374","22.46740220661915","22.46740220661915","22.46740220661915","54.89999999999782","54.89999999999782","54.89999999999782","43.79999999999996","43.79999999999996","43.79999999999996"
"11805.406533531","11.299999999991996","11.299999999991996","11.299999999991996","15.400000000008731","15.400000000008731","15.400000000008731","72.97297297297912","72.97297297297912","72.97297297297912","13.353413654616475","13.353413654616475","13.353413654616475"
"11815.406938557","2.297702297700158","2.297702297700158","2.297702297700158","38.538538538536","38.538538538536","38.538538538536","44.20000000000073","44.20000000000073","44.20000000000073","29.300000000012005","29.300000000012005","29.300000000012005"
"11825.406617236","15.915915915917719","15.915915915917719","15.915915915917719","20.199999999975336","20.199999999975336","20.199999999975336","23.146292585157134","23.146292585157134","23.146292585157134","68.86886886886802","68.86886886886802","68.86886886886802"
"11835.407401419","2.1956087824311665","2.1956087824311665","2.1956087824311665","2.8000000000065484","2.8000000000065484","2.8000000000065484","38.00000000000182","38.00000000000182","38.00000000000182","71.92807192807253","71.92807192807253","71.92807192807253"
"11845.406727823","1.9019019019066954","1.9019019019066954","1.9019019019066954","2.006018054169551","2.006018054169551","2.006018054169551","94.80000000000473","94.80000000000473","94.80000000000473","13.62725450902198","13.62725450902198","13.62725450902198"
"11855.407084468","11.254980079674363","11.254980079674363","11.254980079674363","10.110110110114793","10.110110110114793","10.110110110114793","80.99999999999454","80.99999999999454","80.99999999999454","28.313253012047753","28.313253012047753","28.313253012047753"
"11865.407673336","11.300000000010186","11.300000000010186","11.300000000010186","10.220440881766486","10.220440881766486","10.220440881766486","38.03803803804069","38.03803803804069","38.03803803804069","54.5454545454628","54.5454545454628","54.5454545454628"
"11875.407268323","5.98205383849005","5.98205383849005","5.98205383849005","13.999999999996362","13.999999999996362","13.999999999996362","78.60000000000971","78.60000000000971","78.60000000000971","16.633266533065402","16.633266533065402","16.633266533065402"
"11885.407667908","5.688622754487866","5.688622754487866","5.688622754487866","19.10000000000202","19.10000000000202","19.10000000000202","19.719719719713595","19.719719719713595","19.719719719713595","82.18218218217524","82.18218218217524","82.18218218217524"
"11895.406516076","2.794411177633478","2.794411177633478","2.794411177633478","9.466263846915032","9.466263846915032","9.466263846915032","89.3787575150347","89.3787575150347","89.3787575150347","13.113113113108302","13.113113113108302","13.113113113108302"
"11905.407424443","2.093718843498908","2.093718843498908","2.093718843498908","4.700000000013915","4.700000000013915","4.700000000013915","5.505505505515548","5.505505505515548","5.505505505515548","99.60039960039096","99.60039960039096","99.60039960039096"
"11915.406488441","4.091816367263839","4.091816367263839","4.091816367263839","3.2064128256485267","3.2064128256485267","3.2064128256485267","75.39999999999964","75.39999999999964","75.39999999999964","31.594784353057605","31.594784353057605","31.594784353057605"
"11925.407176244","9.390609390597808","9.390609390597808","9.390609390597808","21.30000000000631","21.30000000000631","21.30000000000631","12.825651302587332","12.825651302587332","12.825651302587332","87.38738738738493","87.38738738738493","87.38738738738493"
"11935.406678824","4.79041916167435","4.79041916167435","4.79041916167435","2.8971028971138275","2.8971028971138275","2.8971028971138275","79.92007992008726","79.92007992008726","79.92007992008726","26.853707414842866","26.853707414842866","26.853707414842866"
"11945.407127354","1.8018018018047546","1.8018018018047546","1.8018018018047546","5.405405405396055","5.405405405396055","5.405405405396055","6.112224448902781","6.112224448902781","6.112224448902781","100","100","100"
"11955.406749364","4.890219560893118","4.890219560893118","4.890219560893118","9.919839679373382","9.919839679373382","9.919839679373382","91.79179179179454","91.79179179179454","91.79179179179454","22.066198595792084","22.066198595792084","22.066198595792084"
"11965.407619898","10.499999999978355","10.499999999978355","10.499999999978355","10.030090270794851","10.030090270794851","10.030090270794851","54.40881763527503","54.40881763527503","54.40881763527503","39.36063936063257","39.36063936063257","39.36063936063257"
"11975.40661711","2.6026026026066464","2.6026026026066464","2.6026026026066464","3.599999999990559","3.599999999990559","3.599999999990559","33.76753507012859","33.76753507012859","33.76753507012859","73.84769539077458","73.84769539077458","73.84769539077458"
"11985.407394435","5.179282868530732","5.179282868530732","5.179282868530732","20.620620620615973","20.620620620615973","20.620620620615973","14.829659318633547","14.829659318633547","14.829659318633547","88.80000000001019","88.80000000001019","88.80000000001019"
"11995.407569055","7.299999999997908","7.299999999997908","7.299999999997908","15.469061876242376","15.469061876242376","15.469061876242376","59.699999999993445","59.699999999993445","59.699999999993445","31.799999999997127","31.799999999997127","31.799999999997127"
"12005.406681124","2.2954091816345388","2.2954091816345388","2.2954091816345388","27.65531062124084","27.65531062124084","27.65531062124084","17.75325977934944","17.75325977934944","17.75325977934944","65.19999999999804","65.19999999999804","65.19999999999804"
"12015.407588814","3.6926147704494254","3.6926147704494254","3.6926147704494254","15.300000000006547","15.300000000006547","15.300000000006547","82.39999999999782","82.39999999999782","82.39999999999782","28.184553660992794","28.184553660992794","28.184553660992794"
"12025.407712929","2.099999999991269","2.099999999991269","2.099999999991269","4.308617234472043","4.308617234472043","4.308617234472043","15.030060120225652","15.030060120225652","15.030060120225652","92.00000000000583","92.00000000000583","92.00000000000583"
"12035.406640513","4.0000000000138245","4.0000000000138245","4.0000000000138245","3.406813627257774","3.406813627257774","3.406813627257774","26.85370741483797","26.85370741483797","26.85370741483797","80.80000000000277","80.80000000000277","80.80000000000277"
"12045.407359775","16.05184446660722","16.05184446660722","16.05184446660722","10.37924151695806","10.37924151695806","10.37924151695806","34.2026078234712","34.2026078234712","34.2026078234712","68.66866866865779","68.66866866865779","68.66866866865779"
"12055.407366842","4.795204795201201","4.795204795201201","4.795204795201201","10.989010989014384","10.989010989014384","10.989010989014384","35.070140280565376","35.070140280565376","35.070140280565376","65.56556556556599","65.56556556556599","65.56556556556599"
"12065.406766989","3.807615230470601","3.807615230470601","3.807615230470601","20.86258776329051","20.86258776329051","20.86258776329051","72.999999999992","72.999999999992","72.999999999992","15.731462925834116","15.731462925834116","15.731462925834116"
"12075.406527925","4.890219560878122","4.890219560878122","4.890219560878122","56.21242484969744","56.21242484969744","56.21242484969744","35.035035035038526","35.035035035038526","35.035035035038526","33.73493975903878","33.73493975903878","33.73493975903878"
"12085.407122711","2.8112449799082366","2.8112449799082366","2.8112449799082366","4.104104104105013","4.104104104105013","4.104104104105013","97.80000000000615","97.80000000000615","97.80000000000615","8.799999999993597","8.799999999993597","8.799999999993597"
"12095.406569097","2.597402597404721","2.597402597404721","2.597402597404721","10.431293881652474","10.431293881652474","10.431293881652474","55.81162324650057","55.81162324650057","55.81162324650057","46.346346346349115","46.346346346349115","46.346346346349115"
"12105.409327806","2.9970029970138348","2.9970029970138348","2.9970029970138348","7.715430861729031","7.715430861729031","7.715430861729031","35.364635364634225","35.364635364634225","35.364635364634225","72.9729729729651","72.9729729729651","72.9729729729651"
"12115.407254863","9.371884346930717","9.371884346930717","9.371884346930717","26.099999999978934","26.099999999978934","26.099999999978934","27.382146439315374","27.382146439315374","27.382146439315374","61.60000000000975","61.60000000000975","61.60000000000975"
"12125.407795625","6.38085742774801","6.38085742774801","6.38085742774801","11.92384769539651","11.92384769539651","11.92384769539651","57.41482965931678","57.41482965931678","57.41482965931678","39.399999999997924","39.399999999997924","39.399999999997924"
"12135.407026002","12.9258517033979","12.9258517033979","12.9258517033979","5.705705705721125","5.705705705721125","5.705705705721125","67.30000000000157","67.30000000000157","67.30000000000157","27.710843373498594","27.710843373498594","27.710843373498594"
"12145.407364756","11.111111111115157","11.111111111115157","11.111111111115157","8.525576730193226","8.525576730193226","8.525576730193226","58.4168336673365","58.4168336673365","58.4168336673365","51.65165165165132","51.65165165165132","51.65165165165132"
"12155.408223215","2.8971028970961825","2.8971028970961825","2.8971028970961825","81.80000000000187","81.80000000000187","81.80000000000187","7.515030060128312","7.515030060128312","7.515030060128312","19.458375125378964","19.458375125378964","19.458375125378964"
"12165.406909997","2.610441767070217","2.610441767070217","2.610441767070217","50.99999999999436","50.99999999999436","50.99999999999436","22.868605817451304","22.868605817451304","22.868605817451304","35.499999999992724","35.499999999992724","35.499999999992724"
"12175.406958501","4.975124378112075","4.975124378112075","4.975124378112075","15.215215215219919","15.215215215219919","15.215215215219919","46.59999999998883","46.59999999998883","46.59999999998883","65.49648946841609","65.49648946841609","65.49648946841609"
"12185.407521815","2.5896414342648972","2.5896414342648972","2.5896414342648972","12.53761283851637","12.53761283851637","12.53761283851637","45.94594594594915","45.94594594594915","45.94594594594915","53.25325325325151","53.25325325325151","53.25325325325151"
"12195.407051186","2.297702297697886","2.297702297697886","2.297702297697886","8.826479438307496","8.826479438307496","8.826479438307496","41.641641641630464","41.641641641630464","41.641641641630464","63.036963036965666","63.036963036965666","63.036963036965666"
"12205.407162727","9.145129224655534","9.145129224655534","9.145129224655534","10.710710710708032","10.710710710708032","10.710710710708032","52.75275275275777","52.75275275275777","52.75275275275777","57.09999999999907","57.09999999999907","57.09999999999907"
"12215.406980546","2.3023023022979827","2.3023023022979827","2.3023023022979827","4.3086172344712566","4.3086172344712566","4.3086172344712566","37.37474949899526","37.37474949899526","37.37474949899526","70.27027027027619","70.27027027027619","70.27027027027619"
"12225.407121367","6.906906906912156","6.906906906912156","6.906906906912156","57.49999999999773","57.49999999999773","57.49999999999773","6.018054162482384","6.018054162482384","6.018054162482384","42.442442442441184","42.442442442441184","42.442442442441184"
"12235.407659517","10.778443113771258","10.778443113771258","10.778443113771258","19.51951951953178","19.51951951953178","19.51951951953178","20.160481444351078","20.160481444351078","20.160481444351078","77.22277722277117","77.22277722277117","77.22277722277117"
"12245.406938018","7.400000000000091","7.400000000000091","7.400000000000091","26.900000000005093","26.900000000005093","26.900000000005093","42.5","42.5","42.5","37.47494989979906","37.47494989979906","37.47494989979906"
"12255.407186396","3.2064128256485267","3.2064128256485267","3.2064128256485267","7.699999999986177","7.699999999986177","7.699999999986177","11.623246492985022","11.623246492985022","11.623246492985022","92.39999999999782","92.39999999999782","92.39999999999782"
"12265.407026563","9.471585244273834","9.471585244273834","9.471585244273834","50.15015015015343","50.15015015015343","50.15015015015343","51.10220440882331","51.10220440882331","51.10220440882331","19.238476953909387","19.238476953909387","19.238476953909387"
"12275.406770305","6.526104417652815","6.526104417652815","6.526104417652815","25.851703406814032","25.851703406814032","25.851703406814032","50.65065065063767","50.65065065063767","50.65065065063767","30.930930930933066","30.930930930933066","30.930930930933066"
"12285.407290767","4.395604395593487","4.395604395593487","4.395604395593487","12.400000000013751","12.400000000013751","12.400000000013751","17.03406813628659","17.03406813628659","17.03406813628659","83.50000000000064","83.50000000000064","83.50000000000064"
"12295.406669154","5.6943056943049335","5.6943056943049335","5.6943056943049335","55.36609829487442","55.36609829487442","55.36609829487442","24.650698602795877","24.650698602795877","24.650698602795877","38.70000000000096","38.70000000000096","38.70000000000096"
"12305.406597577","3.1000000000307226","3.1000000000307226","3.1000000000307226","12.13640922769112","12.13640922769112","12.13640922769112","20.000000000005485","20.000000000005485","20.000000000005485","82.10000000000946","82.10000000000946","82.10000000000946"
"12315.40699594","2.592223329994312","2.592223329994312","2.592223329994312","7.414829659316774","7.414829659316774","7.414829659316774","87.5","87.5","87.5","16.516516516513235","16.516516516513235","16.516516516513235"
"12325.40785788","4.495504495496583","4.495504495496583","4.495504495496583","12.187812187823551","12.187812187823551","12.187812187823551","20.820820820820547","20.820820820820547","20.820820820820547","79.79999999999563","79.79999999999563","79.79999999999563"
"12335.40697846","13.173652694623062","13.173652694623062","13.173652694623062","13.026052104185846","13.026052104185846","13.026052104185846","90.79999999999927","90.79999999999927","90.79999999999927","10.621242484965302","10.621242484965302","10.621242484965302"
"12345.407123515","3.3966033966047764","3.3966033966047764","3.3966033966047764","4.21263791374223","4.21263791374223","4.21263791374223","90.39039039038983","90.39039039038983","90.39039039038983","16.132264529061715","16.132264529061715","16.132264529061715"
"12355.40658875","2.50501002004019","2.50501002004019","2.50501002004019","4.80480480480054","4.80480480480054","4.80480480480054","88.00000000000182","88.00000000000182","88.00000000000182","17.535070140281327","17.535070140281327","17.535070140281327"
"12365.407005502","10.547263681590351","10.547263681590351","10.547263681590351","42.542542542550734","42.542542542550734","42.542542542550734","19.819819819815883","19.819819819815883","19.819819819815883","58.60000000000583","58.60000000000583","58.60000000000583"
"12375.407595164","5.699999999998127","5.699999999998127","5.699999999998127","33.13313313313479","33.13313313313479","33.13313313313479","48.54563691073711","48.54563691073711","48.54563691073711","25.799999999999272","25.799999999999272","25.799999999999272"
"12385.406984277","2.6892430278948254","2.6892430278948254","2.6892430278948254","25.15030060120111","25.15030060120111","25.15030060120111","48.99799599197098","48.99799599197098","48.99799599197098","37.87575150300733","37.87575150300733","37.87575150300733"
"12395.407324203","12.5","12.5","12.5","11.122244488984274","11.122244488984274","11.122244488984274","70.02997002997613","70.02997002997613","70.02997002997613","34.769539078151276","34.769539078151276","34.769539078151276"
"12405.406884436","2.0020020020089646","2.0020020020089646","2.0020020020089646","7.5","7.5","7.5","48.096192384764","48.096192384764","48.096192384764","58.083832335332986","58.083832335332986","58.083832335332986"
"12415.406664128","2.9910269192353662","2.9910269192353662","2.9910269192353662","9.437751004020281","9.437751004020281","9.437751004020281","49.89999999999782","49.89999999999782","49.89999999999782","53.406813627264604","53.406813627264604","53.406813627264604"
"12425.407356813","14.485514485505538","14.485514485505538","14.485514485505538","48.4515484515323","48.4515484515323","48.4515484515323","33.599999999996726","33.599999999996726","33.599999999996726","32.06412825649696","32.06412825649696","32.06412825649696"
"12435.407285606","17.217217217229248","17.217217217229248","17.217217217229248","4.4088176352750335","4.4088176352750335","4.4088176352750335","69.86986986987252","69.86986986987252","69.86986986987252","15.230460921845951","15.230460921845951","15.230460921845951"
"12445.407097563","6.112224448902781","6.112224448902781","6.112224448902781","33.833833833831115","33.833833833831115","33.833833833831115","53.64635364636047","53.64635364636047","53.64635364636047","14.228456913829007","14.228456913829007","14.228456913829007"
"12455.406483778","13.399999999985704","13.399999999985704","13.399999999985704","15.330661322652523","15.330661322652523","15.330661322652523","75.75150300601024","75.75150300601024","75.75150300601024","24.17251755265369","24.17251755265369","24.17251755265369"
"12465.406920115","21.399999999979883","21.399999999979883","21.399999999979883","4.80961923847279","4.80961923847279","4.80961923847279","80","80","80","7.515030060120568","7.515030060120568","7.515030060120568"
"12475.406869722","7.407407407422244","7.407407407422244","7.407407407422244","59.899999999997824","59.899999999997824","59.899999999997824","43.256743256741586","43.256743256741586","43.256743256741586","1.9057171514595967","1.9057171514595967","1.9057171514595967"
"12485.406892062","21.878121878114566","21.878121878114566","21.878121878114566","38.83883883884281","38.83883883884281","38.83883883884281","59.259259259261285","59.259259259261285","59.259259259261285","8.844221105518947","8.844221105518947","8.844221105518947"
"12495.406787474","3.703703703711122","3.703703703711122","3.703703703711122","12.825651302614553","12.825651302614553","12.825651302614553","79.79999999999563","79.79999999999563","79.79999999999563","16.833667334688148","16.833667334688148","16.833667334688148"
"12505.407141597","2.4925224327021835","2.4925224327021835","2.4925224327021835","1.701701701684569","1.701701701684569","1.701701701684569","44.644644644645986","44.644644644645986","44.644644644645986","65.96596596596267","65.96596596596267","65.96596596596267"
"12515.407910877","4.595404595398044","4.595404595398044","4.595404595398044","5.511022044081127","5.511022044081127","5.511022044081127","56.61322645291255","56.61322645291255","56.61322645291255","52.39999999999782","52.39999999999782","52.39999999999782"
"12525.407216885","21.856287425168016","21.856287425168016","21.856287425168016","15.815815815830762","15.815815815830762","15.815815815830762","75.1751751751699","75.1751751751699","75.1751751751699","10.69999999999709","10.69999999999709","10.69999999999709"
"12535.406644166","7.730923694785048","7.730923694785048","7.730923694785048","1.3026052104128791","1.3026052104128791","1.3026052104128791","37.59999999999083","37.59999999999083","37.59999999999083","66.43286573145781","66.43286573145781","66.43286573145781"
"12545.407162125","5.494505494499104","5.494505494499104","5.494505494499104","47.74774774775316","47.74774774775316","47.74774774775316","23.346693386764727","23.346693386764727","23.346693386764727","36.43643643643141","36.43643643643141","36.43643643643141"
"12555.407271497","11.477045908181772","11.477045908181772","11.477045908181772","21.400000000013026","21.400000000013026","21.400000000013026","22.90000000001366","22.90000000001366","22.90000000001366","75.35070140281329","75.35070140281329","75.35070140281329"
"12565.407444912","5.594405594401401","5.594405594401401","5.594405594401401","5.499999999992724","5.499999999992724","5.499999999992724","85.78578578579126","85.78578578579126","85.78578578579126","17.417417417415614","17.417417417415614","17.417417417415614"
"12575.406842139","4.2084168336674805","4.2084168336674805","4.2084168336674805","7.007007007014443","7.007007007014443","7.007007007014443","33.867735470935344","33.867735470935344","33.867735470935344","70.64128256513142","70.64128256513142","70.64128256513142"
"12585.406986009","11.155378486048948","11.155378486048948","11.155378486048948","13.572854291411232","13.572854291411232","13.572854291411232","86.61338661338789","86.61338661338789","86.61338661338789","16.3163163163239","16.3163163163239","16.3163163163239"
"12595.407199315","2.6000000000198997","2.6000000000198997","2.6000000000198997","41.78356713426348","41.78356713426348","41.78356713426348","69.80000000000473","69.80000000000473","69.80000000000473","0.9018036072159265","0.9018036072159265","0.9018036072159265"
"12605.406799657","7.715430861711339","7.715430861711339","7.715430861711339","38.20000000000404","38.20000000000404","38.20000000000404","42.59999999999309","42.59999999999309","42.59999999999309","25.249500997982288","25.249500997982288","25.249500997982288"
"12615.406958446","3.9960039960002747","3.9960039960002747","3.9960039960002747","8.617234468942513","8.617234468942513","8.617234468942513","52.9588766298906","52.9588766298906","52.9588766298906","64.02805611222797","64.02805611222797","64.02805611222797"
"12625.407243676","4.304304304324736","4.304304304324736","4.304304304324736","9.528585757261494","9.528585757261494","9.528585757261494","97.10000000000036","97.10000000000036","97.10000000000036","2.104208416825011","2.104208416825011","2.104208416825011"
"12635.407254246","3.896103896097996","3.896103896097996","3.896103896097996","3.400000000019027","3.400000000019027","3.400000000019027","98.10189810189306","98.10189810189306","98.10189810189306","10.210210210214802","10.210210210214802","10.210210210214802"
"12645.407162979","8.791208791202202","8.791208791202202","8.791208791202202","15.847542627883962","15.847542627883962","15.847542627883962","98.29829829829785","98.29829829829785","98.29829829829785","5.511022044098349","5.511022044098349","5.511022044098349"
"12655.407309911","2.290836653401874","2.290836653401874","2.290836653401874","44.68937875750824","44.68937875750824","44.68937875750824","44.85514485514076","44.85514485514076","44.85514485514076","22.868605817442184","22.868605817442184","22.868605817442184"
"12665.407470581","14.24272818453968","14.24272818453968","14.24272818453968","59.49999999999991","59.49999999999991","59.49999999999991","35.070140280565376","35.070140280565376","35.070140280565376","6.012024048100101","6.012024048100101","6.012024048100101"
"12675.406895844","9.500000000007276","9.500000000007276","9.500000000007276","17.151454363096754","17.151454363096754","17.151454363096754","93.7062937063007","93.7062937063007","93.7062937063007","8.208208208205473","8.208208208205473","8.208208208205473"
"12685.407599438","12.312312312324178","12.312312312324178","12.312312312324178","11.088911088916662","11.088911088916662","11.088911088916662","46.44644644645138","46.44644644645138","46.44644644645138","45.99198396793096","45.99198396793096","45.99198396793096"
"12695.407352695","7.314629258496086","7.314629258496086","7.314629258496086","43.943943943939075","43.943943943939075","43.943943943939075","14.844533600799004","14.844533600799004","14.844533600799004","47.5524475524487","47.5524475524487","47.5524475524487"
"12705.407570151","14.48692152917943","14.48692152917943","14.48692152917943","11.488511488507603","11.488511488507603","11.488511488507603","31.494483450347282","31.494483450347282","31.494483450347282","69.16916916916922","69.16916916916922","69.16916916916922"
"12715.407514392","9.799999999997908","9.799999999997908","9.799999999997908","6.606606606605295","6.606606606605295","6.606606606605295","63.40000000000812","63.40000000000812","63.40000000000812","39.13913913914962","39.13913913914962","39.13913913914962"
"12725.40803143","5","5","5","4.495504495476957","4.495504495476957","4.495504495476957","90.39039039038806","90.39039039038806","90.39039039038806","16.148445336008745","16.148445336008745","16.148445336008745"
"12735.406818696","3.503503503506584","3.503503503506584","3.503503503506584","36.43643643644298","36.43643643644298","36.43643643644298","51.097804391214254","51.097804391214254","51.097804391214254","21.86559679037148","21.86559679037148","21.86559679037148"
"12745.407471652","4.09999999999929","4.09999999999929","4.09999999999929","5.911823647296306","5.911823647296306","5.911823647296306","86.19999999999891","86.19999999999891","86.19999999999891","33.23323323323105","33.23323323323105","33.23323323323105"
"12755.407404235","3.999999999996362","3.999999999996362","3.999999999996362","3.607214428863048","3.607214428863048","3.607214428863048","9.519038076150899","9.519038076150899","9.519038076150899","96.09609609610183","96.09609609610183","96.09609609610183"
"12765.406973275","4.50901803607881","4.50901803607881","4.50901803607881","18.90000000000893","18.90000000000893","18.90000000000893","68.73747494989952","68.73747494989952","68.73747494989952","22.645290581161376","22.645290581161376","22.645290581161376"
"12775.407611576","6.3872255489142615","6.3872255489142615","6.3872255489142615","43.84384384383455","43.84384384383455","43.84384384383455","43.14314314313899","43.14314314313899","43.14314314313899","36.636636636635984","36.636636636635984","36.636636636635984"
"12785.406952993","14.299999999984719","14.299999999984719","14.299999999984719","11.222444889769843","11.222444889769843","11.222444889769843","80.50000000000182","80.50000000000182","80.50000000000182","8.22467402206382","8.22467402206382","8.22467402206382"
"12795.407402034","9.390609390614275","9.390609390614275","9.390609390614275","4.604604604613335","4.604604604613335","4.604604604613335","88.50000000000364","88.50000000000364","88.50000000000364","10.130391173523416","10.130391173523416","10.130391173523416"
"12805.407302254","4.790419161657936","4.790419161657936","4.790419161657936","10.521042084182373","10.521042084182373","10.521042084182373","33.233233233221945","33.233233233221945","33.233233233221945","83.78378378377838","83.78378378377838","83.78378378377838"
"12815.406747968","6.325301204828904","6.325301204828904","6.325301204828904","4.899999999998709","4.899999999998709","4.899999999998709","93.59359359360045","93.59359359360045","93.59359359360045","11.711711711696621","11.711711711696621","11.711711711696621"
"12825.407599824","2.891326021926845","2.891326021926845","2.891326021926845","8.00800800801765","8.00800800801765","8.00800800801765","22.567703109320345","22.567703109320345","22.567703109320345","83.29999999999927","83.29999999999927","83.29999999999927"
"12835.407700648","7.9920079920209925","7.9920079920209925","7.9920079920209925","5.616850551637566","5.616850551637566","5.616850551637566","100","100","100","16.03206412826086","16.03206412826086","16.03206412826086"
"12845.407417936","2.3069207622826333","2.3069207622826333","2.3069207622826333","7.0281124498058345","7.0281124498058345","7.0281124498058345","30.861723446894405","30.861723446894405","30.861723446894405","75.17517517516531","75.17517517516531","75.17517517516531"
"12855.407542528","2.597402597389293","2.597402597389293","2.597402597389293","4.909819639276584","4.909819639276584","4.909819639276584","80.4000000000032","80.4000000000032","80.4000000000032","26.579739217651056","26.579739217651056","26.579739217651056"
"12865.407493212","10.300000000004674","10.300000000004674","10.300000000004674","48.99799599198028","48.99799599198028","48.99799599198028","51.7517517517445","51.7517517517445","51.7517517517445","18.13627254508587","18.13627254508587","18.13627254508587"
"12875.406862403","8.108108108119918","8.108108108119918","8.108108108119918","5.6112224449021255","5.6112224449021255","5.6112224449021255","91.69169169169223","91.69169169169223","91.69169169169223","9.929789368102776","9.929789368102776","9.929789368102776"
"12885.407048832","4.208416833650788","4.208416833650788","4.208416833650788","9.719438877765828","9.719438877765828","9.719438877765828","75.17517517517899","75.17517517517899","75.17517517517899","24.824824824834685","24.824824824834685","24.824824824834685"
"12895.40699194","8.873379860430497","8.873379860430497","8.873379860430497","16.633266533062372","16.633266533062372","16.633266533062372","88.69999999999891","88.69999999999891","88.69999999999891","16.248746238707","16.248746238707","16.248746238707"
"12905.406504043","3.596403596393433","3.596403596393433","3.596403596393433","2.106318956862377","2.106318956862377","2.106318956862377","96.09999999999673","96.09999999999673","96.09999999999673","11.546184738953183","11.546184738953183","11.546184738953183"
"12915.407763455","2.497502497502897","2.497502497502897","2.497502497502897","12.224448897805562","12.224448897805562","12.224448897805562","93.90000000000327","93.90000000000327","93.90000000000327","6.827309236967081","6.827309236967081","6.827309236967081"
"12925.407272003","2.8971028970933848","2.8971028970933848","2.8971028970933848","1.899999999991451","1.899999999991451","1.899999999991451","9.418837675347104","9.418837675347104","9.418837675347104","100","100","100"
"12935.407032174","17.282717282730715","17.282717282730715","17.282717282730715","11.44578313252528","11.44578313252528","11.44578313252528","59.418837675354496","59.418837675354496","59.418837675354496","41.79999999999232","41.79999999999232","41.79999999999232"
"12945.407094587","6.720160481444277","6.720160481444277","6.720160481444277","6.80000000000291","6.80000000000291","6.80000000000291","96.30000000000042","96.30000000000042","96.30000000000042","5.220883534140434","5.220883534140434","5.220883534140434"
"12955.407623868","4.709418837668995","4.709418837668995","4.709418837668995","49.49999999999827","49.49999999999827","49.49999999999827","49.95004995006704","49.95004995006704","49.95004995006704","11.044176706829912","11.044176706829912","11.044176706829912"
"12965.407241527","9.19080919082849","9.19080919082849","9.19080919082849","11.40000000001237","11.40000000001237","11.40000000001237","12.236710130385408","12.236710130385408","12.236710130385408","97.39739739741289","97.39739739741289","97.39739739741289"
"12975.407500808","2.399999999980064","2.399999999980064","2.399999999980064","3.5035035034935658","3.5035035034935658","3.5035035034935658","61.700000000000735","61.700000000000735","61.700000000000735","39.36063936064552","39.36063936064552","39.36063936064552"
"12985.406789608","1.9980019980293033","1.9980019980293033","1.9980019980293033","14.371859296486914","14.371859296486914","14.371859296486914","53.599999999996726","53.599999999996726","53.599999999996726","38.138138138133876","38.138138138133876","38.138138138133876"
"12995.406680774","11.288711288705098","11.288711288705098","11.288711288705098","18.68131868129332","18.68131868129332","18.68131868129332","82.58258258258438","82.58258258258438","82.58258258258438","16.76706827309457","16.76706827309457","16.76706827309457"
"13005.407182436","6.893106893093659","6.893106893093659","6.893106893093659","9.690309690304698","9.690309690304698","9.690309690304698","75.90000000000146","75.90000000000146","75.90000000000146","23.676323676331158","23.676323676331158","23.676323676331158"
"13015.406843657","8.000000000010914","8.000000000010914","8.000000000010914","8.308308308307762","8.308308308307762","8.308308308307762","93.38677354708746","93.38677354708746","93.38677354708746","3.209628886656686","3.209628886656686","3.209628886656686"
"13025.407187258","35.40621865597034","35.40621865597034","35.40621865597034","6.400000000015753","6.400000000015753","6.400000000015753","64.1358641358595","64.1358641358595","64.1358641358595","17.13426853705417","17.13426853705417","17.13426853705417"
"13035.407235546","44.399999999994975","44.399999999994975","44.399999999994975","1.8018018018044264","1.8018018018044264","1.8018018018044264","56.81362725451099","56.81362725451099","56.81362725451099","2.9029029028934983","2.9029029028934983","2.9029029028934983"
"13045.407414202","4.204204204205024","4.204204204205024","4.204204204205024","4.204204204205024","4.204204204205024","4.204204204205024","88.50000000000364","88.50000000000364","88.50000000000364","18.881118881127396","18.881118881127396","18.881118881127396"
"13055.407260886","8.634538152598779","8.634538152598779","8.634538152598779","14.128256513025212","14.128256513025212","14.128256513025212","94.69469469468802","94.69469469468802","94.69469469468802","12.32464929859336","12.32464929859336","12.32464929859336"
"13065.407216784","18.181818181832018","18.181818181832018","18.181818181832018","9.509509509500525","9.509509509500525","9.509509509500525","82.89999999999964","82.89999999999964","82.89999999999964","3.807615230453069","3.807615230453069","3.807615230453069"
"13075.407523964","1.905717151441352","1.905717151441352","1.905717151441352","8.908908908919862","8.908908908919862","8.908908908919862","70.50000000000182","70.50000000000182","70.50000000000182","32.232232232247824","32.232232232247824","32.232232232247824"
"13085.406761952","12.075848303418088","12.075848303418088","12.075848303418088","10.02004008016076","10.02004008016076","10.02004008016076","45.59118236474319","45.59118236474319","45.59118236474319","62.83716283716344","62.83716283716344","62.83716283716344"
"13095.406709071","16.416416416398004","16.416416416398004","16.416416416398004","2.397602397600165","2.397602397600165","2.397602397600165","85.49999999999272","85.49999999999272","85.49999999999272","9.027081243744735","9.027081243744735","9.027081243744735"
"13105.406696703","2.1999999999779356","2.1999999999779356","2.1999999999779356","29.9299299299284","29.9299299299284","29.9299299299284","48.548548548543884","48.548548548543884","48.548548548543884","33.699999999989814","33.699999999989814","33.699999999989814"
"13115.407927409","7.214428857726096","7.214428857726096","7.214428857726096","14.098690835846881","14.098690835846881","14.098690835846881","26.252505010024425","26.252505010024425","26.252505010024425","76.02397602398018","76.02397602398018","76.02397602398018"
"13125.406609942","2.8000000000065484","2.8000000000065484","2.8000000000065484","8.124373119370262","8.124373119370262","8.124373119370262","28.599999999983737","28.599999999983737","28.599999999983737","80.90000000000146","80.90000000000146","80.90000000000146"
"13135.407054098","2.894211576857164","2.894211576857164","2.894211576857164","6.927710843365517","6.927710843365517","6.927710843365517","70.97097097097398","70.97097097097398","70.97097097097398","33.9017051153523","33.9017051153523","33.9017051153523"
"13145.407176486","2.9029029028934983","2.9029029028934983","2.9029029028934983","8.416833667336496","8.416833667336496","8.416833667336496","25.15030060119658","25.15030060119658","25.15030060119658","78.0999999999949","78.0999999999949","78.0999999999949"
"13155.406764361","4.990019960081892","4.990019960081892","4.990019960081892","9.919839679373382","9.919839679373382","9.919839679373382","58.8000000000011","58.8000000000011","58.8000000000011","57.49999999999999","57.49999999999999","57.49999999999999"
"13165.407691535","3.3898305084764204","3.3898305084764204","3.3898305084764204","3.3066132264517183","3.3066132264517183","3.3066132264517183","35.170340681366454","35.170340681366454","35.170340681366454","73.57357357357883","73.57357357357883","73.57357357357883"
"13175.406744071","6.2999999999919964","6.2999999999919964","6.2999999999919964","8.525576730178091","8.525576730178091","8.525576730178091","65.29999999999745","65.29999999999745","65.29999999999745","36.27254509018336","36.27254509018336","36.27254509018336"
"13185.40696878","6.806806806812145","6.806806806812145","6.806806806812145","9.909909909907942","9.909909909907942","9.909909909907942","71.54308617234717","71.54308617234717","71.54308617234717","39.83983983984359","39.83983983984359","39.83983983984359"
"13195.40687077","9.371884346963588","9.371884346963588","9.371884346963588","17.717717717719246","17.717717717719246","17.717717717719246","59.30000000000122","59.30000000000122","59.30000000000122","30.160320641280574","30.160320641280574","30.160320641280574"
"13205.406968559","3.2064128256485267","3.2064128256485267","3.2064128256485267","2.708124373106164","2.708124373106164","2.708124373106164","40.4809619238491","40.4809619238491","40.4809619238491","66.76646706585836","66.76646706585836","66.76646706585836"
"13215.407053029","13.51351351351499","13.51351351351499","13.51351351351499","52.85285285285094","52.85285285285094","52.85285285285094","55.29999999999745","55.29999999999745","55.29999999999745","8.000000000010914","8.000000000010914","8.000000000010914"
"13225.40757987","6.425702811241981","6.425702811241981","6.425702811241981","20.259481037929806","20.259481037929806","20.259481037929806","33.666333666340925","33.666333666340925","33.666333666340925","56.068204613836436","56.068204613836436","56.068204613836436"
"13235.407480973","4.108216432864453","4.108216432864453","4.108216432864453","7.600000000002183","7.600000000002183","7.600000000002183","59.018036072150146","59.018036072150146","59.018036072150146","44.844844844841454","44.844844844841454","44.844844844841454"
"13245.406994573","6.0878243512859","6.0878243512859","6.0878243512859","18.756268806425094","18.756268806425094","18.756268806425094","72.42757242757085","72.42757242757085","72.42757242757085","30.060120240482274","30.060120240482274","30.060120240482274"
"13255.406760413","7.8000000000219005","7.8000000000219005","7.8000000000219005","6.006006005992664","6.006006005992664","6.006006005992664","60.76076076075203","60.76076076075203","60.76076076075203","41.206030150754415","41.206030150754415","41.206030150754415"
"13265.407120355","2.4024024023824992","2.4024024023824992","2.4024024023824992","22.300000000000182","22.300000000000182","22.300000000000182","17.5175175175179","17.5175175175179","17.5175175175179","72.67267267267644","72.67267267267644","72.67267267267644"
"13275.406945354","23.976023976024173","23.976023976024173","23.976023976024173","9.200000000017244","9.200000000017244","9.200000000017244","63.02605210420843","63.02605210420843","63.02605210420843","34.669338677359384","34.669338677359384","34.669338677359384"
"13285.407350587","4.595404595415381","4.595404595415381","4.595404595415381","1.6032064128242633","1.6032064128242633","1.6032064128242633","24.724724724714108","24.724724724714108","24.724724724714108","82.53493013971816","82.53493013971816","82.53493013971816"
"13295.407000235","5","5","5","22.645290581161376","22.645290581161376","22.645290581161376","44.58917835672464","44.58917835672464","44.58917835672464","43.73119358075094","43.73119358075094","43.73119358075094"
"13305.408610751","16.517412935325392","16.517412935325392","16.517412935325392","16.516516516498033","16.516516516498033","16.516516516498033","83.79999999999814","83.79999999999814","83.79999999999814","11.3226452905898","11.3226452905898","11.3226452905898"
"13315.407412802","8.416833667353933","8.416833667353933","8.416833667353933","2.9058116232553686","2.9058116232553686","2.9058116232553686","79.07907907907716","79.07907907907716","79.07907907907716","24.224224224225484","24.224224224225484","24.224224224225484"
"13325.407477939","23.57642357641499","23.57642357641499","23.57642357641499","9.018036072145593","9.018036072145593","9.018036072145593","57.25725725726885","57.25725725726885","57.25725725726885","25.951903807599596","25.951903807599596","25.951903807599596"
"13335.406887327","7.699999999970787","7.699999999970787","7.699999999970787","7.615230460922976","7.615230460922976","7.615230460922976","73.32667332666833","73.32667332666833","73.32667332666833","25.677031093289976","25.677031093289976","25.677031093289976"
"13345.40743668","6.380857427727609","6.380857427727609","6.380857427727609","34.53453453454257","34.53453453454257","34.53453453454257","74.37437437436981","74.37437437436981","74.37437437436981","15.546639919753","15.546639919753","15.546639919753"
"13355.407196252","5.005005005022411","5.005005005022411","5.005005005022411","46.49298597194009","46.49298597194009","46.49298597194009","54.900000000006024","54.900000000006024","54.900000000006024","8.1243731193535","8.1243731193535","8.1243731193535"
"13365.407530801","5.899999999984338","5.899999999984338","5.899999999984338","6.493506493502718","6.493506493502718","6.493506493502718","24.196787148595035","24.196787148595035","24.196787148595035","79.62037962038951","79.62037962038951","79.62037962038951"
"13375.406852395","9.699999999995725","9.699999999995725","9.699999999995725","50.50100200400976","50.50100200400976","50.50100200400976","47.20558882235795","47.20558882235795","47.20558882235795","21.72172172171897","21.72172172171897","21.72172172171897"
"13385.407192625","4.600000000009459","4.600000000009459","4.600000000009459","19.499999999992635","19.499999999992635","19.499999999992635","23.323323323327962","23.323323323327962","23.323323323327962","68.56856856857371","68.56856856857371","68.56856856857371"
"13395.407799415","9.4282848545677","9.4282848545677","9.4282848545677","3.8999999999766986","3.8999999999766986","3.8999999999766986","91.9080919080957","91.9080919080957","91.9080919080957","8.008008008010004","8.008008008010004","8.008008008010004"
"13405.406916399","9.11823647294711","9.11823647294711","9.11823647294711","4.900000000015116","4.900000000015116","4.900000000015116","93.91217564869704","93.91217564869704","93.91217564869704","10.521042084161508","10.521042084161508","10.521042084161508"
"13415.407120521","24.224224224211685","24.224224224211685","24.224224224211685","2.8971028971115564","2.8971028971115564","2.8971028971115564","77.27727727728151","77.27727727728151","77.27727727728151","8.826479438307496","8.826479438307496","8.826479438307496"
"13425.407693969","9.809809809822076","9.809809809822076","9.809809809822076","2.2999999999956344","2.2999999999956344","2.2999999999956344","92.60000000000218","92.60000000000218","92.60000000000218","8.02407221665996","8.02407221665996","8.02407221665996"
"13435.407509884","9.409409409414714","9.409409409414714","9.409409409414714","47.94794794794826","47.94794794794826","47.94794794794826","61.86186186185702","61.86186186185702","61.86186186185702","8.216432865728907","8.216432865728907","8.216432865728907"
"13445.407000532","10.578842315363717","10.578842315363717","10.578842315363717","7.41482965931998","7.41482965931998","7.41482965931998","87.89999999999964","87.89999999999964","87.89999999999964","9.018036072124454","9.018036072124454","9.018036072124454"
"13455.407240639","5.310621242474505","5.310621242474505","5.310621242474505","34.06813627254294","34.06813627254294","34.06813627254294","68.73126873126833","68.73126873126833","68.73126873126833","4.800000000012951","4.800000000012951","4.800000000012951"
"13465.407629151","5.400000000010023","5.400000000010023","5.400000000010023","21.200000000008004","21.200000000008004","21.200000000008004","72.67267267267644","72.67267267267644","72.67267267267644","19.438877755502293","19.438877755502293","19.438877755502293"
"13475.406918371","2.8999999999905413","2.8999999999905413","2.8999999999905413","5.30530530531101","5.30530530531101","5.30530530531101","26.773226773233315","26.773226773233315","26.773226773233315","80.26052104207884","80.26052104207884","80.26052104207884"
"13485.406723368","2.4024024024180406","2.4024024024180406","2.4024024024180406","5.522088353406834","5.522088353406834","5.522088353406834","99.70000000000249","99.70000000000249","99.70000000000249","4.112337011014415","4.112337011014415","4.112337011014415"
"13495.407587137","9.090909090892572","9.090909090892572","9.090909090892572","11.700000000000728","11.700000000000728","11.700000000000728","91.7835671342711","91.7835671342711","91.7835671342711","20.079920079936343","20.079920079936343","20.079920079936343"
"13505.407747458","2.7944111776705323","2.7944111776705323","2.7944111776705323","4.609218436882586","4.609218436882586","4.609218436882586","96.30369630369748","96.30369630369748","96.30369630369748","9.929789368086343","9.929789368086343","9.929789368086343"
"13515.407035504","9.60960960960283","9.60960960960283","9.60960960960283","29.800000000001052","29.800000000001052","29.800000000001052","20","20","20","55.90000000001055","55.90000000001055","55.90000000001055"
"13525.406463151","2.9940119760405124","2.9940119760405124","2.9940119760405124","8.324974924772622","8.324974924772622","8.324974924772622","46.246246246237064","46.246246246237064","46.246246246237064","59.55955955955729","59.55955955955729","59.55955955955729"
"13535.406663864","28.571428571433767","28.571428571433767","28.571428571433767","9.499999999995362","9.499999999995362","9.499999999995362","7.014028056127657","7.014028056127657","7.014028056127657","68.29999999999352","68.29999999999352","68.29999999999352"
"13545.406765942","33.76623376623117","33.76623376623117","33.76623376623117","1.102204408823315","1.102204408823315","1.102204408823315","1.4028056112166738","1.4028056112166738","1.4028056112166738","67.43486973948347","67.43486973948347","67.43486973948347"
"13555.407137252","20.920920920922832","20.920920920922832","20.920920920922832","8.016032064121317","8.016032064121317","8.016032064121317","75.60000000000844","75.60000000000844","75.60000000000844","9.599999999993015","9.599999999993015","9.599999999993015"
"13565.407133696","11.600000000000819","11.600000000000819","11.600000000000819","12.812812812819649","12.812812812819649","12.812812812819649","86.89999999999122","86.89999999999122","86.89999999999122","18.254764292873585","18.254764292873585","18.254764292873585"
"13575.407780357","5.20000000000342","5.20000000000342","5.20000000000342","26.226226226230036","26.226226226230036","26.226226226230036","49.94994994995797","49.94994994995797","49.94994994995797","34.934934934933516","34.934934934933516","34.934934934933516"
"13585.406866424","5.1896207584894345","5.1896207584894345","5.1896207584894345","66.36636636636592","66.36636636636592","66.36636636636592","38.29999999999927","38.29999999999927","38.29999999999927","4.909819639293916","4.909819639293916","4.909819639293916"
"13595.40669622","13.08691308691009","13.08691308691009","13.08691308691009","12.312312312294486","12.312312312294486","12.312312312294486","90.69069069069667","90.69069069069667","90.69069069069667","13.239719157470367","13.239719157470367","13.239719157470367"
"13605.407085979","11.700000000000728","11.700000000000728","11.700000000000728","7.615230460922976","7.615230460922976","7.615230460922976","78.69999999999891","78.69999999999891","78.69999999999891","16.833667334669922","16.833667334669922","16.833667334669922"
"13615.407014724","2.2999999999956344","2.2999999999956344","2.2999999999956344","72.62737262737541","72.62737262737541","72.62737262737541","23.92392392391862","23.92392392391862","23.92392392391862","14.629258517044185","14.629258517044185","14.629258517044185"
"13625.406770796","10.810810810826558","10.810810810826558","10.810810810826558","11.011011011019445","11.011011011019445","11.011011011019445","56.11222444890389","56.11222444890389","56.11222444890389","50.95095095094459","50.95095095094459","50.95095095094459"
"13635.40751064","3.0060120240409374","3.0060120240409374","3.0060120240409374","10.69999999999709","10.69999999999709","10.69999999999709","50.20040080160755","50.20040080160755","50.20040080160755","51.95195195194873","51.95195195194873","51.95195195194873"
"13645.406883137","7.407407407407661","7.407407407407661","7.407407407407661","8.817635270550067","8.817635270550067","8.817635270550067","75.90000000000146","75.90000000000146","75.90000000000146","23.02302302303026","23.02302302303026","23.02302302303026"
"13655.406942471","12.250996015917208","12.250996015917208","12.250996015917208","6.406406406383678","6.406406406383678","6.406406406383678","29.559118236472415","29.559118236472415","29.559118236472415","81.88188188188329","81.88188188188329","81.88188188188329"
"13665.407185454","2.40240240240027","2.40240240240027","2.40240240240027","2.0040080160390774","2.0040080160390774","2.0040080160390774","72.42757242757085","72.42757242757085","72.42757242757085","37.675350701418","37.675350701418","37.675350701418"
"13675.407722734","5.215646940827188","5.215646940827188","5.215646940827188","1.3013013013160784","1.3013013013160784","1.3013013013160784","24.598393574288387","24.598393574288387","24.598393574288387","82.39999999999782","82.39999999999782","82.39999999999782"
"13685.407449514","8.817635270533449","8.817635270533449","8.817635270533449","37.07414829658387","37.07414829658387","37.07414829658387","34.70000000000255","34.70000000000255","34.70000000000255","49.399999999996105","49.399999999996105","49.399999999996105"
"13695.407416382","3.203203203220261","3.203203203220261","3.203203203220261","19.080919080917212","19.080919080917212","19.080919080917212","17.00000000001328","17.00000000001328","17.00000000001328","76.97697697697956","76.97697697697956","76.97697697697956"
"13705.407629401","16.616616616602617","16.616616616602617","16.616616616602617","21.12112112112741","21.12112112112741","21.12112112112741","64.59378134403234","64.59378134403234","64.59378134403234","5.605605605617817","5.605605605617817","5.605605605617817"
"13715.407649454","43.20000000000742","43.20000000000742","43.20000000000742","3.406813627255495","3.406813627255495","3.406813627255495","36.24497991968112","36.24497991968112","36.24497991968112","36.299999999987016","36.299999999987016","36.299999999987016"
"13725.407863301","5.6112224448849215","5.6112224448849215","5.6112224448849215","48.89779559118539","48.89779559118539","48.89779559118539","36.099999999994196","36.099999999994196","36.099999999994196","27.755511022044615","27.755511022044615","27.755511022044615"
"13735.407034813","6.312625250510334","6.312625250510334","6.312625250510334","17.900000000005477","17.900000000005477","17.900000000005477","69.76976976976475","69.76976976976475","69.76976976976475","20.599999999994907","20.599999999994907","20.599999999994907"
"13745.407211074","2.599999999984466","2.599999999984466","2.599999999984466","28.02802802800825","28.02802802800825","28.02802802800825","8.291708291707383","8.291708291707383","8.291708291707383","77.75551102204967","77.75551102204967","77.75551102204967"
"13755.406803833","10.08991008991205","10.08991008991205","10.08991008991205","48.24824824825581","48.24824824825581","48.24824824825581","12.62525050099563","12.62525050099563","12.62525050099563","58.099999999994914","58.099999999994914","58.099999999994914"
"13765.407122868","3.8076152304553466","3.8076152304553466","3.8076152304553466","40.15984015983277","40.15984015983277","40.15984015983277","9.118236472944833","9.118236472944833","9.118236472944833","62.10000000000946","62.10000000000946","62.10000000000946"
"13775.406844422","7.007007007014443","7.007007007014443","7.007007007014443","8.416833667336496","8.416833667336496","8.416833667336496","47.60000000000218","47.60000000000218","47.60000000000218","52.45245245245142","52.45245245245142","52.45245245245142"
"13785.407635136","7.692307692310488","7.692307692310488","7.692307692310488","70.31093279838375","70.31093279838375","70.31093279838375","35","35","35","14.914914914913055","14.914914914913055","14.914914914913055"
"13795.406692757","19.939879759517723","19.939879759517723","19.939879759517723","5.400000000008731","5.400000000008731","5.400000000008731","60.099999999993095","60.099999999993095","60.099999999993095","28.92892892893284","28.92892892893284","28.92892892893284"
"13805.407183198","9.481037924160814","9.481037924160814","9.481037924160814","1.9057171514592492","1.9057171514592492","1.9057171514592492","30.961923847698202","30.961923847698202","30.961923847698202","71.92807192806457","71.92807192806457","71.92807192806457"
"13815.407604055","9.59040959041883","9.59040959041883","9.59040959041883","45.10000000000218","45.10000000000218","45.10000000000218","16.799999999993815","16.799999999993815","16.799999999993815","55.41082164329556","55.41082164329556","55.41082164329556"
"13825.407941757","56.156156156145","56.156156156145","56.156156156145","1.5968063872464293","1.5968063872464293","1.5968063872464293","18.837675350718115","18.837675350718115","18.837675350718115","27.600000000002183","27.600000000002183","27.600000000002183"
"13835.407805733","8.391608391609662","8.391608391609662","8.391608391609662","4.321608040186913","4.321608040186913","4.321608040186913","59.11823647294483","59.11823647294483","59.11823647294483","43.787575150292305","43.787575150292305","43.787575150292305"
"13845.407293512","4.79041916167522","4.79041916167522","4.79041916167522","7.9158316633343055","7.9158316633343055","7.9158316633343055","99.20079920079995","99.20079920079995","99.20079920079995","16.53306613227682","16.53306613227682","16.53306613227682"
"13855.406498335","5.20000000000342","5.20000000000342","5.20000000000342","9.009009008988997","9.009009008988997","9.009009008988997","89.38938938938516","89.38938938938516","89.38938938938516","11.634904714141731","11.634904714141731","11.634904714141731"
"13865.406781638","2.3023023022979827","2.3023023022979827","2.3023023022979827","3.607214428863048","3.607214428863048","3.607214428863048","8.208208208214577","8.208208208214577","8.208208208214577","100","100","100"
"13875.407219041","5.084745762714631","5.084745762714631","5.084745762714631","14.729458917849852","14.729458917849852","14.729458917849852","77.29999999999563","77.29999999999563","77.29999999999563","32.66733266733632","32.66733266733632","32.66733266733632"
"13885.407455617","3.3033033033026475","3.3033033033026475","3.3033033033026475","10.399999999992433","10.399999999992433","10.399999999992433","11.43430290873725","11.43430290873725","11.43430290873725","90.5999999999949","90.5999999999949","90.5999999999949"
"13895.407197411","5.3106212424735375","5.3106212424735375","5.3106212424735375","7.700000000004366","7.700000000004366","7.700000000004366","70.57057057057393","70.57057057057393","70.57057057057393","32.16432865731965","32.16432865731965","32.16432865731965"
"13905.407505148","6.200000000009149","6.200000000009149","6.200000000009149","5.911823647312377","5.911823647312377","5.911823647312377","97.09999999999982","97.09999999999982","97.09999999999982","19.05717151454123","19.05717151454123","19.05717151454123"
"13915.407520534","6.986027944118733","6.986027944118733","6.986027944118733","7.11422845690539","7.11422845690539","7.11422845690539","88.71128871128788","88.71128871128788","88.71128871128788","12.912912912887869","12.912912912887869","12.912912912887869"
"13925.406723756","2.99999999999327","2.99999999999327","2.99999999999327","4.909819639276584","4.909819639276584","4.909819639276584","100","100","100","6.030150753754881","6.030150753754881","6.030150753754881"
"13935.408038696","2.202202202195695","2.202202202195695","2.202202202195695","22.2222222222202","22.2222222222202","22.2222222222202","35.27054108216113","35.27054108216113","35.27054108216113","50.15015015015343","50.15015015015343","50.15015015015343"
"13945.407383431","50.44955044955336","50.44955044955336","50.44955044955336","27.79999999999291","27.79999999999291","27.79999999999291","37.20000000000255","37.20000000000255","37.20000000000255","4.513540621872368","4.513540621872368","4.513540621872368"
"13955.407514291","12.71271271271736","12.71271271271736","12.71271271271736","6.913827655332994","6.913827655332994","6.913827655332994","89.68968968968478","89.68968968968478","89.68968968968478","5.01002004008038","5.01002004008038","5.01002004008038"
"13965.406701607","6.993006992997208","6.993006992997208","6.993006992997208","14.829659318633547","14.829659318633547","14.829659318633547","77.02297702298063","77.02297702298063","77.02297702298063","13.841524573714045","13.841524573714045","13.841524573714045"
"13975.407284973","15.430861723453503","15.430861723453503","15.430861723453503","12.287712287707658","12.287712287707658","12.287712287707658","73.3999999999972","73.3999999999972","73.3999999999972","30.030030030030687","30.030030030030687","30.030030030030687"
"13985.40653469","11.600000000000819","11.600000000000819","11.600000000000819","22.66800401203565","22.66800401203565","22.66800401203565","72.77277277277874","72.77277277277874","72.77277277277874","6.92771084337795","6.92771084337795","6.92771084337795"
"13995.407420835","4.4088176352750335","4.4088176352750335","4.4088176352750335","10.68931068930949","10.68931068930949","10.68931068930949","77.79999999999745","77.79999999999745","77.79999999999745","22.24448897795944","22.24448897795944","22.24448897795944"
"14005.40752138","3.6144578313138593","3.6144578313138593","3.6144578313138593","11.634904714139608","11.634904714139608","11.634904714139608","69.89999999999782","69.89999999999782","69.89999999999782","42.58517034069369","42.58517034069369","42.58517034069369"
"14015.406508407","16.59999999998565","16.59999999998565","16.59999999998565","10.710710710712583","10.710710710712583","10.710710710712583","36.272545090189965","36.272545090189965","36.272545090189965","52.85285285284236","52.85285285284236","52.85285285284236"
"14025.407424092","4.004004004017929","4.004004004017929","4.004004004017929","9.309309309312425","9.309309309312425","9.309309309312425","71.99999999998909","71.99999999998909","71.99999999998909","27.45490981963829","27.45490981963829","27.45490981963829"
"14035.407577749","22.654690618751804","22.654690618751804","22.654690618751804","14.587525150912006","14.587525150912006","14.587525150912006","32.83283283283412","32.83283283283412","32.83283283283412","60.860860860861465","60.860860860861465","60.860860860861465"
"14045.407089926","7.107107107115436","7.107107107115436","7.107107107115436","9.109109109091303","9.109109109091303","9.109109109091303","78.27827827829132","78.27827827829132","78.27827827829132","19.01901901903054","19.01901901903054","19.01901901903054"
"14055.406941768","3.988035892337279","3.988035892337279","3.988035892337279","17.168674698803045","17.168674698803045","17.168674698803045","49.74974974975343","49.74974974975343","49.74974974975343","44.48897795591888","44.48897795591888","44.48897795591888"
"14065.40750402","14.314314314299331","14.314314314299331","14.314314314299331","15.731462925834116","15.731462925834116","15.731462925834116","87.92415169659567","87.92415169659567","87.92415169659567","11.311311311303546","11.311311311303546","11.311311311303546"
"14075.407163858","2.3976023976024363","2.3976023976024363","2.3976023976024363","12.725450901810776","12.725450901810776","12.725450901810776","48.20000000000586","48.20000000000586","48.20000000000586","53.25325325325151","53.25325325325151","53.25325325325151"
"14085.407460254","3.1936127744662075","3.1936127744662075","3.1936127744662075","6.5065065065030065","6.5065065065030065","6.5065065065030065","42.026078234704315","42.026078234704315","42.026078234704315","63.12625250501222","63.12625250501222","63.12625250501222"
"14095.407169709","6.499999999996361","6.499999999996361","6.499999999996361","24.549098196396677","24.549098196396677","24.549098196396677","69.89999999999782","69.89999999999782","69.89999999999782","28.799999999997233","28.799999999997233","28.799999999997233"
"14105.406838675","11.133400200590131","11.133400200590131","11.133400200590131","15.23046092184873","15.23046092184873","15.23046092184873","81.09999999999107","81.09999999999107","81.09999999999107","7.329317269071225","7.329317269071225","7.329317269071225"
"14115.406752376","2.597402597404721","2.597402597404721","2.597402597404721","9.990009990009773","9.990009990009773","9.990009990009773","13.82765531064776","13.82765531064776","13.82765531064776","89.01098901098563","89.01098901098563","89.01098901098563"
"14125.406731288","4.795204795201201","4.795204795201201","4.795204795201201","3.703703703711122","3.703703703711122","3.703703703711122","70.99999999999837","70.99999999999837","70.99999999999837","37.01103309929394","37.01103309929394","37.01103309929394"
"14135.407521283","4.01203610834065","4.01203610834065","4.01203610834065","3.203203203182735","3.203203203182735","3.203203203182735","41.48296593185971","41.48296593185971","41.48296593185971","63.236763236767814","63.236763236767814","63.236763236767814"
"14145.408007777","5.799999999982138","5.799999999982138","5.799999999982138","21.221221221229698","21.221221221229698","21.221221221229698","79.07907907905896","79.07907907905896","79.07907907905896","8.7261785356063","8.7261785356063","8.7261785356063"
"14155.406570674","12.212212212224133","12.212212212224133","12.212212212224133","4.509018036065962","4.509018036065962","4.509018036065962","64.56456456457326","64.56456456457326","64.56456456457326","26.100000000005817","26.100000000005817","26.100000000005817"
"14165.406851034","40.94094094092509","40.94094094092509","40.94094094092509","21.600000000012805","21.600000000012805","21.600000000012805","38.77755511021193","38.77755511021193","38.77755511021193","21.664994984950876","21.664994984950876","21.664994984950876"
"14175.407228688","2.900000000011005","2.900000000011005","2.900000000011005","5.805805805805204","5.805805805805204","5.805805805805204","99.79999999999563","99.79999999999563","99.79999999999563","5.210420841670692","5.210420841670692","5.210420841670692"
"14185.407576624","9.63855421687605","9.63855421687605","9.63855421687605","6.913827655299061","6.913827655299061","6.913827655299061","84.16833667337073","84.16833667337073","84.16833667337073","13.941825476424366","13.941825476424366","13.941825476424366"
"14195.407684538","10.100000000002183","10.100000000002183","10.100000000002183","9.327983951857396","9.327983951857396","9.327983951857396","21.32132132129945","21.32132132129945","21.32132132129945","89.57915831662596","89.57915831662596","89.57915831662596"
"14205.406734552","6.100000000006985","6.100000000006985","6.100000000006985","4.604604604613335","4.604604604613335","4.604604604613335","75.5511022044071","75.5511022044071","75.5511022044071","29.599999999991265","29.599999999991265","29.599999999991265"
"14215.407361246","4.699999999994307","4.699999999994307","4.699999999994307","5.616850551650225","5.616850551650225","5.616850551650225","41.1999999999973","41.1999999999973","41.1999999999973","63.36336336336402","63.36336336336402","63.36336336336402"
"14225.406968171","4.378109452725866","4.378109452725866","4.378109452725866","5.705705705702917","5.705705705702917","5.705705705702917","53.1999999999971","53.1999999999971","53.1999999999971","56.82730923695131","56.82730923695131","56.82730923695131"
"14235.407085224","0.9018036072159265","0.9018036072159265","0.9018036072159265","1.6016016016180963","1.6016016016180963","1.6016016016180963","52.75275275275828","52.75275275275828","52.75275275275828","48.551448551453305","48.551448551453305","48.551448551453305"
"14245.407138931","1.7034068136277476","1.7034068136277476","1.7034068136277476","1.0010010009911907","1.0010010009911907","1.0010010009911907","52.09999999999126","52.09999999999126","52.09999999999126","53.05305305305548","53.05305305305548","53.05305305305548"
"14255.406866647","11.576846307401427","11.576846307401427","11.576846307401427","9.227683049147096","9.227683049147096","9.227683049147096","48.8977955911858","48.8977955911858","48.8977955911858","60.68204613841194","60.68204613841194","60.68204613841194"
"14265.407030592","1.9980019979910515","1.9980019979910515","1.9980019979910515","5.711422845688716","5.711422845688716","5.711422845688716","12.33701103309573","12.33701103309573","12.33701103309573","93.50000000000364","93.50000000000364","93.50000000000364"
"14275.407239456","7.5150300601037126","7.5150300601037126","7.5150300601037126","24.500000000007276","24.500000000007276","24.500000000007276","54.70941883767725","54.70941883767725","54.70941883767725","28.828828828821447","28.828828828821447","28.828828828821447"
"14285.407382049","6.69330669332423","6.69330669332423","6.69330669332423","9.30000000000291","9.30000000000291","9.30000000000291","31.36272545091338","31.36272545091338","31.36272545091338","82.90000000000873","82.90000000000873","82.90000000000873"
"14295.406991866","6.39360639361972","6.39360639361972","6.39360639361972","20.862587763286705","20.862587763286705","20.862587763286705","39.99999999998181","39.99999999998181","39.99999999998181","52.95887662989005","52.95887662989005","52.95887662989005"
"14305.407729707","3.306613226434698","3.306613226434698","3.306613226434698","40.40000000000873","40.40000000000873","40.40000000000873","7.907907907916821","7.907907907916821","7.907907907916821","63.336663336672494","63.336663336672494","63.336663336672494"
"14315.406946191","8.17547357927918","8.17547357927918","8.17547357927918","36.59999999998701","36.59999999998701","36.59999999998701","63.19999999999709","63.19999999999709","63.19999999999709","22.367101303908825","22.367101303908825","22.367101303908825"
"14325.406859749","4.7094188376516275","4.7094188376516275","4.7094188376516275","7.214428857709184","7.214428857709184","7.214428857709184","75","75","75","26.45290581161857","26.45290581161857","26.45290581161857"
"14335.406872029","2.404809619236395","2.404809619236395","2.404809619236395","8.216432865745634","8.216432865745634","8.216432865745634","43.29999999999927","43.29999999999927","43.29999999999927","61.82364729459261","61.82364729459261","61.82364729459261"
"14345.406859252","7.607607607608574","7.607607607608574","7.607607607608574","10.621242484965302","10.621242484965302","10.621242484965302","28.614457831326234","28.614457831326234","28.614457831326234","67.56756756755674","67.56756756755674","67.56756756755674"
"14355.407004031","7.007007006999786","7.007007006999786","7.007007006999786","12.900000000008733","12.900000000008733","12.900000000008733","67.8678678678759","67.8678678678759","67.8678678678759","42.15784215785287","42.15784215785287","42.15784215785287"
"14365.40739789","19.59999999999127","19.59999999999127","19.59999999999127","3.6999999999898137","3.6999999999898137","3.6999999999898137","82.19999999999021","82.19999999999021","82.19999999999021","9.519038076141785","9.519038076141785","9.519038076141785"
"14375.406574852","11.43430290873953","11.43430290873953","11.43430290873953","33.466533466524275","33.466533466524275","33.466533466524275","11.000000000003638","11.000000000003638","11.000000000003638","58.87662988966266","58.87662988966266","58.87662988966266"
"14385.407409849","13.532338308462034","13.532338308462034","13.532338308462034","19.176706827320718","19.176706827320718","19.176706827320718","73.64729458918522","73.64729458918522","73.64729458918522","24.54909819640115","24.54909819640115","24.54909819640115"
"14395.407446009","2.3952095808387446","2.3952095808387446","2.3952095808387446","10.721442885769097","10.721442885769097","10.721442885769097","3.6108324974978943","3.6108324974978943","3.6108324974978943","99.09999999999854","99.09999999999854","99.09999999999854"
"14405.407031338","6.012024048099005","6.012024048099005","6.012024048099005","11.600000000003092","11.600000000003092","11.600000000003092","80.8808808808854","80.8808808808854","80.8808808808854","17.717717717719246","17.717717717719246","17.717717717719246"
"14415.40726152","11.900000000007367","11.900000000007367","11.900000000007367","14.47105788422264","14.47105788422264","14.47105788422264","65.13486513484357","65.13486513484357","65.13486513484357","38.01404212637908","38.01404212637908","38.01404212637908"
"14425.406539854","5.305305305293768","5.305305305293768","5.305305305293768","25.82582582582566","25.82582582582566","25.82582582582566","29.859719438874688","29.859719438874688","29.859719438874688","55.89999999999129","55.89999999999129","55.89999999999129"
"14435.40729745","2.7027027027094075","2.7027027027094075","2.7027027027094075","5.805805805822355","5.805805805822355","5.805805805822355","77.20000000001164","77.20000000001164","77.20000000001164","29.058116232462556","29.058116232462556","29.058116232462556"
"14445.406844323","7.599999999985376","7.599999999985376","7.599999999985376","7.329317269072565","7.329317269072565","7.329317269072565","35","35","35","79.52047952048723","79.52047952048723","79.52047952048723"
"14455.407590719","5.105105105123751","5.105105105123751","5.105105105123751","3.503503503506584","3.503503503506584","3.503503503506584","13.340020060162445","13.340020060162445","13.340020060162445","90.30000000000655","90.30000000000655","90.30000000000655"
"14465.407497874","1.5030060120204687","1.5030060120204687","1.5030060120204687","1.3026052103951276","1.3026052103951276","1.3026052103951276","52.44755244757812","52.44755244757812","52.44755244757812","49.49899799598103","49.49899799598103","49.49899799598103"
"14475.407204768","4.795204795203472","4.795204795203472","4.795204795203472","10.521042084182373","10.521042084182373","10.521042084182373","73.6736736736629","73.6736736736629","73.6736736736629","37.75100401606976","37.75100401606976","37.75100401606976"
"14485.406664011","2.705410821647286","2.705410821647286","2.705410821647286","6.000000000002546","6.000000000002546","6.000000000002546","89.88988988988564","89.88988988988564","89.88988988988564","16.100000000002893","16.100000000002893","16.100000000002893"
"14495.406988602","4.304304304292163","4.304304304292163","4.304304304292163","4.413239719145431","4.413239719145431","4.413239719145431","61.83816183817251","61.83816183817251","61.83816183817251","44.844844844841454","44.844844844841454","44.844844844841454"
"14505.406707338","13.2264529058251","13.2264529058251","13.2264529058251","43.85614385613709","43.85614385613709","43.85614385613709","11.711711711712695","11.711711711712695","11.711711711712695","56.300000000010186","56.300000000010186","56.300000000010186"
"14515.407730637","1.7000000000007276","1.7000000000007276","1.7000000000007276","27.427427427439056","27.427427427439056","27.427427427439056","1.2024048096273106","1.2024048096273106","1.2024048096273106","73.50000000000364","73.50000000000364","73.50000000000364"
"14525.40681056","2.6026026025889126","2.6026026025889126","2.6026026025889126","41.70000000000073","41.70000000000073","41.70000000000073","31.831831831823028","31.831831831823028","31.831831831823028","39.63963963963177","39.63963963963177","39.63963963963177"
"14535.407099956","3.290129611166157","3.290129611166157","3.290129611166157","30.02008032128558","30.02008032128558","30.02008032128558","32.067932067940816","32.067932067940816","32.067932067940816","54.75475475475764","54.75475475475764","54.75475475475764"
"14545.406913566","10.978043912181072","10.978043912181072","10.978043912181072","13.026052104201696","13.026052104201696","13.026052104201696","90.88176352705517","90.88176352705517","90.88176352705517","8.60000000000582","8.60000000000582","8.60000000000582"
"14555.407286211","8.199999999980392","8.199999999980392","8.199999999980392","5.5165496489571435","5.5165496489571435","5.5165496489571435","93.99999999997817","93.99999999997817","93.99999999997817","4.308617234453816","4.308617234453816","4.308617234453816"
"14565.406681717","36.409227683055114","36.409227683055114","36.409227683055114","1.499999999978445","1.499999999978445","1.499999999978445","61.13886113888597","61.13886113888597","61.13886113888597","4.308617234472043","4.308617234472043","4.308617234472043"
"14575.407754808","11.07784431138484","11.07784431138484","11.07784431138484","7.214428857730653","7.214428857730653","7.214428857730653","28.75751503003294","28.75751503003294","28.75751503003294","81.39999999999418","81.39999999999418","81.39999999999418"
"14585.407015121","6.30000000000904","6.30000000000904","6.30000000000904","9.519038076141785","9.519038076141785","9.519038076141785","96.19619619620482","96.19619619620482","96.19619619620482","1.1011011010889442","1.1011011010889442","1.1011011010889442"
"14595.407960124","6.081754735783263","6.081754735783263","6.081754735783263","12.148594377518384","12.148594377518384","12.148594377518384","13.026052104219923","13.026052104219923","13.026052104219923","86.00000000000364","86.00000000000364","86.00000000000364"
"14605.407508129","6.82046138413758","6.82046138413758","6.82046138413758","12.625250501004743","12.625250501004743","12.625250501004743","99.59919839678481","99.59919839678481","99.59919839678481","8.917835671353844","8.917835671353844","8.917835671353844"
"14615.406998778","1.8054162487671914","1.8054162487671914","1.8054162487671914","3.4034034034049343","3.4034034034049343","3.4034034034049343","36.599999999998545","36.599999999998545","36.599999999998545","65.00000000000273","65.00000000000273","65.00000000000273"
"14625.40700623","2.1000000000113506","2.1000000000113506","2.1000000000113506","5.321285140568318","5.321285140568318","5.321285140568318","71.49999999999636","71.49999999999636","71.49999999999636","29.08726178534902","29.08726178534902","29.08726178534902"
"14635.407036891","12.999999999995088","12.999999999995088","12.999999999995088","8.682634730546532","8.682634730546532","8.682634730546532","61.685055165503876","61.685055165503876","61.685055165503876","46.80000000001259","46.80000000001259","46.80000000001259"
"14645.407056868","2.999999999992724","2.999999999992724","2.999999999992724","22.5450901803576","22.5450901803576","22.5450901803576","67.7999999999825","67.7999999999825","67.7999999999825","20.440881763522196","20.440881763522196","20.440881763522196"
"14655.407561679","3.6072144288454795","3.6072144288454795","3.6072144288454795","11.799999999991414","11.799999999991414","11.799999999991414","48.09999999999491","48.09999999999491","48.09999999999491","52.40480961923639","52.40480961923639","52.40480961923639"
"14665.407100568","12.5","12.5","12.5","8.433734939761237","8.433734939761237","8.433734939761237","22.422422422467186","22.422422422467186","22.422422422467186","85.49999999999535","85.49999999999535","85.49999999999535"
"14675.406800936","1.499999999996635","1.499999999996635","1.499999999996635","35.23523523523396","35.23523523523396","35.23523523523396","49.3999999999777","49.3999999999777","49.3999999999777","18.83767535069421","18.83767535069421","18.83767535069421"
"14685.406644761","3.300000000001546","3.300000000001546","3.300000000001546","25.92592592592795","25.92592592592795","25.92592592592795","76.42928786360812","76.42928786360812","76.42928786360812","6.412825651314111","6.412825651314111","6.412825651314111"
"14695.407023709","22.400000000011932","22.400000000011932","22.400000000011932","15.34603811433236","15.34603811433236","15.34603811433236","81.8999999999869","81.8999999999869","81.8999999999869","8.42527582748446","8.42527582748446","8.42527582748446"
"14705.407020622","5.305305305296044","5.305305305296044","5.305305305296044","14.514514514522114","14.514514514522114","14.514514514522114","89.21078921079018","89.21078921079018","89.21078921079018","6.900000000003838","6.900000000003838","6.900000000003838"
"14715.407192646","2.4950099800398116","2.4950099800398116","2.4950099800398116","14.314314314317542","14.314314314317542","14.314314314317542","11.859296482414118","11.859296482414118","11.859296482414118","86.68668668668712","86.68668668668712","86.68668668668712"
"14725.407481133","21.300000000024504","21.300000000024504","21.300000000024504","2.599999999983993","2.599999999983993","2.599999999983993","46.9939879759494","46.9939879759494","46.9939879759494","48.89779559118539","48.89779559118539","48.89779559118539"
"14735.406812585","14.185814185799009","14.185814185799009","14.185814185799009","5.917753259781186","5.917753259781186","5.917753259781186","54.399999999996794","54.399999999996794","54.399999999996794","39.060939060936754","39.060939060936754","39.060939060936754"
"14745.40696254","2.299999999997908","2.299999999997908","2.299999999997908","18.318318318317992","18.318318318317992","18.318318318317992","12.712712712715046","12.712712712715046","12.712712712715046","80.59999999999845","80.59999999999845","80.59999999999845"
"14755.407444323","3.103103103117992","3.103103103117992","3.103103103117992","16.76706827310671","16.76706827310671","16.76706827310671","58.941058941054024","58.941058941054024","58.941058941054024","36.49999999998481","36.49999999998481","36.49999999998481"
"14765.406661223","9.009009009005563","9.009009009005563","9.009009009005563","29.02902902902602","29.02902902902602","29.02902902902602","19.879518072301146","19.879518072301146","19.879518072301146","69.56956956957283","69.56956956957283","69.56956956957283"
"14775.406963561","12.287712287707658","12.287712287707658","12.287712287707658","16.116116116122296","16.116116116122296","16.116116116122296","75.4754754754814","75.4754754754814","75.4754754754814","1.10441767068847","1.10441767068847","1.10441767068847"
"14785.406591046","6.012024048100101","6.012024048100101","6.012024048100101","57.1428571428539","57.1428571428539","57.1428571428539","37.67535070139977","37.67535070139977","37.67535070139977","9.699999999993452","9.699999999993452","9.699999999993452"
"14795.40779511","4.5999999999921055","4.5999999999921055","4.5999999999921055","8.508508508495677","8.508508508495677","8.508508508495677","99.00000000001437","99.00000000001437","99.00000000001437","15.546639919753","15.546639919753","15.546639919753"
"14805.406990855","4.199999999984811","4.199999999984811","4.199999999984811","3.009027081254327","3.009027081254327","3.009027081254327","95.09999999998399","95.09999999998399","95.09999999998399","13.45381526104436","13.45381526104436","13.45381526104436"
"14815.407031041","2.208835341359081","2.208835341359081","2.208835341359081","2.8084252758337227","2.8084252758337227","2.8084252758337227","71.9000000000102","71.9000000000102","71.9000000000102","35.53553553554723","35.53553553554723","35.53553553554723"
"14825.407572908","3.9960039960199913","3.9960039960199913","3.9960039960199913","12.087912087921273","12.087912087921273","12.087912087921273","88.60000000000582","88.60000000000582","88.60000000000582","13.426853707423541","13.426853707423541","13.426853707423541"
"14835.407867721","3.006012024041485","3.006012024041485","3.006012024041485","12.52505010016906","12.52505010016906","12.52505010016906","81.68168168166714","81.68168168166714","81.68168168166714","15.499999999995543","15.499999999995543","15.499999999995543"
"14845.407432515","2.697302697308781","2.697302697308781","2.697302697308781","1.2036108325053796","1.2036108325053796","1.2036108325053796","100","100","100","9.839357429713559","9.839357429713559","9.839357429713559"
"14855.406985038","10.810810810810318","10.810810810810318","10.810810810810318","14.629258517025958","14.629258517025958","14.629258517025958","19.038076152305266","19.038076152305266","19.038076152305266","88.20000000001313","88.20000000001313","88.20000000001313"
"14865.407149216","2.6104417670729765","2.6104417670729765","2.6104417670729765","4.504504504493678","4.504504504493678","4.504504504493678","99.40059940058644","99.40059940058644","99.40059940058644","6.312625250510334","6.312625250510334","6.312625250510334"
"14875.406677093","2.0020020020089646","2.0020020020089646","2.0020020020089646","34.334334334337996","34.334334334337996","34.334334334337996","34.36873747495432","34.36873747495432","34.36873747495432","36.67334669338692","36.67334669338692","36.67334669338692"
"14885.406811617","9.390609390597808","9.390609390597808","9.390609390597808","36.573146292594686","36.573146292594686","36.573146292594686","69.16916916916922","69.16916916916922","69.16916916916922","2.006018054169551","2.006018054169551","2.006018054169551"
"14895.406835592","50.04995004995114","50.04995004995114","50.04995004995114","17.000000000011823","17.000000000011823","17.000000000011823","23.223223223220817","23.223223223220817","23.223223223220817","14.428857715433965","14.428857715433965","14.428857715433965"
"14905.407587814","3.3066132264545995","3.3066132264545995","3.3066132264545995","11.21121121120126","11.21121121120126","11.21121121120126","34.29999999997277","34.29999999997277","34.29999999997277","68.49999999999791","68.49999999999791","68.49999999999791"
"14915.407516319","7.784431137729333","7.784431137729333","7.784431137729333","9.919839679356965","9.919839679356965","9.919839679356965","93.49349349351638","93.49349349351638","93.49349349351638","18.61861861862485","18.61861861862485","18.61861861862485"
"14925.406784077","2.3092369477691426","2.3092369477691426","2.3092369477691426","12.300000000011586","12.300000000011586","12.300000000011586","90.09999999998399","90.09999999998399","90.09999999998399","10.921843687374695","10.921843687374695","10.921843687374695"
"14935.406577237","3.200000000016971","3.200000000016971","3.200000000016971","6.5065065065030065","6.5065065065030065","6.5065065065030065","96.70329670331508","96.70329670331508","96.70329670331508","6.13065326633706","6.13065326633706","6.13065326633706"
"14945.406688091","9.318637274552422","9.318637274552422","9.318637274552422","9.081836327326956","9.081836327326956","9.081836327326956","17.185929648231173","17.185929648231173","17.185929648231173","85.08508508508694","85.08508508508694","85.08508508508694"
"14955.406876403","3.000000000010368","3.000000000010368","3.000000000010368","8.000000000010914","8.000000000010914","8.000000000010914","99.20079920079995","99.20079920079995","99.20079920079995","11.623246492985022","11.623246492985022","11.623246492985022"
"14965.406564989","6.78642714569427","6.78642714569427","6.78642714569427","3.2096288866572715","3.2096288866572715","3.2096288866572715","91.69169169169223","91.69169169169223","91.69169169169223","7.236180904516826","7.236180904516826","7.236180904516826"
"14975.406907722","1.8018018018047546","1.8018018018047546","1.8018018018047546","1.3026052104308679","1.3026052104308679","1.3026052104308679","29.72972972973662","29.72972972973662","29.72972972973662","73.39999999998811","73.39999999998811","73.39999999998811"
"14985.407789675","7.3000000000124965","7.3000000000124965","7.3000000000124965","27.25450901803526","27.25450901803526","27.25450901803526","79.77977977977129","79.77977977977129","79.77977977977129","15.43086172346543","15.43086172346543","15.43086172346543"
"14995.406904324","2.50501002002242","2.50501002002242","2.50501002002242","4.404404404408797","4.404404404408797","4.404404404408797","98.30000000001746","98.30000000001746","98.30000000001746","8.89999999999418","8.89999999999418","8.89999999999418"
"15005.406731497","7.085828343307907","7.085828343307907","7.085828343307907","1.9057171514417","1.9057171514417","1.9057171514417","25.62562562563463","25.62562562563463","25.62562562563463","80.08008008008183","80.08008008008183","80.08008008008183"
"15015.407457677","17.065868263478652","17.065868263478652","17.065868263478652","19.619619619625944","19.619619619625944","19.619619619625944","73.74749498996601","73.74749498996601","73.74749498996601","19.639278557106337","19.639278557106337","19.639278557106337"
"15025.406986086","2.407221664975148","2.407221664975148","2.407221664975148","1.499999999996362","1.499999999996362","1.499999999996362","97.30269730269251","97.30269730269251","97.30269730269251","11.634904714141731","11.634904714141731","11.634904714141731"
"15035.407387942","2.0040080160592164","2.0040080160592164","2.0040080160592164","3.3033033032850407","3.3033033032850407","3.3033033032850407","44.68937875750824","44.68937875750824","44.68937875750824","56.356356356357516","56.356356356357516","56.356356356357516"
"15045.407433665","7.800000000006549","7.800000000006549","7.800000000006549","9.800000000046639","9.800000000046639","9.800000000046639","36.81043129389632","36.81043129389632","36.81043129389632","72.80000000000655","72.80000000000655","72.80000000000655"
"15055.406604574","8.099999999994907","8.099999999994907","8.099999999994907","4.714142427239958","4.714142427239958","4.714142427239958","90.8908908908938","90.8908908908938","90.8908908908938","9.799999999995634","9.799999999995634","9.799999999995634"
"15065.407748517","2.5974025973870214","2.5974025973870214","2.5974025973870214","10.589410589407194","10.589410589407194","10.589410589407194","19.580419580443216","19.580419580443216","19.580419580443216","84.89999999999782","84.89999999999782","84.89999999999782"
"15075.406695021","11.565304087736681","11.565304087736681","11.565304087736681","20.741482965963304","20.741482965963304","20.741482965963304","74.67467467466295","74.67467467466295","74.67467467466295","22.266800401184323","22.266800401184323","22.266800401184323"
"15085.406986192","3.9920159680600675","3.9920159680600675","3.9920159680600675","7.723169508495382","7.723169508495382","7.723169508495382","64.80000000000102","64.80000000000102","64.80000000000102","37.23723723724292","37.23723723724292","37.23723723724292"
"15095.407595164","4.914744232713575","4.914744232713575","4.914744232713575","5.410821643277332","5.410821643277332","5.410821643277332","34.600000000015065","34.600000000015065","34.600000000015065","70.34068136273291","70.34068136273291","70.34068136273291"
"15105.40684797","17.465069860278682","17.465069860278682","17.465069860278682","6.927710843379215","6.927710843379215","6.927710843379215","86.27254509017675","86.27254509017675","86.27254509017675","17.017017016991353","17.017017016991353","17.017017016991353"
"15115.406965364","2.9970029969962075","2.9970029969962075","2.9970029969962075","10.220440881750122","10.220440881750122","10.220440881750122","76.12387612387812","76.12387612387812","76.12387612387812","26.47943831495415","26.47943831495415","26.47943831495415"
"15125.406955097","3.406813627275379","3.406813627275379","3.406813627275379","11.100000000038163","11.100000000038163","11.100000000038163","62.52505010020095","62.52505010020095","62.52505010020095","34.63463463463856","34.63463463463856","34.63463463463856"
"15135.408271454","13.060817547354365","13.060817547354365","13.060817547354365","14.099999999998545","14.099999999998545","14.099999999998545","63.936063936052356","63.936063936052356","63.936063936052356","37.111334002004284","37.111334002004284","37.111334002004284"
"15145.407048127","5.210420841669743","5.210420841669743","5.210420841669743","25.89999999998781","25.89999999998781","25.89999999998781","34.334334334349954","34.334334334349954","34.334334334349954","49.89979959919621","49.89979959919621","49.89979959919621"
"15155.407681028","8.800000000010186","8.800000000010186","8.800000000010186","11.835506519546287","11.835506519546287","11.835506519546287","69.23847695390938","69.23847695390938","69.23847695390938","26.226226226256898","26.226226226256898","26.226226226256898"
"15165.407325529","4.604604604615611","4.604604604615611","4.604604604615611","7.200000000027212","7.200000000027212","7.200000000027212","66.46646646645598","66.46646646645598","66.46646646645598","34.97487437184686","34.97487437184686","34.97487437184686"
"15175.406691975","5.588822355284095","5.588822355284095","5.588822355284095","17.85356068203889","17.85356068203889","17.85356068203889","79.7202797202773","79.7202797202773","79.7202797202773","26.79999999999382","26.79999999999382","26.79999999999382"
"15185.406811783","2.594810379226371","2.594810379226371","2.594810379226371","14.200000000013752","14.200000000013752","14.200000000013752","19.59798994978402","19.59798994978402","19.59798994978402","76.9000000000051","76.9000000000051","76.9000000000051"
"15195.407369316","2.694610778447353","2.694610778447353","2.694610778447353","30.2208835341159","30.2208835341159","30.2208835341159","76.92307692307833","76.92307692307833","76.92307692307833","5.911823647262008","5.911823647262008","5.911823647262008"
"15205.407279117","15.884115884103977","15.884115884103977","15.884115884103977","52.700000000004366","52.700000000004366","52.700000000004366","29.170829170816393","29.170829170816393","29.170829170816393","31.79538615849733","31.79538615849733","31.79538615849733"
"15215.407111563","10.020040080142532","10.020040080142532","10.020040080142532","8.308308308324456","8.308308308324456","8.308308308324456","92.19219219220224","92.19219219220224","92.19219219220224","6.406406406417761","6.406406406417761","6.406406406417761"
"15225.407817302","2.5","2.5","2.5","6.218655967876793","6.218655967876793","6.218655967876793","82.09999999999127","82.09999999999127","82.09999999999127","22.367101303894664","22.367101303894664","22.367101303894664"
"15235.406721171","7.9920079920354405","7.9920079920354405","7.9920079920354405","10.531594784362776","10.531594784362776","10.531594784362776","41.524573721152805","41.524573721152805","41.524573721152805","70.87087087087698","70.87087087087698","70.87087087087698"
"15245.407346582","7.107107107115436","7.107107107115436","7.107107107115436","41.041041041038106","41.041041041038106","41.041041041038106","28.928928928929004","28.928928928929004","28.928928928929004","36.999999999984354","36.999999999984354","36.999999999984354"
"15255.407525259","4.604604604596804","4.604604604596804","4.604604604596804","7.60000000000673","7.60000000000673","7.60000000000673","51.151151151148774","51.151151151148774","51.151151151148774","52.75275275276587","52.75275275276587","52.75275275276587"
"15265.406625886","5.876494023907586","5.876494023907586","5.876494023907586","9.500000000007276","9.500000000007276","9.500000000007276","66.29999999999792","66.29999999999792","66.29999999999792","47.94383149448367","47.94383149448367","47.94383149448367"
"15275.407206865","2.3069207622291623","2.3069207622291623","2.3069207622291623","5.115346038115935","5.115346038115935","5.115346038115935","55.79999999999927","55.79999999999927","55.79999999999927","51.90380761523495","51.90380761523495","51.90380761523495"
"15285.407529066","20.841683366773132","20.841683366773132","20.841683366773132","8.608608608597983","8.608608608597983","8.608608608597983","63.2632632632818","63.2632632632818","63.2632632632818","20.841683366704792","20.841683366704792","20.841683366704792"
"15295.407854885","12.749003984039808","12.749003984039808","12.749003984039808","15.145436308958162","15.145436308958162","15.145436308958162","90.29029029029486","90.29029029029486","90.29029029029486","11.74698795175849","11.74698795175849","11.74698795175849"
"15305.407030355","3.6000000000408905","3.6000000000408905","3.6000000000408905","8.799999999977008","8.799999999977008","8.799999999977008","75.82417582416184","75.82417582416184","75.82417582416184","26.92692692694592","26.92692692694592","26.92692692694592"
"15315.406961051","10.732196589750806","10.732196589750806","10.732196589750806","4.212637913741461","4.212637913741461","4.212637913741461","54.45445445446904","54.45445445446904","54.45445445446904","45.19038076152721","45.19038076152721","45.19038076152721"
"15325.406547586","11.465603190426418","11.465603190426418","11.465603190426418","17.635270541085124","17.635270541085124","17.635270541085124","58.64135864135784","58.64135864135784","58.64135864135784","43.02908726179821","43.02908726179821","43.02908726179821"
"15335.407386057","6.513026052116701","6.513026052116701","6.513026052116701","84.81518481517803","84.81518481517803","84.81518481517803","9.41883767533799","9.41883767533799","9.41883767533799","13.527054108233965","13.527054108233965","13.527054108233965"
"15345.406737204","5.194805194794486","5.194805194794486","5.194805194794486","28.886659979920715","28.886659979920715","28.886659979920715","62.700000000004366","62.700000000004366","62.700000000004366","16.699999999970423","16.699999999970423","16.699999999970423"
"15355.40808685","3.003003002996332","3.003003002996332","3.003003002996332","13.453815261078429","13.453815261078429","13.453815261078429","48.29659318637194","48.29659318637194","48.29659318637194","54.764292878639","54.764292878639","54.764292878639"
"15365.407188166","6.380857427693651","6.380857427693651","6.380857427693651","18.881118881127396","18.881118881127396","18.881118881127396","42.642642642635316","42.642642642635316","42.642642642635316","60.28084252759614","60.28084252759614","60.28084252759614"
"15375.407034271","17.369477911673908","17.369477911673908","17.369477911673908","12.21221221218994","12.21221221218994","12.21221221218994","69.80000000000662","69.80000000000662","69.80000000000662","15.584415584425496","15.584415584425496","15.584415584425496"
"15385.407020564","2.6946107784120246","2.6946107784120246","2.6946107784120246","5.60560560560165","5.60560560560165","5.60560560560165","36.73673673672675","36.73673673672675","36.73673673672675","71.4714714714724","71.4714714714724","71.4714714714724"
"15395.407228619","9.262948207208552","9.262948207208552","9.262948207208552","16.232464929885314","16.232464929885314","16.232464929885314","71.62837162838382","71.62837162838382","71.62837162838382","30.19999999997897","30.19999999997897","30.19999999997897"
"15405.406995075","45.10000000000218","45.10000000000218","45.10000000000218","1.3026052104128791","1.3026052104128791","1.3026052104128791","25.951903807626593","25.951903807626593","25.951903807626593","31.062124248508898","31.062124248508898","31.062124248508898"
"15415.407179647","3.7962037961964077","3.7962037961964077","3.7962037961964077","10.02004008016076","10.02004008016076","10.02004008016076","26.326326326350515","26.326326326350515","26.326326326350515","75.97597597597472","75.97597597597472","75.97597597597472"
"15425.407421472","11.000000000017826","11.000000000017826","11.000000000017826","14.914914914897565","14.914914914897565","14.914914914897565","88.6999999999857","88.6999999999857","88.6999999999857","13.527054108252193","13.527054108252193","13.527054108252193"
"15435.407124808","2.5025025024848047","2.5025025024848047","2.5025025024848047","17.251755265807052","17.251755265807052","17.251755265807052","83.30000000001746","83.30000000001746","83.30000000001746","11.746987951790725","11.746987951790725","11.746987951790725"
"15445.406677344","6.100000000005821","6.100000000005821","6.100000000005821","7.707707707677233","7.707707707677233","7.707707707677233","92.89999999999054","92.89999999999054","92.89999999999054","7.5","7.5","7.5"
"15455.407605836","7.69230769232866","7.69230769232866","7.69230769232866","8.90000000002732","8.90000000002732","8.90000000002732","37.474949899821844","37.474949899821844","37.474949899821844","76.77677677677495","76.77677677677495","76.77677677677495"
"15465.406541525","4.6953046952460955","4.6953046952460955","4.6953046952460955","17.134268537058723","17.134268537058723","17.134268537058723","79.3206793206714","79.3206793206714","79.3206793206714","12.912912912906076","12.912912912906076","12.912912912906076"
"15475.407297916","6.519558676076029","6.519558676076029","6.519558676076029","13.51351351351499","13.51351351351499","13.51351351351499","22.94589178355866","22.94589178355866","22.94589178355866","72.57257257256094","72.57257257256094","72.57257257256094"
"15485.406862502","9.081836327312722","9.081836327312722","9.081836327312722","10.02004008019356","10.02004008019356","10.02004008019356","25.829145728656684","25.829145728656684","25.829145728656684","84.4844844844886","84.4844844844886","84.4844844844886"
"15495.407593959","6.193806193831101","6.193806193831101","6.193806193831101","2.00200200193759","2.00200200193759","2.00200200193759","61.77644710578654","61.77644710578654","61.77644710578654","45.4000000000286","45.4000000000286","45.4000000000286"
"15505.406922644","2.104208416825011","2.104208416825011","2.104208416825011","47.09418837678214","47.09418837678214","47.09418837678214","34.93493493492167","34.93493493492167","34.93493493492167","29.15831663324812","29.15831663324812","29.15831663324812"
"15515.407019212","8.391608391593016","8.391608391593016","8.391608391593016","16.50000000000091","16.50000000000091","16.50000000000091","95.89589589589801","95.89589589589801","95.89589589589801","9.638554216859548","9.638554216859548","9.638554216859548"
"15525.406821253","2.004008016039442","2.004008016039442","2.004008016039442","11.011011011012888","11.011011011012888","11.011011011012888","58.04195804196224","58.04195804196224","58.04195804196224","43.787575150290046","43.787575150290046","43.787575150290046"
"15535.407687487","5.189620758487164","5.189620758487164","5.189620758487164","9.900000000016007","9.900000000016007","9.900000000016007","69.59999999998021","69.59999999998021","69.59999999998021","30.33033033033202","30.33033033033202","30.33033033033202"
"15545.407706839","7.3852295409179325","7.3852295409179325","7.3852295409179325","12.999999999992722","12.999999999992722","12.999999999992722","29.629629629659977","29.629629629659977","29.629629629659977","76.30000000001019","76.30000000001019","76.30000000001019"
"15555.407295495","13.913913913924066","13.913913913924066","13.913913913924066","6.287425149676467","6.287425149676467","6.287425149676467","86.59999999999854","86.59999999999854","86.59999999999854","10.542168674674151","10.542168674674151","10.542168674674151"
"15565.407208165","9.309309309295912","9.309309309295912","9.309309309295912","33.33333333332726","33.33333333332726","33.33333333332726","19.076305220881554","19.076305220881554","19.076305220881554","53.9539539539759","53.9539539539759","53.9539539539759"
"15575.407433539","2.7108433735158695","2.7108433735158695","2.7108433735158695","5.4108216432955585","5.4108216432955585","5.4108216432955585","100","100","100","6.218655967920135","6.218655967920135","6.218655967920135"
"15585.407173439","11.576846307385543","11.576846307385543","11.576846307385543","13.955823293168072","13.955823293168072","13.955823293168072","35.10000000000218","35.10000000000218","35.10000000000218","70","70","70"
"15595.406883927","4.999999999965439","4.999999999965439","4.999999999965439","4.704704704715604","4.704704704715604","4.704704704715604","9.709709709654046","9.709709709654046","9.709709709654046","95.90000000000146","95.90000000000146","95.90000000000146"
"15605.407183606","3.9999999999796274","3.9999999999796274","3.9999999999796274","24.42442442442561","24.42442442442561","24.42442442442561","29.659318637310967","29.659318637310967","29.659318637310967","57.49999999999999","57.49999999999999","57.49999999999999"
"15615.407807666","4.99500499502215","4.99500499502215","4.99500499502215","6.519558676007808","6.519558676007808","6.519558676007808","30.53053053051836","30.53053053051836","30.53053053051836","85.78578578578215","85.78578578578215","85.78578578578215"
"15625.407276376","8.808808808819869","8.808808808819869","8.808808808819869","10.279441117770558","10.279441117770558","10.279441117770558","66.1661661661796","66.1661661661796","66.1661661661796","31.431431431463746","31.431431431463746","31.431431431463746"
"15635.406856346","5.611222444919329","5.611222444919329","5.611222444919329","9.700000000011642","9.700000000011642","9.700000000011642","29.458917835633798","29.458917835633798","29.458917835633798","69.76976976975924","69.76976976975924","69.76976976975924"
"15645.407297242","7.270916334640891","7.270916334640891","7.270916334640891","7.307307307319974","7.307307307319974","7.307307307319974","51.4028056112349","51.4028056112349","51.4028056112349","64.09999999999854","64.09999999999854","64.09999999999854"
"15655.407111524","2.2066198595901554","2.2066198595901554","2.2066198595901554","5.616850551633005","5.616850551633005","5.616850551633005","69.5695695695657","69.5695695695657","69.5695695695657","37.000000000007276","37.000000000007276","37.000000000007276"
"15665.406737879","2.797202797211041","2.797202797211041","2.797202797211041","11.222444889806761","11.222444889806761","11.222444889806761","50.30060120239316","50.30060120239316","50.30060120239316","51.55155155154022","51.55155155154022","51.55155155154022"
"15675.407386558","6.793206793192614","6.793206793192614","6.793206793192614","10.11011011007794","10.11011011007794","10.11011011007794","20.000000000029104","20.000000000029104","20.000000000029104","93.7062937062871","93.7062937062871","93.7062937062871"
"15685.40757205","2.9029029028940267","2.9029029028940267","2.9029029028940267","3.0060120240591637","3.0060120240591637","3.0060120240591637","81.18118118118535","81.18118118118535","81.18118118118535","26.27883650952489","26.27883650952489","26.27883650952489"
"15695.407346419","2.208835341340818","2.208835341340818","2.208835341340818","1.4028056112571718","1.4028056112571718","1.4028056112571718","39.17835671344928","39.17835671344928","39.17835671344928","71.8999999999869","71.8999999999869","71.8999999999869"
"15705.406711907","4.212637913761987","4.212637913761987","4.212637913761987","15.831663326604362","15.831663326604362","15.831663326604362","86.61338661338301","86.61338661338301","86.61338661338301","20.741482965958745","20.741482965958745","20.741482965958745"
"15715.407611136","3.0969030968803324","3.0969030968803324","3.0969030968803324","11.133400200624589","11.133400200624589","11.133400200624589","40.98196392784074","40.98196392784074","40.98196392784074","61.23876123874895","61.23876123874895","61.23876123874895"
"15725.406726888","8.283433133749602","8.283433133749602","8.283433133749602","8.826479438324132","8.826479438324132","8.826479438324132","59.71943887776761","59.71943887776761","59.71943887776761","37.813440320962854","37.813440320962854","37.813440320962854"
"15735.407290592","8.800000000027449","8.800000000027449","8.800000000027449","10.010010010012959","10.010010010012959","10.010010010012959","61.6999999999868","61.6999999999868","61.6999999999868","48.19999999999709","48.19999999999709","48.19999999999709"
"15745.407283032","6.006006005958435","6.006006005958435","6.006006005958435","9.318637274519366","9.318637274519366","9.318637274519366","51.40562248995412","51.40562248995412","51.40562248995412","49.35064935064416","49.35064935064416","49.35064935064416"
"15755.406983579","11.676646706619112","11.676646706619112","11.676646706619112","4.804804804783207","4.804804804783207","4.804804804783207","84.68468468468059","84.68468468468059","84.68468468468059","12.864321608045842","12.864321608045842","12.864321608045842"
"15765.407848977","5.616850551667445","5.616850551667445","5.616850551667445","3.8000000000101863","3.8000000000101863","3.8000000000101863","47.999999999992724","47.999999999992724","47.999999999992724","61.63836163836799","61.63836163836799","61.63836163836799"
"15775.407244667","6.813627254494007","6.813627254494007","6.813627254494007","9.200000000048604","9.200000000048604","9.200000000048604","64.36436436439338","64.36436436439338","64.36436436439338","45.53660982947203","45.53660982947203","45.53660982947203"
"15785.407407004","6.900000000005094","6.900000000005094","6.900000000005094","6.913827655282094","6.913827655282094","6.913827655282094","80.11988011986095","80.11988011986095","80.11988011986095","19.880119880120876","19.880119880120876","19.880119880120876"
"15795.406786013","3.3066132264193526","3.3066132264193526","3.3066132264193526","8.926780341034434","8.926780341034434","8.926780341034434","34.46893787573988","34.46893787573988","34.46893787573988","68.36836836834517","68.36836836834517","68.36836836834517"
"15805.406672211","5.205205205208741","5.205205205208741","5.205205205208741","13.013013013021855","13.013013013021855","13.013013013021855","90.70000000001528","90.70000000001528","90.70000000001528","20.24048096192911","20.24048096192911","20.24048096192911"
"15815.407250254","3.7074148296675005","3.7074148296675005","3.7074148296675005","9.227683049103657","9.227683049103657","9.227683049103657","79.92007992008182","79.92007992008182","79.92007992008182","22.94589178355866","22.94589178355866","22.94589178355866"
"15825.407028649","8.926780341034434","8.926780341034434","8.926780341034434","10.300000000053624","10.300000000053624","10.300000000053624","73.2732732732671","73.2732732732671","73.2732732732671","21.24248496997754","21.24248496997754","21.24248496997754"
"15835.40720558","7.792207792212748","7.792207792212748","7.792207792212748","22.845691382754865","22.845691382754865","22.845691382754865","60.739260739251556","60.739260739251556","60.739260739251556","39.57915831662406","39.57915831662406","39.57915831662406"
"15845.406850949","2.497502497486997","2.497502497486997","2.497502497486997","9.809809809793785","9.809809809793785","9.809809809793785","23.52352352358766","23.52352352358766","23.52352352358766","79.67967967966898","79.67967967966898","79.67967967966898"
"15855.407034724","4.5954045954312805","4.5954045954312805","4.5954045954312805","10.610610610607676","10.610610610607676","10.610610610607676","69.76976976975924","69.76976976975924","69.76976976975924","31.36272545091338","31.36272545091338","31.36272545091338"
"15865.40725805","16.016016016004716","16.016016016004716","16.016016016004716","11.334002006026948","11.334002006026948","11.334002006026948","21.34268537076307","21.34268537076307","21.34268537076307","80.89999999999021","80.89999999999021","80.89999999999021"
"15875.406820945","11.41141141139198","11.41141141139198","11.41141141139198","5.6112224448849215","5.6112224448849215","5.6112224448849215","46.999999999988","46.999999999988","46.999999999988","42.342342342346605","42.342342342346605","42.342342342346605"
"15885.407244887","2.5896414343001934","2.5896414343001934","2.5896414343001934","6.706706706724569","6.706706706724569","6.706706706724569","64.96496496497059","64.96496496497059","64.96496496497059","36.13613613613617","36.13613613613617","36.13613613613617"
"15895.407591985","7.11422845690539","7.11422845690539","7.11422845690539","12.375249500963474","12.375249500963474","12.375249500963474","30.73073073069767","30.73073073069767","30.73073073069767","79.6203796203858","79.6203796203858","79.6203796203858"
"15905.407000799","15.230460921851005","15.230460921851005","15.230460921851005","10.420841683357713","10.420841683357713","10.420841683357713","38.076152304644395","38.076152304644395","38.076152304644395","51.79999999998473","51.79999999998473","51.79999999998473"
"15915.407294602","7.899999999990541","7.899999999990541","7.899999999990541","34.56913827658576","34.56913827658576","34.56913827658576","5.999999999969441","5.999999999969441","5.999999999969441","67.20000000002358","67.20000000002358","67.20000000002358"
"15925.406931084","18.74376869391471","18.74376869391471","18.74376869391471","19.296482412030112","19.296482412030112","19.296482412030112","71.10000000000582","71.10000000000582","71.10000000000582","19.95987963891223","19.95987963891223","19.95987963891223"
"15935.407670729","2.4024024024180406","2.4024024024180406","2.4024024024180406","5.911823647330603","5.911823647330603","5.911823647330603","35.17034068134822","35.17034068134822","35.17034068134822","72.07207207207584","72.07207207207584","72.07207207207584"
"15945.407174447","2.1063189568441323","2.1063189568441323","2.1063189568441323","12.699999999986176","12.699999999986176","12.699999999986176","39.93993993994957","39.93993993994957","39.93993993994957","56.813627254512234","56.813627254512234","56.813627254512234"
"15955.407625635","7.071713147455101","7.071713147455101","7.071713147455101","5.911823647330603","5.911823647330603","5.911823647330603","71.49999999999636","71.49999999999636","71.49999999999636","30.561122244483023","30.561122244483023","30.561122244483023"
"15965.407496273","8.72617853561383","8.72617853561383","8.72617853561383","2.997002996978036","2.997002996978036","2.997002996978036","40.621865596796574","40.621865596796574","40.621865596796574","66.26746506985158","66.26746506985158","66.26746506985158"
"15975.407994424","5.015045135354559","5.015045135354559","5.015045135354559","24.248496993989765","24.248496993989765","24.248496993989765","63.26326326327325","63.26326326327325","63.26326326327325","21.987951807235955","21.987951807235955","21.987951807235955"
"15985.406962816","3.5035035035417237","3.5035035035417237","3.5035035035417237","7.107107107133645","7.107107107133645","7.107107107133645","98.50149850148372","98.50149850148372","98.50149850148372","5.405405405387936","5.405405405387936","5.405405405387936"
"15995.406857144","8.59140859139761","8.59140859139761","8.59140859139761","14.299999999984719","14.299999999984719","14.299999999984719","89.70000000001164","89.70000000001164","89.70000000001164","14.457831325289321","14.457831325289321","14.457831325289321"
"16005.408158412","6.5868263473059185","6.5868263473059185","6.5868263473059185","32.93293293293018","32.93293293293018","32.93293293293018","33.83383383383861","33.83383383383861","33.83383383383861","30.869130869169336","30.869130869169336","30.869130869169336"
"16015.407036106","11.565304087704604","11.565304087704604","11.565304087704604","2.102102102075583","2.102102102075583","2.102102102075583","90.20979020977839","90.20979020977839","90.20979020977839","10.843373493976124","10.843373493976124","10.843373493976124"
"16025.40743646","11.400000000026411","11.400000000026411","11.400000000026411","9.090909090928502","9.090909090928502","9.090909090928502","63.000000000010914","63.000000000010914","63.000000000010914","43.83149448343276","43.83149448343276","43.83149448343276"
"16035.407232404","9.819639278520297","9.819639278520297","9.819639278520297","50.95095095094459","50.95095095094459","50.95095095094459","18.41841841843513","18.41841841843513","18.41841841843513","34.63463463461475","34.63463463461475","34.63463463461475"
"16045.406903515","2.2954091816526927","2.2954091816526927","2.2954091816526927","38.89999999999418","38.89999999999418","38.89999999999418","68.69999999998981","68.69999999998981","68.69999999998981","4.509018036096215","4.509018036096215","4.509018036096215"
"16055.406634607","5.69999999999709","5.69999999999709","5.69999999999709","71.67167167166663","71.67167167166663","71.67167167166663","28.60000000000582","28.60000000000582","28.60000000000582","22.9458917835488","22.9458917835488","22.9458917835488"
"16065.407376027","8.999999999998636","8.999999999998636","8.999999999998636","28.67132867132308","28.67132867132308","28.67132867132308","75.40000000000873","75.40000000000873","75.40000000000873","2.1042084168606965","2.1042084168606965","2.1042084168606965"
"16075.407152361","7.500000000033652","7.500000000033652","7.500000000033652","9.227683049180218","9.227683049180218","9.227683049180218","92.29229229228635","92.29229229228635","92.29229229228635","5.010020040115006","5.010020040115006","5.010020040115006"
"16085.4071657","10.399999999990541","10.399999999990541","10.399999999990541","14.443329989960358","14.443329989960358","14.443329989960358","94.20579420577793","94.20579420577793","94.20579420577793","10.531594784362776","10.531594784362776","10.531594784362776"
"16095.407461895","2.304609218399266","2.304609218399266","2.304609218399266","7.507507507524512","7.507507507524512","7.507507507524512","58.15815815814671","58.15815815814671","58.15815815814671","47.24724724721291","47.24724724721291","47.24724724721291"
"16105.407745573","6.820461384172825","6.820461384172825","6.820461384172825","9.41883767533799","9.41883767533799","9.41883767533799","75.97597597600168","75.97597597600168","75.97597597600168","22.600000000011278","22.600000000011278","22.600000000011278"
"16115.407040512","15.852442671999725","15.852442671999725","15.852442671999725","31.531531531541045","31.531531531541045","31.531531531541045","55.299999999972094","55.299999999972094","55.299999999972094","19.67871485943071","19.67871485943071","19.67871485943071"
"16125.406718722","3.6000000000058208","3.6000000000058208","3.6000000000058208","15.115115115106725","15.115115115106725","15.115115115106725","84.18418418418744","84.18418418418744","84.18418418418744","5.205205205243262","5.205205205243262","5.205205205243262"
"16135.406607097","3.807615230453069","3.807615230453069","3.807615230453069","13.61361361361726","13.61361361361726","13.61361361361726","44.14414414413348","44.14414414413348","44.14414414413348","52.65265265264737","52.65265265264737","52.65265265264737"
"16145.407358454","13.986013985996687","13.986013985996687","13.986013985996687","10.420841683375938","10.420841683375938","10.420841683375938","37.61283851556049","37.61283851556049","37.61283851556049","69.30000000001408","69.30000000001408","69.30000000001408"
"16155.406702062","2.30692076226481","2.30692076226481","2.30692076226481","5.105105105111024","5.105105105111024","5.105105105111024","92.89999999999054","92.89999999999054","92.89999999999054","12.951807228875506","12.951807228875506","12.951807228875506"
"16165.40664486","36.90000000002805","36.90000000002805","36.90000000002805","3.7037037036942624","3.7037037036942624","3.7037037036942624","56.45645645645979","56.45645645645979","56.45645645645979","9.409409409413","9.409409409413","9.409409409413"
"16175.407746532","55.79999999999927","55.79999999999927","55.79999999999927","2.0020020020089646","2.0020020020089646","2.0020020020089646","40.04004004002999","40.04004004002999","40.04004004002999","9.428284854552894","9.428284854552894","9.428284854552894"
"16185.406814712","15.784215784199409","15.784215784199409","15.784215784199409","4.704704704680901","4.704704704680901","4.704704704680901","51.35135135135381","51.35135135135381","51.35135135135381","46.59318637276335","46.59318637276335","46.59318637276335"
"16195.407185028","10.010010010026614","10.010010010026614","10.010010010026614","62.97405189621791","62.97405189621791","62.97405189621791","9.790209790221608","9.790209790221608","9.790209790221608","33.76753507013155","33.76753507013155","33.76753507013155"
"16205.40754041","2.797202797173443","2.797202797173443","2.797202797173443","35.90772316949846","35.90772316949846","35.90772316949846","4.312938816451763","4.312938816451763","4.312938816451763","74.20000000000073","74.20000000000073","74.20000000000073"
"16215.40732813","7.868525896424619","7.868525896424619","7.868525896424619","16.064257028129905","16.064257028129905","16.064257028129905","85.51448551447592","85.51448551447592","85.51448551447592","18.65596790368511","18.65596790368511","18.65596790368511"
"16225.407328929","13.500000000003636","13.500000000003636","13.500000000003636","5.599999999994907","5.599999999994907","5.599999999994907","82.08208208209442","82.08208208209442","82.08208208209442","8.224674022080563","8.224674022080563","8.224674022080563"
"16235.406899996","1.3013013013112893","1.3013013013112893","1.3013013013112893","1.2036108325099408","1.2036108325099408","1.2036108325099408","65.56556556555344","65.56556556555344","65.56556556555344","35.7357357357219","35.7357357357219","35.7357357357219"
"16245.40711625","2.6973026972915894","2.6973026972915894","2.6973026972915894","11.711711711696621","11.711711711696621","11.711711711696621","77.35470941885272","77.35470941885272","77.35470941885272","26.07823470411294","26.07823470411294","26.07823470411294"
"16255.406938298","2.600000000002183","2.600000000002183","2.600000000002183","10.989010988998208","10.989010988998208","10.989010988998208","16.100000000018152","16.100000000018152","16.100000000018152","85.90000000000146","85.90000000000146","85.90000000000146"
"16265.406916823","6.613226452904643","6.613226452904643","6.613226452904643","6.124497991990278","6.124497991990278","6.124497991990278","95.5999999999949","95.5999999999949","95.5999999999949","4.714142427327741","4.714142427327741","4.714142427327741"
"16275.407045757","6.513026052103127","6.513026052103127","6.513026052103127","6.806806806831389","6.806806806831389","6.806806806831389","34.93493493492167","34.93493493492167","34.93493493492167","81.51848151847493","81.51848151847493","81.51848151847493"
"16285.406638583","8.59140859139761","8.59140859139761","8.59140859139761","5.511022044081127","5.511022044081127","5.511022044081127","74.225774225789","74.225774225789","74.225774225789","25.70281124497706","25.70281124497706","25.70281124497706"
"16295.40663655","3.4965034965064192","3.4965034965064192","3.4965034965064192","4.413239719162066","4.413239719162066","4.413239719162066","71.14228456912682","71.14228456912682","71.14228456912682","34.33433433432604","34.33433433432604","34.33433433432604"
"16305.406950004","2.1021021020937907","2.1021021020937907","2.1021021020937907","2.6026026026225786","2.6026026026225786","2.6026026026225786","64.3999999999869","64.3999999999869","64.3999999999869","48.296593186390794","48.296593186390794","48.296593186390794"
"16315.407424121","6.312625250527411","6.312625250527411","6.312625250527411","8.517034068122065","8.517034068122065","8.517034068122065","45.200000000004366","45.200000000004366","45.200000000004366","53.79999999998428","53.79999999998428","53.79999999998428"
"16325.4071942","7.515030060089134","7.515030060089134","7.515030060089134","80.20000000000437","80.20000000000437","80.20000000000437","4.495504495529021","4.495504495529021","4.495504495529021","21.121121121113045","21.121121121113045","21.121121121113045"
"16335.407110073","14.300000000015897","14.300000000015897","14.300000000015897","11.422845691345145","11.422845691345145","11.422845691345145","34.80441323972677","34.80441323972677","34.80441323972677","61.461461461464","61.461461461464","61.461461461464"
"16345.407097498","12.925851703416127","12.925851703416127","12.925851703416127","15.100000000002185","15.100000000002185","15.100000000002185","74.79999999999563","74.79999999999563","74.79999999999563","5.511022044081127","5.511022044081127","5.511022044081127"
"16355.407362567","8.216432865728907","8.216432865728907","8.216432865728907","40.24024024023461","40.24024024023461","40.24024024023461","59.3000000000029","59.3000000000029","59.3000000000029","6.606606606622299","6.606606606622299","6.606606606622299"
"16365.407604109","9.090909090923958","9.090909090923958","9.090909090923958","8.826479438324132","8.826479438324132","8.826479438324132","95.30000000000655","95.30000000000655","95.30000000000655","12.637913741224386","12.637913741224386","12.637913741224386"
"16375.406759337","6.7067067066905945","6.7067067066905945","6.7067067066905945","4.809619238477347","4.809619238477347","4.809619238477347","95.90000000000146","95.90000000000146","95.90000000000146","9.829488465408907","9.829488465408907","9.829488465408907"
"16385.407292558","3.9039039039179357","3.9039039039179357","3.9039039039179357","9.959758551321618","9.959758551321618","9.959758551321618","39.539539539540485","39.539539539540485","39.539539539540485","62.52505010020095","62.52505010020095","62.52505010020095"
"16395.407855856","7.11422845690539","7.11422845690539","7.11422845690539","4.391217564840439","4.391217564840439","4.391217564840439","51.099999999988036","51.099999999988036","51.099999999988036","52.15215215213584","52.15215215213584","52.15215215213584"
"16405.407936164","16.03206412823025","16.03206412823025","16.03206412823025","21.321321321328103","21.321321321328103","21.321321321328103","82.26452905811108","82.26452905811108","82.26452905811108","11.222444889788068","11.222444889788068","11.222444889788068"
"16415.406987313","10.300000000023266","10.300000000023266","10.300000000023266","10.240963855408705","10.240963855408705","10.240963855408705","52.5","52.5","52.5","41.16465863452715","41.16465863452715","41.16465863452715"
"16425.406729956","1.9076305220753713","1.9076305220753713","1.9076305220753713","7.607607607626782","7.607607607626782","7.607607607626782","48.09999999999491","48.09999999999491","48.09999999999491","57.74225774225534","57.74225774225534","57.74225774225534"
"16435.407802526","7.09290709293327","7.09290709293327","7.09290709293327","20.44088176351847","20.44088176351847","20.44088176351847","25.951903807644815","25.951903807644815","25.951903807644815","77.70000000000437","77.70000000000437","77.70000000000437"
"16445.406880126","3.899999999996453","3.899999999996453","3.899999999996453","24.67402206619596","24.67402206619596","24.67402206619596","57.45745745743329","57.45745745743329","57.45745745743329","35.77154308617618","35.77154308617618","35.77154308617618"
"16455.406661714","1.2012012012112963","1.2012012012112963","1.2012012012112963","43.700000000035324","43.700000000035324","43.700000000035324","20.720720720761566","20.720720720761566","20.720720720761566","38.20000000001528","38.20000000001528","38.20000000001528"
"16465.407578511","5.179282868515818","5.179282868515818","5.179282868515818","17.98201798199996","17.98201798199996","17.98201798199996","98.39839839839954","98.39839839839954","98.39839839839954","8.71743486969638","8.71743486969638","8.71743486969638"
"16475.406916903","2.3046092184326","2.3046092184326","2.3046092184326","3.907815631221835","3.907815631221835","3.907815631221835","56.70000000000073","56.70000000000073","56.70000000000073","48.50000000000364","48.50000000000364","48.50000000000364"
"16485.406953255","42.8857715430972","42.8857715430972","42.8857715430972","1.5015015015158273","1.5015015015158273","1.5015015015158273","38.938938938945086","38.938938938945086","38.938938938945086","19.839679358743147","19.839679358743147","19.839679358743147"
"16495.406867351","18.581418581409196","18.581418581409196","18.581418581409196","15.015015015030816","15.015015015030816","15.015015015030816","52.14785214785317","52.14785214785317","52.14785214785317","43.15684315684964","43.15684315684964","43.15684315684964"
"16505.4069981","4.0959040959222515","4.0959040959222515","4.0959040959222515","1.3999999999764987","1.3999999999764987","1.3999999999764987","80.6000000000131","80.6000000000131","80.6000000000131","27.35470941884361","27.35470941884361","27.35470941884361"
"16515.407124412","12.699999999972606","12.699999999972606","12.699999999972606","9.538152610464687","9.538152610464687","9.538152610464687","56.256256256239325","56.256256256239325","56.256256256239325","35.50651955868064","35.50651955868064","35.50651955868064"
"16525.407593391","4.799999999997908","4.799999999997908","4.799999999997908","8.499999999985448","8.499999999985448","8.499999999985448","95.20000000000437","95.20000000000437","95.20000000000437","19.39999999997577","19.39999999997577","19.39999999997577"
"16535.406864236","2.5974025973870214","2.5974025973870214","2.5974025973870214","2.4024024023824992","2.4024024023824992","2.4024024023824992","47.147147147168305","47.147147147168305","47.147147147168305","63.163163163166146","63.163163163166146","63.163163163166146"
"16545.407225427","7.2000000000116415","7.2000000000116415","7.2000000000116415","37.7377377377316","37.7377377377316","37.7377377377316","60.12024048095002","60.12024048095002","60.12024048095002","9.929789368100964","9.929789368100964","9.929789368100964"
"16555.407585253","13.273453093792916","13.273453093792916","13.273453093792916","34.70411233704029","34.70411233704029","34.70411233704029","73.67367367367632","73.67367367367632","73.67367367367632","7.923771313967902","7.923771313967902","7.923771313967902"
"16565.407124729","5.210420841722523","5.210420841722523","5.210420841722523","5.200000000008913","5.200000000008913","5.200000000008913","84.26853707415626","84.26853707415626","84.26853707415626","20.180722891551962","20.180722891551962","20.180722891551962"
"16575.407209091","2.994011976025715","2.994011976025715","2.994011976025715","12.312312312324178","12.312312312324178","12.312312312324178","84.51548451548369","84.51548451548369","84.51548451548369","13.927855711417623","13.927855711417623","13.927855711417623"
"16585.407133302","7.630522088338012","7.630522088338012","7.630522088338012","18.4815184815069","18.4815184815069","18.4815184815069","80.69999999999709","80.69999999999709","80.69999999999709","7.515030060120568","7.515030060120568","7.515030060120568"
"16595.407683695","5.4890219560803235","5.4890219560803235","5.4890219560803235","30.1905717151441","30.1905717151441","30.1905717151441","44.15584415585407","44.15584415585407","44.15584415585407","51.251251251268805","51.251251251268805","51.251251251268805"
"16605.407412905","2.3000000000311775","2.3000000000311775","2.3000000000311775","25.250501002009486","25.250501002009486","25.250501002009486","42.14214214216307","42.14214214216307","42.14214214216307","42.69999999998352","42.69999999998352","42.69999999998352"
"16615.407589746","1.4028056112166738","1.4028056112166738","1.4028056112166738","1.4014014013776526","1.4014014013776526","1.4014014013776526","29.529529529532084","29.529529529532084","29.529529529532084","71.27127127126786","71.27127127126786","71.27127127126786"
"16625.407499008","13.772455089819042","13.772455089819042","13.772455089819042","9.054325955718214","9.054325955718214","9.054325955718214","69.23076923076503","69.23076923076503","69.23076923076503","35.470941883754314","35.470941883754314","35.470941883754314"
"16635.40748529","4.604604604595127","4.604604604595127","4.604604604595127","7.100000000009459","7.100000000009459","7.100000000009459","97.89789789788877","97.89789789788877","97.89789789788877","3.9078156312568635","3.9078156312568635","3.9078156312568635"
"16645.407423242","2.700000000039763","2.700000000039763","2.700000000039763","6.012024048116135","6.012024048116135","6.012024048116135","75.30000000000655","75.30000000000655","75.30000000000655","32.100000000015974","32.100000000015974","32.100000000015974"
"16655.407027234","4.990019960045127","4.990019960045127","4.990019960045127","14.759036144573031","14.759036144573031","14.759036144573031","51.603206412824264","51.603206412824264","51.603206412824264","58.074222667990696","58.074222667990696","58.074222667990696"
"16665.40686687","3.0938123752828597","3.0938123752828597","3.0938123752828597","13.64092276828221","13.64092276828221","13.64092276828221","42.326980942814174","42.326980942814174","42.326980942814174","55.200000000004366","55.200000000004366","55.200000000004366"
"16675.407550634","4.199999999947686","4.199999999947686","4.199999999947686","19.419419419439617","19.419419419439617","19.419419419439617","37.700000000004366","37.700000000004366","37.700000000004366","54.19999999998406","54.19999999998406","54.19999999998406"
"16685.407405769","13.000000000044837","13.000000000044837","13.000000000044837","45.65434565435162","45.65434565435162","45.65434565435162","18.681318681322875","18.681318681322875","18.681318681322875","54.16248746240455","54.16248746240455","54.16248746240455"
"16695.408310594","10.02004008016076","10.02004008016076","10.02004008016076","12.337011033079735","12.337011033079735","12.337011033079735","84.46893787575812","84.46893787575812","84.46893787575812","5.722891566278812","5.722891566278812","5.722891566278812"
"16705.406741133","3.2064128256485267","3.2064128256485267","3.2064128256485267","8.991008990988622","8.991008990988622","8.991008990988622","63.60000000000582","63.60000000000582","63.60000000000582","41.141141141158585","41.141141141158585","41.141141141158585"
"16715.407538598","7.085828343288466","7.085828343288466","7.085828343288466","36.236236236233424","36.236236236233424","36.236236236233424","38.938938938922846","38.938938938922846","38.938938938922846","45.79158316633175","45.79158316633175","45.79158316633175"
"16725.406702541","1.2024048096450988","1.2024048096450988","1.2024048096450988","1.3986013986134707","1.3986013986134707","1.3986013986134707","35.335335335336225","35.335335335336225","35.335335335336225","65.96596596596267","65.96596596596267","65.96596596596267"
"16735.407396248","2.300000000016098","2.300000000016098","2.300000000016098","4.919678714892407","4.919678714892407","4.919678714892407","84.50000000000728","84.50000000000728","84.50000000000728","20.279720279693723","20.279720279693723","20.279720279693723"
"16745.407863849","8.591408591379437","8.591408591379437","8.591408591379437","15.346038114347804","15.346038114347804","15.346038114347804","76.70000000000073","76.70000000000073","76.70000000000073","28.184553660992794","28.184553660992794","28.184553660992794"
"16755.407369583","15.415415415427299","15.415415415427299","15.415415415427299","5.200000000004366","5.200000000004366","5.200000000004366","73.72627372625935","73.72627372625935","73.72627372625935","20.160481444321945","20.160481444321945","20.160481444321945"
"16765.407251312","5.705705705701878","5.705705705701878","5.705705705701878","9.909909909924346","9.909909909924346","9.909909909924346","76.352705410833","76.352705410833","76.352705410833","23.100000000022884","23.100000000022884","23.100000000022884"
"16775.40676746","6.8862275448834245","6.8862275448834245","6.8862275448834245","7.128514056182836","7.128514056182836","7.128514056182836","92.40759240759178","92.40759240759178","92.40759240759178","13.226452905840915","13.226452905840915","13.226452905840915"
"16785.408283476","7.884231536934518","7.884231536934518","7.884231536934518","12.212212212221909","12.212212212221909","12.212212212221909","93.69369369368451","93.69369369368451","93.69369369368451","10.832497492475438","10.832497492475438","10.832497492475438"
"16795.407311346","6.713426853724217","6.713426853724217","6.713426853724217","7.199999999993452","7.199999999993452","7.199999999993452","68.60000000000582","68.60000000000582","68.60000000000582","32.164328657300786","32.164328657300786","32.164328657300786"
"16805.40724973","4.7952047952199015","4.7952047952199015","4.7952047952199015","14.49999999998072","14.49999999998072","14.49999999998072","42.98597194388018","42.98597194388018","42.98597194388018","54.05405405405996","54.05405405405996","54.05405405405996"
"16815.406617018","6.9930069930153795","6.9930069930153795","6.9930069930153795","13.855421686771633","13.855421686771633","13.855421686771633","97.00000000000728","97.00000000000728","97.00000000000728","12.136409227659058","12.136409227659058","12.136409227659058"
"16825.407485364","7.22166499494597","7.22166499494597","7.22166499494597","2.404809619236395","2.404809619236395","2.404809619236395","93.6063936063984","93.6063936063984","93.6063936063984","9.909909909924346","9.909909909924346","9.909909909924346"
"16835.40663928","3.5035035035247923","3.5035035035247923","3.5035035035247923","3.2096288866396128","3.2096288866396128","3.2096288866396128","34.63463463463856","34.63463463463856","34.63463463463856","75.25050100200949","75.25050100200949","75.25050100200949"
"16845.407291344","12.73631840793831","12.73631840793831","12.73631840793831","10.420841683390366","10.420841683390366","10.420841683390366","85.48548548548052","85.48548548548052","85.48548548548052","21.242484969930604","21.242484969930604","21.242484969930604"
"16855.406989024","4.4132397191787","4.4132397191787","4.4132397191787","5.711422845688716","5.711422845688716","5.711422845688716","79.19999999999317","79.19999999999317","79.19999999999317","26.152304609234108","26.152304609234108","26.152304609234108"
"16865.406834855","2.8028028027768097","2.8028028027768097","2.8028028027768097","8.224674022062318","8.224674022062318","8.224674022062318","59.50000000000728","59.50000000000728","59.50000000000728","44.24424424423579","44.24424424423579","44.24424424423579"
"16875.407480768","12.8742514970411","12.8742514970411","12.8742514970411","17.051153460374426","17.051153460374426","17.051153460374426","82.89999999999677","82.89999999999677","82.89999999999677","16.24874623869172","16.24874623869172","16.24874623869172"
"16885.406875538","5.999999999987631","5.999999999987631","5.999999999987631","4.20841683368494","4.20841683368494","4.20841683368494","47.047047047045716","47.047047047045716","47.047047047045716","56.656656656664325","56.656656656664325","56.656656656664325"
"16895.406683613","7.021063189541257","7.021063189541257","7.021063189541257","3.396603396626874","3.396603396626874","3.396603396626874","65.79739217653504","65.79739217653504","65.79739217653504","38.138138138122606","38.138138138122606","38.138138138122606"
"16905.406808879","5.694305694322071","5.694305694322071","5.694305694322071","7.931726907588092","7.931726907588092","7.931726907588092","66.43356643355524","66.43356643355524","66.43356643355524","48.800000000010186","48.800000000010186","48.800000000010186"
"16915.407354967","2.6078234703958256","2.6078234703958256","2.6078234703958256","4.20000000003558","4.20000000003558","4.20000000003558","65.56556556556599","65.56556556556599","65.56556556556599","42.18436873748912","42.18436873748912","42.18436873748912"
"16925.406671679","8.61723446895917","8.61723446895917","8.61723446895917","4.904904904885512","4.904904904885512","4.904904904885512","87.80000000000655","87.80000000000655","87.80000000000655","9.409409409398219","9.409409409398219","9.409409409398219"
"16935.407412015","5.694305694287797","5.694305694287797","5.694305694287797","13.899999999981047","13.899999999981047","13.899999999981047","30.290872617828967","30.290872617828967","30.290872617828967","68.73747494989041","68.73747494989041","68.73747494989041"
"16945.407184191","9.437751004003744","9.437751004003744","9.437751004003744","3.507014028076859","3.507014028076859","3.507014028076859","92.30769230768672","92.30769230768672","92.30769230768672","9.919839679356965","9.919839679356965","9.919839679356965"
"16955.40749492","4.400000000056462","4.400000000056462","4.400000000056462","2.7054108216123125","2.7054108216123125","2.7054108216123125","98.29999999999927","98.29999999999927","98.29999999999927","10.040160642552898","10.040160642552898","10.040160642552898"
"16965.408031101","5.694305694303697","5.694305694303697","5.694305694303697","8.90000000002732","8.90000000002732","8.90000000002732","37.24899598393024","37.24899598393024","37.24899598393024","76.00000000001273","76.00000000001273","76.00000000001273"
"16975.407374445","3.3898305084605522","3.3898305084605522","3.3898305084605522","7.915831663322079","7.915831663322079","7.915831663322079","33.000000000010914","33.000000000010914","33.000000000010914","71.60000000000888","71.60000000000888","71.60000000000888"
"16985.406566659","2.3046092184326","2.3046092184326","2.3046092184326","5.01002004008038","5.01002004008038","5.01002004008038","69.86986986986155","69.86986986986155","69.86986986986155","37.31193580740671","37.31193580740671","37.31193580740671"
"16995.407155563","6.193806193781108","6.193806193781108","6.193806193781108","11.723446893788816","11.723446893788816","11.723446893788816","25.40000000004482","25.40000000004482","25.40000000004482","72.80000000000655","72.80000000000655","72.80000000000655"
"17005.406688738","9.218436873766853","9.218436873766853","9.218436873766853","7.407407407422244","7.407407407422244","7.407407407422244","87.28728728729853","87.28728728729853","87.28728728729853","23.446893787577633","23.446893787577633","23.446893787577633"
"17015.407546656","2.6052104208257583","2.6052104208257583","2.6052104208257583","7.92377131391606","7.92377131391606","7.92377131391606","43.98797595192032","43.98797595192032","43.98797595192032","59.95995995996638","59.95995995996638","59.95995995996638"
"17025.407251243","1.9057171514774935","1.9057171514774935","1.9057171514774935","6.112224448885669","6.112224448885669","6.112224448885669","74.59999999999127","74.59999999999127","74.59999999999127","30.39999999999054","30.39999999999054","30.39999999999054"
"17035.407303453","21.199999999989814","21.199999999989814","21.199999999989814","8.882235528954073","8.882235528954073","8.882235528954073","76.09999999999712","76.09999999999712","76.09999999999712","23.871614844541032","23.871614844541032","23.871614844541032"
"17045.407607988","5.405405405413279","5.405405405413279","5.405405405413279","2.0060180542098696","2.0060180542098696","2.0060180542098696","96.9000000000051","96.9000000000051","96.9000000000051","8.116232464925112","8.116232464925112","8.116232464925112"
"17055.407423713","12.012012012021744","12.012012012021744","12.012012012021744","4.709418837634259","4.709418837634259","4.709418837634259","85.68568568567986","85.68568568567986","85.68568568567986","10.721442885801642","10.721442885801642","10.721442885801642"
"17065.407027893","8.991008990972722","8.991008990972722","8.991008990972722","30.290872617879838","30.290872617879838","30.290872617879838","21.321321321328103","21.321321321328103","21.321321321328103","68.60000000000582","68.60000000000582","68.60000000000582"
"17075.406972528","9.700000000011642","9.700000000011642","9.700000000011642","6.613226452870601","6.613226452870601","6.613226452870601","32.09628886660335","32.09628886660335","32.09628886660335","65.83166332664081","65.83166332664081","65.83166332664081"
"17085.407382517","3.7111334002104766","3.7111334002104766","3.7111334002104766","3.103103103115716","3.103103103115716","3.103103103115716","81.51848151847493","81.51848151847493","81.51848151847493","25.65130260520644","25.65130260520644","25.65130260520644"
"17095.40703878","5.888223552929577","5.888223552929577","5.888223552929577","7.407407407393077","7.407407407393077","7.407407407393077","44.24424424423579","44.24424424423579","44.24424424423579","73.22677322676604","73.22677322676604","73.22677322676604"
"17105.40669919","2.00400801600372","2.00400801600372","2.00400801600372","4.104104104120198","4.104104104120198","4.104104104120198","91.5084915084896","91.5084915084896","91.5084915084896","14.914914914928548","14.914914914928548","14.914914914928548"
"17115.406805276","2.499999999984084","2.499999999984084","2.499999999984084","3.2096288866396128","3.2096288866396128","3.2096288866396128","32.43243243241865","32.43243243241865","32.43243243241865","75.95190380761782","75.95190380761782","75.95190380761782"
"17125.406654322","7.831325301193817","7.831325301193817","7.831325301193817","9.638554216859548","9.638554216859548","9.638554216859548","83.61638361638681","83.61638361638681","83.61638361638681","27.555110220450267","27.555110220450267","27.555110220450267"
"17135.407725771","6.419257773333897","6.419257773333897","6.419257773333897","21.378621378629383","21.378621378629383","21.378621378629383","43.587174348723515","43.587174348723515","43.587174348723515","44.20000000000073","44.20000000000073","44.20000000000073"
"17145.407595722","2.8000000000237195","2.8000000000237195","2.8000000000237195","4.909819639311248","4.909819639311248","4.909819639311248","98.60139860138602","98.60139860138602","98.60139860138602","7.723169508513628","7.723169508513628","7.723169508513628"
"17155.407387517","6.106106106078985","6.106106106078985","6.106106106078985","20.32032032032817","20.32032032032817","20.32032032032817","97.69769769770244","97.69769769770244","97.69769769770244","4.929577464803681","4.929577464803681","4.929577464803681"
"17165.407512637","6.012024048116135","6.012024048116135","6.012024048116135","28.499999999977625","28.499999999977625","28.499999999977625","66.70000000000073","66.70000000000073","66.70000000000073","13.226452905777656","13.226452905777656","13.226452905777656"
"17175.40676947","3.1999999999811735","3.1999999999811735","3.1999999999811735","7.907907907915381","7.907907907915381","7.907907907915381","58.34165834166609","58.34165834166609","58.34165834166609","46.346346346349115","46.346346346349115","46.346346346349115"
"17185.407548304","7.099999999993852","7.099999999993852","7.099999999993852","57.87362086258826","57.87362086258826","57.87362086258826","39.3787575150126","39.3787575150126","39.3787575150126","15.030060120210164","15.030060120210164","15.030060120210164"
"17195.406620616","11.08891108893509","11.08891108893509","11.08891108893509","10.079840319363017","10.079840319363017","10.079840319363017","42.80000000000917","42.80000000000917","42.80000000000917","63.90000000000732","63.90000000000732","63.90000000000732"
"17205.406951247","2.1042084168606965","2.1042084168606965","2.1042084168606965","5.410821643311812","5.410821643311812","5.410821643311812","34.00000000001455","34.00000000001455","34.00000000001455","73.27327327327683","73.27327327327683","73.27327327327683"
"17215.407750355","10.621242484947075","10.621242484947075","10.621242484947075","4.504504504459723","4.504504504459723","4.504504504459723","87.98798798797826","87.98798798797826","87.98798798797826","12.625250501013857","12.625250501013857","12.625250501013857"
"17225.406839029","8.926780341003482","8.926780341003482","8.926780341003482","15.384615384620975","15.384615384620975","15.384615384620975","61.51545363908644","61.51545363908644","61.51545363908644","43.430290872612055","43.430290872612055","43.430290872612055"
"17235.407571697","4.604604604596804","4.604604604596804","4.604604604596804","62.96296296296634","62.96296296296634","62.96296296296634","8.316633266532701","8.316633266532701","8.316633266532701","38.60000000000582","38.60000000000582","38.60000000000582"
"17245.406835412","2.4048096192742494","2.4048096192742494","2.4048096192742494","33.433433433458326","33.433433433458326","33.433433433458326","11.623246492952806","11.623246492952806","11.623246492952806","67.96796796797237","67.96796796797237","67.96796796797237"
"17255.407450968","7.692307692276939","7.692307692276939","7.692307692276939","41.15884115883757","41.15884115883757","41.15884115883757","68.46846846847716","68.46846846847716","68.46846846847716","12.349397590339882","12.349397590339882","12.349397590339882"
"17265.406717189","3.9000000000291397","3.9000000000291397","3.9000000000291397","8.917835671337244","8.917835671337244","8.917835671337244","20.140280561107087","20.140280561107087","20.140280561107087","83.98398398398291","83.98398398398291","83.98398398398291"
"17275.406986404","11.211211211187369","11.211211211187369","11.211211211187369","32.665330661326266","32.665330661326266","32.665330661326266","39.43943943945642","39.43943943945642","39.43943943945642","29.529529529524627","29.529529529524627","29.529529529524627"
"17285.406857345","12.224448897775794","12.224448897775794","12.224448897775794","13.513513513483494","13.513513513483494","13.513513513483494","53.15315315315775","53.15315315315775","53.15315315315775","51.051051051064725","51.051051051064725","51.051051051064725"
"17295.406996948","15.59999999999718","15.59999999999718","15.59999999999718","2.400000000016007","2.400000000016007","2.400000000016007","86.39999999999418","86.39999999999418","86.39999999999418","8.72617853561383","8.72617853561383","8.72617853561383"
"17305.406582253","8.108108108153383","8.108108108153383","8.108108108153383","60.96096096096687","60.96096096096687","60.96096096096687","41.541541541549456","41.541541541549456","41.541541541549456","4.304304304306528","4.304304304306528","4.304304304306528"
"17315.406567308","18.418418418393923","18.418418418393923","18.418418418393923","50.549450549453546","50.549450549453546","50.549450549453546","34.86513486513826","34.86513486513826","34.86513486513826","25.725725725709854","25.725725725709854","25.725725725709854"
"17325.406702485","18.737474949920035","18.737474949920035","18.737474949920035","38.699999999989814","38.699999999989814","38.699999999989814","48.797595190390915","48.797595190390915","48.797595190390915","8.508508508495677","8.508508508495677","8.508508508495677"
"17335.407496973","1.9019019018891798","1.9019019018891798","1.9019019018891798","5.115346038099557","5.115346038099557","5.115346038099557","44.69999999999345","44.69999999999345","44.69999999999345","58.87662988965515","58.87662988965515","58.87662988965515"
"17345.406862494","24.700000000002657","24.700000000002657","24.700000000002657","4.699999999993452","4.699999999993452","4.699999999993452","60.360360360346576","60.360360360346576","60.360360360346576","29.989969909741742","29.989969909741742","29.989969909741742"
"17355.406713719","9.699999999995725","9.699999999995725","9.699999999995725","25.725725725736897","25.725725725736897","25.725725725736897","56.7703109327903","56.7703109327903","56.7703109327903","23.847695390802347","23.847695390802347","23.847695390802347"
"17365.407394745","2.5025025025385177","2.5025025025385177","2.5025025025385177","7.515030060120568","7.515030060120568","7.515030060120568","88.20000000001528","88.20000000001528","88.20000000001528","15.93186372748771","15.93186372748771","15.93186372748771"
"17375.40734471","4.9950049950039785","4.9950049950039785","4.9950049950039785","15.130260521044933","15.130260521044933","15.130260521044933","38.938938938945086","38.938938938945086","38.938938938945086","69.93987975950677","69.93987975950677","69.93987975950677"
"17385.407783028","10.210210210183964","10.210210210183964","10.210210210183964","18.71871871869413","18.71871871869413","18.71871871869413","39.13913913914962","39.13913913914962","39.13913913914962","49.3493493493628","49.3493493493628","49.3493493493628"
"17395.407269518","4.495504495494949","4.495504495494949","4.495504495494949","4.099999999998545","4.099999999998545","4.099999999998545","71.07107107106333","71.07107107106333","71.07107107106333","34.90471414241332","34.90471414241332","34.90471414241332"
"17405.407441192","7.622868605836997","7.622868605836997","7.622868605836997","5.300000000011096","5.300000000011096","5.300000000011096","91.7835671342681","91.7835671342681","91.7835671342681","10.510510510505371","10.510510510505371","10.510510510505371"
"17415.407020981","11.723446893774863","11.723446893774863","11.723446893774863","9.900000000030595","9.900000000030595","9.900000000030595","93.20679320679169","93.20679320679169","93.20679320679169","13.855421686740165","13.855421686740165","13.855421686740165"
"17425.407347573","5.594405594401639","5.594405594401639","5.594405594401639","6.706706706672387","6.706706706672387","6.706706706672387","96.80000000000291","96.80000000000291","96.80000000000291","5.51102204411557","5.51102204411557","5.51102204411557"
"17435.407105198","7.42971887551873","7.42971887551873","7.42971887551873","7.407407407422244","7.407407407422244","7.407407407422244","93.99999999999636","93.99999999999636","93.99999999999636","4.814443330003273","4.814443330003273","4.814443330003273"
"17445.407162948","12.649402390425642","12.649402390425642","12.649402390425642","6.993006992997208","6.993006992997208","6.993006992997208","81.88188188188988","81.88188188188988","81.88188188188988","23.346693386764727","23.346693386764727","23.346693386764727"
"17455.40757128","13.426853707416875","13.426853707416875","13.426853707416875","1.4014014014135583","1.4014014014135583","1.4014014014135583","18.436873747497255","18.436873747497255","18.436873747497255","71.52847152847116","71.52847152847116","71.52847152847116"
"17465.406646689","2.1021021020937907","2.1021021020937907","2.1021021020937907","7.907907907900053","7.907907907900053","7.907907907900053","50.39999999999054","50.39999999999054","50.39999999999054","55.26579739217227","55.26579739217227","55.26579739217227"
"17475.406938703","10.499999999992724","10.499999999992724","10.499999999992724","7.684630738565032","7.684630738565032","7.684630738565032","47.49498997995981","47.49498997995981","47.49498997995981","63.163163163166146","63.163163163166146","63.163163163166146"
"17485.406920182","2.40240240243765","2.40240240243765","2.40240240243765","5.799999999965003","5.799999999965003","5.799999999965003","45.109780439144075","45.109780439144075","45.109780439144075","62.56256256255711","62.56256256255711","62.56256256255711"
"17495.406899344","2.490039840601901","2.490039840601901","2.490039840601901","7.607607607642219","7.607607607642219","7.607607607642219","10.489510489504898","10.489510489504898","10.489510489504898","93.69369369370042","93.69369369370042","93.69369369370042"
"17505.406606956","9.819639278586042","9.819639278586042","9.819639278586042","26.873126873091508","26.873126873091508","26.873126873091508","43.04304304300558","43.04304304300558","43.04304304300558","48.99799599199887","48.99799599199887","48.99799599199887"
"17515.407616804","9.69030969030697","9.69030969030697","9.69030969030697","8.60000000000582","8.60000000000582","8.60000000000582","91.6000000000016","91.6000000000016","91.6000000000016","3.503503503471443","3.503503503471443","3.503503503471443"
"17525.407906402","2.999999999992724","2.999999999992724","2.999999999992724","5.8232931726722805","5.8232931726722805","5.8232931726722805","71.84368737475337","71.84368737475337","71.84368737475337","34.90471414243707","34.90471414243707","34.90471414243707"
"17535.406963189","6.093906093878754","6.093906093878754","6.093906093878754","42.442442442451664","42.442442442451664","42.442442442451664","35.27054108217562","35.27054108217562","35.27054108217562","45.600000000014695","45.600000000014695","45.600000000014695"
"17545.407452381","2.80280280284658","2.80280280284658","2.80280280284658","8.191808191806595","8.191808191806595","8.191808191806595","65.66566566565575","65.66566566565575","65.66566566565575","39.51855566699767","39.51855566699767","39.51855566699767"
"17555.407238002","3.9078156312568635","3.9078156312568635","3.9078156312568635","15.230460921861402","15.230460921861402","15.230460921861402","18.818818818814645","18.818818818814645","18.818818818814645","75.62437562437549","75.62437562437549","75.62437562437549"
"17565.407146887","8.699999999977063","8.699999999977063","8.699999999977063","4.699999999997999","4.699999999997999","4.699999999997999","39.01705115346823","39.01705115346823","39.01705115346823","76.9000000000051","76.9000000000051","76.9000000000051"
"17575.407289126","5","5","5","5.911823647330603","5.911823647330603","5.911823647330603","11.711711711710564","11.711711711710564","11.711711711710564","91.19119119118241","91.19119119118241","91.19119119118241"
"17585.407168548","2.397602397617901","2.397602397617901","2.397602397617901","8.124373119336736","8.124373119336736","8.124373119336736","83.700000000008","83.700000000008","83.700000000008","20.661985957855393","20.661985957855393","20.661985957855393"
"17595.410739573","2.297702297698304","2.297702297698304","2.297702297698304","7.099999999957472","7.099999999957472","7.099999999957472","5.30530530531101","5.30530530531101","5.30530530531101","99.90009990009774","99.90009990009774","99.90009990009774"
"17605.407630697","9.199999999982538","9.199999999982538","9.199999999982538","8.108108108138126","8.108108108138126","8.108108108138126","84.8000000000083","84.8000000000083","84.8000000000083","27.68304914743314","27.68304914743314","27.68304914743314"
"17615.406676033","2.400000000016007","2.400000000016007","2.400000000016007","20.661985957884344","20.661985957884344","20.661985957884344","6.312625250493259","6.312625250493259","6.312625250493259","84.10000000000433","84.10000000000433","84.10000000000433"
"17625.406857767","2.60521042080981","2.60521042080981","2.60521042080981","4.599999999991269","4.599999999991269","4.599999999991269","98.69869869868872","98.69869869868872","98.69869869868872","8.926780341001201","8.926780341001201","8.926780341001201"
"17635.407291361","9.900000000016007","9.900000000016007","9.900000000016007","6.412825651297053","6.412825651297053","6.412825651297053","91.79179179179602","91.79179179179602","91.79179179179602","19.819819819801285","19.819819819801285","19.819819819801285"
"17645.407013261","29.099999999998545","29.099999999998545","29.099999999998545","20.900000000001455","20.900000000001455","20.900000000001455","28.500000000003638","28.500000000003638","28.500000000003638","26.553106212395594","26.553106212395594","26.553106212395594"
"17655.406604024","2.7027027027066395","2.7027027027066395","2.7027027027066395","38.47695390779634","38.47695390779634","38.47695390779634","63.599999999992576","63.599999999992576","63.599999999992576","5.215646940826237","5.215646940826237","5.215646940826237"
"17665.40710489","8.241206030150238","8.241206030150238","8.241206030150238","7.615230460939815","7.615230460939815","7.615230460939815","26.55310621244914","26.55310621244914","26.55310621244914","87.00000000000728","87.00000000000728","87.00000000000728"
"17675.406654159","2.8056112224687775","2.8056112224687775","2.8056112224687775","4.200000000000728","4.200000000000728","4.200000000000728","78.89999999999418","78.89999999999418","78.89999999999418","29.50000000001473","29.50000000001473","29.50000000001473"
"17685.406614708","14.49999999997617","14.49999999997617","14.49999999997617","2.404809619271971","2.404809619271971","2.404809619271971","87.88788788787595","87.88788788787595","87.88788788787595","8.30830830830017","8.30830830830017","8.30830830830017"
"17695.407213307","13.486513486516646","13.486513486516646","13.486513486516646","16.316316316293424","16.316316316293424","16.316316316293424","80.50000000001802","80.50000000001802","80.50000000001802","17.989949748751176","17.989949748751176","17.989949748751176"
"17705.406937198","11.300000000042456","11.300000000042456","11.300000000042456","15.030060120241137","15.030060120241137","15.030060120241137","22.3223223223043","22.3223223223043","22.3223223223043","65.56556556555344","65.56556556555344","65.56556556555344"
"17715.406530061","7.092907092896928","7.092907092896928","7.092907092896928","11.711711711696621","11.711711711696621","11.711711711696621","69.73947895791012","69.73947895791012","69.73947895791012","26.92692692694592","26.92692692694592","26.92692692694592"
"17725.407531099","11.454183266945769","11.454183266945769","11.454183266945769","7.329317269072565","7.329317269072565","7.329317269072565","66.73346693385707","66.73346693385707","66.73346693385707","43.931795386163564","43.931795386163564","43.931795386163564"
"17735.40692053","8.75251509048796","8.75251509048796","8.75251509048796","3.5999999999921783","3.5999999999921783","3.5999999999921783","58.2834331337466","58.2834331337466","58.2834331337466","43.931795386163564","43.931795386163564","43.931795386163564"
"17745.407153412","7.300000000044893","7.300000000044893","7.300000000044893","8.100000000013097","8.100000000013097","8.100000000013097","56.012024048100095","56.012024048100095","56.012024048100095","43.400000000001455","43.400000000001455","43.400000000001455"
"17755.407086989","9.000000000014552","9.000000000014552","9.000000000014552","22.044088176342733","22.044088176342733","22.044088176342733","47.74774774772544","47.74774774772544","47.74774774772544","51.50300601202047","51.50300601202047","51.50300601202047"
"17765.407050864","13.113113113044909","13.113113113044909","13.113113113044909","11.935807422270516","11.935807422270516","11.935807422270516","77.57757757758336","77.57757757758336","77.57757757758336","11.334002005994593","11.334002005994593","11.334002005994593"
"17775.406614658","5.11022044093699","5.11022044093699","5.11022044093699","7.923771313949659","7.923771313949659","7.923771313949659","49.60000000000946","49.60000000000946","49.60000000000946","53.25325325326001","53.25325325326001","53.25325325326001"
"17785.406644939","10.089910089879812","10.089910089879812","10.089910089879812","3.807615230471295","3.807615230471295","3.807615230471295","10.130391173521568","10.130391173521568","10.130391173521568","100","100","100"
"17795.407392997","21.021021021068265","21.021021021068265","21.021021021068265","10.289710289714737","10.289710289714737","10.289710289714737","56.97091273821345","56.97091273821345","56.97091273821345","33.66733466932776","33.66733466932776","33.66733466932776"
"17805.407286047","16.051844466561548","16.051844466561548","16.051844466561548","7.923771313949659","7.923771313949659","7.923771313949659","50.29999999998835","50.29999999998835","50.29999999998835","41.10000000000582","41.10000000000582","41.10000000000582"
"17815.40771229","3.1062124248265053","3.1062124248265053","3.1062124248265053","8.799999999977008","8.799999999977008","8.799999999977008","77.39999999999782","77.39999999999782","77.39999999999782","24.27281845538224","24.27281845538224","24.27281845538224"
"17825.406685919","8.41683366736988","8.41683366736988","8.41683366736988","27.299999999995634","27.299999999995634","27.299999999995634","62.32464929861159","62.32464929861159","62.32464929861159","32.196589769288906","32.196589769288906","32.196589769288906"
"17835.406970203","5.522088353406834","5.522088353406834","5.522088353406834","6.41282565130161","6.41282565130161","6.41282565130161","2.302302302280194","2.302302302280194","2.302302302280194","100","100","100"
"17845.407128382","4.087736789614262","4.087736789614262","4.087736789614262","7.014028056101596","7.014028056101596","7.014028056101596","89.38938938938185","89.38938938938185","89.38938938938185","15.747241725170769","15.747241725170769","15.747241725170769"
"17855.407191271","9.190809190793216","9.190809190793216","9.190809190793216","11.523046092213479","11.523046092213479","11.523046092213479","84.8000000000083","84.8000000000083","84.8000000000083","22.668004012053895","22.668004012053895","22.668004012053895"
"17865.406716485","22.90000000000873","22.90000000000873","22.90000000000873","12.424849699397154","12.424849699397154","12.424849699397154","18.218218218230593","18.218218218230593","18.218218218230593","53.653653653643104","53.653653653643104","53.653653653643104"
"17875.407182438","41.58316633268173","41.58316633268173","41.58316633268173","16.61661661660034","16.61661661660034","16.61661661660034","45.100000000003966","45.100000000003966","45.100000000003966","5.01002004008038","5.01002004008038","5.01002004008038"
"17885.407390116","16.265060240955055","16.265060240955055","16.265060240955055","8.817635270533449","8.817635270533449","8.817635270533449","87.40000000001143","87.40000000001143","87.40000000001143","15.863453815261705","15.863453815261705","15.863453815261705"
"17895.407169289","17.369477911643727","17.369477911643727","17.369477911643727","4.904904904920142","4.904904904920142","4.904904904920142","62.46246246246848","62.46246246246848","62.46246246246848","29.10000000002434","29.10000000002434","29.10000000002434"
"17905.406878041","34.265734265730195","34.265734265730195","34.265734265730195","2.104208416843237","2.104208416843237","2.104208416843237","67.5","67.5","67.5","1.5030060120204687","1.5030060120204687","1.5030060120204687"
"17915.406994464","48.051948051951356","48.051948051951356","48.051948051951356","4.6092184368652","4.6092184368652","4.6092184368652","54.8096192384728","54.8096192384728","54.8096192384728","10.843373493957861","10.843373493957861","10.843373493957861"
"17925.407563805","20.14028056111443","20.14028056111443","20.14028056111443","2.304609218468213","2.304609218468213","2.304609218468213","81.63672654690554","81.63672654690554","81.63672654690554","6.699999999966785","6.699999999966785","6.699999999966785"
"17935.40719081","3.9920159680767715","3.9920159680767715","3.9920159680767715","35.63563563561959","35.63563563561959","35.63563563561959","29.15831663324812","29.15831663324812","29.15831663324812","45.4454454454469","45.4454454454469","45.4454454454469"
"17945.407488409","9.909909909912022","9.909909909912022","9.909909909912022","7.70770770772905","7.70770770772905","7.70770770772905","54.70000000001164","54.70000000001164","54.70000000001164","56.856856856868866","56.856856856868866","56.856856856868866"
"17955.407357155","4.581673306763814","4.581673306763814","4.581673306763814","20.140280561107087","20.140280561107087","20.140280561107087","21.765295887661175","21.765295887661175","21.765295887661175","68.89999999999418","68.89999999999418","68.89999999999418"
"17965.407378651","2.397602397617901","2.397602397617901","2.397602397617901","8.891108891109042","8.891108891109042","8.891108891109042","34.002006018038514","34.002006018038514","34.002006018038514","68.73747494990864","68.73747494990864","68.73747494990864"
"17975.407136479","10.678642714571366","10.678642714571366","10.678642714571366","9.528585757244988","9.528585757244988","9.528585757244988","47.000000000007276","47.000000000007276","47.000000000007276","63.691073219655195","63.691073219655195","63.691073219655195"
"17985.406872627","5.08982035926524","5.08982035926524","5.08982035926524","7.0000000000229194","7.0000000000229194","7.0000000000229194","30.961923847673038","30.961923847673038","30.961923847673038","66.33266533065996","66.33266533065996","66.33266533065996"
"17995.407325635","42.04204204204259","42.04204204204259","42.04204204204259","5.210420841687969","5.210420841687969","5.210420841687969","19.15747241724806","19.15747241724806","19.15747241724806","40.90000000001386","40.90000000001386","40.90000000001386"
"18005.406764275","5.10510510512468","5.10510510512468","5.10510510512468","9.528585757278","9.528585757278","9.528585757278","62.0000000000211","62.0000000000211","62.0000000000211","37.67535070140664","37.67535070140664","37.67535070140664"
"18015.407454262","10.867397806582971","10.867397806582971","10.867397806582971","18.800000000010186","18.800000000010186","18.800000000010186","86.68668668670776","86.68668668670776","86.68668668670776","12.512512512496857","12.512512512496857","12.512512512496857"
"18025.407253312","7.7922077921974084","7.7922077921974084","7.7922077921974084","2.602602602573454","2.602602602573454","2.602602602573454","94.40559440560064","94.40559440560064","94.40559440560064","9.40940940944599","9.40940940944599","9.40940940944599"
"18035.407448245","10.210210210212944","10.210210210212944","10.210210210212944","2.7027027027066395","2.7027027027066395","2.7027027027066395","92.19219219218404","92.19219219218404","92.19219219218404","9.027081243744735","9.027081243744735","9.027081243744735"
"18045.407361902","3.8844621514086692","3.8844621514086692","3.8844621514086692","10.832497492493683","10.832497492493683","10.832497492493683","99.79999999999563","99.79999999999563","99.79999999999563","13.026052104169992","13.026052104169992","13.026052104169992"
"18055.407248674","2.5922233299784434","2.5922233299784434","2.5922233299784434","6.406406406367802","6.406406406367802","6.406406406367802","93.69369369370042","93.69369369370042","93.69369369370042","10.710710710724289","10.710710710724289","10.710710710724289"
"18065.406668839","4.287138584250657","4.287138584250657","4.287138584250657","58.99999999999309","58.99999999999309","58.99999999999309","47.59999999998399","47.59999999998399","47.59999999998399","3.2064128256485267","3.2064128256485267","3.2064128256485267"
"18075.40695763","14.485514485518806","14.485514485518806","14.485514485518806","45.29058116233101","45.29058116233101","45.29058116233101","58.1000000000131","58.1000000000131","58.1000000000131","10.220440881735621","10.220440881735621","10.220440881735621"
"18085.407175208","2.1956087824466524","2.1956087824466524","2.1956087824466524","1.9000000000050932","1.9000000000050932","1.9000000000050932","54.20000000000073","54.20000000000073","54.20000000000073","55.65565565565985","55.65565565565985","55.65565565565985"
"18095.407101267","4.287138584234789","4.287138584234789","4.287138584234789","5.010020040045753","5.010020040045753","5.010020040045753","47.299999999976464","47.299999999976464","47.299999999976464","56.9138276552978","56.9138276552978","56.9138276552978"
"18105.407005218","8.673978065793444","8.673978065793444","8.673978065793444","9.181636726584744","9.181636726584744","9.181636726584744","48.248248248274656","48.248248248274656","48.248248248274656","63.76376376377977","63.76376376377977","63.76376376377977"
"18115.406954226","3.788634097717475","3.788634097717475","3.788634097717475","6.312625250511485","6.312625250511485","6.312625250511485","56.59999999999854","56.59999999999854","56.59999999999854","47.15284715285827","47.15284715285827","47.15284715285827"
"18125.406998178","6.886227544917232","6.886227544917232","6.886227544917232","10.120240480946327","10.120240480946327","10.120240480946327","81.26252505010959","81.26252505010959","81.26252505010959","15.346038114347804","15.346038114347804","15.346038114347804"
"18135.407147026","6.886227544914732","6.886227544914732","6.886227544914732","8.882235528935919","8.882235528935919","8.882235528935919","67.59999999998399","67.59999999998399","67.59999999998399","44.75524475524755","44.75524475524755","44.75524475524755"
"18145.406765005","2.3999999999805004","2.3999999999805004","2.3999999999805004","7.092907092899504","7.092907092899504","7.092907092899504","64.76476476478425","64.76476476478425","64.76476476478425","39.93993993992769","39.93993993992769","39.93993993992769"
"18155.406923829","5.5999999999787535","5.5999999999787535","5.5999999999787535","6.913827655331733","6.913827655331733","6.913827655331733","61.361361361333586","61.361361361333586","61.361361361333586","40.2805611222324","40.2805611222324","40.2805611222324"
"18165.407182418","7.500000000017735","7.500000000017735","7.500000000017735","6.112224448885669","6.112224448885669","6.112224448885669","32.70000000002885","32.70000000002885","32.70000000002885","81.49999999999636","81.49999999999636","81.49999999999636"
"18175.40718326","2.302302302298402","2.302302302298402","2.302302302298402","7.792207792230919","7.792207792230919","7.792207792230919","87.60000000000218","87.60000000000218","87.60000000000218","17.23446893788817","17.23446893788817","17.23446893788817"
"18185.40814152","3.3033033033395354","3.3033033033395354","3.3033033033395354","7.499999999966349","7.499999999966349","7.499999999966349","69.53907815630255","69.53907815630255","69.53907815630255","31.599999999980355","31.599999999980355","31.599999999980355"
"18195.407170057","8.191808191806595","8.191808191806595","8.191808191806595","5.105105105090122","5.105105105090122","5.105105105090122","75.47547547547212","75.47547547547212","75.47547547547212","26.880641925795356","26.880641925795356","26.880641925795356"
"18205.406834692","2.2931206380808247","2.2931206380808247","2.2931206380808247","28.728728728750347","28.728728728750347","28.728728728750347","58.05805805807789","58.05805805807789","58.05805805807789","22.14428857714653","22.14428857714653","22.14428857714653"
"18215.406718033","6.212424849691729","6.212424849691729","6.212424849691729","44.510978043901524","44.510978043901524","44.510978043901524","30.49147442324964","30.49147442324964","30.49147442324964","34.33433433432604","34.33433433432604","34.33433433432604"
"18225.407077522","9.099999999982629","9.099999999982629","9.099999999982629","7.530120481928371","7.530120481928371","7.530120481928371","94.79999999999563","94.79999999999563","94.79999999999563","1.9057171514592492","1.9057171514592492","1.9057171514592492"
"18235.407630992","6.858846918477635","6.858846918477635","6.858846918477635","43.08617234468397","43.08617234468397","43.08617234468397","76.82317682317603","76.82317682317603","76.82317682317603","5.717151454377747","5.717151454377747","5.717151454377747"
"18245.408178596","12.625250501018368","12.625250501018368","12.625250501018368","19.780219780218584","19.780219780218584","19.780219780218584","76.200000000008","76.200000000008","76.200000000008","4.518072289155197","4.518072289155197","4.518072289155197"
"18255.407241589","2.7081243730879194","2.7081243730879194","2.7081243730879194","56.556556556562064","56.556556556562064","56.556556556562064","26.57342657343788","26.57342657343788","26.57342657343788","27.527527527541324","27.527527527541324","27.527527527541324"
"18265.406939118","9.642147117359556","9.642147117359556","9.642147117359556","15.330661322682355","15.330661322682355","15.330661322682355","52.99999999999272","52.99999999999272","52.99999999999272","52.25677031091877","52.25677031091877","52.25677031091877"
"18275.407148925","6.593406593369851","6.593406593369851","6.593406593369851","5.299999999990287","5.299999999990287","5.299999999990287","95.70429570429367","95.70429570429367","95.70429570429367","7.899999999990541","7.899999999990541","7.899999999990541"
"18285.407353981","1.6064257028099247","1.6064257028099247","1.6064257028099247","4.208416833650022","4.208416833650022","4.208416833650022","71.67167167166663","71.67167167166663","71.67167167166663","35.43543543545671","35.43543543545671","35.43543543545671"
"18295.407608489","7.392607392621879","7.392607392621879","7.392607392621879","11.088911088900504","11.088911088900504","11.088911088900504","56.28140703517543","56.28140703517543","56.28140703517543","54.509018036061406","54.509018036061406","54.509018036061406"
"18305.407787793","8.69999999999298","8.69999999999298","8.69999999999298","17.617617617635187","17.617617617635187","17.617617617635187","45.85414585413647","45.85414585413647","45.85414585413647","41.76706827309457","41.76706827309457","41.76706827309457"
"18315.407490931","4.800000000014352","4.800000000014352","4.800000000014352","9.309309309277705","9.309309309277705","9.309309309277705","6.218655967895037","6.218655967895037","6.218655967895037","94.79999999999563","94.79999999999563","94.79999999999563"
"18325.406874642","5.894105894074089","5.894105894074089","5.894105894074089","30.190571715162346","30.190571715162346","30.190571715162346","48.59719438878384","48.59719438878384","48.59719438878384","44.844844844851494","44.844844844851494","44.844844844851494"
"18335.406681462","7.700000000022028","7.700000000022028","7.700000000022028","19.21921921920566","19.21921921920566","19.21921921920566","39.56043956043717","39.56043956043717","39.56043956043717","47.5951903807445","47.5951903807445","47.5951903807445"
"18345.406899629","8.116232464909844","8.116232464909844","8.116232464909844","50.55055055053516","50.55055055053516","50.55055055053516","45.84584584585598","45.84584584585598","45.84584584585598","9.719438877782284","9.719438877782284","9.719438877782284"
"18355.406703615","10.200000000033324","10.200000000033324","10.200000000033324","4.300000000025648","4.300000000025648","4.300000000025648","29.25851703407771","29.25851703407771","29.25851703407771","83.01698301697921","83.01698301697921","83.01698301697921"
"18365.407663633","4.095904095852542","4.095904095852542","4.095904095852542","10.531594784377178","10.531594784377178","10.531594784377178","49.64964964965103","49.64964964965103","49.64964964965103","51.1511511511492","51.1511511511492","51.1511511511492"
"18375.40731561","2.0979020979292917","2.0979020979292917","2.0979020979292917","8.508508508495677","8.508508508495677","8.508508508495677","24.97492477429049","24.97492477429049","24.97492477429049","79.2792792792855","79.2792792792855","79.2792792792855"
"18385.407432051","6.573705179283229","6.573705179283229","6.573705179283229","9.099999999983666","9.099999999983666","9.099999999983666","50.94905094904456","50.94905094904456","50.94905094904456","57.69999999998898","57.69999999998898","57.69999999998898"
"18395.40683386","3.9960039960177203","3.9960039960177203","3.9960039960177203","2.9029029029111775","2.9029029029111775","2.9029029029111775","98.50000000000364","98.50000000000364","98.50000000000364","13.299999999999274","13.299999999999274","13.299999999999274"
"18405.407025601","5.305305305313286","5.305305305313286","5.305305305313286","3.8114343028834","3.8114343028834","3.8114343028834","91.200000000008","91.200000000008","91.200000000008","12.236710130401422","12.236710130401422","12.236710130401422"
"18415.407139843","3.3898305084764204","3.3898305084764204","3.3898305084764204","7.407407407442307","7.407407407442307","7.407407407442307","82.98298298297843","82.98298298297843","82.98298298297843","19.939879759517723","19.939879759517723","19.939879759517723"
"18425.40770226","7.092907092896928","7.092907092896928","7.092907092896928","19.88011988009176","19.88011988009176","19.88011988009176","82.1821821821785","82.1821821821785","82.1821821821785","21.55688622751404","21.55688622751404","21.55688622751404"
"18435.406989451","6.187624750474929","6.187624750474929","6.187624750474929","11.811811811844947","11.811811811844947","11.811811811844947","62.4624624624548","62.4624624624548","62.4624624624548","32.99899699097782","32.99899699097782","32.99899699097782"
"18445.407539839","4.685942173526284","4.685942173526284","4.685942173526284","48.9489489489531","48.9489489489531","48.9489489489531","36.00000000000364","36.00000000000364","36.00000000000364","25.200000000031576","25.200000000031576","25.200000000031576"
"18455.406558528","10.399999999972351","10.399999999972351","10.399999999972351","9.899999999979627","9.899999999979627","9.899999999979627","91.200000000008","91.200000000008","91.200000000008","17.13426853706615","17.13426853706615","17.13426853706615"
"18465.407175241","5.817452357088049","5.817452357088049","5.817452357088049","6.613226452888828","6.613226452888828","6.613226452888828","42.90000000001131","42.90000000001131","42.90000000001131","59.20000000000073","59.20000000000073","59.20000000000073"
"18475.407119566","22.622622622611214","22.622622622611214","22.622622622611214","4.204204204187581","4.204204204187581","4.204204204187581","28.32832832828907","28.32832832828907","28.32832832828907","54.70000000000993","54.70000000000993","54.70000000000993"
"18485.406706981","42.100000000012336","42.100000000012336","42.100000000012336","2.697302697341873","2.697302697341873","2.697302697341873","5.4216867469789305","5.4216867469789305","5.4216867469789305","66.86686686686521","66.86686686686521","66.86686686686521"
"18495.406601348","1.001001000971071","1.001001000971071","1.001001000971071","21.92192192192806","21.92192192192806","21.92192192192806","35.23523523527575","35.23523523527575","35.23523523527575","44.98997995992873","44.98997995992873","44.98997995992873"
"18505.406512259","2.8971028971463206","2.8971028971463206","2.8971028971463206","36.236236236233424","36.236236236233424","36.236236236233424","67.96796796795415","67.96796796795415","67.96796796795415","5.205205205208741","5.205205205208741","5.205205205208741"
"18515.407254428","14.570858283413191","14.570858283413191","14.570858283413191","35.17034068137186","35.17034068137186","35.17034068137186","71.62837162837596","71.62837162837596","71.62837162837596","5.416248746212328","5.416248746212328","5.416248746212328"
"18525.407109432","7.214428857677641","7.214428857677641","7.214428857677641","23.246492985970043","23.246492985970043","23.246492985970043","77.45490981963829","77.45490981963829","77.45490981963829","6.713426853674433","6.713426853674433","6.713426853674433"
"18535.406863727","2.1999999999752617","2.1999999999752617","2.1999999999752617","4.613841524566109","4.613841524566109","4.613841524566109","100","100","100","5.010020040115006","5.010020040115006","5.010020040115006"
"18545.407271667","7.600000000020373","7.600000000020373","7.600000000020373","5.205205205157908","5.205205205157908","5.205205205157908","37.487437185940806","37.487437185940806","37.487437185940806","78.97897897897104","78.97897897897104","78.97897897897104"
"18555.40689334","2.3069207623178603","2.3069207623178603","2.3069207623178603","7.29270729273514","7.29270729273514","7.29270729273514","93.89999999999418","93.89999999999418","93.89999999999418","9.719438877782284","9.719438877782284","9.719438877782284"
"18565.407596576","1.3999999999583088","1.3999999999583088","1.3999999999583088","3.003003002996332","3.003003002996332","3.003003002996332","49.699999999975155","49.699999999975155","49.699999999975155","50.69999999999709","50.69999999999709","50.69999999999709"
"18575.407453154","8.167330677323463","8.167330677323463","8.167330677323463","33.40020060179473","33.40020060179473","33.40020060179473","46.70000000000073","46.70000000000073","46.70000000000073","37.07414829662504","37.07414829662504","37.07414829662504"
"18585.406566752","7.100000000009149","7.100000000009149","7.100000000009149","32.46492985974785","32.46492985974785","32.46492985974785","58.90000000001236","58.90000000001236","58.90000000001236","15.799999999999272","15.799999999999272","15.799999999999272"
"18595.406816365","1.3999999999946884","1.3999999999946884","1.3999999999946884","2.9058116232543094","2.9058116232543094","2.9058116232543094","56.556556556562064","56.556556556562064","56.556556556562064","43.22968906718898","43.22968906718898","43.22968906718898"
"18605.407501596","21.39999999999418","21.39999999999418","21.39999999999418","3.099999999994907","3.099999999994907","3.099999999994907","59.35935935933796","59.35935935933796","59.35935935933796","29.870129870114294","29.870129870114294","29.870129870114294"
"18615.407189807","9.409409409382286","9.409409409382286","9.409409409382286","11.111111111086833","11.111111111086833","11.111111111086833","62.862862862877556","62.862862862877556","62.862862862877556","43.486973947901525","43.486973947901525","43.486973947901525"
"18625.407115982","2.594810379261736","2.594810379261736","2.594810379261736","31.262525050091362","31.262525050091362","31.262525050091362","51.051051051064725","51.051051051064725","51.051051051064725","29.929929929915637","29.929929929915637","29.929929929915637"
"18635.407105793","8.3999999999984","8.3999999999984","8.3999999999984","6.806806806865327","6.806806806865327","6.806806806865327","92.29229229228635","92.29229229228635","92.29229229228635","6.112224448903896","6.112224448903896","6.112224448903896"
"18645.406696836","5.6886227544899315","5.6886227544899315","5.6886227544899315","14.529058116203938","14.529058116203938","14.529058116203938","90.09009009009026","90.09009009009026","90.09009009009026","19.438877755528118","19.438877755528118","19.438877755528118"
"18655.407912538","7.392607392588222","7.392607392588222","7.392607392588222","4.909819639276584","4.909819639276584","4.909819639276584","91.80819180819638","91.80819180819638","91.80819180819638","7.915831663302181","7.915831663302181","7.915831663302181"
"18665.407545835","2.19780219781338","2.19780219781338","2.19780219781338","8.708708708733532","8.708708708733532","8.708708708733532","59.60000000002066","59.60000000002066","59.60000000002066","45","45","45"
"18675.406981845","6.087824351318892","6.087824351318892","6.087824351318892","17.29999999996555","17.29999999996555","17.29999999996555","28.92892892888491","28.92892892888491","28.92892892888491","78.29999999999927","78.29999999999927","78.29999999999927"
"18685.406783038","2.694610778447353","2.694610778447353","2.694610778447353","29.25851703410349","29.25851703410349","29.25851703410349","66.132264529077","66.132264529077","66.132264529077","17.652958876630017","17.652958876630017","17.652958876630017"
"18695.406802868","6.181455633091259","6.181455633091259","6.181455633091259","23.399999999996325","23.399999999996325","23.399999999996325","42.24224224222327","42.24224224222327","42.24224224222327","42.72818455365553","42.72818455365553","42.72818455365553"
"18705.406804636","13.026052104201696","13.026052104201696","13.026052104201696","38.400000000001455","38.400000000001455","38.400000000001455","7.292707292719619","7.292707292719619","7.292707292719619","71.09999999998763","71.09999999998763","71.09999999998763"
"18715.407079943","7.61523046094259","7.61523046094259","7.61523046094259","50.200000000004366","50.200000000004366","50.200000000004366","5.900000000001455","5.900000000001455","5.900000000001455","49.50000000002564","49.50000000002564","49.50000000002564"
"18725.407448249","1.8981018980732178","1.8981018980732178","1.8981018980732178","11.334002005994593","11.334002005994593","11.334002005994593","33.86773547095945","33.86773547095945","33.86773547095945","67.76776776774955","67.76776776774955","67.76776776774955"
"18735.407149675","2.8942115768548953","2.8942115768548953","2.8942115768548953","16.816816816817035","16.816816816817035","16.816816816817035","55.79999999999927","55.79999999999927","55.79999999999927","48.89999999999378","48.89999999999378","48.89999999999378"
"18745.407880497","1.0030090270668968","1.0030090270668968","1.0030090270668968","2.0020020019914853","2.0020020019914853","2.0020020019914853","31.062124248502","31.062124248502","31.062124248502","70.27027027027421","70.27027027027421","70.27027027027421"
"18755.407486331","5.694305694356345","5.694305694356345","5.694305694356345","5.605605605617817","5.605605605617817","5.605605605617817","58.65865865864003","58.65865865864003","58.65865865864003","44.78957915831013","44.78957915831013","44.78957915831013"
"18765.407180693","14.143426294807218","14.143426294807218","14.143426294807218","14.328657314632801","14.328657314632801","14.328657314632801","79.00000000001455","79.00000000001455","79.00000000001455","18.937875751509324","18.937875751509324","18.937875751509324"
"18775.40696326","4.599999999991269","4.599999999991269","4.599999999991269","1.3026052103946526","1.3026052103946526","1.3026052103946526","49.25074925074186","49.25074925074186","49.25074925074186","49.247743229700106","49.247743229700106","49.247743229700106"
"18785.406529854","1.7982017982043397","1.7982017982043397","1.7982017982043397","7.321965897690517","7.321965897690517","7.321965897690517","66.76676676676891","66.76676676676891","66.76676676676891","34.569138276538055","34.569138276538055","34.569138276538055"
"18795.407351688","5.982053838457033","5.982053838457033","5.982053838457033","10.800000000013533","10.800000000013533","10.800000000013533","73.57357357356439","73.57357357356439","73.57357357356439","33.80000000001608","33.80000000001608","33.80000000001608"
"18805.407373918","6.012024048116135","6.012024048116135","6.012024048116135","29.829829829857097","29.829829829857097","29.829829829857097","81.78178178178761","81.78178178178761","81.78178178178761","4.112337011014415","4.112337011014415","4.112337011014415"
"18815.407408187","2.1021021020937907","2.1021021020937907","2.1021021020937907","5.20520520517422","5.20520520517422","5.20520520517422","94.09409409409358","94.09409409409358","94.09409409409358","12.14859437750234","12.14859437750234","12.14859437750234"
"18825.406884489","7.80780780783132","7.80780780783132","7.80780780783132","35.200000000004366","35.200000000004366","35.200000000004366","36.599999999998545","36.599999999998545","36.599999999998545","35.56443556446483","35.56443556446483","35.56443556446483"
"18835.407618533","11.752988047762813","11.752988047762813","11.752988047762813","15.531062124228216","15.531062124228216","15.531062124228216","87.99999999999272","87.99999999999272","87.99999999999272","11.011011010975388","11.011011010975388","11.011011010975388"
"18845.406651939","7.285429141711893","7.285429141711893","7.285429141711893","9.418837675341424","9.418837675341424","9.418837675341424","60.82164328658717","60.82164328658717","60.82164328658717","38.63863863863827","38.63863863863827","38.63863863863827"
"18855.407166333","2.2000000000116415","2.2000000000116415","2.2000000000116415","4.909819639293021","4.909819639293021","4.909819639293021","33.400000000001455","33.400000000001455","33.400000000001455","73.00000000001091","73.00000000001091","73.00000000001091"
"18865.407180585","14.12935323386594","14.12935323386594","14.12935323386594","15.931863727469484","15.931863727469484","15.931863727469484","80.4391217564824","80.4391217564824","80.4391217564824","19.377510040147","19.377510040147","19.377510040147"
"18875.40714231","5.3106212424735375","5.3106212424735375","5.3106212424735375","6.606606606606497","6.606606606606497","6.606606606606497","99.49999999998926","99.49999999998926","99.49999999998926","1.7034068136638898","1.7034068136638898","1.7034068136638898"
"18885.406676685","5.4108216432955585","5.4108216432955585","5.4108216432955585","80.68068068068087","80.68068068068087","80.68068068068087","20.32032032034183","20.32032032034183","20.32032032034183","0.8024072216641716","0.8024072216641716","0.8024072216641716"
"18895.406809158","3.0938123752261295","3.0938123752261295","3.0938123752261295","27.099999999987485","27.099999999987485","27.099999999987485","84.79999999999563","84.79999999999563","84.79999999999563","3.807615230401166","3.807615230401166","3.807615230401166"
"18905.407566362","3.7000000000261934","3.7000000000261934","3.7000000000261934","8.591408591412659","8.591408591412659","8.591408591412659","92.80000000000655","92.80000000000655","92.80000000000655","9.490509490547721","9.490509490547721","9.490509490547721"
"18915.406999557","2.0979020978778107","2.0979020978778107","2.0979020978778107","2.908726178508597","2.908726178508597","2.908726178508597","43.04304304304707","43.04304304304707","43.04304304304707","66.56656656657046","66.56656656657046","66.56656656657046"
"18925.407230034","6.250000000029324","6.250000000029324","6.250000000029324","14.000000000045839","14.000000000045839","14.000000000045839","75.07507507507218","75.07507507507218","75.07507507507218","32.698094282865156","32.698094282865156","32.698094282865156"
"18935.407458962","2.8999999999723514","2.8999999999723514","2.8999999999723514","3.403403403369138","3.403403403369138","3.403403403369138","55.6556556556437","55.6556556556437","55.6556556556437","52.05205205203354","52.05205205203354","52.05205205203354"
"18945.4065297","2.9029029028963027","2.9029029028963027","2.9029029028963027","5.711422845688716","5.711422845688716","5.711422845688716","74.17417417417904","74.17417417417904","74.17417417417904","30.82329317269054","30.82329317269054","30.82329317269054"
"18955.406974312","9.35323383086623","9.35323383086623","9.35323383086623","13.527054108220671","13.527054108220671","13.527054108220671","30.43043043040896","30.43043043040896","30.43043043040896","79.09999999999854","79.09999999999854","79.09999999999854"
"18965.406866","2.0020020020294482","2.0020020020294482","2.0020020020294482","5.616850551667445","5.616850551667445","5.616850551667445","92.19219219218688","92.19219219218688","92.19219219218688","13.25301204819101","13.25301204819101","13.25301204819101"
"18975.407078145","4.499999999972533","4.499999999972533","4.499999999972533","4.20000000001739","4.20000000001739","4.20000000001739","34.63463463463296","34.63463463463296","34.63463463463296","70.79999999999927","70.79999999999927","70.79999999999927"
"18985.407374149","5.4945054944971075","5.4945054944971075","5.4945054944971075","6.513026052105404","6.513026052105404","6.513026052105404","85.39999999999054","85.39999999999054","85.39999999999054","30.830830830818183","30.830830830818183","30.830830830818183"
"18995.407388981","5.105105105110607","5.105105105110607","5.105105105110607","8.016032064121317","8.016032064121317","8.016032064121317","87.5","87.5","87.5","14.214214214212664","14.214214214212664","14.214214214212664"
"19005.407091251","5.3106212424735375","5.3106212424735375","5.3106212424735375","64.79999999998283","64.79999999998283","64.79999999998283","15.100000000002185","15.100000000002185","15.100000000002185","27.25450901804893","27.25450901804893","27.25450901804893"
"19015.40689603","7.414829659332297","7.414829659332297","7.414829659332297","17.853560682068867","17.853560682068867","17.853560682068867","20.820820820863798","20.820820820863798","20.820820820863798","68.89999999999418","68.89999999999418","68.89999999999418"
"19025.407589817","15.668662674667534","15.668662674667534","15.668662674667534","14.914914914928548","14.914914914928548","14.914914914928548","38.27655310618868","38.27655310618868","38.27655310618868","60.12024048096455","60.12024048096455","60.12024048096455"
"19035.406730038","4.909819639258358","4.909819639258358","4.909819639258358","5.099999999983993","5.099999999983993","5.099999999983993","70.27027027026338","70.27027027026338","70.27027027026338","31.76352705411698","31.76352705411698","31.76352705411698"
"19045.407184762","3.203203203200943","3.203203203200943","3.203203203200943","5.817452357088049","5.817452357088049","5.817452357088049","42.60000000000218","42.60000000000218","42.60000000000218","63.963963963966094","63.963963963966094","63.963963963966094"
"19055.406938467","12.961116650044099","12.961116650044099","12.961116650044099","4.495504495477774","4.495504495477774","4.495504495477774","38.755020080330524","38.755020080330524","38.755020080330524","71.67167167166663","71.67167167166663","71.67167167166663"
"19065.40758964","3.393213572874787","3.393213572874787","3.393213572874787","9.628886660021278","9.628886660021278","9.628886660021278","52.84715284715082","52.84715284715082","52.84715284715082","50.75075075073998","50.75075075073998","50.75075075073998"
"19075.40665149","2.0020020019740064","2.0020020019740064","2.0020020019740064","8.591408591379437","8.591408591379437","8.591408591379437","38.83883883883875","38.83883883883875","38.83883883883875","65.46546546548193","65.46546546548193","65.46546546548193"
"19085.407531053","6.799999999986994","6.799999999986994","6.799999999986994","13.713713713706314","13.713713713706314","13.713713713706314","42.58517034068593","42.58517034068593","42.58517034068593","66.49999999999636","66.49999999999636","66.49999999999636"
"19095.407831767","7.692307692310488","7.692307692310488","7.692307692310488","7.114228456939249","7.114228456939249","7.114228456939249","65.09999999998949","65.09999999998949","65.09999999998949","34.26853707415052","34.26853707415052","34.26853707415052"
"19105.407563561","2.290836653437694","2.290836653437694","2.290836653437694","6.212424849689464","6.212424849689464","6.212424849689464","43.29999999999927","43.29999999999927","43.29999999999927","63.663663663659285","63.663663663659285","63.663663663659285"
"19115.406785128","21.121121121094838","21.121121121094838","21.121121121094838","14.700000000011643","14.700000000011643","14.700000000011643","34.704112336992644","34.704112336992644","34.704112336992644","60.56056056056563","60.56056056056563","60.56056056056563"
"19125.407582777","4.990019960065551","4.990019960065551","4.990019960065551","7.014028056106151","7.014028056106151","7.014028056106151","36.10000000002907","36.10000000002907","36.10000000002907","67.13426853707813","67.13426853707813","67.13426853707813"
"19135.407610525","2.097902097893711","2.097902097893711","2.097902097893711","6.7067067066905945","6.7067067066905945","6.7067067066905945","7.221664994961934","7.221664994961934","7.221664994961934","97.70000000000353","97.70000000000353","97.70000000000353"
"19145.407397411","11.688311688328207","11.688311688328207","11.688311688328207","38.53853853851362","38.53853853851362","38.53853853851362","53.30661322645233","53.30661322645233","53.30661322645233","24.5737211634949","24.5737211634949","24.5737211634949"
"19155.407600356","7.700000000004366","7.700000000004366","7.700000000004366","10.389610389616998","10.389610389616998","10.389610389616998","52.85285285285094","52.85285285285094","52.85285285285094","44.555444555454024","44.555444555454024","44.555444555454024"
"19165.407474307","2.388059701507773","2.388059701507773","2.388059701507773","4.308617234529708","4.308617234529708","4.308617234529708","13.540621865585553","13.540621865585553","13.540621865585553","93.10000000001058","93.10000000001058","93.10000000001058"
"19175.407548834","11.900000000007367","11.900000000007367","11.900000000007367","15.731462925849476","15.731462925849476","15.731462925849476","69.83967935872492","69.83967935872492","69.83967935872492","31.700000000025575","31.700000000025575","31.700000000025575"
"19185.407448808","3.8038038037624275","3.8038038037624275","3.8038038037624275","20.641282565107833","20.641282565107833","20.641282565107833","43.64364364364248","43.64364364364248","43.64364364364248","46.79358717433325","46.79358717433325","46.79358717433325"
"19195.407556252","2.2000000000116415","2.2000000000116415","2.2000000000116415","8.617234468892548","8.617234468892548","8.617234468892548","59.559559559575504","59.559559559575504","59.559559559575504","44.4444444444404","44.4444444444404","44.4444444444404"
"19205.407254877","5.811623246510737","5.811623246510737","5.811623246510737","7.707707707747259","7.707707707747259","7.707707707747259","68.33166833165103","68.33166833165103","68.33166833165103","36.200000000008004","36.200000000008004","36.200000000008004"
"19215.406792739","8.608608608613055","8.608608608613055","8.608608608613055","1.3013013012753472","1.3013013012753472","1.3013013012753472","68.73747494989041","68.73747494989041","68.73747494989041","32.33233233234099","32.33233233234099","32.33233233234099"
"19225.407403177","8.782435129734418","8.782435129734418","8.782435129734418","7.992007992002001","7.992007992002001","7.992007992002001","29.287863590780315","29.287863590780315","29.287863590780315","68.23647294588967","68.23647294588967","68.23647294588967"
"19235.406588185","14.114114114146812","14.114114114146812","14.114114114146812","1.4000000000164072","1.4000000000164072","1.4000000000164072","87.71228771229458","87.71228771229458","87.71228771229458","9.490509490514826","9.490509490514826","9.490509490514826"
"19245.407131146","47.60956175297231","47.60956175297231","47.60956175297231","5.305305305363702","5.305305305363702","5.305305305363702","55.20000000000247","55.20000000000247","55.20000000000247","13.540621865585553","13.540621865585553","13.540621865585553"
"19255.407330744","0.8008008007820276","0.8008008007820276","0.8008008007820276","1.2999999999383727","1.2999999999383727","1.2999999999383727","47.299999999995634","47.299999999995634","47.299999999995634","53.59999999998764","53.59999999998764","53.59999999998764"
"19265.406713537","1.2012012011912496","1.2012012011912496","1.2012012011912496","92.7927927927823","92.7927927927823","92.7927927927823","2.50501002004019","2.50501002004019","2.50501002004019","7.999999999977445","7.999999999977445","7.999999999977445"
"19275.406988602","10.667996011946576","10.667996011946576","10.667996011946576","24.375624375642673","24.375624375642673","24.375624375642673","69.2384769539206","69.2384769539206","69.2384769539206","24.44889779560667","24.44889779560667","24.44889779560667"
"19285.40671671","2.000000000007276","2.000000000007276","2.000000000007276","23.5470941883632","23.5470941883632","23.5470941883632","61.98595787360267","61.98595787360267","61.98595787360267","25.525525525505238","25.525525525505238","25.525525525505238"
"19295.407113446","6.2811565304173795","6.2811565304173795","6.2811565304173795","39.979959919857464","39.979959919857464","39.979959919857464","22.122122122117894","22.122122122117894","22.122122122117894","46.446446446469594","46.446446446469594","46.446446446469594"
"19305.40701013","4.091816367263839","4.091816367263839","4.091816367263839","31.795386158454196","31.795386158454196","31.795386158454196","71.11334002005334","71.11334002005334","71.11334002005334","21.86559679034297","21.86559679034297","21.86559679034297"
"19315.407490366","9.628886659973572","9.628886659973572","9.628886659973572","5.9059059059428325","5.9059059059428325","5.9059059059428325","95.8041958041944","95.8041958041944","95.8041958041944","3.2064128256838105","3.2064128256838105","3.2064128256838105"
"19325.407313948","9.181636726582475","9.181636726582475","9.181636726582475","3.5070140280234585","3.5070140280234585","3.5070140280234585","92.19219219220508","92.19219219220508","92.19219219220508","9.209209209193608","9.209209209193608","9.209209209193608"
"19335.407401515","3.6889332003382744","3.6889332003382744","3.6889332003382744","13.640922768314137","13.640922768314137","13.640922768314137","98.60279441116536","98.60279441116536","98.60279441116536","13.39999999996995","13.39999999996995","13.39999999996995"
"19345.408218967","3.803803803849807","3.803803803849807","3.803803803849807","3.30000000000382","3.30000000000382","3.30000000000382","89.0890890890854","89.0890890890854","89.0890890890854","19.080919080931917","19.080919080931917","19.080919080931917"
"19355.407174376","2.1999999999752617","2.1999999999752617","2.1999999999752617","2.607823470394874","2.607823470394874","2.607823470394874","8.726178535632073","8.726178535632073","8.726178535632073","99.3006993007021","99.3006993007021","99.3006993007021"
"19365.407339384","4.473161033803867","4.473161033803867","4.473161033803867","9.800000000028449","9.800000000028449","9.800000000028449","98.69999999998981","98.69999999998981","98.69999999998981","17.5526579739498","17.5526579739498","17.5526579739498"
"19375.407170891","12.024048096200202","12.024048096200202","12.024048096200202","5.110220440867811","5.110220440867811","5.110220440867811","81.11888111889077","81.11888111889077","81.11888111889077","13.813813813817724","13.813813813817724","13.813813813817724"
"19385.407483715","2.994011976025715","2.994011976025715","2.994011976025715","10.889110889095912","10.889110889095912","10.889110889095912","36.20862587763451","36.20862587763451","36.20862587763451","66.09999999999997","66.09999999999997","66.09999999999997"
"19395.40687422","12.000000000007276","12.000000000007276","12.000000000007276","7.164179104487121","7.164179104487121","7.164179104487121","66.5665665665583","66.5665665665583","66.5665665665583","40.280561122250624","40.280561122250624","40.280561122250624"
"19405.407223675","0.9009009009022132","0.9009009009022132","0.9009009009022132","1.3026052104311054","1.3026052104311054","1.3026052104311054","73.4734734734717","73.4734734734717","73.4734734734717","27.62762762761724","27.62762762761724","27.62762762761724"
"19415.406750914","5.705705705703956","5.705705705703956","5.705705705703956","15.684315684301655","15.684315684301655","15.684315684301655","53.04695304695534","53.04695304695534","53.04695304695534","41.78356713425287","41.78356713425287","41.78356713425287"
"19425.40721119","11.311311311319695","11.311311311319695","11.311311311319695","10.130391173539813","10.130391173539813","10.130391173539813","88.78878878879671","88.78878878879671","88.78878878879671","3.9078156312568635","3.9078156312568635","3.9078156312568635"
"19435.407608508","9.371884346964157","9.371884346964157","9.371884346964157","8.835341365469622","8.835341365469622","8.835341365469622","95.59559559559119","95.59559559559119","95.59559559559119","16.3163163163239","16.3163163163239","16.3163163163239"
"19445.407342057","5.999999999987631","5.999999999987631","5.999999999987631","5.605605605583443","5.605605605583443","5.605605605583443","97.00299700300378","97.00299700300378","97.00299700300378","5.015045135423877","5.015045135423877","5.015045135423877"
"19455.407329321","2.000000000006548","2.000000000006548","2.000000000006548","6.206206206231432","6.206206206231432","6.206206206231432","58.200000000012295","58.200000000012295","58.200000000012295","44.75524475522938","44.75524475522938","44.75524475522938"
"19465.40672171","4.890219560894005","4.890219560894005","4.890219560894005","1.901901901870972","1.901901901870972","1.901901901870972","15.160642570266383","15.160642570266383","15.160642570266383","95","95","95"
"19475.406968789","3.1000000000130967","3.1000000000130967","3.1000000000130967","8.40840840841158","8.40840840841158","8.40840840841158","65.73426573425735","65.73426573425735","65.73426573425735","37.87575150301423","37.87575150301423","37.87575150301423"
"19485.407021527","2.4999999999486135","2.4999999999486135","2.4999999999486135","11.11111111109695","11.11111111109695","11.11111111109695","42.342342342346605","42.342342342346605","42.342342342346605","60.700000000011386","60.700000000011386","60.700000000011386"
"19495.407204623","20.059288537586635","20.059288537586635","20.059288537586635","66.33366633367113","66.33366633367113","66.33366633367113","91.20879120878283","91.20879120878283","91.20879120878283","61.66166166164061","61.66166166164061","61.66166166164061"
"19505.407330044","13.772455089787272","13.772455089787272","13.772455089787272","5.705705705758977","5.705705705758977","5.705705705758977","85.0701402805681","85.0701402805681","85.0701402805681","11.21121121122653","11.21121121122653","11.21121121122653"
"19515.406901655","1.9960079840391105","1.9960079840391105","1.9960079840391105","6.006006005958435","6.006006005958435","6.006006005958435","12.599999999938591","12.599999999938591","12.599999999938591","92.99999999999272","92.99999999999272","92.99999999999272"
"19525.407570846","24.32432432432334","24.32432432432334","24.32432432432334","28.456913827665865","28.456913827665865","28.456913827665865","48.148148148172424","48.148148148172424","48.148148148172424","28.184553660992794","28.184553660992794","28.184553660992794"
"19535.406837078","16.83366733467299","16.83366733467299","16.83366733467299","8.608608608602534","8.608608608602534","8.608608608602534","80.48048048046923","80.48048048046923","80.48048048046923","5.8232931726652755","5.8232931726652755","5.8232931726652755"
"19545.407235633","1.896207584837609","1.896207584837609","1.896207584837609","9.609609609635745","9.609609609635745","9.609609609635745","93.1000000000131","93.1000000000131","93.1000000000131","3.003003003013447","3.003003003013447","3.003003003013447"
"19555.407339431","2.9970029969962075","2.9970029969962075","2.9970029969962075","77.45490981963829","77.45490981963829","77.45490981963829","34.40000000001076","34.40000000001076","34.40000000001076","5.30530530531101","5.30530530531101","5.30530530531101"
"19565.407574824","6.000000000003729","6.000000000003729","6.000000000003729","1.002004008001495","1.002004008001495","1.002004008001495","96.00000000000219","96.00000000000219","96.00000000000219","10.73219658978338","10.73219658978338","10.73219658978338"
"19575.407156637","2.407221664975148","2.407221664975148","2.407221664975148","5.894105894090119","5.894105894090119","5.894105894090119","97.10000000000946","97.10000000000946","97.10000000000946","7.1071071070816085","7.1071071070816085","7.1071071070816085"
"19585.407043123","6.793206793194886","6.793206793194886","6.793206793194886","12.825651302594107","12.825651302594107","12.825651302594107","95.99599599598207","95.99599599598207","95.99599599598207","12.650602409641854","12.650602409641854","12.650602409641854"
"19595.40798012","3.2967032967200707","3.2967032967200707","3.2967032967200707","5.205205205243262","5.205205205243262","5.205205205243262","68.76876876877259","68.76876876877259","68.76876876877259","36.97394789578008","36.97394789578008","36.97394789578008"
"19605.407212124","4.221105527656895","4.221105527656895","4.221105527656895","4.704704704646198","4.704704704646198","4.704704704646198","52.90581162325431","52.90581162325431","52.90581162325431","52.652652652664614","52.652652652664614","52.652652652664614"
"19615.407353017","4.572564612337111","4.572564612337111","4.572564612337111","6.306306306338253","6.306306306338253","6.306306306338253","95.00499500499238","95.00499500499238","95.00499500499238","8.208208208222189","8.208208208222189","8.208208208222189"
"19625.407528281","4.287138584234789","4.287138584234789","4.287138584234789","20.160481444351078","20.160481444351078","20.160481444351078","55.45545545547351","55.45545545547351","55.45545545547351","51.454363089272015","51.454363089272015","51.454363089272015"
"19635.406857084","7.414829659298548","7.414829659298548","7.414829659298548","55.6556556556437","55.6556556556437","55.6556556556437","45.60878243512485","45.60878243512485","45.60878243512485","4.404404404392192","4.404404404392192","4.404404404392192"
"19645.407682116","11.211211211235634","11.211211211235634","11.211211211235634","9.619238476978525","9.619238476978525","9.619238476978525","84.08408408408518","84.08408408408518","84.08408408408518","9.638554216859548","9.638554216859548","9.638554216859548"
"19655.406637126","8.059701492517647","8.059701492517647","8.059701492517647","16.248746238709963","16.248746238709963","16.248746238709963","92.10000000000946","92.10000000000946","92.10000000000946","10.943775100418291","10.943775100418291","10.943775100418291"
"19665.406696516","2.2977022977179122","2.2977022977179122","2.2977022977179122","5.5165496489388985","5.5165496489388985","5.5165496489388985","8.808808808784384","8.808808808784384","8.808808808784384","98.69999999998981","98.69999999998981","98.69999999998981"
"19675.407220165","12.32464929859336","12.32464929859336","12.32464929859336","7.100000000025066","7.100000000025066","7.100000000025066","89.79999999999563","89.79999999999563","89.79999999999563","3.3000000000526413","3.3000000000526413","3.3000000000526413"
"19685.407180242","10.30000000002099","10.30000000002099","10.30000000002099","17.0999999999793","17.0999999999793","17.0999999999793","40.30000000000655","40.30000000000655","40.30000000000655","62.92585170338438","62.92585170338438","62.92585170338438"
"19695.407346868","3.199999999947122","3.199999999947122","3.199999999947122","6.419257773313372","6.419257773313372","6.419257773313372","78.25651302605043","78.25651302605043","78.25651302605043","25.725725725718956","25.725725725718956","25.725725725718956"
"19705.407505312","4.595404595429612","4.595404595429612","4.595404595429612","27.454909819630075","27.454909819630075","27.454909819630075","27.73869346733685","27.73869346733685","27.73869346733685","55.35535535535304","55.35535535535304","55.35535535535304"
"19715.407466416","12.887112887139429","12.887112887139429","12.887112887139429","17.600000000036708","17.600000000036708","17.600000000036708","83.70000000000208","83.70000000000208","83.70000000000208","14.529058116240389","14.529058116240389","14.529058116240389"
"19725.406729449","13.399999999990413","13.399999999990413","13.399999999990413","9.619238476978525","9.619238476978525","9.619238476978525","88.0999999999949","88.0999999999949","88.0999999999949","2.6052104208257583","2.6052104208257583","2.6052104208257583"
"19735.407392505","2.099999999991269","2.099999999991269","2.099999999991269","1.099999999969841","1.099999999969841","1.099999999969841","40.15984015985452","40.15984015985452","40.15984015985452","68.6686686686817","68.6686686686817","68.6686686686817"
"19745.407159951","7.263681592035982","7.263681592035982","7.263681592035982","19.93987975952868","19.93987975952868","19.93987975952868","30.938123752497294","30.938123752497294","30.938123752497294","68.23176823176024","68.23176823176024","68.23176823176024"
"19755.407131359","2.4024024023824992","2.4024024023824992","2.4024024023824992","38.214643931799756","38.214643931799756","38.214643931799756","18.455366098323942","18.455366098323942","18.455366098323942","56.500000000012186","56.500000000012186","56.500000000012186"
"19765.408029496","2.4950099800593284","2.4950099800593284","2.4950099800593284","44.099999999998545","44.099999999998545","44.099999999998545","43.84384384382656","43.84384384382656","43.84384384382656","23.470411233690143","23.470411233690143","23.470411233690143"
"19775.407099796","26.719840478554442","26.719840478554442","26.719840478554442","16.48351648349731","16.48351648349731","16.48351648349731","38.93893893896329","38.93893893896329","38.93893893896329","46.64664664663772","46.64664664663772","46.64664664663772"
"19785.407273872","3.0030030030316546","3.0030030030316546","3.0030030030316546","1.8000000000029104","1.8000000000029104","1.8000000000029104","24.17251755265369","24.17251755265369","24.17251755265369","83.00000000000473","83.00000000000473","83.00000000000473"
"19795.407712998","6.306306306315493","6.306306306315493","6.306306306315493","52.252252252238144","52.252252252238144","52.252252252238144","51.69660678641026","51.69660678641026","51.69660678641026","2.2066198595901554","2.2066198595901554","2.2066198595901554"
"19805.40762381","18.355065195586167","18.355065195586167","18.355065195586167","65.90000000001386","65.90000000001386","65.90000000001386","15.747241725189012","15.747241725189012","15.747241725189012","19.739478957880877","19.739478957880877","19.739478957880877"
"19815.407461595","5.4108216432610785","5.4108216432610785","5.4108216432610785","5.988023952081025","5.988023952081025","5.988023952081025","95.20958083832618","95.20958083832618","95.20958083832618","15.631262525076437","15.631262525076437","15.631262525076437"
"19825.407212261","3.6999999999898137","3.6999999999898137","3.6999999999898137","3.0060120240409374","3.0060120240409374","3.0060120240409374","97.69769769770244","97.69769769770244","97.69769769770244","10.210210210231152","10.210210210231152","10.210210210231152"
"19835.406979788","2.400000000016007","2.400000000016007","2.400000000016007","9.30930930931412","9.30930930931412","9.30930930931412","100","100","100","1.504513540618041","1.504513540618041","1.504513540618041"
"19845.407273128","14.28571428573473","14.28571428573473","14.28571428573473","34.26853707415626","34.26853707415626","34.26853707415626","48.3516483516206","48.3516483516206","48.3516483516206","32.59999999997766","32.59999999997766","32.59999999997766"
"19855.407031393","4.890219560857698","4.890219560857698","4.890219560857698","2.7027027026712074","2.7027027026712074","2.7027027026712074","27.855711422861546","27.855711422861546","27.855711422861546","77.20000000001164","77.20000000001164","77.20000000001164"
"19865.406813492","0.9009009009025413","0.9009009009025413","0.9009009009025413","65.10000000002037","65.10000000002037","65.10000000002037","35.93593593592651","35.93593593592651","35.93593593592651","1.0030090271208987","1.0030090271208987","1.0030090271208987"
"19875.407475465","7.107107107099816","7.107107107099816","7.107107107099816","37.5","37.5","37.5","74.72527472527332","74.72527472527332","74.72527472527332","9.337349397594103","9.337349397594103","9.337349397594103"
"19885.406997225","2.293120638116264","2.293120638116264","2.293120638116264","91.79179179179602","91.79179179179602","91.79179179179602","16.683417085442734","16.683417085442734","16.683417085442734","1.9076305220753713","1.9076305220753713","1.9076305220753713"
"19895.407524386","3.4034034034055543","3.4034034034055543","3.4034034034055543","2.7999999999883585","2.7999999999883585","2.7999999999883585","97.79779779778569","97.79779779778569","97.79779779778569","11.199999999957507","11.199999999957507","11.199999999957507"
"19905.407492531","7.377866400778152","7.377866400778152","7.377866400778152","15.731462925849476","15.731462925849476","15.731462925849476","66.66666666667274","66.66666666667274","66.66666666667274","38.29145728644252","38.29145728644252","38.29145728644252"
"19915.407768827","1.6016016015998884","1.6016016015998884","1.6016016015998884","6.599999999987303","6.599999999987303","6.599999999987303","65.96596596597506","65.96596596597506","65.96596596597506","36.00000000000364","36.00000000000364","36.00000000000364"
"19925.407522507","1.7928286852465039","1.7928286852465039","1.7928286852465039","3.106212424861826","3.106212424861826","3.106212424861826","32.20000000001164","32.20000000001164","32.20000000001164","68.59999999999906","68.59999999999906","68.59999999999906"
"19935.407034425","9.980039920159246","9.980039920159246","9.980039920159246","10.030090270778437","10.030090270778437","10.030090270778437","85.18518518516832","85.18518518516832","85.18518518516832","23.346693386745898","23.346693386745898","23.346693386745898"
"19945.407053746","3.607214428863706","3.607214428863706","3.607214428863706","6.900000000023283","6.900000000023283","6.900000000023283","74.09999999999854","74.09999999999854","74.09999999999854","29.62962962965256","29.62962962965256","29.62962962965256"
"19955.407302257","3.403403403369138","3.403403403369138","3.403403403369138","6.3872255489119425","6.3872255489119425","6.3872255489119425","82.66533066133258","82.66533066133258","82.66533066133258","21.778221778220253","21.778221778220253","21.778221778220253"
"19965.407813337","9.78043912178801","9.78043912178801","9.78043912178801","16.983016983026967","16.983016983026967","16.983016983026967","36.73673673672675","36.73673673672675","36.73673673672675","66.53306613227983","66.53306613227983","66.53306613227983"
"19975.407043758","3.2064128256473574","3.2064128256473574","3.2064128256473574","1.1011011011067513","1.1011011011067513","1.1011011011067513","8.116232464925112","8.116232464925112","8.116232464925112","99.70029970029312","99.70029970029312","99.70029970029312"
"19985.407505767","3.496503496524591","3.496503496524591","3.496503496524591","10.93279839518574","10.93279839518574","10.93279839518574","77.62237762238435","77.62237762238435","77.62237762238435","22.567703109343594","22.567703109343594","22.567703109343594"
"19995.407625799","7.707707707680041","7.707707707680041","7.707707707680041","21.163490471396564","21.163490471396564","21.163490471396564","14.543630892683634","14.543630892683634","14.543630892683634","82.89999999999054","82.89999999999054","82.89999999999054"
"20005.407089388","2.2977022977534203","2.2977022977534203","2.2977022977534203","21.042084168351796","21.042084168351796","21.042084168351796","18.218218218200814","18.218218218200814","18.218218218200814","74.79999999999563","74.79999999999563","74.79999999999563"
"20015.4065958","23.19999999996915","23.19999999996915","23.19999999996915","3.099999999976717","3.099999999976717","3.099999999976717","77.07707707708187","77.07707707708187","77.07707707708187","9.227683049132217","9.227683049132217","9.227683049132217"
"20025.407094159","21.74348697395988","21.74348697395988","21.74348697395988","8.40840840841158","8.40840840841158","8.40840840841158","78.82117882117512","78.82117882117512","78.82117882117512","4.304304304324736","4.304304304324736","4.304304304324736"
"20035.40746759","5.0898203592512035","5.0898203592512035","5.0898203592512035","16.032064128242634","16.032064128242634","16.032064128242634","21.865596790361213","21.865596790361213","21.865596790361213","84.88488488488512","84.88488488488512","84.88488488488512"
"20045.407053204","2.5100401606427902","2.5100401606427902","2.5100401606427902","45.74574574575216","45.74574574575216","45.74574574575216","3.6036036036439567","3.6036036036439567","3.6036036036439567","63.26326326325504","63.26326326325504","63.26326326325504"
"20055.407685674","5.189620758521587","5.189620758521587","5.189620758521587","31.200000000014843","31.200000000014843","31.200000000014843","41.68336673344604","41.68336673344604","41.68336673344604","36.0360360360572","36.0360360360572","36.0360360360572"
"20065.407321141","8.400000000018863","8.400000000018863","8.400000000018863","8.85311871227133","8.85311871227133","8.85311871227133","56.84315684316853","56.84315684316853","56.84315684316853","54.90981963926015","54.90981963926015","54.90981963926015"
"20075.40676813","7.49250749247507","7.49250749247507","7.49250749247507","17.31731731731017","17.31731731731017","17.31731731731017","55.667001003013475","55.667001003013475","55.667001003013475","35.57114228458163","35.57114228458163","35.57114228458163"
"20085.407517614","8.483033932123917","8.483033932123917","8.483033932123917","3.8000000000101863","3.8000000000101863","3.8000000000101863","91.19999999998981","91.19999999998981","91.19999999998981","10.030090270811266","10.030090270811266","10.030090270811266"
"20095.407151635","9.940357852913978","9.940357852913978","9.940357852913978","10.810810810794079","10.810810810794079","10.810810810794079","36.13613613613113","36.13613613613113","36.13613613613113","75.25050100200949","75.25050100200949","75.25050100200949"
"20105.407328926","2.3023023022619857","2.3023023022619857","2.3023023022619857","7.099999999991269","7.099999999991269","7.099999999991269","78.89999999999418","78.89999999999418","78.89999999999418","27.02702702702998","27.02702702702998","27.02702702702998"
"20115.407529273","2.602602602658047","2.602602602658047","2.602602602658047","6.212424849723652","6.212424849723652","6.212424849723652","7.321965897672272","7.321965897672272","7.321965897672272","97.20000000001164","97.20000000001164","97.20000000001164"
"20125.407019533","10.299999999976189","10.299999999976189","10.299999999976189","56.00000000000583","56.00000000000583","56.00000000000583","39.22155688622874","39.22155688622874","39.22155688622874","24.399999999995998","24.399999999995998","24.399999999995998"
"20135.407071855","4.104104104068563","4.104104104068563","4.104104104068563","99.59999999999127","99.59999999999127","99.59999999999127","7.507507507524512","7.507507507524512","7.507507507524512","1.9019019018891798","1.9019019018891798","1.9019019018891798"
"20145.406831308","2.0979020979285297","2.0979020979285297","2.0979020979285297","35.50000000001619","35.50000000001619","35.50000000001619","69.56087824355077","69.56087824355077","69.56087824355077","7.236180904533784","7.236180904533784","7.236180904533784"
"20155.407279928","17.99999999999927","17.99999999999927","17.99999999999927","12.52505010016906","12.52505010016906","12.52505010016906","83.78378378377246","83.78378378377246","83.78378378377246","13.827655310613828","13.827655310613828","13.827655310613828"
"20165.407298601","8.782435129747114","8.782435129747114","8.782435129747114","28.200000000023213","28.200000000023213","28.200000000023213","69.33867735471318","69.33867735471318","69.33867735471318","8.808808808817593","8.808808808817593","8.808808808817593"
"20175.406609531","14.829659318633547","14.829659318633547","14.829659318633547","16.232464929850224","16.232464929850224","16.232464929850224","76.72327672328218","76.72327672328218","76.72327672328218","4.208416833633329","4.208416833633329","4.208416833633329"
"20185.407318123","15.369261477053954","15.369261477053954","15.369261477053954","10.02004008016076","10.02004008016076","10.02004008016076","37.612838515542244","37.612838515542244","37.612838515542244","65.93186372745706","65.93186372745706","65.93186372745706"
"20195.406862186","1.9999999999920872","1.9999999999920872","1.9999999999920872","11.523046092181227","11.523046092181227","11.523046092181227","15.199999999973516","15.199999999973516","15.199999999973516","87.58758758759177","87.58758758759177","87.58758758759177"
"20205.406674813","2.095808383224728","2.095808383224728","2.095808383224728","10.521042084161508","10.521042084161508","10.521042084161508","74.27427427427195","74.27427427427195","74.27427427427195","27.555110220423863","27.555110220423863","27.555110220423863"
"20215.406691632","4.2957042956715465","4.2957042956715465","4.2957042956715465","10.51051051053796","10.51051051053796","10.51051051053796","59.15915915918131","59.15915915918131","59.15915915918131","43.887775551096105","43.887775551096105","43.887775551096105"
"20225.407176717","7.477567298126954","7.477567298126954","7.477567298126954","28.456913827644343","28.456913827644343","28.456913827644343","10.521042084161508","10.521042084161508","10.521042084161508","82.90000000000873","82.90000000000873","82.90000000000873"
"20235.407317705","2.602602602621631","2.602602602621631","2.602602602621631","41.199999999989814","41.199999999989814","41.199999999989814","65.96596596596267","65.96596596596267","65.96596596596267","2.4024024024180406","2.4024024024180406","2.4024024024180406"
"20245.407326033","6.11222444885595","6.11222444885595","6.11222444885595","6.70000000003467","6.70000000003467","6.70000000003467","25.725725725736897","25.725725725736897","25.725725725736897","76.27627627627207","76.27627627627207","76.27627627627207"
"20255.407210644","7.200000000042783","7.200000000042783","7.200000000042783","16.616616616588185","16.616616616588185","16.616616616588185","69.29999999999174","69.29999999999174","69.29999999999174","33.600802407239634","33.600802407239634","33.600802407239634"
"20265.407587493","10.721442885769097","10.721442885769097","10.721442885769097","33.73373373374089","33.73373373374089","33.73373373374089","17.73547094187069","17.73547094187069","17.73547094187069","52.94705294703598","52.94705294703598","52.94705294703598"
"20275.406888195","7.8999999999752255","7.8999999999752255","7.8999999999752255","8.70870870870029","8.70870870870029","8.70870870870029","41.98396793587869","41.98396793587869","41.98396793587869","57.80000000000655","57.80000000000655","57.80000000000655"
"20285.407274","14.157527417780264","14.157527417780264","14.157527417780264","12.36180904522084","12.36180904522084","12.36180904522084","62.69999999999975","62.69999999999975","62.69999999999975","39.73973973972308","39.73973973972308","39.73973973972308"
"20295.407270429","2.3928215353737845","2.3928215353737845","2.3928215353737845","10.02004008016076","10.02004008016076","10.02004008016076","43.24324324325161","43.24324324325161","43.24324324325161","60.02004008016076","60.02004008016076","60.02004008016076"
"20305.406490382","8.500000000018735","8.500000000018735","8.500000000018735","8.817635270533449","8.817635270533449","8.817635270533449","70.17017017016846","70.17017017016846","70.17017017016846","27.000000000033836","27.000000000033836","27.000000000033836"
"20315.407230901","6.281156530369797","6.281156530369797","6.281156530369797","7.407407407388525","7.407407407388525","7.407407407388525","50.44955044955125","50.44955044955125","50.44955044955125","65.63126252503315","65.63126252503315","65.63126252503315"
"20325.407127805","2.597402597422421","2.597402597422421","2.597402597422421","10.030090270834071","10.030090270834071","10.030090270834071","82.182182182172","82.182182182172","82.182182182172","18.918918918928266","18.918918918928266","18.918918918928266"
"20335.406644437","5.905905905906416","5.905905905906416","5.905905905906416","2.9970029970303727","2.9970029970303727","2.9970029970303727","35.20561685057338","35.20561685057338","35.20561685057338","70.24048096192911","70.24048096192911","70.24048096192911"
"20345.406865414","4.30000000000291","4.30000000000291","4.30000000000291","17.871485943753243","17.871485943753243","17.871485943753243","92.81437125749189","92.81437125749189","92.81437125749189","12.337011033079735","12.337011033079735","12.337011033079735"
"20355.407265588","3.7037037036988143","3.7037037036988143","3.7037037036988143","10.010010010008406","10.010010010008406","10.010010010008406","93.4934934934958","93.4934934934958","93.4934934934958","8.400000000049914","8.400000000049914","8.400000000049914"
"20365.40745996","14.385614385603601","14.385614385603601","14.385614385603601","4.41767068274099","4.41767068274099","4.41767068274099","87.6123876123878","87.6123876123878","87.6123876123878","5.511022044081127","5.511022044081127","5.511022044081127"
"20375.407502715","6.200000000010277","6.200000000010277","6.200000000010277","8.899999999979228","8.899999999979228","8.899999999979228","53.25325325326001","53.25325325326001","53.25325325326001","60.73926073925545","60.73926073925545","60.73926073925545"
"20385.407620343","7.29999999996191","7.29999999996191","7.29999999996191","10.261569416533826","10.261569416533826","10.261569416533826","39.89999999999782","39.89999999999782","39.89999999999782","57.55755755756654","57.55755755756654","57.55755755756654"
"20395.406861864","2.800000000059081","2.800000000059081","2.800000000059081","5.711422845688716","5.711422845688716","5.711422845688716","4.804804804817873","4.804804804817873","4.804804804817873","100","100","100"
"20405.407820295","9.552238805949774","9.552238805949774","9.552238805949774","13.173652694629991","13.173652694629991","13.173652694629991","82.78278278278583","82.78278278278583","82.78278278278583","20.862587763257828","20.862587763257828","20.862587763257828"
"20415.407397369","7.314629258512979","7.314629258512979","7.314629258512979","7.915831663299295","7.915831663299295","7.915831663299295","96.20379620378542","96.20379620378542","96.20379620378542","4.1082164328994075","4.1082164328994075","4.1082164328994075"
"20425.407800569","6.199999999989814","6.199999999989814","6.199999999989814","11.356783919607397","11.356783919607397","11.356783919607397","75.47547547547212","75.47547547547212","75.47547547547212","22.4224224224066","22.4224224224066","22.4224224224066"
"20435.407207291","2.193419740809135","2.193419740809135","2.193419740809135","5.1102204408841745","5.1102204408841745","5.1102204408841745","11.311311311305607","11.311311311305607","11.311311311305607","94.79999999999752","94.79999999999752","94.79999999999752"
"20445.406794645","7.207207207183913","7.207207207183913","7.207207207183913","9.719438877734692","9.719438877734692","9.719438877734692","70.67067067066178","70.67067067066178","70.67067067066178","42.39999999997686","42.39999999997686","42.39999999997686"
"20455.406599794","2.095808383280697","2.095808383280697","2.095808383280697","11.311311311319695","11.311311311319695","11.311311311319695","20.4000000000195","20.4000000000195","20.4000000000195","80.70000000001528","80.70000000001528","80.70000000001528"
"20465.406851303","2.3999999999796273","2.3999999999796273","2.3999999999796273","7.931726907637087","7.931726907637087","7.931726907637087","98.89889889891106","98.89889889891106","98.89889889891106","5.205205205217845","5.205205205217845","5.205205205217845"
"20475.407627821","5.389221556878822","5.389221556878822","5.389221556878822","6.706706706724569","6.706706706724569","6.706706706724569","87.7122877122764","87.7122877122764","87.7122877122764","28.156312625246628","28.156312625246628","28.156312625246628"
"20485.406758192","3.3033033032850407","3.3033033032850407","3.3033033032850407","1.3052208835084291","1.3052208835084291","1.3052208835084291","37.33733733734058","37.33733733734058","37.33733733734058","72.94589178356703","72.94589178356703","72.94589178356703"
"20495.407540424","6.900000000041237","6.900000000041237","6.900000000041237","5.100000000018517","5.100000000018517","5.100000000018517","72.27227227226226","72.27227227226226","72.27227227226226","28.686058174526057","28.686058174526057","28.686058174526057"
"20505.406937497","6.893106893081518","6.893106893081518","6.893106893081518","13.38661338661698","13.38661338661698","13.38661338661698","44.834503510538035","44.834503510538035","44.834503510538035","66.16766467066597","66.16766467066597","66.16766467066597"
"20515.406907885","2.7944111776329708","2.7944111776329708","2.7944111776329708","8.6086086085994","8.6086086085994","8.6086086085994","85.40000000000117","85.40000000000117","85.40000000000117","16.449348044155126","16.449348044155126","16.449348044155126"
"20525.406986997","5.782652043904781","5.782652043904781","5.782652043904781","8.69999999999298","8.69999999999298","8.69999999999298","31.899999999980317","31.899999999980317","31.899999999980317","70.84168336672302","70.84168336672302","70.84168336672302"
"20535.40685617","11.665004985060849","11.665004985060849","11.665004985060849","52.552552552561416","52.552552552561416","52.552552552561416","58.89999999999418","58.89999999999418","58.89999999999418","5.60560560560165","5.60560560560165","5.60560560560165"
"20545.406780184","8.016032064087785","8.016032064087785","8.016032064087785","2.708124373123421","2.708124373123421","2.708124373123421","93.89389389390503","93.89389389390503","93.89389389390503","8.341708542712228","8.341708542712228","8.341708542712228"
"20555.407638485","37.48753738784756","37.48753738784756","37.48753738784756","7.515030060086855","7.515030060086855","7.515030060086855","46.14614614612497","46.14614614612497","46.14614614612497","18.918918918957793","18.918918918957793","18.918918918957793"
"20565.407176706","9.118236472944833","9.118236472944833","9.118236472944833","11.334002006026948","11.334002006026948","11.334002006026948","92.70729270729855","92.70729270729855","92.70729270729855","4.417670682718162","4.417670682718162","4.417670682718162"
"20575.407880834","3.99600399600182","3.99600399600182","3.99600399600182","5.594405594417539","5.594405594417539","5.594405594417539","71.37137137138055","71.37137137138055","71.37137137138055","34.468937875758115","34.468937875758115","34.468937875758115"
"20585.406589751","1.9980019979580685","1.9980019979580685","1.9980019979580685","5.010020040029353","5.010020040029353","5.010020040029353","77.39999999999782","77.39999999999782","77.39999999999782","28.228228228212863","28.228228228212863","28.228228228212863"
"20595.407181768","5.268389662051738","5.268389662051738","5.268389662051738","10.210210210212944","10.210210210212944","10.210210210212944","42.299999999992835","42.299999999992835","42.299999999992835","73.0730730730723","73.0730730730723","73.0730730730723"
"20605.407432758","2.0020020020089646","2.0020020020089646","2.0020020020089646","9.081836327376472","9.081836327376472","9.081836327376472","67.29999999999563","67.29999999999563","67.29999999999563","36.27254509014851","36.27254509014851","36.27254509014851"
"20615.407314914","2.8999999999734065","2.8999999999734065","2.8999999999734065","5.900000000001455","5.900000000001455","5.900000000001455","57.79999999998836","57.79999999998836","57.79999999998836","48.00000000002983","48.00000000002983","48.00000000002983"
"20625.407250644","3.209628886692004","3.209628886692004","3.209628886692004","5.805805805806261","5.805805805806261","5.805805805806261","56.356356356375734","56.356356356375734","56.356356356375734","50.5516549648795","50.5516549648795","50.5516549648795"
"20635.407543372","8.308308308291066","8.308308308291066","8.308308308291066","38.09999999997672","38.09999999997672","38.09999999997672","15.615615615595493","15.615615615595493","15.615615615595493","65.5999999999949","65.5999999999949","65.5999999999949"
"20645.406972548","7.4850299400858455","7.4850299400858455","7.4850299400858455","5.2052052051761155","5.2052052051761155","5.2052052051761155","36.199999999989814","36.199999999989814","36.199999999989814","63.500000000003645","63.500000000003645","63.500000000003645"
"20655.406858455","12.212212212226357","12.212212212226357","12.212212212226357","0.9009009009383013","0.9009009009383013","0.9009009009383013","22.467402206605","22.467402206605","22.467402206605","67.56756756756313","67.56756756756313","67.56756756756313"
"20665.407336341","11.700000000014661","11.700000000014661","11.700000000014661","49.70059880238868","49.70059880238868","49.70059880238868","16.36726546907351","16.36726546907351","16.36726546907351","52.55255255256234","52.55255255256234","52.55255255256234"
"20675.407472394","3.0000000000280127","3.0000000000280127","3.0000000000280127","53.2532532532612","53.2532532532612","53.2532532532612","22.11055276385327","22.11055276385327","22.11055276385327","35.73573573574531","35.73573573574531","35.73573573574531"
"20685.407544093","6.012024048084066","6.012024048084066","6.012024048084066","4.404404404390589","4.404404404390589","4.404404404390589","93.01397205587874","93.01397205587874","93.01397205587874","4.600000000000364","4.600000000000364","4.600000000000364"
"20695.406776159","40.69999999999709","40.69999999999709","40.69999999999709","5.305305305329218","5.305305305329218","5.305305305329218","24.424424424416298","24.424424424416298","24.424424424416298","47.54262788364231","47.54262788364231","47.54262788364231"
"20705.407399407","6.886227544896808","6.886227544896808","6.886227544896808","6.2937062937174755","6.2937062937174755","6.2937062937174755","93.40000000000146","93.40000000000146","93.40000000000146","8.00800800805115","8.00800800805115","8.00800800805115"
"20715.406631857","7.135678391953111","7.135678391953111","7.135678391953111","6.4192577732792255","6.4192577732792255","6.4192577732792255","92.90000000000873","92.90000000000873","92.90000000000873","6.312625250493259","6.312625250493259","6.312625250493259"
"20725.407708162","7.776669990070238","7.776669990070238","7.776669990070238","21.221221221230387","21.221221221230387","21.221221221230387","97.30269730269349","97.30269730269349","97.30269730269349","10.889110889063526","10.889110889063526","10.889110889063526"
"20735.407234161","6.979062811570837","6.979062811570837","6.979062811570837","22.266800401241053","22.266800401241053","22.266800401241053","61.66166166166853","61.66166166166853","61.66166166166853","60.12024048097909","60.12024048097909","60.12024048097909"
"20745.407209837","2.195608782396055","2.195608782396055","2.195608782396055","11.12224448893365","11.12224448893365","11.12224448893365","61.80000000000291","61.80000000000291","61.80000000000291","40.34034034034043","40.34034034034043","40.34034034034043"
"20755.407709972","7.6076076075931365","7.6076076075931365","7.6076076075931365","6.706706706724569","6.706706706724569","6.706706706724569","22.444889779529642","22.444889779529642","22.444889779529642","90.99099099099608","90.99099099099608","90.99099099099608"
"20765.406643599","1.1000000000054206","1.1000000000054206","1.1000000000054206","1.9038076152402044","1.9038076152402044","1.9038076152402044","54.054054054076694","54.054054054076694","54.054054054076694","47.34734734733442","47.34734734733442","47.34734734733442"
"20775.40727203","3.0969030969166758","3.0969030969166758","3.0969030969166758","5.215646940826237","5.215646940826237","5.215646940826237","74.67467467466295","74.67467467466295","74.67467467466295","28.056112224442835","28.056112224442835","28.056112224442835"
"20785.407312392","8.067729083695141","8.067729083695141","8.067729083695141","10.010010010012053","10.010010010012053","10.010010010012053","91.10889110889873","91.10889110889873","91.10889110889873","18.637274549104845","18.637274549104845","18.637274549104845"
"20795.40745242","2.5025025024870806","2.5025025024870806","2.5025025024870806","10.210210210212944","10.210210210212944","10.210210210212944","78.97897897897104","78.97897897897104","78.97897897897104","23.346693386801782","23.346693386801782","23.346693386801782"
"20805.406989851","4.417670682718162","4.417670682718162","4.417670682718162","7.329317269072565","7.329317269072565","7.329317269072565","40.44044044043922","40.44044044043922","40.44044044043922","62.162162162147894","62.162162162147894","62.162162162147894"
"20815.406544058","10.100000000037163","10.100000000037163","10.100000000037163","5.694305694301629","5.694305694301629","5.694305694301629","49.20000000000102","49.20000000000102","49.20000000000102","55.200000000004366","55.200000000004366","55.200000000004366"
"20825.40730484","5.999999999971715","5.999999999971715","5.999999999971715","5.10510510512468","5.10510510512468","5.10510510512468","75.4754754754814","75.4754754754814","75.4754754754814","22.82282282282572","22.82282282282572","22.82282282282572"
"20835.406544421","3.807615230490412","3.807615230490412","3.807615230490412","7.899999999957036","7.899999999957036","7.899999999957036","47.89579158317576","47.89579158317576","47.89579158317576","53.90781563124006","53.90781563124006","53.90781563124006"
"20845.406632212","3.799999999973806","3.799999999973806","3.799999999973806","54.76429287864074","54.76429287864074","54.76429287864074","43.99999999999636","43.99999999999636","43.99999999999636","9.809809809822076","9.809809809822076","9.809809809822076"
"20855.406954572","5.858987090369042","5.858987090369042","5.858987090369042","49.29859719439192","49.29859719439192","49.29859719439192","68.8688688688749","68.8688688688749","68.8688688688749","6.118355065228077","6.118355065228077","6.118355065228077"
"20865.407086258","6.500000000014553","6.500000000014553","6.500000000014553","100","100","100","3.503503503506584","3.503503503506584","3.503503503506584","1.0020040080375823","1.0020040080375823","1.0020040080375823"
"20875.407224053","1.9999999999557077","1.9999999999557077","1.9999999999557077","26.799999999976283","26.799999999976283","26.799999999976283","76.72327672328218","76.72327672328218","76.72327672328218","7.407407407388525","7.407407407388525","7.407407407388525"
"20885.406979892","7.892107892115008","7.892107892115008","7.892107892115008","72.48995983937547","72.48995983937547","72.48995983937547","43.54354354353786","43.54354354353786","43.54354354353786","7.831325301193817","7.831325301193817","7.831325301193817"
"20895.407565735","4.399999999988504","4.399999999988504","4.399999999988504","55.888223552893265","55.888223552893265","55.888223552893265","34.93493493494536","34.93493493494536","34.93493493494536","16.633266533065402","16.633266533065402","16.633266533065402"
"20905.407106987","5.500000000011187","5.500000000011187","5.500000000011187","31.931931931925334","31.931931931925334","31.931931931925334","37.9379379378954","37.9379379378954","37.9379379378954","39.518555666979424","39.518555666979424","39.518555666979424"
"20915.407262779","5.976095617551102","5.976095617551102","5.976095617551102","12.13640922769568","12.13640922769568","12.13640922769568","61.26126126129178","61.26126126129178","61.26126126129178","49.449449449446426","49.449449449446426","49.449449449446426"
"20925.407144967","3.299999999982283","3.299999999982283","3.299999999982283","9.190809190826219","9.190809190826219","9.190809190826219","85.01498501498261","85.01498501498261","85.01498501498261","17.75325977934032","17.75325977934032","17.75325977934032"
"20935.4072512","3.1000000000119687","3.1000000000119687","3.1000000000119687","9.829488465394249","9.829488465394249","9.829488465394249","97.39999999999782","97.39999999999782","97.39999999999782","2.2044088176288055","2.2044088176288055","2.2044088176288055"
"20945.406811854","16.849451645074108","16.849451645074108","16.849451645074108","6.600000000032523","6.600000000032523","6.600000000032523","65.46546546545115","65.46546546545115","65.46546546545115","31.53153153153432","31.53153153153432","31.53153153153432"
"20955.406635604","11.311311311319695","11.311311311319695","11.311311311319695","1.0010010009502226","1.0010010009502226","1.0010010009502226","90.40000000000873","90.40000000000873","90.40000000000873","5.405405405413279","5.405405405413279","5.405405405413279"
"20965.406552964","2.4925224327021835","2.4925224327021835","2.4925224327021835","12.925851703416127","12.925851703416127","12.925851703416127","33.99999999999636","33.99999999999636","33.99999999999636","67.13426853707813","67.13426853707813","67.13426853707813"
"20975.407161275","10.199999999967986","10.199999999967986","10.199999999967986","9.7706879362028","9.7706879362028","9.7706879362028","51.50300601203814","51.50300601203814","51.50300601203814","57.94205794205995","57.94205794205995","57.94205794205995"
"20985.407556252","2.3046092184174922","2.3046092184174922","2.3046092184174922","0.9018036071798025","0.9018036071798025","0.9018036071798025","50.59999999997693","50.59999999997693","50.59999999997693","60.260260260254974","60.260260260254974","60.260260260254974"
"20995.406958419","1.8981018981422535","1.8981018981422535","1.8981018981422535","3.1062124248629583","3.1062124248629583","3.1062124248629583","82.98298298299663","82.98298298299663","82.98298298299663","24.799196787144194","24.799196787144194","24.799196787144194"
"21005.406960491","11.088911088886363","11.088911088886363","11.088911088886363","8.92678034104942","8.92678034104942","8.92678034104942","62.76276276275708","62.76276276275708","62.76276276275708","46.94694694696273","46.94694694696273","46.94694694696273"
"21015.407206803","1.8981018981247717","1.8981018981247717","1.8981018981247717","12.499999999968168","12.499999999968168","12.499999999968168","1.3026052104128791","1.3026052104128791","1.3026052104128791","100","100","100"
"21025.407634238","2.1000000000268844","2.1000000000268844","2.1000000000268844","5.205205205208741","5.205205205208741","5.205205205208741","83.90000000001237","83.90000000001237","83.90000000001237","23.123123123113636","23.123123123113636","23.123123123113636"
"21035.407307145","3.7962037961637156","3.7962037961637156","3.7962037961637156","28.156312625238666","28.156312625238666","28.156312625238666","56.5697091273721","56.5697091273721","56.5697091273721","25.525525525505238","25.525525525505238","25.525525525505238"
"21045.406588929","6.599999999998545","6.599999999998545","6.599999999998545","14.614614614657388","14.614614614657388","14.614614614657388","45.345345345364535","45.345345345364535","45.345345345364535","64.86486486486831","64.86486486486831","64.86486486486831"
"21055.406874809","3.800000000008804","3.800000000008804","3.800000000008804","2.106318956862377","2.106318956862377","2.106318956862377","82.01798201798641","82.01798201798641","82.01798201798641","24.800000000022994","24.800000000022994","24.800000000022994"
"21065.407024751","9.218436873733761","9.218436873733761","9.218436873733761","7.236180904533784","7.236180904533784","7.236180904533784","13.513513513483494","13.513513513483494","13.513513513483494","85.81418581418282","85.81418581418282","85.81418581418282"
"21075.407231643","9.790209790203438","9.790209790203438","9.790209790203438","13.226452905791058","13.226452905791058","13.226452905791058","93.60000000000582","93.60000000000582","93.60000000000582","10.621242484965302","10.621242484965302","10.621242484965302"
"21085.407665896","8.60860860863354","8.60860860863354","8.60860860863354","64.59999999999127","64.59999999999127","64.59999999999127","35.871743486974786","35.871743486974786","35.871743486974786","4.504504504529274","4.504504504529274","4.504504504529274"
"21095.407087856","6.806806806842566","6.806806806842566","6.806806806842566","11.322645290578194","11.322645290578194","11.322645290578194","19.338677354694955","19.338677354694955","19.338677354694955","77.37737737737882","77.37737737737882","77.37737737737882"
"21105.407079147","13.099999999965567","13.099999999965567","13.099999999965567","14.128256513025212","14.128256513025212","14.128256513025212","58.61723446894409","58.61723446894409","58.61723446894409","44.18837675350749","44.18837675350749","44.18837675350749"
"21115.406520786","3.9039039038843626","3.9039039038843626","3.9039039038843626","9.980039920159246","9.980039920159246","9.980039920159246","15.230460921830502","15.230460921830502","15.230460921830502","86.19999999998981","86.19999999998981","86.19999999998981"
"21125.40718737","9.190809190826219","9.190809190826219","9.190809190826219","67.3019057171594","67.3019057171594","67.3019057171594","14.900000000016005","14.900000000016005","14.900000000016005","24.272818455354606","24.272818455354606","24.272818455354606"
"21135.407776872","6.986027944082426","6.986027944082426","6.986027944082426","19.138276553135068","19.138276553135068","19.138276553135068","54.47236180904197","54.47236180904197","54.47236180904197","46.299999999990646","46.299999999990646","46.299999999990646"
"21145.407081869","4.681274900409595","4.681274900409595","4.681274900409595","9.318637274519366","9.318637274519366","9.318637274519366","95.70429570429211","95.70429570429211","95.70429570429211","5.210420841669743","5.210420841669743","5.210420841669743"
"21155.407571653","1.8018018018050825","1.8018018018050825","1.8018018018050825","8.308308308339639","8.308308308339639","8.308308308339639","3.911735205593738","3.911735205593738","3.911735205593738","100","100","100"
"21165.407025333","6.057596822268378","6.057596822268378","6.057596822268378","13.627254508992978","13.627254508992978","13.627254508992978","79.30000000000291","79.30000000000291","79.30000000000291","31.431431431438778","31.431431431438778","31.431431431438778"
"21175.406589267","1.7999999999671854","1.7999999999671854","1.7999999999671854","3.1000000000119687","3.1000000000119687","3.1000000000119687","7.3219658977060895","7.3219658977060895","7.3219658977060895","99.60000000000946","99.60000000000946","99.60000000000946"
"21185.40736209","5.005005005038797","5.005005005038797","5.005005005038797","7.1999999999642394","7.1999999999642394","7.1999999999642394","84.89999999999782","84.89999999999782","84.89999999999782","17.0340681362926","17.0340681362926","17.0340681362926"
"21195.406707789","4.804804804766748","4.804804804766748","4.804804804766748","19.5390781563501","19.5390781563501","19.5390781563501","19.65897693077025","19.65897693077025","19.65897693077025","81.98198198198558","81.98198198198558","81.98198198198558"
"21205.407201492","5.089820359285663","5.089820359285663","5.089820359285663","23.476523476530865","23.476523476530865","23.476523476530865","81.41858141858613","81.41858141858613","81.41858141858613","4.904904904885512","4.904904904885512","4.904904904885512"
"21215.406737457","2.099999999991269","2.099999999991269","2.099999999991269","1.8036072144311954","1.8036072144311954","1.8036072144311954","100","100","100","9.118236472926606","9.118236472926606","9.118236472926606"
"21225.407673375","28.514456630118783","28.514456630118783","28.514456630118783","7.899999999997963","7.899999999997963","7.899999999997963","72.02797202797481","72.02797202797481","72.02797202797481","13.239719157486196","13.239719157486196","13.239719157486196"
"21235.408067819","4.8048048048343315","4.8048048048343315","4.8048048048343315","14.829659318633547","14.829659318633547","14.829659318633547","89.18918918919165","89.18918918919165","89.18918918919165","11.599999999998545","11.599999999998545","11.599999999998545"
"21245.407234595","4.904904904885512","4.904904904885512","4.904904904885512","12.112112112151644","12.112112112151644","12.112112112151644","60.10000000000218","60.10000000000218","60.10000000000218","38.63863863867883","38.63863863867883","38.63863863867883"
"21255.406829376","2.39520958083831","2.39520958083831","2.39520958083831","7.199999999975263","7.199999999975263","7.199999999975263","58.19999999999709","58.19999999999709","58.19999999999709","45.69138276550816","45.69138276550816","45.69138276550816"
"21265.407320739","23.57642357643316","23.57642357643316","23.57642357643316","12.32464929859336","12.32464929859336","12.32464929859336","18.33667334669346","18.33667334669346","18.33667334669346","74.54909819639221","74.54909819639221","74.54909819639221"
"21275.407178101","6.206206206229171","6.206206206229171","6.206206206229171","1.599999999998545","1.599999999998545","1.599999999998545","6.099999999987631","6.099999999987631","6.099999999987631","99.79999999999563","99.79999999999563","99.79999999999563"
"21285.407611399","6.487025948104503","6.487025948104503","6.487025948104503","23.499999999980357","23.499999999980357","23.499999999980357","58.958958958961894","58.958958958961894","58.958958958961894","25.125125125114227","25.125125125114227","25.125125125114227"
"21295.407250744","6.699999999982538","6.699999999982538","6.699999999982538","8.525576730178091","8.525576730178091","8.525576730178091","97.39739739741289","97.39739739741289","97.39739739741289","16.067864271471272","16.067864271471272","16.067864271471272"
"21305.406892667","5.905905905906416","5.905905905906416","5.905905905906416","4.10410410410199","4.10410410410199","4.10410410410199","87.71228771227194","87.71228771227194","87.71228771227194","16.850551654953748","16.850551654953748","16.850551654953748"
"21315.407726331","1.8000000000233738","1.8000000000233738","1.8000000000233738","10.63189568707308","10.63189568707308","10.63189568707308","13.727454909859707","13.727454909859707","13.727454909859707","87.99999999999272","87.99999999999272","87.99999999999272"
"21325.407326432","6.573705179280847","6.573705179280847","6.573705179280847","15.80000000001746","15.80000000001746","15.80000000001746","33.33333333334547","33.33333333334547","33.33333333334547","75.12537612839245","75.12537612839245","75.12537612839245"
"21335.406882126","13.586413586405675","13.586413586405675","13.586413586405675","11.256281407024115","11.256281407024115","11.256281407024115","2.104208416825011","2.104208416825011","2.104208416825011","88.40000000000146","88.40000000000146","88.40000000000146"
"21345.407215944","10.479041916127445","10.479041916127445","10.479041916127445","7.092907092917676","7.092907092917676","7.092907092917676","91.69169169169072","91.69169169169072","91.69169169169072","4.909819639293021","4.909819639293021","4.909819639293021"
"21355.406900286","19.142572283185093","19.142572283185093","19.142572283185093","5.705705705701878","5.705705705701878","5.705705705701878","87.5","87.5","87.5","15.631262525045681","15.631262525045681","15.631262525045681"
"21365.407087737","6.693306693290318","6.693306693290318","6.693306693290318","9.709709709686926","9.709709709686926","9.709709709686926","93.70629370628252","93.70629370628252","93.70629370628252","4.312938816470009","4.312938816470009","4.312938816470009"
"21375.406649705","4.89510489510399","4.89510489510399","4.89510489510399","6.813627254512232","6.813627254512232","6.813627254512232","20.340681362761938","20.340681362761938","20.340681362761938","82.31768231768154","82.31768231768154","82.31768231768154"
"21385.407559559","11.044776119409576","11.044776119409576","11.044776119409576","16.73346693385097","16.73346693385097","16.73346693385097","76.299999999992","76.299999999992","76.299999999992","25.376128385104614","25.376128385104614","25.376128385104614"
"21395.407468847","11.988011988005272","11.988011988005272","11.988011988005272","29.500000000032923","29.500000000032923","29.500000000032923","33.13313313311658","33.13313313311658","33.13313313311658","39.30000000000291","39.30000000000291","39.30000000000291"
"21405.40766714","2.8884462151478876","2.8884462151478876","2.8884462151478876","7.715430861694518","7.715430861694518","7.715430861694518","53.75375375377136","53.75375375377136","53.75375375377136","48.84653961885889","48.84653961885889","48.84653961885889"
"21415.407247587","9.909909909891537","9.909909909891537","9.909909909891537","11.776447105790815","11.776447105790815","11.776447105790815","42.742742742719415","42.742742742719415","42.742742742719415","63.599999999992576","63.599999999992576","63.599999999992576"
"21425.407117219","9.590409590452218","9.590409590452218","9.590409590452218","34.26853707415626","34.26853707415626","34.26853707415626","64.46446446447744","64.46446446447744","64.46446446447744","7.014028056135492","7.014028056135492","7.014028056135492"
"21435.406957672","3.499999999970805","3.499999999970805","3.499999999970805","10.91091091088215","10.91091091088215","10.91091091088215","97.60000000000218","97.60000000000218","97.60000000000218","1.203610832487574","1.203610832487574","1.203610832487574"
"21445.407154361","2.199999999976062","2.199999999976062","2.199999999976062","5.405405405413279","5.405405405413279","5.405405405413279","64.36436436436219","64.36436436436219","64.36436436436219","41.49999999999636","41.49999999999636","41.49999999999636"
"21455.407943537","12.574850299436838","12.574850299436838","12.574850299436838","13.800000000027904","13.800000000027904","13.800000000027904","85.11488511487215","85.11488511487215","85.11488511487215","18.036072144282077","18.036072144282077","18.036072144282077"
"21465.4073062","4.599999999975353","4.599999999975353","4.599999999975353","22.92292292291813","22.92292292291813","22.92292292291813","82.69999999999807","82.69999999999807","82.69999999999807","3.803803803813391","3.803803803813391","3.803803803813391"
"21475.407098033","3.2967032967200707","3.2967032967200707","3.2967032967200707","2.1999999999752617","2.1999999999752617","2.1999999999752617","40.581162324643785","40.581162324643785","40.581162324643785","69.53907815632077","69.53907815632077","69.53907815632077"
"21485.407478289","14.844533600801713","14.844533600801713","14.844533600801713","4.804804804801415","4.804804804801415","4.804804804801415","11.911911911965388","11.911911911965388","11.911911911965388","98.19999999999709","98.19999999999709","98.19999999999709"
"21495.407658538","2.195608782466278","2.195608782466278","2.195608782466278","6.006006006026894","6.006006006026894","6.006006006026894","90.5999999999949","90.5999999999949","90.5999999999949","13.61361361361726","13.61361361361726","13.61361361361726"
"21505.407223795","9.118236472944833","9.118236472944833","9.118236472944833","8.433734939780985","8.433734939780985","8.433734939780985","89.0890890890854","89.0890890890854","89.0890890890854","7.530120481928371","7.530120481928371","7.530120481928371"
"21515.407352031","11.10000000000582","11.10000000000582","11.10000000000582","13.61361361360401","13.61361361360401","13.61361361360401","68.26826826826107","68.26826826826107","68.26826826826107","34.86973947895506","34.86973947895506","34.86973947895506"
"21525.406880817","2.4875621890549064","2.4875621890549064","2.4875621890549064","1.1022044088231142","1.1022044088231142","1.1022044088231142","100","100","100","10.320641282586607","10.320641282586607","10.320641282586607"
"21535.406887537","4.199999999968149","4.199999999968149","4.199999999968149","65.2652652652703","65.2652652652703","65.2652652652703","33.40020060181903","33.40020060181903","33.40020060181903","8.935742971882489","8.935742971882489","8.935742971882489"
"21545.407186101","3.892215568856297","3.892215568856297","3.892215568856297","48.60279441118402","48.60279441118402","48.60279441118402","50.550550550553375","50.550550550553375","50.550550550553375","24.30000000000291","24.30000000000291","24.30000000000291"
"21555.407285637","13.672654690608002","13.672654690608002","13.672654690608002","5.10510510512468","5.10510510512468","5.10510510512468","69.63036963037422","69.63036963037422","69.63036963037422","25.325325325327825","25.325325325327825","25.325325325327825"
"21565.406472892","9.281437125751003","9.281437125751003","9.281437125751003","12.2122122122127","12.2122122122127","12.2122122122127","83.10000000001925","83.10000000001925","83.10000000001925","9.738955823287451","9.738955823287451","9.738955823287451"
"21575.40756992","8.864541832665966","8.864541832665966","8.864541832665966","14.629258517025958","14.629258517025958","14.629258517025958","95.2047952047988","95.2047952047988","95.2047952047988","9.136546184738295","9.136546184738295","9.136546184738295"
"21585.406767454","3.496503496543763","3.496503496543763","3.496503496543763","7.592407592374643","7.592407592374643","7.592407592374643","72.47247247246685","72.47247247246685","72.47247247246685","30.96192384767998","30.96192384767998","30.96192384767998"
"21595.406967714","2.297702297698304","2.297702297698304","2.297702297698304","4.909819639294811","4.909819639294811","4.909819639294811","86.3727454909805","86.3727454909805","86.3727454909805","20.240480961900033","20.240480961900033","20.240480961900033"
"21605.407560732","10.479041916159947","10.479041916159947","10.479041916159947","21.221221221207625","21.221221221207625","21.221221221207625","82.99999999999272","82.99999999999272","82.99999999999272","14.514514514550603","14.514514514550603","14.514514514550603"
"21615.40701483","2.1042084168606965","2.1042084168606965","2.1042084168606965","18.60000000005817","18.60000000005817","18.60000000005817","88.888888888899","88.888888888899","88.888888888899","3.0999999999516876","3.0999999999516876","3.0999999999516876"
"21625.407030461","2.691924227287416","2.691924227287416","2.691924227287416","8.608608608579775","8.608608608579775","8.608608608579775","97.60000000000218","97.60000000000218","97.60000000000218","5.516549648991619","5.516549648991619","5.516549648991619"
"21635.407279212","4.083665338663995","4.083665338663995","4.083665338663995","13.31331331332866","13.31331331332866","13.31331331332866","19.81981981983048","19.81981981983048","19.81981981983048","83.38338338336929","83.38338338336929","83.38338338336929"
"21645.407646276","16.48351648349731","16.48351648349731","16.48351648349731","7.014028056085926","7.014028056085926","7.014028056085926","57.51503006010235","57.51503006010235","57.51503006010235","40.500000000010914","40.500000000010914","40.500000000010914"
"21655.407528404","2.2022022021975705","2.2022022021975705","2.2022022021975705","1.7017017017197458","1.7017017017197458","1.7017017017197458","26.49999999998781","26.49999999998781","26.49999999998781","72.99999999999272","72.99999999999272","72.99999999999272"
"21665.406922774","25.67432567432687","25.67432567432687","25.67432567432687","6.706706706674829","6.706706706674829","6.706706706674829","68.56856856856123","68.56856856856123","68.56856856856123","13.326653306613082","13.326653306613082","13.326653306613082"
"21675.406948101","3.996003995982829","3.996003995982829","3.996003995982829","20.620620620659334","20.620620620659334","20.620620620659334","63.60000000000582","63.60000000000582","63.60000000000582","41.28256513025212","41.28256513025212","41.28256513025212"
"21685.40750811","8.582834331360068","8.582834331360068","8.582834331360068","30.622489959809396","30.622489959809396","30.622489959809396","30.561122244483023","30.561122244483023","30.561122244483023","46.49999999999636","46.49999999999636","46.49999999999636"
"21695.407376011","5.200000000004366","5.200000000004366","5.200000000004366","6.3063063063496125","6.3063063063496125","6.3063063063496125","55.94405594406636","55.94405594406636","55.94405594406636","47.99599198397878","47.99599198397878","47.99599198397878"
"21705.407518464","10.36889332003392","10.36889332003392","10.36889332003392","10.93279839512074","10.93279839512074","10.93279839512074","68.77510040160925","68.77510040160925","68.77510040160925","44.14414414415383","44.14414414415383","44.14414414415383"
"21715.406991432","2.4024024023824992","2.4024024023824992","2.4024024023824992","6.8136272545462","6.8136272545462","6.8136272545462","85.69999999999709","85.69999999999709","85.69999999999709","18.537074148282823","18.537074148282823","18.537074148282823"
"21725.407404641","1.5984015984537536","1.5984015984537536","1.5984015984537536","81.10000000000582","81.10000000000582","81.10000000000582","2.0020020019914853","2.0020020019914853","2.0020020019914853","19.859578736249414","19.859578736249414","19.859578736249414"
"21735.406826875","4.814443329952053","4.814443329952053","4.814443329952053","30.96192384765481","30.96192384765481","30.96192384765481","76.200000000008","76.200000000008","76.200000000008","12.925851703366162","12.925851703366162","12.925851703366162"
"21745.407419219","3.9960039960177203","3.9960039960177203","3.9960039960177203","93.6999999999921","93.6999999999921","93.6999999999921","13.486513486514376","13.486513486514376","13.486513486514376","1.2024048096273106","1.2024048096273106","1.2024048096273106"
"21755.406966051","3.7962037961637156","3.7962037961637156","3.7962037961637156","34.36873747495432","34.36873747495432","34.36873747495432","68.23647294588967","68.23647294588967","68.23647294588967","7.530120481919239","7.530120481919239","7.530120481919239"
"21765.407178914","7.1713147410778655","7.1713147410778655","7.1713147410778655","15.715715715716009","15.715715715716009","15.715715715716009","95.6087824351414","95.6087824351414","95.6087824351414","10.100000000002183","10.100000000002183","10.100000000002183"
"21775.406975693","1.8999999999875945","1.8999999999875945","1.8999999999875945","5.410821643293586","5.410821643293586","5.410821643293586","100","100","100","4.6092184368652","4.6092184368652","4.6092184368652"
"21785.407163495","2.9058116232543094","2.9058116232543094","2.9058116232543094","4.600000000014006","4.600000000014006","4.600000000014006","94.89999999999782","94.89999999999782","94.89999999999782","3.406813627256116","3.406813627256116","3.406813627256116"
"21795.407205044","4.785643070769707","4.785643070769707","4.785643070769707","19.399999999986903","19.399999999986903","19.399999999986903","48.64593781343829","48.64593781343829","48.64593781343829","55.10000000000218","55.10000000000218","55.10000000000218"
"21805.40722883","10.800000000013533","10.800000000013533","10.800000000013533","8.617234468944085","8.617234468944085","8.617234468944085","81.18118118118535","81.18118118118535","81.18118118118535","11.823647294606527","11.823647294606527","11.823647294606527"
"21815.407536513","5.400000000008731","5.400000000008731","5.400000000008731","8.442211055277227","8.442211055277227","8.442211055277227","78.90000000000185","78.90000000000185","78.90000000000185","22.09999999998112","22.09999999998112","22.09999999998112"
"21825.407385651","5.69999999999709","5.69999999999709","5.69999999999709","8.899999999979228","8.899999999979228","8.899999999979228","9.819639278553169","9.819639278553169","9.819639278553169","100","100","100"
"21835.407528749","2.2977022976824037","2.2977022976824037","2.2977022976824037","6.606606606604092","6.606606606604092","6.606606606604092","93.10689310688942","93.10689310688942","93.10689310688942","15.931863727469484","15.931863727469484","15.931863727469484"
"21845.407401457","6.713426853726665","6.713426853726665","6.713426853726665","23.346693386792065","23.346693386792065","23.346693386792065","21.163490471435857","21.163490471435857","21.163490471435857","62.700000000004366","62.700000000004366","62.700000000004366"
"21855.407116204","2.9087261785440246","2.9087261785440246","2.9087261785440246","2.997002997017833","2.997002997017833","2.997002997017833","25.499999999992724","25.499999999992724","25.499999999992724","83.39999999999542","83.39999999999542","83.39999999999542"
"21865.407135364","3.68525896413296","3.68525896413296","3.68525896413296","8.534136546204286","8.534136546204286","8.534136546204286","99.09909909909746","99.09909909909746","99.09909909909746","15.330661322634295","15.330661322634295","15.330661322634295"
"21875.406869619","6.39999999999418","6.39999999999418","6.39999999999418","9.009009008988997","9.009009008988997","9.009009008988997","66.09999999999349","66.09999999999349","66.09999999999349","33.50050150450507","33.50050150450507","33.50050150450507"
"21885.407113148","1.9999999999920872","1.9999999999920872","1.9999999999920872","4.308617234472043","4.308617234472043","4.308617234472043","94.58917835670641","94.58917835670641","94.58917835670641","10.921843687358459","10.921843687358459","10.921843687358459"
"21895.407088197","14.128256513020062","14.128256513020062","14.128256513020062","13.260219341992752","13.260219341992752","13.260219341992752","25.899999999974497","25.899999999974497","25.899999999974497","78.12187812189566","78.12187812189566","78.12187812189566"
"21905.406977951","2.9940119760063792","2.9940119760063792","2.9940119760063792","8.224674022031833","8.224674022031833","8.224674022031833","89.88988988988933","89.88988988988933","89.88988988988933","12.236710130410543","12.236710130410543","12.236710130410543"
"21915.407221969","10.667996011978977","10.667996011978977","10.667996011978977","8.508508508510786","8.508508508510786","8.508508508510786","58.158158158164916","58.158158158164916","58.158158158164916","38.33833833834967","38.33833833834967","38.33833833834967"
"21925.407260802","8.108108108153383","8.108108108153383","8.108108108153383","6.106106106110954","6.106106106110954","6.106106106110954","92.89999999999054","92.89999999999054","92.89999999999054","20.180722891551962","20.180722891551962","20.180722891551962"
"21935.406993744","2.2931206380303486","2.2931206380303486","2.2931206380303486","1.5015015015158273","1.5015015015158273","1.5015015015158273","45","45","45","65.20000000000437","65.20000000000437","65.20000000000437"
"21945.406904498","2.295409181668577","2.295409181668577","2.295409181668577","1.9038076152174213","1.9038076152174213","1.9038076152174213","39.7795591182536","39.7795591182536","39.7795591182536","69.00702106319173","69.00702106319173","69.00702106319173"
"21955.406782327","7.984031936120135","7.984031936120135","7.984031936120135","6.106106106133715","6.106106106133715","6.106106106133715","82.9000000000025","82.9000000000025","82.9000000000025","32.66533066130803","32.66533066130803","32.66533066130803"
"21965.407108781","8.582834331342761","8.582834331342761","8.582834331342761","34.534534534536284","34.534534534536284","34.534534534536284","67.83567134268621","67.83567134268621","67.83567134268621","3.109327983964629","3.109327983964629","3.109327983964629"
"21975.407697038","7.285429141732315","7.285429141732315","7.285429141732315","34.23423423419978","34.23423423419978","34.23423423419978","66.5334665334697","66.5334665334697","66.5334665334697","4.714142427258203","4.714142427258203","4.714142427258203"
"21985.407083752","6.0817547357628605","6.0817547357628605","6.0817547357628605","44.800000000015714","44.800000000015714","44.800000000015714","68.96896896897721","68.96896896897721","68.96896896897721","7.823470411239356","7.823470411239356","7.823470411239356"
"21995.406667089","7.407407407422244","7.407407407422244","7.407407407422244","15.115115115102174","15.115115115102174","15.115115115102174","77.89999999999054","77.89999999999054","77.89999999999054","13.426853707416875","13.426853707416875","13.426853707416875"
"22005.406943661","2.2954091816526927","2.2954091816526927","2.2954091816526927","7.100000000025066","7.100000000025066","7.100000000025066","40.24024024023461","40.24024024023461","40.24024024023461","65.56556556557508","65.56556556557508","65.56556556557508"
"22015.40715702","11.254980079690442","11.254980079690442","11.254980079690442","9.009009008992278","9.009009008992278","9.009009008992278","83.59999999998763","83.59999999998763","83.59999999998763","23.771313941821155","23.771313941821155","23.771313941821155"
"22025.407483275","7.099999999991269","7.099999999991269","7.099999999991269","11.368209255540783","11.368209255540783","11.368209255540783","74.02597402598441","74.02597402598441","74.02597402598441","22.09999999996293","22.09999999996293","22.09999999996293"
"22035.40670797","5.394605394578636","5.394605394578636","5.394605394578636","8.224674022047076","8.224674022047076","8.224674022047076","31.293881644939177","31.293881644939177","31.293881644939177","69.33867735471318","69.33867735471318","69.33867735471318"
"22045.407595973","7.407407407422244","7.407407407422244","7.407407407422244","10.87824351297503","10.87824351297503","10.87824351297503","27.499999999973625","27.499999999973625","27.499999999973625","73.97397397397451","73.97397397397451","73.97397397397451"
"22055.407909906","6.093906093878754","6.093906093878754","6.093906093878754","24.77522477521537","24.77522477521537","24.77522477521537","73.34669338678356","73.34669338678356","73.34669338678356","19.338677354724357","19.338677354724357","19.338677354724357"
"22065.407413293","6.519558676076029","6.519558676076029","6.519558676076029","20.941883767531408","20.941883767531408","20.941883767531408","66.26626626626366","66.26626626626366","66.26626626626366","19.200000000000728","19.200000000000728","19.200000000000728"
"22075.406924956","2.797202797211041","2.797202797211041","2.797202797211041","7.6076076075931365","7.6076076075931365","7.6076076075931365","58.40000000000145","58.40000000000145","58.40000000000145","45.48192771085394","45.48192771085394","45.48192771085394"
"22085.406718518","4.99500499496945","4.99500499496945","4.99500499496945","16.633266533077563","16.633266533077563","16.633266533077563","48.048048048032356","48.048048048032356","48.048048048032356","58.799999999977004","58.799999999977004","58.799999999977004"
"22095.407530806","5.200000000004366","5.200000000004366","5.200000000004366","4.7000000000116415","4.7000000000116415","4.7000000000116415","67.5","67.5","67.5","36.936936936954325","36.936936936954325","36.936936936954325"
"22105.407605108","3.293413173669978","3.293413173669978","3.293413173669978","2.4024024024043844","2.4024024024043844","2.4024024024043844","51.90763052209364","51.90763052209364","51.90763052209364","56.356356356357516","56.356356356357516","56.356356356357516"
"22115.407263044","5.694305694303697","5.694305694303697","5.694305694303697","12.938816449355292","12.938816449355292","12.938816449355292","28.62862862862987","28.62862862862987","28.62862862862987","82.3647294589213","82.3647294589213","82.3647294589213"
"22125.407434941","2.095808383224728","2.095808383224728","2.095808383224728","77.12287712286474","77.12287712286474","77.12287712286474","9.20920920922667","9.20920920922667","9.20920920922667","23.823823823830203","23.823823823830203","23.823823823830203"
"22135.40715716","1.4970059880225253","1.4970059880225253","1.4970059880225253","83.58358358359203","83.58358358359203","83.58358358359203","21.021021021010743","21.021021021010743","21.021021021010743","1.002004008019721","1.002004008019721","1.002004008019721"
"22145.407189881","1.7982017981693033","1.7982017981693033","1.7982017981693033","25.325325325318836","25.325325325318836","25.325325325318836","66.70000000000073","66.70000000000073","66.70000000000073","22.545090180315245","22.545090180315245","22.545090180315245"
"22155.40693698","1.4014014014312561","1.4014014014312561","1.4014014014312561","1.0020040080375823","1.0020040080375823","1.0020040080375823","74.09999999998912","74.09999999998912","74.09999999998912","26.92692692694592","26.92692692694592","26.92692692694592"
"22165.407368736","6.706706706724569","6.706706706724569","6.706706706724569","9.609609609584622","9.609609609584622","9.609609609584622","27.92792792795844","27.92792792795844","27.92792792795844","67.99999999999272","67.99999999999272","67.99999999999272"
"22175.407437399","8.091908091886125","8.091908091886125","8.091908091886125","34.7695390781695","34.7695390781695","34.7695390781695","69.83016983017161","69.83016983017161","69.83016983017161","14.343029087281275","14.343029087281275","14.343029087281275"
"22185.407447661","9.009009009022131","9.009009009022131","9.009009009022131","70.40000000000873","70.40000000000873","70.40000000000873","32.69999999997989","32.69999999997989","32.69999999997989","2.602602602551642","2.602602602551642","2.602602602551642"
"22195.407659262","8.808808808787594","8.808808808787594","8.808808808787594","7.214428857690959","7.214428857690959","7.214428857690959","92.29999999999563","92.29999999999563","92.29999999999563","4.509018036096215","4.509018036096215","4.509018036096215"
"22205.406524596","5.870646766189264","5.870646766189264","5.870646766189264","7.9237713139724635","7.9237713139724635","7.9237713139724635","96.99699699700476","96.99699699700476","96.99699699700476","19.038076152301798","19.038076152301798","19.038076152301798"
"22215.406807597","3.5000000000205547","3.5000000000205547","3.5000000000205547","3.499999999985448","3.499999999985448","3.499999999985448","98.0999999999956","98.0999999999956","98.0999999999956","8.324974924772622","8.324974924772622","8.324974924772622"
"22225.406886537","4.595404595396608","4.595404595396608","4.595404595396608","7.807807807846684","7.807807807846684","7.807807807846684","93.69369369370042","93.69369369370042","93.69369369370042","8.433734939761237","8.433734939761237","8.433734939761237"
"22235.406807881","3.796203796198679","3.796203796198679","3.796203796198679","10.02004008012796","10.02004008012796","10.02004008012796","100","100","100","11.356783919574987","11.356783919574987","11.356783919574987"
"22245.408194515","2.7944111776329708","2.7944111776329708","2.7944111776329708","17.77108433735534","17.77108433735534","17.77108433735534","22.945891783530573","22.945891783530573","22.945891783530573","73.7262737262689","73.7262737262689","73.7262737262689"
"22255.406935087","9.799999999995634","9.799999999995634","9.799999999995634","5.200000000004366","5.200000000004366","5.200000000004366","83.53293413174087","83.53293413174087","83.53293413174087","14.242728184570971","14.242728184570971","14.242728184570971"
"22265.406695189","7.192807192804072","7.192807192804072","7.192807192804072","4.204204204187581","4.204204204187581","4.204204204187581","32.164328657332014","32.164328657332014","32.164328657332014","70.67067067066178","70.67067067066178","70.67067067066178"
"22275.406631381","9.272183449651662","9.272183449651662","9.272183449651662","14.30000000000291","14.30000000000291","14.30000000000291","90.29029029029486","90.29029029029486","90.29029029029486","14.314314314333142","14.314314314333142","14.314314314333142"
"22285.406770511","2.2000000000116415","2.2000000000116415","2.2000000000116415","9.900000000002365","9.900000000002365","9.900000000002365","22.24448897797867","22.24448897797867","22.24448897797867","81.88188188186508","81.88188188186508","81.88188188186508"
"22295.407622414","10.610610610609953","10.610610610609953","10.610610610609953","50.3999999999904","50.3999999999904","50.3999999999904","38.69999999996751","38.69999999996751","38.69999999996751","14.028056112252758","14.028056112252758","14.028056112252758"
"22305.4070312","3.8076152304699074","3.8076152304699074","3.8076152304699074","17.735470941888916","17.735470941888916","17.735470941888916","98.60000000000582","98.60000000000582","98.60000000000582","7.915831663302181","7.915831663302181","7.915831663302181"
"22315.407820976","2.295409181617219","2.295409181617219","2.295409181617219","6.2062062061790675","6.2062062061790675","6.2062062061790675","29.659318637292735","29.659318637292735","29.659318637292735","76.5531062124309","76.5531062124309","76.5531062124309"
"22325.406777808","7.107107107133645","7.107107107133645","7.107107107133645","7.9079079078847245","7.9079079078847245","7.9079079078847245","51.35406218656171","51.35406218656171","51.35406218656171","47.752247752225585","47.752247752225585","47.752247752225585"
"22335.406717987","6.879361914211193","6.879361914211193","6.879361914211193","13.486513486550361","13.486513486550361","13.486513486550361","34.09999999997457","34.09999999997457","34.09999999997457","76.65330661322616","76.65330661322616","76.65330661322616"
"22345.406883958","4.600000000044766","4.600000000044766","4.600000000044766","11.133400200606344","11.133400200606344","11.133400200606344","78.6786786786901","78.6786786786901","78.6786786786901","21.32132132134631","21.32132132134631","21.32132132134631"
"22355.406681551","8.691308691299906","8.691308691299906","8.691308691299906","4.016064257041608","4.016064257041608","4.016064257041608","93.50000000000126","93.50000000000126","93.50000000000126","6.406406406417761","6.406406406417761","6.406406406417761"
"22365.406672404","5.394605394599079","5.394605394599079","5.394605394599079","11.988011988021174","11.988011988021174","11.988011988021174","32.66533066133258","32.66533066133258","32.66533066133258","80.0800800800782","80.0800800800782","80.0800800800782"
"22375.406781401","7.099999999991269","7.099999999991269","7.099999999991269","4.51354062181928","4.51354062181928","4.51354062181928","87.98798798799646","87.98798798799646","87.98798798799646","12.400000000029685","12.400000000029685","12.400000000029685"
"22385.407482803","3.4034034034055543","3.4034034034055543","3.4034034034055543","5.115346038099557","5.115346038099557","5.115346038099557","37.00000000001201","37.00000000001201","37.00000000001201","68.73747494989041","68.73747494989041","68.73747494989041"
"22395.407208753","9.770687936184663","9.770687936184663","9.770687936184663","27.427427427439056","27.427427427439056","27.427427427439056","18.355065195590583","18.355065195590583","18.355065195590583","73.24649298597005","73.24649298597005","73.24649298597005"
"22405.406728062","2.3023023023536253","2.3023023023536253","2.3023023023536253","7.507507507529065","7.507507507529065","7.507507507529065","67.69999999999261","67.69999999999261","67.69999999999261","37.36263736262298","37.36263736262298","37.36263736262298"
"22415.407252312","2.9970029969609535","2.9970029969609535","2.9970029969609535","6.112224448903896","6.112224448903896","6.112224448903896","35.43543543543849","35.43543543543849","35.43543543543849","64.292878635917","64.292878635917","64.292878635917"
"22425.4066417","24.750499001990573","24.750499001990573","24.750499001990573","4.985044865402559","4.985044865402559","4.985044865402559","61.16116116117539","61.16116116117539","61.16116116117539","28.69999999998206","28.69999999998206","28.69999999998206"
"22435.407396188","2.5025025025385177","2.5025025025385177","2.5025025025385177","11.935807422242735","11.935807422242735","11.935807422242735","52.25225225225554","52.25225225225554","52.25225225225554","48.400000000001455","48.400000000001455","48.400000000001455"
"22445.407254504","6.106106106110954","6.106106106110954","6.106106106110954","3.3099297893487436","3.3099297893487436","3.3099297893487436","55.10000000000218","55.10000000000218","55.10000000000218","45.591182364744","45.591182364744","45.591182364744"
"22455.408236636","68.69999999998981","68.69999999998981","68.69999999998981","26.71984047859689","26.71984047859689","26.71984047859689","1.9019019019066954","1.9019019019066954","1.9019019019066954","10.821643286540382","10.821643286540382","10.821643286540382"
"22465.407469366","7.299999999964567","7.299999999964567","7.299999999964567","99.29929929930232","99.29929929930232","99.29929929930232","3.903903903880665","3.903903903880665","3.903903903880665","1.0030090271208987","1.0030090271208987","1.0030090271208987"
"22475.406791419","8.000000000026192","8.000000000026192","8.000000000026192","21.121121121117596","21.121121121117596","21.121121121117596","75.50000000001091","75.50000000001091","75.50000000001091","7.799999999991196","7.799999999991196","7.799999999991196"
"22485.407705217","4.099999999982629","4.099999999982629","4.099999999982629","4.599999999991269","4.599999999991269","4.599999999991269","96.59999999999854","96.59999999999854","96.59999999999854","7.707707707677233","7.707707707677233","7.707707707677233"
"22495.40747793","12.28771228770989","12.28771228770989","12.28771228770989","11.923847695410286","11.923847695410286","11.923847695410286","85.5999999999949","85.5999999999949","85.5999999999949","18.637274549134503","18.637274549134503","18.637274549134503"
"22505.407554966","4.400000000021683","4.400000000021683","4.400000000021683","5.705705705651409","5.705705705651409","5.705705705651409","60.46046046046332","60.46046046046332","60.46046046046332","36.836836836856854","36.836836836856854","36.836836836856854"
"22515.406708128","2.304609218408379","2.304609218408379","2.304609218408379","58.316633266532705","58.316633266532705","58.316633266532705","2.6026026026043705","2.6026026026043705","2.6026026026043705","43.58717434868472","43.58717434868472","43.58717434868472"
"22525.407475021","7.499999999993179","7.499999999993179","7.499999999993179","29.229229229255598","29.229229229255598","29.229229229255598","75.3753753753791","75.3753753753791","75.3753753753791","6.012024048084066","6.012024048084066","6.012024048084066"
"22535.40695151","1.3000000000460932","1.3000000000460932","1.3000000000460932","1.3026052104311054","1.3026052104311054","1.3026052104311054","100","100","100","2.8056112224333476","2.8056112224333476","2.8056112224333476"
"22545.407410055","0.9980039920014018","0.9980039920014018","0.9980039920014018","0.9000000000014552","0.9000000000014552","0.9000000000014552","100","100","100","1.001001001040534","1.001001001040534","1.001001001040534"
"22555.406674064","2.3976023975674","2.3976023975674","2.3976023975674","11.311311311319695","11.311311311319695","11.311311311319695","100","100","100","3.1062124248276377","3.1062124248276377","3.1062124248276377"
"22565.4071809","1.3013013013312995","1.3013013013312995","1.3013013013312995","0.6018054162618122","0.6018054162618122","0.6018054162618122","100","100","100","0.9018036071977","0.9018036071977","0.9018036071977"
"22575.407228377","0.9009009009025413","0.9009009009025413","0.9009009009025413","14.385614385572488","14.385614385572488","14.385614385572488","12.224448897789564","12.224448897789564","12.224448897789564","75.15030060121475","75.15030060121475","75.15030060121475"
"22585.407133789","9.900000000012406","9.900000000012406","9.900000000012406","100","100","100","4.804804804783207","4.804804804783207","4.804804804783207","1.6016016015464305","1.6016016015464305","1.6016016015464305"
"22595.406896399","21.142284569108046","21.142284569108046","21.142284569108046","12.312312312342385","12.312312312342385","12.312312312342385","68.49999999999218","68.49999999999218","68.49999999999218","1.002004008001495","1.002004008001495","1.002004008001495"
"22605.407331868","25.774225774237973","25.774225774237973","25.774225774237973","0.8016032063939053","0.8016032063939053","0.8016032063939053","75.3999999999995","75.3999999999995","75.3999999999995","0.7021063189721141","0.7021063189721141","0.7021063189721141"
"22615.407082628","3.7111334001899516","3.7111334001899516","3.7111334001899516","2.1978021977960074","2.1978021977960074","2.1978021977960074","22.522522522508908","22.522522522508908","22.522522522508908","88.61138861139675","88.61138861139675","88.61138861139675"
"22775.407807522","2.078247261345813","2.078247261345813","2.078247261345813","3.1287153494758426","3.1287153494758426","3.1287153494758426","2.303166854427258","2.303166854427258","2.303166854427258","1.4339386349410537","1.4339386349410537","1.4339386349410537"
"22785.407658778","8.4337349397924","8.4337349397924","8.4337349397924","28.514056224919255","28.514056224919255","28.514056224919255","15.0451354061549","15.0451354061549","15.0451354061549","22.59036144576685","22.59036144576685","22.59036144576685"
"22825.407386273","1.7530678687671923","1.7530678687671923","1.7530678687671923","2.7020265198821845","2.7020265198821845","2.7020265198821845","6.28442663997321","6.28442663997321","6.28442663997321","8.418942620898507","8.418942620898507","8.418942620898507"
"22895.407537693","4.273870783301237","4.273870783301237","4.273870783301237","3.7779049799628153","3.7779049799628153","3.7779049799628153","7.611961654022596","7.611961654022596","7.611961654022596","4.064691570056345","4.064691570056345","4.064691570056345"
"23165.406787955","2.1946246524562576","2.1946246524562576","2.1946246524562576","2.273232960025094","2.273232960025094","2.273232960025094","2.767883645000812","2.767883645000812","2.767883645000812","4.7085451374712495","4.7085451374712495","4.7085451374712495"
"23175.406980827","35.90000000001341","35.90000000001341","35.90000000001341","5.511022044069466","5.511022044069466","5.511022044069466","4.9147442326788795","4.9147442326788795","4.9147442326788795","10.351758793975673","10.351758793975673","10.351758793975673"
"23735.407641846","1.752378227594864","1.752378227594864","1.752378227594864","1.7902813299238671","1.7902813299238671","1.7902813299238671","2.2440768886897695","2.2440768886897695","2.2440768886897695","1.847942754920125","1.847942754920125","1.847942754920125"
"23745.407318281","83.29999999998485","83.29999999998485","83.29999999998485","12.82565130260322","12.82565130260322","12.82565130260322","22.389558232957654","22.389558232957654","22.389558232957654","10.775427995968556","10.775427995968556","10.775427995968556"
"23755.408294165","60.80000000002036","60.80000000002036","60.80000000002036","53.90781563126142","53.90781563126142","53.90781563126142","38.04238143288267","38.04238143288267","38.04238143288267","41.72661870501082","41.72661870501082","41.72661870501082"
"23765.40680747","46.518668012094885","46.518668012094885","46.518668012094885","35.59150657226887","35.59150657226887","35.59150657226887","38.39918946301363","38.39918946301363","38.39918946301363","32.26473629784911","32.26473629784911","32.26473629784911"
"23775.407625924","42.292089249504436","42.292089249504436","42.292089249504436","42.1159715157992","42.1159715157992","42.1159715157992","37.75510204080344","37.75510204080344","37.75510204080344","44.88107549122146","44.88107549122146","44.88107549122146"
"23785.406790696","46.928499496483894","46.928499496483894","46.928499496483894","44.88752556236693","44.88752556236693","44.88752556236693","45.23326572008982","45.23326572008982","45.23326572008982","45.61403508770744","45.61403508770744","45.61403508770744"
"23795.406974348","31.584258324898475","31.584258324898475","31.584258324898475","32.93293293291653","32.93293293291653","32.93293293291653","30.399181166847818","30.399181166847818","30.399181166847818","30.864197530879217","30.864197530879217","30.864197530879217"
"23805.406690347","28.000000000025736","28.000000000025736","28.000000000025736","64.5226130653318","64.5226130653318","64.5226130653318","24.24547283703329","24.24547283703329","24.24547283703329","22.765072765042653","22.765072765042653","22.765072765042653"
"23815.407455855","9.06344410876427","9.06344410876427","9.06344410876427","32.19315895371102","32.19315895371102","32.19315895371102","13.96761133600958","13.96761133600958","13.96761133600958","73.90862944164193","73.90862944164193","73.90862944164193"
"23825.407355107","10.88911088908397","10.88911088908397","10.88911088908397","23.239436619697948","23.239436619697948","23.239436619697948","54.36308926779779","54.36308926779779","54.36308926779779","27.021494370542015","27.021494370542015","27.021494370542015"
"23835.407687123","22.389558232936153","22.389558232936153","22.389558232936153","27.683049147486894","27.683049147486894","27.683049147486894","58.65865865864318","58.65865865864318","58.65865865864318","25.38071065988376","25.38071065988376","25.38071065988376"
"23845.407053491","34.80441323972776","34.80441323972776","34.80441323972776","36.93239152368496","36.93239152368496","36.93239152368496","66.86746987954668","66.86746987954668","66.86746987954668","32.54620123202173","32.54620123202173","32.54620123202173"
"23855.407325606","29.919678714845777","29.919678714845777","29.919678714845777","31.818181818171375","31.818181818171375","31.818181818171375","31.35080645160595","31.35080645160595","31.35080645160595","43.531827515409695","43.531827515409695","43.531827515409695"
"23865.406814173","24.69879518074847","24.69879518074847","24.69879518074847","32.222222222256725","32.222222222256725","32.222222222256725","26.545086119546625","26.545086119546625","26.545086119546625","37.10174717371596","37.10174717371596","37.10174717371596"
"23875.407331901","23.660262891810476","23.660262891810476","23.660262891810476","28.44221105524284","28.44221105524284","28.44221105524284","27.447023208873716","27.447023208873716","27.447023208873716","29.115226337406895","29.115226337406895","29.115226337406895"
"23885.407380541","31.822660098491312","31.822660098491312","31.822660098491312","31.959798995004913","31.959798995004913","31.959798995004913","31.71717171717955","31.71717171717955","31.71717171717955","35.85291113382762","35.85291113382762","35.85291113382762"
"23895.406863465","38.300000000006094","38.300000000006094","38.300000000006094","40.9456740442556","40.9456740442556","40.9456740442556","42.74193548387629","42.74193548387629","42.74193548387629","38.610827374871334","38.610827374871334","38.610827374871334"
"23905.4065573","20.00000000001801","20.00000000001801","20.00000000001801","21.912350597614903","21.912350597614903","21.912350597614903","18.970736629659203","18.970736629659203","18.970736629659203","18.575851393195656","18.575851393195656","18.575851393195656"
"23915.406971968","25.295275590544204","25.295275590544204","25.295275590544204","25.944333996021747","25.944333996021747","25.944333996021747","44.77911646586052","44.77911646586052","44.77911646586052","22.3232323232468","22.3232323232468","22.3232323232468"
"23925.406736727","14.271844660216898","14.271844660216898","14.271844660216898","63.136863136879406","63.136863136879406","63.136863136879406","13.239719157504442","13.239719157504442","13.239719157504442","26.84903748734298","26.84903748734298","26.84903748734298"
"23935.410319101","21.834496510442204","21.834496510442204","21.834496510442204","26.606425702809926","26.606425702809926","26.606425702809926","47.84353059175508","47.84353059175508","47.84353059175508","15.562248995898049","15.562248995898049","15.562248995898049"
"23945.406595904","27.470355731256113","27.470355731256113","27.470355731256113","17.017017017029033","17.017017017029033","17.017017017029033","33.567134268523965","33.567134268523965","33.567134268523965","17.997977755394793","17.997977755394793","17.997977755394793"
"23955.406882932","21.905697445941904","21.905697445941904","21.905697445941904","27.88844621509563","27.88844621509563","27.88844621509563","16.733466933869195","16.733466933869195","16.733466933869195","16.361788617873366","16.361788617873366","16.361788617873366"
"23965.407479799","17.1232876712465","17.1232876712465","17.1232876712465","12.28771228772352","12.28771228772352","12.28771228772352","32.7983951855327","32.7983951855327","32.7983951855327","16.312056737577805","16.312056737577805","16.312056737577805"
"23975.408031945","86.11955420465105","86.11955420465105","86.11955420465105","88.77654196155655","88.77654196155655","88.77654196155655","87.36097067745123","87.36097067745123","87.36097067745123","88.6639676113291","88.6639676113291","88.6639676113291"
"23985.408144969","78.76016260162716","78.76016260162716","78.76016260162716","78.51323828921302","78.51323828921302","78.51323828921302","79.22998986830062","79.22998986830062","79.22998986830062","79.85829959513858","79.85829959513858","79.85829959513858"
"23995.411854857","86.98770491802618","86.98770491802618","86.98770491802618","92.51769464103769","92.51769464103769","92.51769464103769","91.69199594731718","91.69199594731718","91.69199594731718","91.78498985803627","91.78498985803627","91.78498985803627"
"24005.408534336","83.87755102042627","83.87755102042627","83.87755102042627","86.55804480651987","86.55804480651987","86.55804480651987","86.89024390244883","86.89024390244883","86.89024390244883","85.62691131498278","85.62691131498278","85.62691131498278"
"24015.407380033","84.339815762551","84.339815762551","84.339815762551","88.26530612247502","88.26530612247502","88.26530612247502","87.80487804877778","87.80487804877778","87.80487804877778","85.96311475407968","85.96311475407968","85.96311475407968"
"24025.407155644","1.7017017016686369","1.7017017016686369","1.7017017016686369","75.57557557555619","75.57557557555619","75.57557557555619","1.1011011010707359","1.1011011010707359","1.1011011010707359","15.115115115114877","15.115115115114877","15.115115115114877"
"24035.406643441","15.631262525062766","15.631262525062766","15.631262525062766","49.30000000000266","49.30000000000266","49.30000000000266","21.743486973949576","21.743486973949576","21.743486973949576","12.899999999977044","12.899999999977044","12.899999999977044"
"24185.407186123","2.6159492826158712","2.6159492826158712","2.6159492826158712","3.8723461076248773","3.8723461076248773","3.8723461076248773","2.517024969955032","2.517024969955032","2.517024969955032","3.3012563485690385","3.3012563485690385","3.3012563485690385"
"24195.407022191","37.53753753752243","37.53753753752243","37.53753753752243","48.09236947790637","48.09236947790637","48.09236947790637","64.05622489961424","64.05622489961424","64.05622489961424","49.18864097361287","49.18864097361287","49.18864097361287"
"24205.40724049","26.980942828491976","26.980942828491976","26.980942828491976","29.547738693465725","29.547738693465725","29.547738693465725","89.73843058348447","89.73843058348447","89.73843058348447","31.30081300816585","31.30081300816585","31.30081300816585"
"24215.407030395","12.012012012024197","12.012012012024197","12.012012012024197","12.16080402010912","12.16080402010912","12.16080402010912","10.987903225758872","10.987903225758872","10.987903225758872","14.78439425049747","14.78439425049747","14.78439425049747"
"24225.406642197","31.168831168835066","31.168831168835066","31.168831168835066","37.349397590380974","37.349397590380974","37.349397590380974","68.71227364185259","68.71227364185259","68.71227364185259","26.876267748510323","26.876267748510323","26.876267748510323"
"24235.407221463","15.202369200367013","15.202369200367013","15.202369200367013","16.81681681680793","16.81681681680793","16.81681681680793","32.16080402008066","32.16080402008066","32.16080402008066","16.563786008215743","16.563786008215743","16.563786008215743"
"24365.406742104","4.134904134905018","4.134904134905018","4.134904134905018","4.029586254716809","4.029586254716809","4.029586254716809","3.0753815322992737","3.0753815322992737","3.0753815322992737","2.722925023141523","2.722925023141523","2.722925023141523"
"24375.406875364","6.0240963855417835","6.0240963855417835","6.0240963855417835","12.977867203216084","12.977867203216084","12.977867203216084","14.429868819346106","14.429868819346106","14.429868819346106","12.234580384218383","12.234580384218383","12.234580384218383"
"24385.407327111","15.83166332668395","15.83166332668395","15.83166332668395","13.768844221107996","13.768844221107996","13.768844221107996","38.453815261091776","38.453815261091776","38.453815261091776","15.175879396986009","15.175879396986009","15.175879396986009"
"24435.407243062","7.889467360826942","7.889467360826942","7.889467360826942","2.904647435904249","2.904647435904249","2.904647435904249","6.420545746376223","6.420545746376223","6.420545746376223","5.535499398312411","5.535499398312411","5.535499398312411"
"24445.406518244","4.391217564858592","4.391217564858592","4.391217564858592","41.00000000000364","41.00000000000364","41.00000000000364","44.73420260780757","44.73420260780757","44.73420260780757","26.479438314962735","26.479438314962735","26.479438314962735"
"24455.407107524","1.5000000000725777","1.5000000000725777","1.5000000000725777","1.3026052103946526","1.3026052103946526","1.3026052103946526","1.8036072144852169","1.8036072144852169","1.8036072144852169","100","100","100"