"Relative Time (Process)","StudyAbroadGPT-7B - system/proc.memory.rssMB","StudyAbroadGPT-7B - system/proc.memory.rssMB__MIN","StudyAbroadGPT-7B - system/proc.memory.rssMB__MAX"
"15.410223","3017.3359375","3017.3359375","3017.3359375"
"25.406978745","1519.76171875","1519.76171875","1519.76171875"
"35.408453986","1656.390625","1656.390625","1656.390625"
"45.407444348","1874.8984375","1874.8984375","1874.8984375"
"55.406852886","1913.390625","1913.390625","1913.390625"
"65.406193778","1921.52734375","1921.52734375","1921.52734375"
"75.406841306","2852.27734375","2852.27734375","2852.27734375"
"85.406630062","2916.1484375","2916.1484375","2916.1484375"
"95.406276047","3428.2734375","3428.2734375","3428.2734375"
"105.406984127","3428.2734375","3428.2734375","3428.2734375"
"115.406323589","3428.2734375","3428.2734375","3428.2734375"
"125.407373932","3428.2734375","3428.2734375","3428.2734375"
"135.406545723","3497.3984375","3497.3984375","3497.3984375"
"145.406816144","3497.3984375","3497.3984375","3497.3984375"
"155.406371646","3497.3984375","3497.3984375","3497.3984375"
"165.407719157","3497.3984375","3497.3984375","3497.3984375"
"175.407352265","3497.3984375","3497.3984375","3497.3984375"
"185.406600674","3497.3984375","3497.3984375","3497.3984375"
"195.407174218","3497.5234375","3497.5234375","3497.5234375"
"205.407132453","3498.3984375","3498.3984375","3498.3984375"
"215.407198101","3498.3984375","3498.3984375","3498.3984375"
"225.406682956","3498.3984375","3498.3984375","3498.3984375"
"235.406366898","3498.3984375","3498.3984375","3498.3984375"
"245.407034068","3498.3984375","3498.3984375","3498.3984375"
"255.406765561","3498.3984375","3498.3984375","3498.3984375"
"265.407298952","3498.3984375","3498.3984375","3498.3984375"
"275.407474001","3498.3984375","3498.3984375","3498.3984375"
"285.406517297","3505.3046875","3505.3046875","3505.3046875"
"295.406588472","3505.4296875","3505.4296875","3505.4296875"
"305.40654223","3505.4296875","3505.4296875","3505.4296875"
"315.406970831","3505.4296875","3505.4296875","3505.4296875"
"325.407017059","3505.4296875","3505.4296875","3505.4296875"
"335.406449192","3505.4296875","3505.4296875","3505.4296875"
"345.406837925","3505.4296875","3505.4296875","3505.4296875"
"355.406969622","3506.1796875","3506.1796875","3506.1796875"
"365.407736436","3506.3046875","3506.3046875","3506.3046875"
"375.40674994","3506.3046875","3506.3046875","3506.3046875"
"385.406797822","3506.3046875","3506.3046875","3506.3046875"
"395.40666899","3506.3046875","3506.3046875","3506.3046875"
"405.406911127","3506.3046875","3506.3046875","3506.3046875"
"415.406829961","3507.1796875","3507.1796875","3507.1796875"
"425.406391218","3507.1796875","3507.1796875","3507.1796875"
"435.406634428","3507.1796875","3507.1796875","3507.1796875"
"445.40653001","3507.1796875","3507.1796875","3507.1796875"
"455.40693328","3507.1796875","3507.1796875","3507.1796875"
"465.406943913","3507.1796875","3507.1796875","3507.1796875"
"475.406865378","3507.1796875","3507.1796875","3507.1796875"
"485.406918766","3507.1796875","3507.1796875","3507.1796875"
"495.407262296","3507.1796875","3507.1796875","3507.1796875"
"505.406943247","3507.8046875","3507.8046875","3507.8046875"
"515.407224082","3507.8046875","3507.8046875","3507.8046875"
"525.407274668","3507.8046875","3507.8046875","3507.8046875"
"535.407225197","3507.8046875","3507.8046875","3507.8046875"
"545.406800546","3507.8046875","3507.8046875","3507.8046875"
"555.407052496","3507.8046875","3507.8046875","3507.8046875"
"565.406496763","3507.9296875","3507.9296875","3507.9296875"
"575.407560477","3507.9296875","3507.9296875","3507.9296875"
"585.406663318","3508.0546875","3508.0546875","3508.0546875"
"595.406153217","3508.0546875","3508.0546875","3508.0546875"
"605.406846308","3508.0546875","3508.0546875","3508.0546875"
"615.406435529","3508.0546875","3508.0546875","3508.0546875"
"625.406670399","3508.0546875","3508.0546875","3508.0546875"
"635.406716948","3508.1796875","3508.1796875","3508.1796875"
"645.407051165","3508.3046875","3508.3046875","3508.3046875"
"655.406543738","3508.3046875","3508.3046875","3508.3046875"
"665.40724907","3508.3046875","3508.3046875","3508.3046875"
"675.406472865","3508.3046875","3508.3046875","3508.3046875"
"685.406938564","3508.3046875","3508.3046875","3508.3046875"
"695.406439409","3508.3046875","3508.3046875","3508.3046875"
"705.406338057","3508.3046875","3508.3046875","3508.3046875"
"715.407088469","3508.3046875","3508.3046875","3508.3046875"
"725.406659741","3508.6796875","3508.6796875","3508.6796875"
"735.407219713","3508.6796875","3508.6796875","3508.6796875"
"745.406637883","3508.6796875","3508.6796875","3508.6796875"
"755.406736055","3508.6796875","3508.6796875","3508.6796875"
"765.406980472","3508.6796875","3508.6796875","3508.6796875"
"775.406787535","3508.6796875","3508.6796875","3508.6796875"
"785.40627104","3508.6796875","3508.6796875","3508.6796875"
"795.407027841","3508.6796875","3508.6796875","3508.6796875"
"805.406485018","3508.9296875","3508.9296875","3508.9296875"
"815.40643358","3508.9296875","3508.9296875","3508.9296875"
"825.406628695","3508.9296875","3508.9296875","3508.9296875"
"835.407164717","3508.9296875","3508.9296875","3508.9296875"
"845.406837488","3508.9296875","3508.9296875","3508.9296875"
"855.406438134","3508.9296875","3508.9296875","3508.9296875"
"865.407693807","3508.9296875","3508.9296875","3508.9296875"
"875.407288439","3508.9296875","3508.9296875","3508.9296875"
"885.406562885","3509.5546875","3509.5546875","3509.5546875"
"895.407135077","3509.5546875","3509.5546875","3509.5546875"
"905.407176129","3509.5546875","3509.5546875","3509.5546875"
"915.407488517","3509.5546875","3509.5546875","3509.5546875"
"925.406861125","3509.5546875","3509.5546875","3509.5546875"
"935.406588446","3509.5546875","3509.5546875","3509.5546875"
"945.406650735","3509.5546875","3509.5546875","3509.5546875"
"955.406705215","3510.0546875","3510.0546875","3510.0546875"
"965.40658359","3510.0546875","3510.0546875","3510.0546875"
"975.406971255","3510.0546875","3510.0546875","3510.0546875"
"985.407023141","3510.0546875","3510.0546875","3510.0546875"
"995.40634297","3510.0546875","3510.0546875","3510.0546875"
"1005.406452494","3510.0546875","3510.0546875","3510.0546875"
"1015.406707104","3510.0546875","3510.0546875","3510.0546875"
"1025.406630375","3510.4296875","3510.4296875","3510.4296875"
"1035.407237457","3510.4296875","3510.4296875","3510.4296875"
"1045.407124184","3510.4296875","3510.4296875","3510.4296875"
"1055.406556757","3510.4296875","3510.4296875","3510.4296875"
"1065.407643991","3510.4296875","3510.4296875","3510.4296875"
"1075.406824846","3510.4296875","3510.4296875","3510.4296875"
"1085.407209019","3510.4296875","3510.4296875","3510.4296875"
"1095.406933599","3510.8046875","3510.8046875","3510.8046875"
"1105.406703227","3510.8046875","3510.8046875","3510.8046875"
"1165.407112572","3510.8046875","3510.8046875","3510.8046875"
"1175.406875112","3602.109375","3602.109375","3602.109375"
"1185.407041055","3642.8671875","3642.8671875","3642.8671875"
"1195.406370629","3642.8671875","3642.8671875","3642.8671875"
"1205.40636543","3642.8671875","3642.8671875","3642.8671875"
"1215.406963807","3642.8671875","3642.8671875","3642.8671875"
"1225.406948283","3642.8671875","3642.8671875","3642.8671875"
"1235.407162393","3642.8671875","3642.8671875","3642.8671875"
"1245.406384636","3642.8671875","3642.8671875","3642.8671875"
"1255.407235222","3642.8671875","3642.8671875","3642.8671875"
"1265.407148214","3643.9921875","3643.9921875","3643.9921875"
"1275.406935624","3643.9921875","3643.9921875","3643.9921875"
"1285.406939078","3643.9921875","3643.9921875","3643.9921875"
"1295.406679097","3643.9921875","3643.9921875","3643.9921875"
"1305.406353942","3643.9921875","3643.9921875","3643.9921875"
"1315.406936973","3643.9921875","3643.9921875","3643.9921875"
"1325.406898518","3643.9921875","3643.9921875","3643.9921875"
"1335.406882415","3643.9921875","3643.9921875","3643.9921875"
"1345.40700003","3644.8671875","3644.8671875","3644.8671875"
"1355.40734328","3644.8671875","3644.8671875","3644.8671875"
"1365.406790409","3644.8671875","3644.8671875","3644.8671875"
"1375.406868093","3644.8671875","3644.8671875","3644.8671875"
"1385.407082038","3644.8671875","3644.8671875","3644.8671875"
"1395.406320693","3644.8671875","3644.8671875","3644.8671875"
"1405.406725011","3644.8671875","3644.8671875","3644.8671875"
"1415.406640711","3645.4921875","3645.4921875","3645.4921875"
"1425.406578196","3645.4921875","3645.4921875","3645.4921875"
"1435.406742755","3645.4921875","3645.4921875","3645.4921875"
"1445.407174984","3645.4921875","3645.4921875","3645.4921875"
"1455.407270029","3645.4921875","3645.4921875","3645.4921875"
"1465.40679101","3645.4921875","3645.4921875","3645.4921875"
"1475.407029334","3645.4921875","3645.4921875","3645.4921875"
"1485.407217956","3645.4921875","3645.4921875","3645.4921875"
"1495.4065448","3646.2421875","3646.2421875","3646.2421875"
"1505.406793373","3646.2421875","3646.2421875","3646.2421875"
"1515.406334512","3646.2421875","3646.2421875","3646.2421875"
"1525.406919474","3646.2421875","3646.2421875","3646.2421875"
"1535.406502674","3646.3671875","3646.3671875","3646.3671875"
"1545.406337384","3646.3671875","3646.3671875","3646.3671875"
"1555.40724925","3647.1171875","3647.1171875","3647.1171875"
"1565.407307868","3647.1171875","3647.1171875","3647.1171875"
"1575.40676159","3647.1171875","3647.1171875","3647.1171875"
"1585.407043229","3647.1171875","3647.1171875","3647.1171875"
"1595.406620447","3647.1171875","3647.1171875","3647.1171875"
"1605.40673436","3647.1171875","3647.1171875","3647.1171875"
"1615.406601734","3647.1171875","3647.1171875","3647.1171875"
"1625.407105875","3647.1171875","3647.1171875","3647.1171875"
"1635.406893213","3647.6171875","3647.6171875","3647.6171875"
"1645.406383476","3647.6171875","3647.6171875","3647.6171875"
"1655.407405319","3647.6171875","3647.6171875","3647.6171875"
"1665.406810637","3647.6171875","3647.6171875","3647.6171875"
"1675.406987797","3647.7421875","3647.7421875","3647.7421875"
"1685.40643714","3647.7421875","3647.7421875","3647.7421875"
"1695.406799708","3647.7421875","3647.7421875","3647.7421875"
"1705.407097075","3647.7421875","3647.7421875","3647.7421875"
"1715.407094226","3647.8671875","3647.8671875","3647.8671875"
"1725.406929348","3647.8671875","3647.8671875","3647.8671875"
"1735.406828695","3647.8671875","3647.8671875","3647.8671875"
"1745.407481183","3647.8671875","3647.8671875","3647.8671875"
"1755.406728264","3647.9921875","3647.9921875","3647.9921875"
"1765.40750405","3647.9921875","3647.9921875","3647.9921875"
"1775.406670408","3648.3671875","3648.3671875","3648.3671875"
"1785.406480472","3648.3671875","3648.3671875","3648.3671875"
"1795.406619248","3648.3671875","3648.3671875","3648.3671875"
"1805.406994506","3648.3671875","3648.3671875","3648.3671875"
"1815.407171428","3648.3671875","3648.3671875","3648.3671875"
"1825.406579612","3648.3671875","3648.3671875","3648.3671875"
"1835.406180047","3648.3671875","3648.3671875","3648.3671875"
"1845.406948645","3648.3671875","3648.3671875","3648.3671875"
"1855.406876305","3648.3671875","3648.3671875","3648.3671875"
"1865.406640966","3648.8671875","3648.8671875","3648.8671875"
"1875.406731704","3648.8671875","3648.8671875","3648.8671875"
"1885.406597234","3648.8671875","3648.8671875","3648.8671875"
"1895.406243972","3648.8671875","3648.8671875","3648.8671875"
"1905.407251285","3648.8671875","3648.8671875","3648.8671875"
"1915.406973123","3648.8671875","3648.8671875","3648.8671875"
"1925.406899991","3648.8671875","3648.8671875","3648.8671875"
"1935.407009867","3649.3671875","3649.3671875","3649.3671875"
"1945.406297888","3649.3671875","3649.3671875","3649.3671875"
"1955.407454506","3649.3671875","3649.3671875","3649.3671875"
"1965.406734335","3649.3671875","3649.3671875","3649.3671875"
"1975.406446077","3649.3671875","3649.3671875","3649.3671875"
"1985.407187334","3649.3671875","3649.3671875","3649.3671875"
"1995.406999636","3649.3671875","3649.3671875","3649.3671875"
"2005.406730398","3649.3671875","3649.3671875","3649.3671875"
"2015.406597359","3649.9921875","3649.9921875","3649.9921875"
"2025.406902889","3649.9921875","3649.9921875","3649.9921875"
"2035.407269235","3649.9921875","3649.9921875","3649.9921875"
"2045.406494688","3649.9921875","3649.9921875","3649.9921875"
"2055.406329412","3649.9921875","3649.9921875","3649.9921875"
"2065.40693687","3649.9921875","3649.9921875","3649.9921875"
"2075.406338214","3649.9921875","3649.9921875","3649.9921875"
"2085.407641002","3650.6171875","3650.6171875","3650.6171875"
"2095.407752015","3650.6171875","3650.6171875","3650.6171875"
"2105.406268638","3650.6171875","3650.6171875","3650.6171875"
"2115.40730567","3650.6171875","3650.6171875","3650.6171875"
"2125.406515154","3650.6171875","3650.6171875","3650.6171875"
"2135.406630811","3650.6171875","3650.6171875","3650.6171875"
"2145.406936655","3650.6171875","3650.6171875","3650.6171875"
"2155.407115701","3650.6171875","3650.6171875","3650.6171875"
"2165.406380292","3650.7421875","3650.7421875","3650.7421875"
"2175.406902411","3650.7421875","3650.7421875","3650.7421875"
"2185.407459462","3650.7421875","3650.7421875","3650.7421875"
"2195.406306923","3650.7421875","3650.7421875","3650.7421875"
"2205.406602904","3650.7421875","3650.7421875","3650.7421875"
"2215.406820665","3650.7421875","3650.7421875","3650.7421875"
"2225.406518881","3650.7421875","3650.7421875","3650.7421875"
"2235.406350806","3651.1171875","3651.1171875","3651.1171875"
"2245.406205664","3651.1171875","3651.1171875","3651.1171875"
"2255.406919574","3651.1171875","3651.1171875","3651.1171875"
"2265.406525967","3651.1171875","3651.1171875","3651.1171875"
"2275.406555069","3651.1171875","3651.1171875","3651.1171875"
"2285.406215813","3651.1171875","3651.1171875","3651.1171875"
"2295.407234237","3651.1171875","3651.1171875","3651.1171875"
"2305.407438154","3651.4921875","3651.4921875","3651.4921875"
"2315.406483867","3651.4921875","3651.4921875","3651.4921875"
"2325.406881307","3651.4921875","3651.4921875","3651.4921875"
"2335.406815589","3651.4921875","3651.4921875","3651.4921875"
"2345.407204279","3651.4921875","3651.4921875","3651.4921875"
"2355.406812187","3651.4921875","3651.4921875","3651.4921875"
"2365.406614649","3651.4921875","3651.4921875","3651.4921875"
"2375.406583218","3651.6171875","3651.6171875","3651.6171875"
"2385.406687178","3651.6171875","3651.6171875","3651.6171875"
"2395.406992119","3651.6171875","3651.6171875","3651.6171875"
"2405.406561084","3651.6171875","3651.6171875","3651.6171875"
"2415.406919532","3651.6171875","3651.6171875","3651.6171875"
"2425.406792362","3651.6171875","3651.6171875","3651.6171875"
"2435.406741729","3651.6171875","3651.6171875","3651.6171875"
"2445.406571047","3651.6171875","3651.6171875","3651.6171875"
"2455.406771095","3651.6171875","3651.6171875","3651.6171875"
"2465.406964833","3651.8671875","3651.8671875","3651.8671875"
"2475.406839884","3651.8671875","3651.8671875","3651.8671875"
"2485.407656378","3651.8671875","3651.8671875","3651.8671875"
"2495.406855591","3651.8671875","3651.8671875","3651.8671875"
"2505.406579599","3651.8671875","3651.8671875","3651.8671875"
"2515.406647756","3651.8671875","3651.8671875","3651.8671875"
"2525.407199567","3651.8671875","3651.8671875","3651.8671875"
"2535.407166243","3651.8671875","3651.8671875","3651.8671875"
"2545.406257275","3651.8671875","3651.8671875","3651.8671875"
"2555.407041166","3651.8671875","3651.8671875","3651.8671875"
"2565.407006573","3651.8671875","3651.8671875","3651.8671875"
"2575.406499668","3651.8671875","3651.8671875","3651.8671875"
"2585.40714405","3651.8671875","3651.8671875","3651.8671875"
"2595.40721035","3651.8671875","3651.8671875","3651.8671875"
"2605.406956912","3651.8671875","3651.8671875","3651.8671875"
"2615.406562307","3651.8671875","3651.8671875","3651.8671875"
"2625.406960111","3651.8671875","3651.8671875","3651.8671875"
"2635.409090392","3652.1171875","3652.1171875","3652.1171875"
"2645.406978964","3652.1171875","3652.1171875","3652.1171875"
"2655.407007681","3652.1171875","3652.1171875","3652.1171875"
"2665.407245939","3652.1171875","3652.1171875","3652.1171875"
"2675.407242651","3652.1171875","3652.1171875","3652.1171875"
"2685.407193631","3652.1171875","3652.1171875","3652.1171875"
"2695.406887284","3652.1171875","3652.1171875","3652.1171875"
"2705.40722134","3652.2421875","3652.2421875","3652.2421875"
"2715.406844886","3652.2421875","3652.2421875","3652.2421875"
"2725.406863519","3652.2421875","3652.2421875","3652.2421875"
"2735.406584006","3652.2421875","3652.2421875","3652.2421875"
"2745.406922612","3652.2421875","3652.2421875","3652.2421875"
"2755.407155593","3652.2421875","3652.2421875","3652.2421875"
"2765.406974625","3652.2421875","3652.2421875","3652.2421875"
"2775.40624631","3652.2421875","3652.2421875","3652.2421875"
"2785.406856758","3652.4921875","3652.4921875","3652.4921875"
"2795.407087827","3652.4921875","3652.4921875","3652.4921875"
"2805.406315927","3652.4921875","3652.4921875","3652.4921875"
"2815.40624812","3652.4921875","3652.4921875","3652.4921875"
"2825.40759978","3652.4921875","3652.4921875","3652.4921875"
"2835.407233834","3652.4921875","3652.4921875","3652.4921875"
"2845.406230916","3652.4921875","3652.4921875","3652.4921875"
"2855.406471648","3652.7421875","3652.7421875","3652.7421875"
"2865.407433396","3652.7421875","3652.7421875","3652.7421875"
"2875.406342889","3652.7421875","3652.7421875","3652.7421875"
"2885.406246901","3652.7421875","3652.7421875","3652.7421875"
"2895.406298814","3652.7421875","3652.7421875","3652.7421875"
"2905.406511722","3652.7421875","3652.7421875","3652.7421875"
"2915.407338884","3652.7421875","3652.7421875","3652.7421875"
"2925.406931869","3652.7421875","3652.7421875","3652.7421875"
"2935.407025422","3652.9921875","3652.9921875","3652.9921875"
"2945.406680236","3652.9921875","3652.9921875","3652.9921875"
"2955.406494472","3652.9921875","3652.9921875","3652.9921875"
"2965.406930011","3652.9921875","3652.9921875","3652.9921875"
"2975.406349197","3652.9921875","3652.9921875","3652.9921875"
"2985.407175767","3652.9921875","3652.9921875","3652.9921875"
"2995.4072107","3652.9921875","3652.9921875","3652.9921875"
"3005.406988012","3653.2421875","3653.2421875","3653.2421875"
"3015.407262897","3653.2421875","3653.2421875","3653.2421875"
"3025.406639082","3653.2421875","3653.2421875","3653.2421875"
"3035.406576152","3653.2421875","3653.2421875","3653.2421875"
"3045.408159004","3653.2421875","3653.2421875","3653.2421875"
"3055.406913234","3653.2421875","3653.2421875","3653.2421875"
"3065.406578197","3653.2421875","3653.2421875","3653.2421875"
"3075.406841656","3653.2421875","3653.2421875","3653.2421875"
"3085.406775685","3653.4921875","3653.4921875","3653.4921875"
"3095.406600093","3653.4921875","3653.4921875","3653.4921875"
"3105.406254055","3653.4921875","3653.4921875","3653.4921875"
"3115.40697323","3653.4921875","3653.4921875","3653.4921875"
"3125.406506711","3653.4921875","3653.4921875","3653.4921875"
"3135.406455099","3653.4921875","3653.4921875","3653.4921875"
"3145.407303875","3653.4921875","3653.4921875","3653.4921875"
"3155.407191858","3653.4921875","3653.4921875","3653.4921875"
"3165.406723035","3653.7421875","3653.7421875","3653.7421875"
"3175.407232459","3653.7421875","3653.7421875","3653.7421875"
"3185.406650557","3653.7421875","3653.7421875","3653.7421875"
"3195.406443541","3653.7421875","3653.7421875","3653.7421875"
"3205.407075558","3653.7421875","3653.7421875","3653.7421875"
"3215.407481994","3653.7421875","3653.7421875","3653.7421875"
"3225.406986683","3653.7421875","3653.7421875","3653.7421875"
"3235.406189804","3653.8671875","3653.8671875","3653.8671875"
"3245.40733569","3653.8671875","3653.8671875","3653.8671875"
"3255.406531437","3653.8671875","3653.8671875","3653.8671875"
"3265.406384602","3653.8671875","3653.8671875","3653.8671875"
"3275.406900136","3653.8671875","3653.8671875","3653.8671875"
"3285.406717762","3653.8671875","3653.8671875","3653.8671875"
"3295.407014351","3653.8671875","3653.8671875","3653.8671875"
"3305.406755027","3653.8671875","3653.8671875","3653.8671875"
"3315.406256098","3653.8671875","3653.8671875","3653.8671875"
"3325.40660559","3653.8671875","3653.8671875","3653.8671875"
"3335.406806697","3653.8671875","3653.8671875","3653.8671875"
"3345.40636741","3653.8671875","3653.8671875","3653.8671875"
"3355.407174108","3653.8671875","3653.8671875","3653.8671875"
"3365.406699007","3653.8671875","3653.8671875","3653.8671875"
"3375.406428405","3653.8671875","3653.8671875","3653.8671875"
"3385.406859068","3653.9921875","3653.9921875","3653.9921875"
"3395.40629389","3653.9921875","3653.9921875","3653.9921875"
"3405.407335869","3653.9921875","3653.9921875","3653.9921875"
"3415.406772879","3653.9921875","3653.9921875","3653.9921875"
"3425.407237292","3653.9921875","3653.9921875","3653.9921875"
"3435.406888396","3653.9921875","3653.9921875","3653.9921875"
"3445.406790031","3653.9921875","3653.9921875","3653.9921875"
"3455.40659598","3653.9921875","3653.9921875","3653.9921875"
"3465.407210096","3653.9921875","3653.9921875","3653.9921875"
"3475.4071288","3653.9921875","3653.9921875","3653.9921875"
"3485.406854833","3653.9921875","3653.9921875","3653.9921875"
"3495.407298773","3653.9921875","3653.9921875","3653.9921875"
"3505.407713468","3653.9921875","3653.9921875","3653.9921875"
"3515.407020345","3653.9921875","3653.9921875","3653.9921875"
"3525.406865479","3653.9921875","3653.9921875","3653.9921875"
"3535.406867075","3653.9921875","3653.9921875","3653.9921875"
"3545.407143629","3654.1171875","3654.1171875","3654.1171875"
"3555.406577439","3654.1171875","3654.1171875","3654.1171875"
"3565.406709997","3654.1171875","3654.1171875","3654.1171875"
"3575.406412767","3654.1171875","3654.1171875","3654.1171875"
"3585.40716186","3654.1171875","3654.1171875","3654.1171875"
"3595.406872703","3654.1171875","3654.1171875","3654.1171875"
"3605.406942187","3654.1171875","3654.1171875","3654.1171875"
"3615.40722206","3654.1171875","3654.1171875","3654.1171875"
"3625.407274511","3654.2421875","3654.2421875","3654.2421875"
"3635.407405517","3654.2421875","3654.2421875","3654.2421875"
"3645.406910109","3654.2421875","3654.2421875","3654.2421875"
"3655.40638835","3654.2421875","3654.2421875","3654.2421875"
"3665.406546477","3654.2421875","3654.2421875","3654.2421875"
"3675.406764134","3654.2421875","3654.2421875","3654.2421875"
"3685.40703962","3654.2421875","3654.2421875","3654.2421875"
"3695.406596771","3654.2421875","3654.2421875","3654.2421875"
"3705.406312539","3654.2421875","3654.2421875","3654.2421875"
"3715.407245366","3654.2421875","3654.2421875","3654.2421875"
"3725.406849947","3654.2421875","3654.2421875","3654.2421875"
"3735.406813039","3654.2421875","3654.2421875","3654.2421875"
"3745.406529929","3654.2421875","3654.2421875","3654.2421875"
"3755.40700168","3654.2421875","3654.2421875","3654.2421875"
"3765.406968463","3654.2421875","3654.2421875","3654.2421875"
"3775.407486655","3654.2421875","3654.2421875","3654.2421875"
"3785.406636722","3654.2421875","3654.2421875","3654.2421875"
"3795.407177969","3654.2421875","3654.2421875","3654.2421875"
"3805.407002019","3654.2421875","3654.2421875","3654.2421875"
"3815.406455522","3654.2421875","3654.2421875","3654.2421875"
"3825.406699669","3654.2421875","3654.2421875","3654.2421875"
"3835.406700015","3654.3671875","3654.3671875","3654.3671875"
"3845.406851534","3654.3671875","3654.3671875","3654.3671875"
"3855.406712098","3654.3671875","3654.3671875","3654.3671875"
"3865.406495582","3654.3671875","3654.3671875","3654.3671875"
"3875.406888977","3654.3671875","3654.3671875","3654.3671875"
"3885.406507572","3654.3671875","3654.3671875","3654.3671875"
"3895.407234371","3654.3671875","3654.3671875","3654.3671875"
"3905.406715136","3654.3671875","3654.3671875","3654.3671875"
"3915.406190705","3654.4921875","3654.4921875","3654.4921875"
"3925.406604751","3654.4921875","3654.4921875","3654.4921875"
"3935.406541162","3654.4921875","3654.4921875","3654.4921875"
"3945.406505439","3654.4921875","3654.4921875","3654.4921875"
"3955.406203589","3654.4921875","3654.4921875","3654.4921875"
"3965.406597287","3654.4921875","3654.4921875","3654.4921875"
"3975.407113346","3654.4921875","3654.4921875","3654.4921875"
"3985.406945033","3654.4921875","3654.4921875","3654.4921875"
"3995.407751738","3654.4921875","3654.4921875","3654.4921875"
"4005.40744637","3654.4921875","3654.4921875","3654.4921875"
"4015.407087929","3654.4921875","3654.4921875","3654.4921875"
"4025.407814098","3654.4921875","3654.4921875","3654.4921875"
"4035.407134152","3654.4921875","3654.4921875","3654.4921875"
"4045.406803589","3654.4921875","3654.4921875","3654.4921875"
"4055.406388452","3654.4921875","3654.4921875","3654.4921875"
"4065.407162165","3654.4921875","3654.4921875","3654.4921875"
"4075.407238511","3654.4921875","3654.4921875","3654.4921875"
"4085.406764068","3654.4921875","3654.4921875","3654.4921875"
"4095.407492552","3654.4921875","3654.4921875","3654.4921875"
"4105.406893811","3654.4921875","3654.4921875","3654.4921875"
"4115.406904355","3654.4921875","3654.4921875","3654.4921875"
"4125.407259272","3654.4921875","3654.4921875","3654.4921875"
"4135.406646175","3654.4921875","3654.4921875","3654.4921875"
"4145.406921706","3654.6171875","3654.6171875","3654.6171875"
"4155.406497853","3654.6171875","3654.6171875","3654.6171875"
"4165.406219991","3654.6171875","3654.6171875","3654.6171875"
"4175.406280797","3654.6171875","3654.6171875","3654.6171875"
"4185.407280657","3654.6171875","3654.6171875","3654.6171875"
"4195.407333282","3654.6171875","3654.6171875","3654.6171875"
"4205.407385659","3654.6171875","3654.6171875","3654.6171875"
"4215.406747984","3654.6171875","3654.6171875","3654.6171875"
"4225.406969455","3654.6171875","3654.6171875","3654.6171875"
"4235.406620498","3654.6171875","3654.6171875","3654.6171875"
"4245.406869175","3654.6171875","3654.6171875","3654.6171875"
"4255.406740984","3654.6171875","3654.6171875","3654.6171875"
"4265.40658596","3654.6171875","3654.6171875","3654.6171875"
"4275.406876277","3654.6171875","3654.6171875","3654.6171875"
"4285.408092482","3654.7421875","3654.7421875","3654.7421875"
"4295.407720643","3654.7421875","3654.7421875","3654.7421875"
"4305.406883596","3654.7421875","3654.7421875","3654.7421875"
"4315.406257225","3654.7421875","3654.7421875","3654.7421875"
"4325.40617084","3654.7421875","3654.7421875","3654.7421875"
"4335.406398805","3654.7421875","3654.7421875","3654.7421875"
"4345.406577557","3654.7421875","3654.7421875","3654.7421875"
"4355.406717848","3654.7421875","3654.7421875","3654.7421875"
"4365.406258342","3654.7421875","3654.7421875","3654.7421875"
"4375.406596454","3654.7421875","3654.7421875","3654.7421875"
"4385.406205692","3654.7421875","3654.7421875","3654.7421875"
"4395.408173302","3654.7421875","3654.7421875","3654.7421875"
"4405.406397739","3654.7421875","3654.7421875","3654.7421875"
"4415.406765466","3654.7421875","3654.7421875","3654.7421875"
"4425.406722735","3654.7421875","3654.7421875","3654.7421875"
"4435.40640028","3654.8671875","3654.8671875","3654.8671875"
"4445.406634524","3654.8671875","3654.8671875","3654.8671875"
"4455.406454901","3654.8671875","3654.8671875","3654.8671875"
"4465.407188052","3654.8671875","3654.8671875","3654.8671875"
"4475.406634282","3654.8671875","3654.8671875","3654.8671875"
"4485.406239364","3654.8671875","3654.8671875","3654.8671875"
"4495.406617541","3654.8671875","3654.8671875","3654.8671875"
"4505.406928607","3654.8671875","3654.8671875","3654.8671875"
"4515.407129966","3654.8671875","3654.8671875","3654.8671875"
"4525.40729714","3654.8671875","3654.8671875","3654.8671875"
"4535.406885965","3654.8671875","3654.8671875","3654.8671875"
"4545.406797432","3654.8671875","3654.8671875","3654.8671875"
"4555.406736545","3654.8671875","3654.8671875","3654.8671875"
"4565.407337682","3654.8671875","3654.8671875","3654.8671875"
"4575.406224622","3654.8671875","3654.8671875","3654.8671875"
"4585.406510998","3654.8671875","3654.8671875","3654.8671875"
"4595.406344874","3654.8671875","3654.8671875","3654.8671875"
"4605.407000457","3654.8671875","3654.8671875","3654.8671875"
"4615.406375681","3654.8671875","3654.8671875","3654.8671875"
"4625.406854283","3654.8671875","3654.8671875","3654.8671875"
"4635.406253446","3654.8671875","3654.8671875","3654.8671875"
"4645.40679413","3654.8671875","3654.8671875","3654.8671875"
"4655.406350254","3654.8671875","3654.8671875","3654.8671875"
"4665.406556587","3654.8671875","3654.8671875","3654.8671875"
"4675.406620497","3654.8671875","3654.8671875","3654.8671875"
"4685.406976259","3654.8671875","3654.8671875","3654.8671875"
"4695.406394698","3654.8671875","3654.8671875","3654.8671875"
"4705.406521133","3654.8671875","3654.8671875","3654.8671875"
"4715.406938539","3654.8671875","3654.8671875","3654.8671875"
"4725.407473358","3654.8671875","3654.8671875","3654.8671875"
"4735.406506593","3654.8671875","3654.8671875","3654.8671875"
"4745.407193573","3654.8671875","3654.8671875","3654.8671875"
"4755.406809056","3654.8671875","3654.8671875","3654.8671875"
"4765.407829608","3654.8671875","3654.8671875","3654.8671875"
"4775.407159308","3654.8671875","3654.8671875","3654.8671875"
"4785.407283284","3654.8671875","3654.8671875","3654.8671875"
"4795.406441162","3654.8671875","3654.8671875","3654.8671875"
"4805.406260486","3654.8671875","3654.8671875","3654.8671875"
"4815.406415879","3654.8671875","3654.8671875","3654.8671875"
"4825.406897808","3654.8671875","3654.8671875","3654.8671875"
"4835.407644905","3654.8671875","3654.8671875","3654.8671875"
"4845.406693042","3654.8671875","3654.8671875","3654.8671875"
"4855.406954293","3654.8671875","3654.8671875","3654.8671875"
"4865.406184759","3654.8671875","3654.8671875","3654.8671875"
"4875.406634826","3654.8671875","3654.8671875","3654.8671875"
"4885.407017898","3654.8671875","3654.8671875","3654.8671875"
"4895.407015971","3654.8671875","3654.8671875","3654.8671875"
"4905.406508089","3654.8671875","3654.8671875","3654.8671875"
"4915.407022142","3654.8671875","3654.8671875","3654.8671875"
"4925.407724762","3654.8671875","3654.8671875","3654.8671875"
"4935.406225491","3654.9921875","3654.9921875","3654.9921875"
"4945.406597973","3654.9921875","3654.9921875","3654.9921875"
"4955.406421792","3654.9921875","3654.9921875","3654.9921875"
"4965.40723562","3654.9921875","3654.9921875","3654.9921875"
"4975.406964007","3654.9921875","3654.9921875","3654.9921875"
"4985.407106154","3654.9921875","3654.9921875","3654.9921875"
"4995.40618696","3654.9921875","3654.9921875","3654.9921875"
"5005.406856135","3654.9921875","3654.9921875","3654.9921875"
"5015.406727124","3655.1171875","3655.1171875","3655.1171875"
"5025.406980233","3655.1171875","3655.1171875","3655.1171875"
"5035.40754386","3655.1171875","3655.1171875","3655.1171875"
"5045.406377514","3655.1171875","3655.1171875","3655.1171875"
"5055.406990129","3655.1171875","3655.1171875","3655.1171875"
"5065.407239098","3655.1171875","3655.1171875","3655.1171875"
"5075.407031074","3655.1171875","3655.1171875","3655.1171875"
"5085.406895322","3655.1171875","3655.1171875","3655.1171875"
"5095.406912437","3655.2421875","3655.2421875","3655.2421875"
"5105.406600394","3655.2421875","3655.2421875","3655.2421875"
"5115.408148232","3655.2421875","3655.2421875","3655.2421875"
"5125.406984356","3655.2421875","3655.2421875","3655.2421875"
"5135.407158898","3655.2421875","3655.2421875","3655.2421875"
"5145.406765022","3655.2421875","3655.2421875","3655.2421875"
"5155.40699403","3655.2421875","3655.2421875","3655.2421875"
"5165.406276723","3655.2421875","3655.2421875","3655.2421875"
"5175.406858882","3655.2421875","3655.2421875","3655.2421875"
"5185.407115612","3655.2421875","3655.2421875","3655.2421875"
"5195.407247711","3655.2421875","3655.2421875","3655.2421875"
"5205.406997116","3655.2421875","3655.2421875","3655.2421875"
"5215.406215403","3655.2421875","3655.2421875","3655.2421875"
"5225.408165882","3655.2421875","3655.2421875","3655.2421875"
"5235.40711105","3655.2421875","3655.2421875","3655.2421875"
"5245.40747357","3655.2421875","3655.2421875","3655.2421875"
"5255.4064107","3655.2421875","3655.2421875","3655.2421875"
"5265.406208208","3655.2421875","3655.2421875","3655.2421875"
"5275.406801062","3655.2421875","3655.2421875","3655.2421875"
"5285.406910513","3655.2421875","3655.2421875","3655.2421875"
"5295.407161529","3655.2421875","3655.2421875","3655.2421875"
"5305.406542726","3655.2421875","3655.2421875","3655.2421875"
"5315.406985826","3655.2421875","3655.2421875","3655.2421875"
"5325.406902154","3655.2421875","3655.2421875","3655.2421875"
"5335.40724535","3655.3671875","3655.3671875","3655.3671875"
"5345.406968103","3655.3671875","3655.3671875","3655.3671875"
"5355.406867344","3655.3671875","3655.3671875","3655.3671875"
"5365.406965981","3655.3671875","3655.3671875","3655.3671875"
"5375.406878708","3655.3671875","3655.3671875","3655.3671875"
"5385.410115246","3655.3671875","3655.3671875","3655.3671875"
"5395.406636093","3655.3671875","3655.3671875","3655.3671875"
"5405.407486798","3655.3671875","3655.3671875","3655.3671875"
"5415.407180262","3655.3671875","3655.3671875","3655.3671875"
"5425.40648079","3655.3671875","3655.3671875","3655.3671875"
"5435.406584058","3655.3671875","3655.3671875","3655.3671875"
"5445.406118367","3655.3671875","3655.3671875","3655.3671875"
"5455.406468751","3655.3671875","3655.3671875","3655.3671875"
"5465.406887631","3655.3671875","3655.3671875","3655.3671875"
"5475.407575315","3655.3671875","3655.3671875","3655.3671875"
"5485.406790401","3655.3671875","3655.3671875","3655.3671875"
"5495.406393485","3655.3671875","3655.3671875","3655.3671875"
"5505.406981494","3655.3671875","3655.3671875","3655.3671875"
"5515.406693235","3655.3671875","3655.3671875","3655.3671875"
"5525.406278436","3655.3671875","3655.3671875","3655.3671875"
"5535.407096405","3655.3671875","3655.3671875","3655.3671875"
"5545.406342324","3655.3671875","3655.3671875","3655.3671875"
"5555.406239598","3655.3671875","3655.3671875","3655.3671875"
"5565.406792809","3655.3671875","3655.3671875","3655.3671875"
"5575.407136589","3655.3671875","3655.3671875","3655.3671875"
"5585.40647284","3655.3671875","3655.3671875","3655.3671875"
"5595.406171904","3655.3671875","3655.3671875","3655.3671875"
"5605.406507028","3655.3671875","3655.3671875","3655.3671875"
"5615.407141215","3655.3671875","3655.3671875","3655.3671875"
"5625.407119557","3655.3671875","3655.3671875","3655.3671875"
"5635.406211436","3655.3671875","3655.3671875","3655.3671875"
"5645.406355901","3655.3671875","3655.3671875","3655.3671875"
"5655.407116443","3655.3671875","3655.3671875","3655.3671875"
"5665.406442262","3655.3671875","3655.3671875","3655.3671875"
"5675.406927625","3655.3671875","3655.3671875","3655.3671875"
"5685.406605588","3655.3671875","3655.3671875","3655.3671875"
"5695.40641898","3655.3671875","3655.3671875","3655.3671875"
"5705.407217078","3655.3671875","3655.3671875","3655.3671875"
"5715.407190008","3655.3671875","3655.3671875","3655.3671875"
"5725.406644312","3655.3671875","3655.3671875","3655.3671875"
"5735.406487471","3655.3671875","3655.3671875","3655.3671875"
"5745.406995773","3655.3671875","3655.3671875","3655.3671875"
"5755.407046296","3655.3671875","3655.3671875","3655.3671875"
"5765.406767498","3655.3671875","3655.3671875","3655.3671875"
"5775.407123242","3655.3671875","3655.3671875","3655.3671875"
"5785.407142386","3655.3671875","3655.3671875","3655.3671875"
"5795.406441664","3655.3671875","3655.3671875","3655.3671875"
"5805.406964532","3655.3671875","3655.3671875","3655.3671875"
"5815.40687866","3655.3671875","3655.3671875","3655.3671875"
"5825.407006218","3655.3671875","3655.3671875","3655.3671875"
"5835.407882633","3655.3671875","3655.3671875","3655.3671875"
"5845.406570035","3655.3671875","3655.3671875","3655.3671875"
"5855.406775649","3655.3671875","3655.3671875","3655.3671875"
"5865.406956366","3655.3671875","3655.3671875","3655.3671875"
"5875.407171656","3655.3671875","3655.3671875","3655.3671875"
"5885.40693469","3655.3671875","3655.3671875","3655.3671875"
"5895.4070201","3655.3671875","3655.3671875","3655.3671875"
"5905.406580866","3655.3671875","3655.3671875","3655.3671875"
"5915.40673187","3655.3671875","3655.3671875","3655.3671875"
"5925.406809228","3655.3671875","3655.3671875","3655.3671875"
"5935.406255281","3655.3671875","3655.3671875","3655.3671875"
"5945.406183795","3655.3671875","3655.3671875","3655.3671875"
"5955.40662785","3655.3671875","3655.3671875","3655.3671875"
"5965.407101098","3655.3671875","3655.3671875","3655.3671875"
"5975.406269354","3655.3671875","3655.3671875","3655.3671875"
"5985.406424467","3655.3671875","3655.3671875","3655.3671875"
"5995.410109116","3655.3671875","3655.3671875","3655.3671875"
"6005.407281241","3655.3671875","3655.3671875","3655.3671875"
"6015.40717083","3655.3671875","3655.3671875","3655.3671875"
"6025.406687941","3655.3671875","3655.3671875","3655.3671875"
"6035.406881348","3655.3671875","3655.3671875","3655.3671875"
"6045.406187192","3655.3671875","3655.3671875","3655.3671875"
"6055.407194572","3655.3671875","3655.3671875","3655.3671875"
"6065.406774528","3655.3671875","3655.3671875","3655.3671875"
"6075.406258966","3655.4921875","3655.4921875","3655.4921875"
"6085.406680847","3655.4921875","3655.4921875","3655.4921875"
"6095.407728687","3655.4921875","3655.4921875","3655.4921875"
"6105.406426989","3655.4921875","3655.4921875","3655.4921875"
"6115.406905529","3655.4921875","3655.4921875","3655.4921875"
"6125.407016401","3655.4921875","3655.4921875","3655.4921875"
"6135.406850728","3655.4921875","3655.4921875","3655.4921875"
"6145.406848846","3655.4921875","3655.4921875","3655.4921875"
"6155.407378755","3655.4921875","3655.4921875","3655.4921875"
"6165.407305298","3655.6171875","3655.6171875","3655.6171875"
"6175.407214101","3655.6171875","3655.6171875","3655.6171875"
"6185.407223771","3655.6171875","3655.6171875","3655.6171875"
"6195.406762266","3655.6171875","3655.6171875","3655.6171875"
"6205.406764931","3655.6171875","3655.6171875","3655.6171875"
"6215.406605833","3655.6171875","3655.6171875","3655.6171875"
"6225.407156821","3655.6171875","3655.6171875","3655.6171875"
"6235.408550968","3655.7421875","3655.7421875","3655.7421875"
"6245.406567783","3655.7421875","3655.7421875","3655.7421875"
"6255.406942254","3655.7421875","3655.7421875","3655.7421875"
"6265.407122565","3655.7421875","3655.7421875","3655.7421875"
"6275.406480712","3655.7421875","3655.7421875","3655.7421875"
"6285.407010721","3655.7421875","3655.7421875","3655.7421875"
"6295.406935529","3655.7421875","3655.7421875","3655.7421875"
"6305.406862679","3655.7421875","3655.7421875","3655.7421875"
"6315.406872075","3655.7421875","3655.7421875","3655.7421875"
"6325.40668035","3655.7421875","3655.7421875","3655.7421875"
"6335.406893221","3655.7421875","3655.7421875","3655.7421875"
"6345.406710738","3655.7421875","3655.7421875","3655.7421875"
"6355.40708267","3655.7421875","3655.7421875","3655.7421875"
"6365.406210558","3655.7421875","3655.7421875","3655.7421875"
"6375.407042399","3655.7421875","3655.7421875","3655.7421875"
"6385.407213201","3655.7421875","3655.7421875","3655.7421875"
"6395.406632587","3655.7421875","3655.7421875","3655.7421875"
"6405.406791361","3655.7421875","3655.7421875","3655.7421875"
"6415.407423003","3655.7421875","3655.7421875","3655.7421875"
"6425.406590825","3655.7421875","3655.7421875","3655.7421875"
"6435.406618461","3655.7421875","3655.7421875","3655.7421875"
"6445.406407641","3655.7421875","3655.7421875","3655.7421875"
"6455.406748341","3655.7421875","3655.7421875","3655.7421875"
"6465.406848356","3655.7421875","3655.7421875","3655.7421875"
"6475.407239862","3655.7421875","3655.7421875","3655.7421875"
"6485.406599603","3655.7421875","3655.7421875","3655.7421875"
"6495.406929468","3655.7421875","3655.7421875","3655.7421875"
"6505.40674547","3655.7421875","3655.7421875","3655.7421875"
"6515.407099897","3655.7421875","3655.7421875","3655.7421875"
"6525.407157538","3655.7421875","3655.7421875","3655.7421875"
"6535.406404076","3655.7421875","3655.7421875","3655.7421875"
"6545.407422212","3655.8671875","3655.8671875","3655.8671875"
"6555.406970347","3655.8671875","3655.8671875","3655.8671875"
"6565.406252266","3655.8671875","3655.8671875","3655.8671875"
"6575.406694194","3655.8671875","3655.8671875","3655.8671875"
"6585.407500495","3655.8671875","3655.8671875","3655.8671875"
"6595.406195516","3655.8671875","3655.8671875","3655.8671875"
"6605.40701034","3655.8671875","3655.8671875","3655.8671875"
"6615.407177277","3655.8671875","3655.8671875","3655.8671875"
"6625.407014641","3655.8671875","3655.8671875","3655.8671875"
"6635.406812002","3655.8671875","3655.8671875","3655.8671875"
"6645.406229377","3655.8671875","3655.8671875","3655.8671875"
"6655.40910646","3655.8671875","3655.8671875","3655.8671875"
"6665.407210162","3655.8671875","3655.8671875","3655.8671875"
"6675.40707572","3655.8671875","3655.8671875","3655.8671875"
"6685.407316596","3655.8671875","3655.8671875","3655.8671875"
"6695.407007654","3655.8671875","3655.8671875","3655.8671875"
"6705.40656571","3655.8671875","3655.8671875","3655.8671875"
"6715.406987637","3655.8671875","3655.8671875","3655.8671875"
"6725.407252558","3655.8671875","3655.8671875","3655.8671875"
"6735.406427709","3655.8671875","3655.8671875","3655.8671875"
"6745.406613968","3655.8671875","3655.8671875","3655.8671875"
"6755.406611331","3655.8671875","3655.8671875","3655.8671875"
"6765.406748878","3655.8671875","3655.8671875","3655.8671875"
"6775.406324408","3655.8671875","3655.8671875","3655.8671875"
"6785.406674299","3655.8671875","3655.8671875","3655.8671875"
"6795.406805012","3655.8671875","3655.8671875","3655.8671875"
"6805.406890332","3655.8671875","3655.8671875","3655.8671875"
"6815.406699975","3655.8671875","3655.8671875","3655.8671875"
"6825.40712697","3655.8671875","3655.8671875","3655.8671875"
"6835.406512763","3655.8671875","3655.8671875","3655.8671875"
"6845.406519254","3655.8671875","3655.8671875","3655.8671875"
"6855.407154751","3655.8671875","3655.8671875","3655.8671875"
"6865.406683101","3655.8671875","3655.8671875","3655.8671875"
"6875.406769104","3655.8671875","3655.8671875","3655.8671875"
"6885.407233963","3655.8671875","3655.8671875","3655.8671875"
"6895.407044522","3655.8671875","3655.8671875","3655.8671875"
"6905.40711324","3655.8671875","3655.8671875","3655.8671875"
"6915.406726299","3655.8671875","3655.8671875","3655.8671875"
"6925.40622059","3655.8671875","3655.8671875","3655.8671875"
"6935.407235713","3655.8671875","3655.8671875","3655.8671875"
"6945.407155861","3655.8671875","3655.8671875","3655.8671875"
"6955.40673381","3655.8671875","3655.8671875","3655.8671875"
"6965.40682941","3655.8671875","3655.8671875","3655.8671875"
"6975.407345683","3655.8671875","3655.8671875","3655.8671875"
"6985.406913807","3655.8671875","3655.8671875","3655.8671875"
"6995.406332056","3655.8671875","3655.8671875","3655.8671875"
"7005.407125439","3655.8671875","3655.8671875","3655.8671875"
"7015.406887756","3655.8671875","3655.8671875","3655.8671875"
"7025.406739759","3655.8671875","3655.8671875","3655.8671875"
"7035.407018621","3655.8671875","3655.8671875","3655.8671875"
"7045.406655937","3655.8671875","3655.8671875","3655.8671875"
"7055.407251247","3655.8671875","3655.8671875","3655.8671875"
"7065.407377156","3655.8671875","3655.8671875","3655.8671875"
"7075.406765838","3655.8671875","3655.8671875","3655.8671875"
"7085.406740396","3655.8671875","3655.8671875","3655.8671875"
"7095.406555203","3655.8671875","3655.8671875","3655.8671875"
"7105.406516284","3655.8671875","3655.8671875","3655.8671875"
"7115.406771316","3655.8671875","3655.8671875","3655.8671875"
"7125.406708162","3655.8671875","3655.8671875","3655.8671875"
"7135.406982845","3655.8671875","3655.8671875","3655.8671875"
"7145.40698527","3655.8671875","3655.8671875","3655.8671875"
"7155.407132325","3655.8671875","3655.8671875","3655.8671875"
"7165.406940853","3655.8671875","3655.8671875","3655.8671875"
"7175.406321212","3655.8671875","3655.8671875","3655.8671875"
"7185.407225165","3655.8671875","3655.8671875","3655.8671875"
"7195.406998942","3655.8671875","3655.8671875","3655.8671875"
"7205.407192903","3655.8671875","3655.8671875","3655.8671875"
"7215.406792013","3655.8671875","3655.8671875","3655.8671875"
"7225.406565836","3655.8671875","3655.8671875","3655.8671875"
"7235.407339497","3655.8671875","3655.8671875","3655.8671875"
"7245.406216111","3655.8671875","3655.8671875","3655.8671875"
"7255.406696511","3655.8671875","3655.8671875","3655.8671875"
"7265.407017244","3655.8671875","3655.8671875","3655.8671875"
"7275.406216609","3655.8671875","3655.8671875","3655.8671875"
"7285.406994215","3655.8671875","3655.8671875","3655.8671875"
"7295.407158707","3655.8671875","3655.8671875","3655.8671875"
"7305.406429323","3655.8671875","3655.8671875","3655.8671875"
"7315.406726486","3655.8671875","3655.8671875","3655.8671875"
"7325.406691094","3655.8671875","3655.8671875","3655.8671875"
"7335.407175573","3655.8671875","3655.8671875","3655.8671875"
"7345.407206971","3655.8671875","3655.8671875","3655.8671875"
"7355.406488463","3655.8671875","3655.8671875","3655.8671875"
"7365.406770573","3655.8671875","3655.8671875","3655.8671875"
"7375.406651514","3655.8671875","3655.8671875","3655.8671875"
"7385.406884246","3655.8671875","3655.8671875","3655.8671875"
"7395.407267883","3655.8671875","3655.8671875","3655.8671875"
"7405.407100456","3655.8671875","3655.8671875","3655.8671875"
"7415.40649699","3655.8671875","3655.8671875","3655.8671875"
"7425.406658","3655.8671875","3655.8671875","3655.8671875"
"7435.406623704","3655.8671875","3655.8671875","3655.8671875"
"7445.406782694","3655.8671875","3655.8671875","3655.8671875"
"7455.406645138","3655.8671875","3655.8671875","3655.8671875"
"7465.407113503","3655.8671875","3655.8671875","3655.8671875"
"7475.406788332","3655.8671875","3655.8671875","3655.8671875"
"7485.406549547","3655.8671875","3655.8671875","3655.8671875"
"7495.406887775","3655.8671875","3655.8671875","3655.8671875"
"7505.406906197","3655.8671875","3655.8671875","3655.8671875"
"7515.408160501","3655.8671875","3655.8671875","3655.8671875"
"7525.406549801","3655.8671875","3655.8671875","3655.8671875"
"7535.406842442","3655.8671875","3655.8671875","3655.8671875"
"7545.406483699","3655.8671875","3655.8671875","3655.8671875"
"7555.406884627","3655.8671875","3655.8671875","3655.8671875"
"7565.407132374","3655.8671875","3655.8671875","3655.8671875"
"7575.406445304","3655.8671875","3655.8671875","3655.8671875"
"7585.406424022","3655.8671875","3655.8671875","3655.8671875"
"7595.406651968","3655.8671875","3655.8671875","3655.8671875"
"7605.40643362","3655.8671875","3655.8671875","3655.8671875"
"7615.407729332","3655.8671875","3655.8671875","3655.8671875"
"7625.406812555","3655.8671875","3655.8671875","3655.8671875"
"7635.406575819","3655.8671875","3655.8671875","3655.8671875"
"7645.406401039","3655.8671875","3655.8671875","3655.8671875"
"7655.40723139","3655.8671875","3655.8671875","3655.8671875"
"7665.406236044","3655.8671875","3655.8671875","3655.8671875"
"7675.406313535","3655.8671875","3655.8671875","3655.8671875"
"7685.406643396","3655.8671875","3655.8671875","3655.8671875"
"7695.406851833","3655.8671875","3655.8671875","3655.8671875"
"7705.406213628","3655.8671875","3655.8671875","3655.8671875"
"7715.406900346","3655.8671875","3655.8671875","3655.8671875"
"7725.406516554","3655.8671875","3655.8671875","3655.8671875"
"7735.40734564","3655.8671875","3655.8671875","3655.8671875"
"7745.407302212","3655.8671875","3655.8671875","3655.8671875"
"7755.407242698","3655.8671875","3655.8671875","3655.8671875"
"7765.407324875","3655.8671875","3655.8671875","3655.8671875"
"7775.407313853","3655.8671875","3655.8671875","3655.8671875"
"7785.407215102","3655.8671875","3655.8671875","3655.8671875"
"7795.407042134","3655.8671875","3655.8671875","3655.8671875"
"7805.406977417","3655.8671875","3655.8671875","3655.8671875"
"7815.406631744","3655.8671875","3655.8671875","3655.8671875"
"7825.407027522","3655.8671875","3655.8671875","3655.8671875"
"7835.406848817","3655.8671875","3655.8671875","3655.8671875"
"7845.407613524","3655.8671875","3655.8671875","3655.8671875"
"7855.40655357","3655.8671875","3655.8671875","3655.8671875"
"7865.406925135","3655.8671875","3655.8671875","3655.8671875"
"7875.40651172","3655.8671875","3655.8671875","3655.8671875"
"7885.406581123","3655.8671875","3655.8671875","3655.8671875"
"7895.406560908","3655.8671875","3655.8671875","3655.8671875"
"7905.407201318","3655.8671875","3655.8671875","3655.8671875"
"7915.406312265","3655.8671875","3655.8671875","3655.8671875"
"7925.406805188","3655.8671875","3655.8671875","3655.8671875"
"7935.407247829","3655.8671875","3655.8671875","3655.8671875"
"7945.406782018","3655.8671875","3655.8671875","3655.8671875"
"7955.407024972","3655.8671875","3655.8671875","3655.8671875"
"7965.406449934","3655.8671875","3655.8671875","3655.8671875"
"7975.406800604","3655.8671875","3655.8671875","3655.8671875"
"7985.407204533","3655.8671875","3655.8671875","3655.8671875"
"7995.406391018","3655.8671875","3655.8671875","3655.8671875"
"8005.406169536","3655.8671875","3655.8671875","3655.8671875"
"8015.406442856","3655.8671875","3655.8671875","3655.8671875"
"8025.406215827","3655.8671875","3655.8671875","3655.8671875"
"8035.407166512","3655.8671875","3655.8671875","3655.8671875"
"8045.40724034","3655.8671875","3655.8671875","3655.8671875"
"8055.407238303","3655.8671875","3655.8671875","3655.8671875"
"8065.406631722","3655.9921875","3655.9921875","3655.9921875"
"8075.40651836","3655.9921875","3655.9921875","3655.9921875"
"8085.406978978","3655.9921875","3655.9921875","3655.9921875"
"8095.406722152","3655.9921875","3655.9921875","3655.9921875"
"8105.406602588","3655.9921875","3655.9921875","3655.9921875"
"8115.406893261","3655.9921875","3655.9921875","3655.9921875"
"8125.407168027","3655.9921875","3655.9921875","3655.9921875"
"8135.40621138","3655.9921875","3655.9921875","3655.9921875"
"8145.406872625","3655.9921875","3655.9921875","3655.9921875"
"8155.40744511","3655.9921875","3655.9921875","3655.9921875"
"8165.40686141","3655.9921875","3655.9921875","3655.9921875"
"8175.407453346","3655.9921875","3655.9921875","3655.9921875"
"8185.406549687","3655.9921875","3655.9921875","3655.9921875"
"8195.407150732","3655.9921875","3655.9921875","3655.9921875"
"8205.406163726","3655.9921875","3655.9921875","3655.9921875"
"8215.406670252","3655.9921875","3655.9921875","3655.9921875"
"8225.406522727","3655.9921875","3655.9921875","3655.9921875"
"8235.407303034","3655.9921875","3655.9921875","3655.9921875"
"8245.406891667","3655.9921875","3655.9921875","3655.9921875"
"8255.407373686","3655.9921875","3655.9921875","3655.9921875"
"8265.406572172","3655.9921875","3655.9921875","3655.9921875"
"8275.406791848","3655.9921875","3655.9921875","3655.9921875"
"8285.406808956","3655.9921875","3655.9921875","3655.9921875"
"8295.406606097","3655.9921875","3655.9921875","3655.9921875"
"8305.407335737","3655.9921875","3655.9921875","3655.9921875"
"8315.407255138","3655.9921875","3655.9921875","3655.9921875"
"8325.406671834","3655.9921875","3655.9921875","3655.9921875"
"8335.406541072","3655.9921875","3655.9921875","3655.9921875"
"8345.407075086","3655.9921875","3655.9921875","3655.9921875"
"8355.406664456","3655.9921875","3655.9921875","3655.9921875"
"8365.406957283","3655.9921875","3655.9921875","3655.9921875"
"8375.407236276","3655.9921875","3655.9921875","3655.9921875"
"8385.407145279","3655.9921875","3655.9921875","3655.9921875"
"8395.407034652","3655.9921875","3655.9921875","3655.9921875"
"8405.406576044","3655.9921875","3655.9921875","3655.9921875"
"8415.406520461","3655.9921875","3655.9921875","3655.9921875"
"8425.406514843","3655.9921875","3655.9921875","3655.9921875"
"8435.406650712","3655.9921875","3655.9921875","3655.9921875"
"8445.406593603","3655.9921875","3655.9921875","3655.9921875"
"8455.40645618","3655.9921875","3655.9921875","3655.9921875"
"8465.406453159","3655.9921875","3655.9921875","3655.9921875"
"8475.406357931","3655.9921875","3655.9921875","3655.9921875"
"8485.406361956","3655.9921875","3655.9921875","3655.9921875"
"8495.407081038","3655.9921875","3655.9921875","3655.9921875"
"8505.407452177","3655.9921875","3655.9921875","3655.9921875"
"8515.407173095","3655.9921875","3655.9921875","3655.9921875"
"8525.406230055","3655.9921875","3655.9921875","3655.9921875"
"8535.40692882","3655.9921875","3655.9921875","3655.9921875"
"8545.406818496","3655.9921875","3655.9921875","3655.9921875"
"8555.406375047","3655.9921875","3655.9921875","3655.9921875"
"8565.407097583","3655.9921875","3655.9921875","3655.9921875"
"8575.406515018","3655.9921875","3655.9921875","3655.9921875"
"8585.406953003","3655.9921875","3655.9921875","3655.9921875"
"8595.406904132","3655.9921875","3655.9921875","3655.9921875"
"8605.406624669","3655.9921875","3655.9921875","3655.9921875"
"8615.406898079","3655.9921875","3655.9921875","3655.9921875"
"8625.406830266","3655.9921875","3655.9921875","3655.9921875"
"8635.406527298","3655.9921875","3655.9921875","3655.9921875"
"8645.406284024","3655.9921875","3655.9921875","3655.9921875"
"8655.406254807","3655.9921875","3655.9921875","3655.9921875"
"8665.407040143","3655.9921875","3655.9921875","3655.9921875"
"8675.40704725","3655.9921875","3655.9921875","3655.9921875"
"8685.406613169","3655.9921875","3655.9921875","3655.9921875"
"8695.407173365","3655.9921875","3655.9921875","3655.9921875"
"8705.406756572","3655.9921875","3655.9921875","3655.9921875"
"8715.407111055","3655.9921875","3655.9921875","3655.9921875"
"8725.40662824","3655.9921875","3655.9921875","3655.9921875"
"8735.407217165","3655.9921875","3655.9921875","3655.9921875"
"8745.407232561","3655.9921875","3655.9921875","3655.9921875"
"8755.407050321","3655.9921875","3655.9921875","3655.9921875"
"8765.406479319","3655.9921875","3655.9921875","3655.9921875"
"8775.406486008","3655.9921875","3655.9921875","3655.9921875"
"8785.4062945","3655.9921875","3655.9921875","3655.9921875"
"8795.406447501","3655.9921875","3655.9921875","3655.9921875"
"8805.407019247","3655.9921875","3655.9921875","3655.9921875"
"8815.407021412","3655.9921875","3655.9921875","3655.9921875"
"8825.406652765","3655.9921875","3655.9921875","3655.9921875"
"8835.407115067","3655.9921875","3655.9921875","3655.9921875"
"8845.406887128","3655.9921875","3655.9921875","3655.9921875"
"8855.407224049","3655.9921875","3655.9921875","3655.9921875"
"8865.406949387","3655.9921875","3655.9921875","3655.9921875"
"8875.407294652","3655.9921875","3655.9921875","3655.9921875"
"8885.406685678","3655.9921875","3655.9921875","3655.9921875"
"8895.406560639","3655.9921875","3655.9921875","3655.9921875"
"8905.4073003","3655.9921875","3655.9921875","3655.9921875"
"8915.406925937","3655.9921875","3655.9921875","3655.9921875"
"8925.407264555","3655.9921875","3655.9921875","3655.9921875"
"8935.406427201","3655.9921875","3655.9921875","3655.9921875"
"8945.406419251","3655.9921875","3655.9921875","3655.9921875"
"8955.407185498","3655.9921875","3655.9921875","3655.9921875"
"8965.406382416","3655.9921875","3655.9921875","3655.9921875"
"8975.407015474","3655.9921875","3655.9921875","3655.9921875"
"8985.407245729","3655.9921875","3655.9921875","3655.9921875"
"8995.407270855","3655.9921875","3655.9921875","3655.9921875"
"9005.406221831","3655.9921875","3655.9921875","3655.9921875"
"9015.406889699","3655.9921875","3655.9921875","3655.9921875"
"9025.406967337","3655.9921875","3655.9921875","3655.9921875"
"9035.406496382","3655.9921875","3655.9921875","3655.9921875"
"9045.406740708","3655.9921875","3655.9921875","3655.9921875"
"9055.406818352","3655.9921875","3655.9921875","3655.9921875"
"9065.407317873","3655.9921875","3655.9921875","3655.9921875"
"9075.406719645","3655.9921875","3655.9921875","3655.9921875"
"9085.406484102","3655.9921875","3655.9921875","3655.9921875"
"9095.406450409","3655.9921875","3655.9921875","3655.9921875"
"9105.406911024","3655.9921875","3655.9921875","3655.9921875"
"9115.407094285","3655.9921875","3655.9921875","3655.9921875"
"9125.406642821","3655.9921875","3655.9921875","3655.9921875"
"9135.406451252","3655.9921875","3655.9921875","3655.9921875"
"9145.407383984","3655.9921875","3655.9921875","3655.9921875"
"9155.406673676","3655.9921875","3655.9921875","3655.9921875"
"9165.406695577","3655.9921875","3655.9921875","3655.9921875"
"9175.40634601","3655.9921875","3655.9921875","3655.9921875"
"9185.406516914","3655.9921875","3655.9921875","3655.9921875"
"9195.406485291","3655.9921875","3655.9921875","3655.9921875"
"9205.406488005","3655.9921875","3655.9921875","3655.9921875"
"9215.407078537","3655.9921875","3655.9921875","3655.9921875"
"9225.406858048","3655.9921875","3655.9921875","3655.9921875"
"9235.406708301","3655.9921875","3655.9921875","3655.9921875"
"9245.407133975","3655.9921875","3655.9921875","3655.9921875"
"9255.406575084","3655.9921875","3655.9921875","3655.9921875"
"9265.407005478","3655.9921875","3655.9921875","3655.9921875"
"9275.407008215","3655.9921875","3655.9921875","3655.9921875"
"9285.406652988","3655.9921875","3655.9921875","3655.9921875"
"9295.406756273","3655.9921875","3655.9921875","3655.9921875"
"9305.406314322","3655.9921875","3655.9921875","3655.9921875"
"9315.407015355","3655.9921875","3655.9921875","3655.9921875"
"9325.407022613","3655.9921875","3655.9921875","3655.9921875"
"9335.406700354","3655.9921875","3655.9921875","3655.9921875"
"9345.406937755","3655.9921875","3655.9921875","3655.9921875"
"9355.407146237","3655.9921875","3655.9921875","3655.9921875"
"9365.406768626","3655.9921875","3655.9921875","3655.9921875"
"9375.408874769","3655.9921875","3655.9921875","3655.9921875"
"9385.406286874","3655.9921875","3655.9921875","3655.9921875"
"9395.407495068","3655.9921875","3655.9921875","3655.9921875"
"9405.407132411","3655.9921875","3655.9921875","3655.9921875"
"9415.406836791","3655.9921875","3655.9921875","3655.9921875"
"9425.407029489","3655.9921875","3655.9921875","3655.9921875"
"9435.406603183","3655.9921875","3655.9921875","3655.9921875"
"9445.406942412","3655.9921875","3655.9921875","3655.9921875"
"9455.406458313","3655.9921875","3655.9921875","3655.9921875"
"9465.406815731","3655.9921875","3655.9921875","3655.9921875"
"9475.406943209","3655.9921875","3655.9921875","3655.9921875"
"9485.406946897","3655.9921875","3655.9921875","3655.9921875"
"9495.407181144","3655.9921875","3655.9921875","3655.9921875"
"9505.407142981","3655.9921875","3655.9921875","3655.9921875"
"9515.406949224","3655.9921875","3655.9921875","3655.9921875"
"9525.40696441","3655.9921875","3655.9921875","3655.9921875"
"9535.406757302","3655.9921875","3655.9921875","3655.9921875"
"9545.407094996","3655.9921875","3655.9921875","3655.9921875"
"9555.406528833","3655.9921875","3655.9921875","3655.9921875"
"9565.406590575","3655.9921875","3655.9921875","3655.9921875"
"9575.406813284","3655.9921875","3655.9921875","3655.9921875"
"9585.407093817","3655.9921875","3655.9921875","3655.9921875"
"9595.406589178","3655.9921875","3655.9921875","3655.9921875"
"9605.407213062","3655.9921875","3655.9921875","3655.9921875"
"9615.406377036","3655.9921875","3655.9921875","3655.9921875"
"9625.406511103","3655.9921875","3655.9921875","3655.9921875"
"9635.407378468","3655.9921875","3655.9921875","3655.9921875"
"9645.407251449","3655.9921875","3655.9921875","3655.9921875"
"9655.407224047","3655.9921875","3655.9921875","3655.9921875"
"9665.407504235","3655.9921875","3655.9921875","3655.9921875"
"9675.406462348","3655.9921875","3655.9921875","3655.9921875"
"9685.406564784","3655.9921875","3655.9921875","3655.9921875"
"9695.406386077","3655.9921875","3655.9921875","3655.9921875"
"9705.407439568","3655.9921875","3655.9921875","3655.9921875"
"9715.407502895","3655.9921875","3655.9921875","3655.9921875"
"9725.406352271","3655.9921875","3655.9921875","3655.9921875"
"9735.406354308","3655.9921875","3655.9921875","3655.9921875"
"9745.406160097","3655.9921875","3655.9921875","3655.9921875"
"9755.407007492","3655.9921875","3655.9921875","3655.9921875"
"9765.406620818","3655.9921875","3655.9921875","3655.9921875"
"9775.406957232","3655.9921875","3655.9921875","3655.9921875"
"9785.407371323","3655.9921875","3655.9921875","3655.9921875"
"9795.406996963","3655.9921875","3655.9921875","3655.9921875"
"9805.406628711","3655.9921875","3655.9921875","3655.9921875"
"9815.406602959","3655.9921875","3655.9921875","3655.9921875"
"9825.406552002","3655.9921875","3655.9921875","3655.9921875"
"9835.406589064","3655.9921875","3655.9921875","3655.9921875"
"9845.407031014","3655.9921875","3655.9921875","3655.9921875"
"9855.406788188","3655.9921875","3655.9921875","3655.9921875"
"9865.406165287","3655.9921875","3655.9921875","3655.9921875"
"9875.406836307","3655.9921875","3655.9921875","3655.9921875"
"9885.406162983","3655.9921875","3655.9921875","3655.9921875"
"9895.406978158","3655.9921875","3655.9921875","3655.9921875"
"9905.407546548","3655.9921875","3655.9921875","3655.9921875"
"9915.407013642","3655.9921875","3655.9921875","3655.9921875"
"9925.406482975","3655.9921875","3655.9921875","3655.9921875"
"9935.406785059","3655.9921875","3655.9921875","3655.9921875"
"9945.406879506","3655.9921875","3655.9921875","3655.9921875"
"9955.40687848","3655.9921875","3655.9921875","3655.9921875"
"9965.407093595","3655.9921875","3655.9921875","3655.9921875"
"9975.406970057","3655.9921875","3655.9921875","3655.9921875"
"9985.40672971","3655.9921875","3655.9921875","3655.9921875"
"9995.407088454","3655.9921875","3655.9921875","3655.9921875"
"10005.406537247","3655.9921875","3655.9921875","3655.9921875"
"10015.406888754","3655.9921875","3655.9921875","3655.9921875"
"10025.407550837","3655.9921875","3655.9921875","3655.9921875"
"10035.40645203","3655.9921875","3655.9921875","3655.9921875"
"10045.40708447","3655.9921875","3655.9921875","3655.9921875"
"10055.407314888","3655.9921875","3655.9921875","3655.9921875"
"10065.406346295","3655.9921875","3655.9921875","3655.9921875"
"10075.407269906","3655.9921875","3655.9921875","3655.9921875"
"10085.407151811","3655.9921875","3655.9921875","3655.9921875"
"10095.406965052","3655.9921875","3655.9921875","3655.9921875"
"10105.406267943","3655.9921875","3655.9921875","3655.9921875"
"10115.406759392","3655.9921875","3655.9921875","3655.9921875"
"10125.40693031","3655.9921875","3655.9921875","3655.9921875"
"10135.40691288","3655.9921875","3655.9921875","3655.9921875"
"10145.407042989","3655.9921875","3655.9921875","3655.9921875"
"10155.406788912","3655.9921875","3655.9921875","3655.9921875"
"10165.407165555","3655.9921875","3655.9921875","3655.9921875"
"10175.406872262","3655.9921875","3655.9921875","3655.9921875"
"10185.406670827","3655.9921875","3655.9921875","3655.9921875"
"10195.407455439","3655.9921875","3655.9921875","3655.9921875"
"10205.40715326","3655.9921875","3655.9921875","3655.9921875"
"10215.40751172","3655.9921875","3655.9921875","3655.9921875"
"10225.406553356","3655.9921875","3655.9921875","3655.9921875"
"10235.40651496","3655.9921875","3655.9921875","3655.9921875"
"10245.407223595","3655.9921875","3655.9921875","3655.9921875"
"10255.406301696","3655.9921875","3655.9921875","3655.9921875"
"10265.407052572","3655.9921875","3655.9921875","3655.9921875"
"10275.406607601","3655.9921875","3655.9921875","3655.9921875"
"10285.407138474","3655.9921875","3655.9921875","3655.9921875"
"10295.406431865","3655.9921875","3655.9921875","3655.9921875"
"10305.406336209","3655.9921875","3655.9921875","3655.9921875"
"10315.406771769","3655.9921875","3655.9921875","3655.9921875"
"10325.406734406","3655.9921875","3655.9921875","3655.9921875"
"10335.406897026","3655.9921875","3655.9921875","3655.9921875"
"10345.406666938","3655.9921875","3655.9921875","3655.9921875"
"10355.406757508","3655.9921875","3655.9921875","3655.9921875"
"10365.407002415","3655.9921875","3655.9921875","3655.9921875"
"10375.406210466","3655.9921875","3655.9921875","3655.9921875"
"10385.40635631","3655.9921875","3655.9921875","3655.9921875"
"10395.406426905","3655.9921875","3655.9921875","3655.9921875"
"10405.406477262","3655.9921875","3655.9921875","3655.9921875"
"10415.406585497","3655.9921875","3655.9921875","3655.9921875"
"10425.406736005","3655.9921875","3655.9921875","3655.9921875"
"10435.407278822","3655.9921875","3655.9921875","3655.9921875"
"10445.407458067","3655.9921875","3655.9921875","3655.9921875"
"10455.40668699","3655.9921875","3655.9921875","3655.9921875"
"10465.407261269","3655.9921875","3655.9921875","3655.9921875"
"10475.406548954","3655.9921875","3655.9921875","3655.9921875"
"10485.406365017","3655.9921875","3655.9921875","3655.9921875"
"10495.40669423","3655.9921875","3655.9921875","3655.9921875"
"10505.406479574","3655.9921875","3655.9921875","3655.9921875"
"10515.406326206","3655.9921875","3655.9921875","3655.9921875"
"10525.407123949","3655.9921875","3655.9921875","3655.9921875"
"10535.406528439","3655.9921875","3655.9921875","3655.9921875"
"10545.406430876","3655.9921875","3655.9921875","3655.9921875"
"10555.406771758","3655.9921875","3655.9921875","3655.9921875"
"10565.407668827","3655.9921875","3655.9921875","3655.9921875"
"10575.406841859","3655.9921875","3655.9921875","3655.9921875"
"10585.407194236","3655.9921875","3655.9921875","3655.9921875"
"10595.407474385","3655.9921875","3655.9921875","3655.9921875"
"10605.407101334","3655.9921875","3655.9921875","3655.9921875"
"10615.407281291","3655.9921875","3655.9921875","3655.9921875"
"10625.406235005","3655.9921875","3655.9921875","3655.9921875"
"10635.406510795","3655.9921875","3655.9921875","3655.9921875"
"10645.406658619","3655.9921875","3655.9921875","3655.9921875"
"10655.40681995","3655.9921875","3655.9921875","3655.9921875"
"10665.406688773","3655.9921875","3655.9921875","3655.9921875"
"10675.407386606","3655.9921875","3655.9921875","3655.9921875"
"10685.407045013","3655.9921875","3655.9921875","3655.9921875"
"10695.407103819","3655.9921875","3655.9921875","3655.9921875"
"10705.406609914","3655.9921875","3655.9921875","3655.9921875"
"10715.406945778","3655.9921875","3655.9921875","3655.9921875"
"10725.406400784","3655.9921875","3655.9921875","3655.9921875"
"10735.407187389","3655.9921875","3655.9921875","3655.9921875"
"10745.406995869","3655.9921875","3655.9921875","3655.9921875"
"10755.406416847","3655.9921875","3655.9921875","3655.9921875"
"10765.407077601","3655.9921875","3655.9921875","3655.9921875"
"10775.406903514","3655.9921875","3655.9921875","3655.9921875"
"10785.40656709","3655.9921875","3655.9921875","3655.9921875"
"10795.406991182","3655.9921875","3655.9921875","3655.9921875"
"10805.406306897","3655.9921875","3655.9921875","3655.9921875"
"10815.40621945","3655.9921875","3655.9921875","3655.9921875"
"10825.407038903","3655.9921875","3655.9921875","3655.9921875"
"10835.40730457","3655.9921875","3655.9921875","3655.9921875"
"10845.406966093","3655.9921875","3655.9921875","3655.9921875"
"10855.406780074","3655.9921875","3655.9921875","3655.9921875"
"10865.406403656","3655.9921875","3655.9921875","3655.9921875"
"10875.406912219","3655.9921875","3655.9921875","3655.9921875"
"10885.407168385","3655.9921875","3655.9921875","3655.9921875"
"10895.406594101","3655.9921875","3655.9921875","3655.9921875"
"10905.407041984","3655.9921875","3655.9921875","3655.9921875"
"10915.407270171","3655.9921875","3655.9921875","3655.9921875"
"10925.406854249","3655.9921875","3655.9921875","3655.9921875"
"10935.406871871","3655.9921875","3655.9921875","3655.9921875"
"10945.407829992","3655.9921875","3655.9921875","3655.9921875"
"10955.406498099","3655.9921875","3655.9921875","3655.9921875"
"10965.406627084","3655.9921875","3655.9921875","3655.9921875"
"10975.406716235","3655.9921875","3655.9921875","3655.9921875"
"10985.406187771","3655.9921875","3655.9921875","3655.9921875"
"10995.406321261","3655.9921875","3655.9921875","3655.9921875"
"11005.406507024","3655.9921875","3655.9921875","3655.9921875"
"11015.406484661","3655.9921875","3655.9921875","3655.9921875"
"11025.406495286","3655.9921875","3655.9921875","3655.9921875"
"11035.407241498","3655.9921875","3655.9921875","3655.9921875"
"11045.406554762","3655.9921875","3655.9921875","3655.9921875"
"11055.406638737","3655.9921875","3655.9921875","3655.9921875"
"11065.407028652","3655.9921875","3655.9921875","3655.9921875"
"11075.406349104","3655.9921875","3655.9921875","3655.9921875"
"11085.406137114","3655.9921875","3655.9921875","3655.9921875"
"11095.406429685","3655.9921875","3655.9921875","3655.9921875"
"11105.406666959","3655.9921875","3655.9921875","3655.9921875"
"11115.406755172","3655.9921875","3655.9921875","3655.9921875"
"11125.406427425","3655.9921875","3655.9921875","3655.9921875"
"11135.407252596","3655.9921875","3655.9921875","3655.9921875"
"11145.406649797","3655.9921875","3655.9921875","3655.9921875"
"11155.406437779","3655.9921875","3655.9921875","3655.9921875"
"11165.407346904","3655.9921875","3655.9921875","3655.9921875"
"11175.407919619","3655.9921875","3655.9921875","3655.9921875"
"11185.406838642","3655.9921875","3655.9921875","3655.9921875"
"11195.406850548","3655.9921875","3655.9921875","3655.9921875"
"11205.406818908","3655.9921875","3655.9921875","3655.9921875"
"11215.406889212","3655.9921875","3655.9921875","3655.9921875"
"11225.406809965","3655.9921875","3655.9921875","3655.9921875"
"11235.406144074","3655.9921875","3655.9921875","3655.9921875"
"11245.40707864","3655.9921875","3655.9921875","3655.9921875"
"11255.40729537","3655.9921875","3655.9921875","3655.9921875"
"11265.406789813","3655.9921875","3655.9921875","3655.9921875"
"11275.406719356","3655.9921875","3655.9921875","3655.9921875"
"11285.407778988","3655.9921875","3655.9921875","3655.9921875"
"11295.407453919","3655.9921875","3655.9921875","3655.9921875"
"11305.406611452","3655.9921875","3655.9921875","3655.9921875"
"11315.406770648","3655.9921875","3655.9921875","3655.9921875"
"11325.406269044","3655.9921875","3655.9921875","3655.9921875"
"11335.406613327","3655.9921875","3655.9921875","3655.9921875"
"11345.406815901","3655.9921875","3655.9921875","3655.9921875"
"11355.406767323","3655.9921875","3655.9921875","3655.9921875"
"11365.406763685","3655.9921875","3655.9921875","3655.9921875"
"11375.40669122","3655.9921875","3655.9921875","3655.9921875"
"11385.406329823","3655.9921875","3655.9921875","3655.9921875"
"11395.407245639","3655.9921875","3655.9921875","3655.9921875"
"11405.406649985","3655.9921875","3655.9921875","3655.9921875"
"11415.406719932","3655.9921875","3655.9921875","3655.9921875"
"11425.406833644","3655.9921875","3655.9921875","3655.9921875"
"11435.406890939","3655.9921875","3655.9921875","3655.9921875"
"11445.406798443","3655.9921875","3655.9921875","3655.9921875"
"11455.407583414","3655.9921875","3655.9921875","3655.9921875"
"11465.406760514","3655.9921875","3655.9921875","3655.9921875"
"11475.406516907","3655.9921875","3655.9921875","3655.9921875"
"11485.406875545","3655.9921875","3655.9921875","3655.9921875"
"11495.407391847","3655.9921875","3655.9921875","3655.9921875"
"11505.40752596","3655.9921875","3655.9921875","3655.9921875"
"11515.407258161","3655.9921875","3655.9921875","3655.9921875"
"11525.406704315","3655.9921875","3655.9921875","3655.9921875"
"11535.406489997","3655.9921875","3655.9921875","3655.9921875"
"11545.406751234","3655.9921875","3655.9921875","3655.9921875"
"11555.40664955","3655.9921875","3655.9921875","3655.9921875"
"11565.406328813","3655.9921875","3655.9921875","3655.9921875"
"11575.406914026","3655.9921875","3655.9921875","3655.9921875"
"11585.406843684","3655.9921875","3655.9921875","3655.9921875"
"11595.406262358","3655.9921875","3655.9921875","3655.9921875"
"11605.407146069","3655.9921875","3655.9921875","3655.9921875"
"11615.407209678","3655.9921875","3655.9921875","3655.9921875"
"11625.406347331","3655.9921875","3655.9921875","3655.9921875"
"11635.40713372","3655.9921875","3655.9921875","3655.9921875"
"11645.40637561","3655.9921875","3655.9921875","3655.9921875"
"11655.407485374","3655.9921875","3655.9921875","3655.9921875"
"11665.406425225","3655.9921875","3655.9921875","3655.9921875"
"11675.407242392","3655.9921875","3655.9921875","3655.9921875"
"11685.406572499","3655.9921875","3655.9921875","3655.9921875"
"11695.40724811","3655.9921875","3655.9921875","3655.9921875"
"11705.40703852","3655.9921875","3655.9921875","3655.9921875"
"11715.406735751","3655.9921875","3655.9921875","3655.9921875"
"11725.406632936","3655.9921875","3655.9921875","3655.9921875"
"11735.407022337","3655.9921875","3655.9921875","3655.9921875"
"11745.406197194","3655.9921875","3655.9921875","3655.9921875"
"11755.406680645","3655.9921875","3655.9921875","3655.9921875"
"11765.407099476","3655.9921875","3655.9921875","3655.9921875"
"11775.406867906","3655.9921875","3655.9921875","3655.9921875"
"11785.406578049","3655.9921875","3655.9921875","3655.9921875"
"11795.406635033","3655.9921875","3655.9921875","3655.9921875"
"11805.406195036","3655.9921875","3655.9921875","3655.9921875"
"11815.40629529","3655.9921875","3655.9921875","3655.9921875"
"11825.406155822","3655.9921875","3655.9921875","3655.9921875"
"11835.407124258","3655.9921875","3655.9921875","3655.9921875"
"11845.406133934","3655.9921875","3655.9921875","3655.9921875"
"11855.406795642","3655.9921875","3655.9921875","3655.9921875"
"11865.407158526","3655.9921875","3655.9921875","3655.9921875"
"11875.406920629","3655.9921875","3655.9921875","3655.9921875"
"11885.407001778","3655.9921875","3655.9921875","3655.9921875"
"11895.406515881","3655.9921875","3655.9921875","3655.9921875"
"11905.407277805","3655.9921875","3655.9921875","3655.9921875"
"11915.406857984","3655.9921875","3655.9921875","3655.9921875"
"11925.407087098","3655.9921875","3655.9921875","3655.9921875"
"11935.40612095","3655.9921875","3655.9921875","3655.9921875"
"11945.406982419","3655.9921875","3655.9921875","3655.9921875"
"11955.406213302","3655.9921875","3655.9921875","3655.9921875"
"11965.406991849","3655.9921875","3655.9921875","3655.9921875"
"11975.406728454","3655.9921875","3655.9921875","3655.9921875"
"11985.406608862","3655.9921875","3655.9921875","3655.9921875"
"11995.407124388","3655.9921875","3655.9921875","3655.9921875"
"12005.406192913","3655.9921875","3655.9921875","3655.9921875"
"12015.407027318","3655.9921875","3655.9921875","3655.9921875"
"12025.407158775","3655.9921875","3655.9921875","3655.9921875"
"12035.406292122","3655.9921875","3655.9921875","3655.9921875"
"12045.407322211","3655.9921875","3655.9921875","3655.9921875"
"12055.407274375","3655.9921875","3655.9921875","3655.9921875"
"12065.406514834","3655.9921875","3655.9921875","3655.9921875"
"12075.406262356","3655.9921875","3655.9921875","3655.9921875"
"12085.406834207","3655.9921875","3655.9921875","3655.9921875"
"12095.406256519","3655.9921875","3655.9921875","3655.9921875"
"12105.409585819","3655.9921875","3655.9921875","3655.9921875"
"12115.406726638","3655.9921875","3655.9921875","3655.9921875"
"12125.407153194","3655.9921875","3655.9921875","3655.9921875"
"12135.406700483","3655.9921875","3655.9921875","3655.9921875"
"12145.407601344","3655.9921875","3655.9921875","3655.9921875"
"12155.407551269","3655.9921875","3655.9921875","3655.9921875"
"12165.406791677","3655.9921875","3655.9921875","3655.9921875"
"12175.406564173","3655.9921875","3655.9921875","3655.9921875"
"12185.407394131","3655.9921875","3655.9921875","3655.9921875"
"12195.406381003","3655.9921875","3655.9921875","3655.9921875"
"12205.407119388","3655.9921875","3655.9921875","3655.9921875"
"12215.406717029","3655.9921875","3655.9921875","3655.9921875"
"12225.406518099","3655.9921875","3655.9921875","3655.9921875"
"12235.406977651","3655.9921875","3655.9921875","3655.9921875"
"12245.406614238","3655.9921875","3655.9921875","3655.9921875"
"12255.406573608","3655.9921875","3655.9921875","3655.9921875"
"12265.4064756","3655.9921875","3655.9921875","3655.9921875"
"12275.406650588","3655.9921875","3655.9921875","3655.9921875"
"12285.406777915","3655.9921875","3655.9921875","3655.9921875"
"12295.40767118","3655.9921875","3655.9921875","3655.9921875"
"12305.406276743","3655.9921875","3655.9921875","3655.9921875"
"12315.406731785","3655.9921875","3655.9921875","3655.9921875"
"12325.407285406","3655.9921875","3655.9921875","3655.9921875"
"12335.406483044","3655.9921875","3655.9921875","3655.9921875"
"12345.406685462","3655.9921875","3655.9921875","3655.9921875"
"12355.406497768","3655.9921875","3655.9921875","3655.9921875"
"12365.406673657","3655.9921875","3655.9921875","3655.9921875"
"12375.407226019","3655.9921875","3655.9921875","3655.9921875"
"12385.406636322","3655.9921875","3655.9921875","3655.9921875"
"12395.407380603","3655.9921875","3655.9921875","3655.9921875"
"12405.406315581","3655.9921875","3655.9921875","3655.9921875"
"12415.406284937","3655.9921875","3655.9921875","3655.9921875"
"12425.406924693","3655.9921875","3655.9921875","3655.9921875"
"12435.406809373","3655.9921875","3655.9921875","3655.9921875"
"12445.406747753","3655.9921875","3655.9921875","3655.9921875"
"12455.406329799","3655.9921875","3655.9921875","3655.9921875"
"12465.406347585","3655.9921875","3655.9921875","3655.9921875"
"12475.406573258","3655.9921875","3655.9921875","3655.9921875"
"12485.406891318","3655.9921875","3655.9921875","3655.9921875"
"12495.406570771","3655.9921875","3655.9921875","3655.9921875"
"12505.406447432","3655.9921875","3655.9921875","3655.9921875"
"12515.407182005","3655.9921875","3655.9921875","3655.9921875"
"12525.406793274","3655.9921875","3655.9921875","3655.9921875"
"12535.406158462","3655.9921875","3655.9921875","3655.9921875"
"12545.407215682","3655.9921875","3655.9921875","3655.9921875"
"12555.407094536","3655.9921875","3655.9921875","3655.9921875"
"12565.406924903","3655.9921875","3655.9921875","3655.9921875"
"12575.407147843","3655.9921875","3655.9921875","3655.9921875"
"12585.406446605","3655.9921875","3655.9921875","3655.9921875"
"12595.406943056","3655.9921875","3655.9921875","3655.9921875"
"12605.406704922","3655.9921875","3655.9921875","3655.9921875"
"12615.406335642","3655.9921875","3655.9921875","3655.9921875"
"12625.40699162","3655.9921875","3655.9921875","3655.9921875"
"12635.406652842","3655.9921875","3655.9921875","3655.9921875"
"12645.406811457","3655.9921875","3655.9921875","3655.9921875"
"12655.407005118","3655.9921875","3655.9921875","3655.9921875"
"12665.407225684","3655.9921875","3655.9921875","3655.9921875"
"12675.406475709","3655.9921875","3655.9921875","3655.9921875"
"12685.408537388","3655.9921875","3655.9921875","3655.9921875"
"12695.406919074","3655.9921875","3655.9921875","3655.9921875"
"12705.407837015","3655.9921875","3655.9921875","3655.9921875"
"12715.407050311","3655.9921875","3655.9921875","3655.9921875"
"12725.407351163","3655.9921875","3655.9921875","3655.9921875"
"12735.406281353","3655.9921875","3655.9921875","3655.9921875"
"12745.407023634","3655.9921875","3655.9921875","3655.9921875"
"12755.406914878","3655.9921875","3655.9921875","3655.9921875"
"12765.406469787","3655.9921875","3655.9921875","3655.9921875"
"12775.407251711","3655.9921875","3655.9921875","3655.9921875"
"12785.406598636","3655.9921875","3655.9921875","3655.9921875"
"12795.40694874","3655.9921875","3655.9921875","3655.9921875"
"12805.406922672","3655.9921875","3655.9921875","3655.9921875"
"12815.406393281","3655.9921875","3655.9921875","3655.9921875"
"12825.407568678","3655.9921875","3655.9921875","3655.9921875"
"12835.406928494","3655.9921875","3655.9921875","3655.9921875"
"12845.40695588","3655.9921875","3655.9921875","3655.9921875"
"12855.407412092","3655.9921875","3655.9921875","3655.9921875"
"12865.406987162","3655.9921875","3655.9921875","3655.9921875"
"12875.406679085","3655.9921875","3655.9921875","3655.9921875"
"12885.406616441","3655.9921875","3655.9921875","3655.9921875"
"12895.406236881","3655.9921875","3655.9921875","3655.9921875"
"12905.406239007","3655.9921875","3655.9921875","3655.9921875"
"12915.407320404","3655.9921875","3655.9921875","3655.9921875"
"12925.40803358","3655.9921875","3655.9921875","3655.9921875"
"12935.40673824","3655.9921875","3655.9921875","3655.9921875"
"12945.407316944","3655.9921875","3655.9921875","3655.9921875"
"12955.407379745","3655.9921875","3655.9921875","3655.9921875"
"12965.406797196","3655.9921875","3655.9921875","3655.9921875"
"12975.407148323","3655.9921875","3655.9921875","3655.9921875"
"12985.4062029","3655.9921875","3655.9921875","3655.9921875"
"12995.406872081","3655.9921875","3655.9921875","3655.9921875"
"13005.406326931","3655.9921875","3655.9921875","3655.9921875"
"13015.406187904","3655.9921875","3655.9921875","3655.9921875"
"13025.406871801","3655.9921875","3655.9921875","3655.9921875"
"13035.406980656","3655.9921875","3655.9921875","3655.9921875"
"13045.406858961","3655.9921875","3655.9921875","3655.9921875"
"13055.407021245","3655.9921875","3655.9921875","3655.9921875"
"13065.406820232","3655.9921875","3655.9921875","3655.9921875"
"13075.407410482","3655.9921875","3655.9921875","3655.9921875"
"13085.406426137","3655.9921875","3655.9921875","3655.9921875"
"13095.406362746","3655.9921875","3655.9921875","3655.9921875"
"13105.406219321","3655.9921875","3655.9921875","3655.9921875"
"13115.407322095","3655.9921875","3655.9921875","3655.9921875"
"13125.406474446","3655.9921875","3655.9921875","3655.9921875"
"13135.406582995","3655.9921875","3655.9921875","3655.9921875"
"13145.406391477","3655.9921875","3655.9921875","3655.9921875"
"13155.406411141","3655.9921875","3655.9921875","3655.9921875"
"13165.407026466","3655.9921875","3655.9921875","3655.9921875"
"13175.4063453","3655.9921875","3655.9921875","3655.9921875"
"13185.406535189","3655.9921875","3655.9921875","3655.9921875"
"13195.406820041","3655.9921875","3655.9921875","3655.9921875"
"13205.406698848","3655.9921875","3655.9921875","3655.9921875"
"13215.407261947","3655.9921875","3655.9921875","3655.9921875"
"13225.407541882","3655.9921875","3655.9921875","3655.9921875"
"13235.406806975","3655.9921875","3655.9921875","3655.9921875"
"13245.406399243","3655.9921875","3655.9921875","3655.9921875"
"13255.407049956","3655.9921875","3655.9921875","3655.9921875"
"13265.406884483","3655.9921875","3655.9921875","3655.9921875"
"13275.407027516","3655.9921875","3655.9921875","3655.9921875"
"13285.407284984","3655.9921875","3655.9921875","3655.9921875"
"13295.406918954","3655.9921875","3655.9921875","3655.9921875"
"13305.408606155","3655.9921875","3655.9921875","3655.9921875"
"13315.407253999","3655.9921875","3655.9921875","3655.9921875"
"13325.406989318","3655.9921875","3655.9921875","3655.9921875"
"13335.406561531","3655.9921875","3655.9921875","3655.9921875"
"13345.406834459","3655.9921875","3655.9921875","3655.9921875"
"13355.406754062","3655.9921875","3655.9921875","3655.9921875"
"13365.407072697","3655.9921875","3655.9921875","3655.9921875"
"13375.406349211","3655.9921875","3655.9921875","3655.9921875"
"13385.407049483","3655.9921875","3655.9921875","3655.9921875"
"13395.407145627","3655.9921875","3655.9921875","3655.9921875"
"13405.406575018","3655.9921875","3655.9921875","3655.9921875"
"13415.40686196","3655.9921875","3655.9921875","3655.9921875"
"13425.407087822","3655.9921875","3655.9921875","3655.9921875"
"13435.40708494","3655.9921875","3655.9921875","3655.9921875"
"13445.406495043","3655.9921875","3655.9921875","3655.9921875"
"13455.406457943","3655.9921875","3655.9921875","3655.9921875"
"13465.407289577","3655.9921875","3655.9921875","3655.9921875"
"13475.406512249","3655.9921875","3655.9921875","3655.9921875"
"13485.406303921","3655.9921875","3655.9921875","3655.9921875"
"13495.407074616","3655.9921875","3655.9921875","3655.9921875"
"13505.407187889","3655.9921875","3655.9921875","3655.9921875"
"13515.406521163","3655.9921875","3655.9921875","3655.9921875"
"13525.406725768","3655.9921875","3655.9921875","3655.9921875"
"13535.406192831","3655.9921875","3655.9921875","3655.9921875"
"13545.406702554","3655.9921875","3655.9921875","3655.9921875"
"13555.406764046","3655.9921875","3655.9921875","3655.9921875"
"13565.406572448","3655.9921875","3655.9921875","3655.9921875"
"13575.407355202","3655.9921875","3655.9921875","3655.9921875"
"13585.406184286","3655.9921875","3655.9921875","3655.9921875"
"13595.40622142","3655.9921875","3655.9921875","3655.9921875"
"13605.406810988","3655.9921875","3655.9921875","3655.9921875"
"13615.406331486","3655.9921875","3655.9921875","3655.9921875"
"13625.406197034","3655.9921875","3655.9921875","3655.9921875"
"13635.407092881","3655.9921875","3655.9921875","3655.9921875"
"13645.406477142","3655.9921875","3655.9921875","3655.9921875"
"13655.406839966","3655.9921875","3655.9921875","3655.9921875"
"13665.406967383","3655.9921875","3655.9921875","3655.9921875"
"13675.407249394","3655.9921875","3655.9921875","3655.9921875"
"13685.407018417","3655.9921875","3655.9921875","3655.9921875"
"13695.406690615","3655.9921875","3655.9921875","3655.9921875"
"13705.407444061","3655.9921875","3655.9921875","3655.9921875"
"13715.407300594","3655.9921875","3655.9921875","3655.9921875"
"13725.408054017","3655.9921875","3655.9921875","3655.9921875"
"13735.406912599","3655.9921875","3655.9921875","3655.9921875"
"13745.406867201","3655.9921875","3655.9921875","3655.9921875"
"13755.406472691","3655.9921875","3655.9921875","3655.9921875"
"13765.406731514","3655.9921875","3655.9921875","3655.9921875"
"13775.406472671","3655.9921875","3655.9921875","3655.9921875"
"13785.407240443","3655.9921875","3655.9921875","3655.9921875"
"13795.406451657","3655.9921875","3655.9921875","3655.9921875"
"13805.406835243","3655.9921875","3655.9921875","3655.9921875"
"13815.407339528","3655.9921875","3655.9921875","3655.9921875"
"13825.407273125","3655.9921875","3655.9921875","3655.9921875"
"13835.407111313","3655.9921875","3655.9921875","3655.9921875"
"13845.407225958","3655.9921875","3655.9921875","3655.9921875"
"13855.406248581","3655.9921875","3655.9921875","3655.9921875"
"13865.406426723","3655.9921875","3655.9921875","3655.9921875"
"13875.406636102","3655.9921875","3655.9921875","3655.9921875"
"13885.407339697","3655.9921875","3655.9921875","3655.9921875"
"13895.407310201","3655.9921875","3655.9921875","3655.9921875"
"13905.407266739","3655.9921875","3655.9921875","3655.9921875"
"13915.406899396","3655.9921875","3655.9921875","3655.9921875"
"13925.406293116","3655.9921875","3655.9921875","3655.9921875"
"13935.407452897","3655.9921875","3655.9921875","3655.9921875"
"13945.407682962","3655.9921875","3655.9921875","3655.9921875"
"13955.407152743","3655.9921875","3655.9921875","3655.9921875"
"13965.406233169","3655.9921875","3655.9921875","3655.9921875"
"13975.406986451","3655.9921875","3655.9921875","3655.9921875"
"13985.406280581","3655.9921875","3655.9921875","3655.9921875"
"13995.406905799","3655.9921875","3655.9921875","3655.9921875"
"14005.407242345","3655.9921875","3655.9921875","3655.9921875"
"14015.406352009","3655.9921875","3655.9921875","3655.9921875"
"14025.407045573","3655.9921875","3655.9921875","3655.9921875"
"14035.406978225","3655.9921875","3655.9921875","3655.9921875"
"14045.40674597","3655.9921875","3655.9921875","3655.9921875"
"14055.40674576","3655.9921875","3655.9921875","3655.9921875"
"14065.406803304","3655.9921875","3655.9921875","3655.9921875"
"14075.406748965","3655.9921875","3655.9921875","3655.9921875"
"14085.407350355","3655.9921875","3655.9921875","3655.9921875"
"14095.406835657","3655.9921875","3655.9921875","3655.9921875"
"14105.40667407","3655.9921875","3655.9921875","3655.9921875"
"14115.406524664","3655.9921875","3655.9921875","3655.9921875"
"14125.407149348","3655.9921875","3655.9921875","3655.9921875"
"14135.407479151","3655.9921875","3655.9921875","3655.9921875"
"14145.407250273","3655.9921875","3655.9921875","3655.9921875"
"14155.406179274","3655.9921875","3655.9921875","3655.9921875"
"14165.406265275","3655.9921875","3655.9921875","3655.9921875"
"14175.406902223","3655.9921875","3655.9921875","3655.9921875"
"14185.407011167","3655.9921875","3655.9921875","3655.9921875"
"14195.407174648","3655.9921875","3655.9921875","3655.9921875"
"14205.406292919","3655.9921875","3655.9921875","3655.9921875"
"14215.406829595","3655.9921875","3655.9921875","3655.9921875"
"14225.406614806","3655.9921875","3655.9921875","3655.9921875"
"14235.40627997","3655.9921875","3655.9921875","3655.9921875"
"14245.406373037","3655.9921875","3655.9921875","3655.9921875"
"14255.406485322","3655.9921875","3655.9921875","3655.9921875"
"14265.406938219","3655.9921875","3655.9921875","3655.9921875"
"14275.406584618","3655.9921875","3655.9921875","3655.9921875"
"14285.40699156","3655.9921875","3655.9921875","3655.9921875"
"14295.406574426","3655.9921875","3655.9921875","3655.9921875"
"14305.407125542","3655.9921875","3655.9921875","3655.9921875"
"14315.406984183","3655.9921875","3655.9921875","3655.9921875"
"14325.406471914","3655.9921875","3655.9921875","3655.9921875"
"14335.406578941","3655.9921875","3655.9921875","3655.9921875"
"14345.406199546","3655.9921875","3655.9921875","3655.9921875"
"14355.406812616","3655.9921875","3655.9921875","3655.9921875"
"14365.406921231","3655.9921875","3655.9921875","3655.9921875"
"14375.406498385","3655.9921875","3655.9921875","3655.9921875"
"14385.406889918","3655.9921875","3655.9921875","3655.9921875"
"14395.40692451","3655.9921875","3655.9921875","3655.9921875"
"14405.406685653","3655.9921875","3655.9921875","3655.9921875"
"14415.40673898","3655.9921875","3655.9921875","3655.9921875"
"14425.40641075","3655.9921875","3655.9921875","3655.9921875"
"14435.406963241","3655.9921875","3655.9921875","3655.9921875"
"14445.406496322","3655.9921875","3655.9921875","3655.9921875"
"14455.407034649","3655.9921875","3655.9921875","3655.9921875"
"14465.406865673","3655.9921875","3655.9921875","3655.9921875"
"14475.407010322","3655.9921875","3655.9921875","3655.9921875"
"14485.406401985","3655.9921875","3655.9921875","3655.9921875"
"14495.407362732","3655.9921875","3655.9921875","3655.9921875"
"14505.40625261","3655.9921875","3655.9921875","3655.9921875"
"14515.407096164","3655.9921875","3655.9921875","3655.9921875"
"14525.4068667","3655.9921875","3655.9921875","3655.9921875"
"14535.406901256","3655.9921875","3655.9921875","3655.9921875"
"14545.406626444","3655.9921875","3655.9921875","3655.9921875"
"14555.407009259","3655.9921875","3655.9921875","3655.9921875"
"14565.406343358","3655.9921875","3655.9921875","3655.9921875"
"14575.407322146","3655.9921875","3655.9921875","3655.9921875"
"14585.406649169","3655.9921875","3655.9921875","3655.9921875"
"14595.407034941","3655.9921875","3655.9921875","3655.9921875"
"14605.407226734","3655.9921875","3655.9921875","3655.9921875"
"14615.406563808","3655.9921875","3655.9921875","3655.9921875"
"14625.406599713","3655.9921875","3655.9921875","3655.9921875"
"14635.406481114","3655.9921875","3655.9921875","3655.9921875"
"14645.406681483","3655.9921875","3655.9921875","3655.9921875"
"14655.406421031","3655.9921875","3655.9921875","3655.9921875"
"14665.406952049","3655.9921875","3655.9921875","3655.9921875"
"14675.406451721","3655.9921875","3655.9921875","3655.9921875"
"14685.406352105","3655.9921875","3655.9921875","3655.9921875"
"14695.406742957","3655.9921875","3655.9921875","3655.9921875"
"14705.406735761","3655.9921875","3655.9921875","3655.9921875"
"14715.406998217","3655.9921875","3655.9921875","3655.9921875"
"14725.40686598","3655.9921875","3655.9921875","3655.9921875"
"14735.406475857","3655.9921875","3655.9921875","3655.9921875"
"14745.406363073","3655.9921875","3655.9921875","3655.9921875"
"14755.407020418","3655.9921875","3655.9921875","3655.9921875"
"14765.406356019","3655.9921875","3655.9921875","3655.9921875"
"14775.406383935","3655.9921875","3655.9921875","3655.9921875"
"14785.406699375","3655.9921875","3655.9921875","3655.9921875"
"14795.407207491","3655.9921875","3655.9921875","3655.9921875"
"14805.406482891","3655.9921875","3655.9921875","3655.9921875"
"14815.406492052","3655.9921875","3655.9921875","3655.9921875"
"14825.407559751","3655.9921875","3655.9921875","3655.9921875"
"14835.407209513","3655.9921875","3655.9921875","3655.9921875"
"14845.406896307","3655.9921875","3655.9921875","3655.9921875"
"14855.406492356","3655.9921875","3655.9921875","3655.9921875"
"14865.406881463","3655.9921875","3655.9921875","3655.9921875"
"14875.406183452","3655.9921875","3655.9921875","3655.9921875"
"14885.406749565","3655.9921875","3655.9921875","3655.9921875"
"14895.406518178","3655.9921875","3655.9921875","3655.9921875"
"14905.407250952","3655.9921875","3655.9921875","3655.9921875"
"14915.407525274","3655.9921875","3655.9921875","3655.9921875"
"14925.406648312","3655.9921875","3655.9921875","3655.9921875"
"14935.406219079","3655.9921875","3655.9921875","3655.9921875"
"14945.406486683","3655.9921875","3655.9921875","3655.9921875"
"14955.40673126","3655.9921875","3655.9921875","3655.9921875"
"14965.406347726","3655.9921875","3655.9921875","3655.9921875"
"14975.406781812","3655.9921875","3655.9921875","3655.9921875"
"14985.407170329","3655.9921875","3655.9921875","3655.9921875"
"14995.406752183","3655.9921875","3655.9921875","3655.9921875"
"15005.406592077","3655.9921875","3655.9921875","3655.9921875"
"15015.406828512","3655.9921875","3655.9921875","3655.9921875"
"15025.406622025","3655.9921875","3655.9921875","3655.9921875"
"15035.406948174","3655.9921875","3655.9921875","3655.9921875"
"15045.407252056","3655.9921875","3655.9921875","3655.9921875"
"15055.406267225","3655.9921875","3655.9921875","3655.9921875"
"15065.407218988","3655.9921875","3655.9921875","3655.9921875"
"15075.406261085","3655.9921875","3655.9921875","3655.9921875"
"15085.407151243","3655.9921875","3655.9921875","3655.9921875"
"15095.407178125","3655.9921875","3655.9921875","3655.9921875"
"15105.406561541","3655.9921875","3655.9921875","3655.9921875"
"15115.406581549","3655.9921875","3655.9921875","3655.9921875"
"15125.406487453","3655.9921875","3655.9921875","3655.9921875"
"15135.407767609","3655.9921875","3655.9921875","3655.9921875"
"15145.406670292","3655.9921875","3655.9921875","3655.9921875"
"15155.407005929","3655.9921875","3655.9921875","3655.9921875"
"15165.406811551","3655.9921875","3655.9921875","3655.9921875"
"15175.406178324","3655.9921875","3655.9921875","3655.9921875"
"15185.406758052","3655.9921875","3655.9921875","3655.9921875"
"15195.406819793","3655.9921875","3655.9921875","3655.9921875"
"15205.407115521","3655.9921875","3655.9921875","3655.9921875"
"15215.40669188","3655.9921875","3655.9921875","3655.9921875"
"15225.407205975","3655.9921875","3655.9921875","3655.9921875"
"15235.406410434","3655.9921875","3655.9921875","3655.9921875"
"15245.406946085","3655.9921875","3655.9921875","3655.9921875"
"15255.40737932","3655.9921875","3655.9921875","3655.9921875"
"15265.406425871","3655.9921875","3655.9921875","3655.9921875"
"15275.40701722","3655.9921875","3655.9921875","3655.9921875"
"15285.407261091","3655.9921875","3655.9921875","3655.9921875"
"15295.40719414","3655.9921875","3655.9921875","3655.9921875"
"15305.406682216","3655.9921875","3655.9921875","3655.9921875"
"15315.406772754","3655.9921875","3655.9921875","3655.9921875"
"15325.406260994","3655.9921875","3655.9921875","3655.9921875"
"15335.406792745","3655.9921875","3655.9921875","3655.9921875"
"15345.406217555","3655.9921875","3655.9921875","3655.9921875"
"15355.406514002","3655.9921875","3655.9921875","3655.9921875"
"15365.406393215","3655.9921875","3655.9921875","3655.9921875"
"15375.406760765","3655.9921875","3655.9921875","3655.9921875"
"15385.406745458","3655.9921875","3655.9921875","3655.9921875"
"15395.407252465","3655.9921875","3655.9921875","3655.9921875"
"15405.406574245","3655.9921875","3655.9921875","3655.9921875"
"15415.40739144","3655.9921875","3655.9921875","3655.9921875"
"15425.406934287","3655.9921875","3655.9921875","3655.9921875"
"15435.40659978","3655.9921875","3655.9921875","3655.9921875"
"15445.406335541","3655.9921875","3655.9921875","3655.9921875"
"15455.407507133","3655.9921875","3655.9921875","3655.9921875"
"15465.406194547","3655.9921875","3655.9921875","3655.9921875"
"15475.406688419","3655.9921875","3655.9921875","3655.9921875"
"15485.406642071","3655.9921875","3655.9921875","3655.9921875"
"15495.407148697","3655.9921875","3655.9921875","3655.9921875"
"15505.40720841","3655.9921875","3655.9921875","3655.9921875"
"15515.406530917","3655.9921875","3655.9921875","3655.9921875"
"15525.40640505","3655.9921875","3655.9921875","3655.9921875"
"15535.407361502","3655.9921875","3655.9921875","3655.9921875"
"15545.406869676","3655.9921875","3655.9921875","3655.9921875"
"15555.406773131","3655.9921875","3655.9921875","3655.9921875"
"15565.406684982","3655.9921875","3655.9921875","3655.9921875"
"15575.407529635","3655.9921875","3655.9921875","3655.9921875"
"15585.406994073","3655.9921875","3655.9921875","3655.9921875"
"15595.406438914","3655.9921875","3655.9921875","3655.9921875"
"15605.407572345","3655.9921875","3655.9921875","3655.9921875"
"15615.407115534","3655.9921875","3655.9921875","3655.9921875"
"15625.406710218","3655.9921875","3655.9921875","3655.9921875"
"15635.406437393","3655.9921875","3655.9921875","3655.9921875"
"15645.406829052","3655.9921875","3655.9921875","3655.9921875"
"15655.406655188","3655.9921875","3655.9921875","3655.9921875"
"15665.407045367","3655.9921875","3655.9921875","3655.9921875"
"15675.407045355","3655.9921875","3655.9921875","3655.9921875"
"15685.407178348","3655.9921875","3655.9921875","3655.9921875"
"15695.406945303","3655.9921875","3655.9921875","3655.9921875"
"15705.406838651","3655.9921875","3655.9921875","3655.9921875"
"15715.40722702","3655.9921875","3655.9921875","3655.9921875"
"15725.406333229","3655.9921875","3655.9921875","3655.9921875"
"15735.406606906","3655.9921875","3655.9921875","3655.9921875"
"15745.406738755","3655.9921875","3655.9921875","3655.9921875"
"15755.406449626","3655.9921875","3655.9921875","3655.9921875"
"15765.407198502","3655.9921875","3655.9921875","3655.9921875"
"15775.40691822","3655.9921875","3655.9921875","3655.9921875"
"15785.407302811","3655.9921875","3655.9921875","3655.9921875"
"15795.406584396","3655.9921875","3655.9921875","3655.9921875"
"15805.406271162","3655.9921875","3655.9921875","3655.9921875"
"15815.407083165","3655.9921875","3655.9921875","3655.9921875"
"15825.406486466","3655.9921875","3655.9921875","3655.9921875"
"15835.40682636","3655.9921875","3655.9921875","3655.9921875"
"15845.406889864","3655.9921875","3655.9921875","3655.9921875"
"15855.40676836","3655.9921875","3655.9921875","3655.9921875"
"15865.406720607","3655.9921875","3655.9921875","3655.9921875"
"15875.406266831","3655.9921875","3655.9921875","3655.9921875"
"15885.406948607","3655.9921875","3655.9921875","3655.9921875"
"15895.406934944","3655.9921875","3655.9921875","3655.9921875"
"15905.407238527","3655.9921875","3655.9921875","3655.9921875"
"15915.406690317","3655.9921875","3655.9921875","3655.9921875"
"15925.406808521","3655.9921875","3655.9921875","3655.9921875"
"15935.407131","3655.9921875","3655.9921875","3655.9921875"
"15945.406838353","3655.9921875","3655.9921875","3655.9921875"
"15955.407283233","3655.9921875","3655.9921875","3655.9921875"
"15965.407329312","3655.9921875","3655.9921875","3655.9921875"
"15975.407088292","3655.9921875","3655.9921875","3655.9921875"
"15985.406676022","3655.9921875","3655.9921875","3655.9921875"
"15995.407006577","3655.9921875","3655.9921875","3655.9921875"
"16005.407158583","3655.9921875","3655.9921875","3655.9921875"
"16015.406689949","3655.9921875","3655.9921875","3655.9921875"
"16025.406786694","3655.9921875","3655.9921875","3655.9921875"
"16035.407017392","3655.9921875","3655.9921875","3655.9921875"
"16045.406441576","3655.9921875","3655.9921875","3655.9921875"
"16055.406248579","3655.9921875","3655.9921875","3655.9921875"
"16065.407247267","3655.9921875","3655.9921875","3655.9921875"
"16075.406723953","3655.9921875","3655.9921875","3655.9921875"
"16085.407441491","3655.9921875","3655.9921875","3655.9921875"
"16095.406896815","3655.9921875","3655.9921875","3655.9921875"
"16105.4069608","3655.9921875","3655.9921875","3655.9921875"
"16115.406488056","3655.9921875","3655.9921875","3655.9921875"
"16125.406220659","3655.9921875","3655.9921875","3655.9921875"
"16135.406155052","3655.9921875","3655.9921875","3655.9921875"
"16145.407091572","3655.9921875","3655.9921875","3655.9921875"
"16155.406467818","3655.9921875","3655.9921875","3655.9921875"
"16165.406482372","3655.9921875","3655.9921875","3655.9921875"
"16175.407258741","3655.9921875","3655.9921875","3655.9921875"
"16185.406596235","3655.9921875","3655.9921875","3655.9921875"
"16195.407408379","3655.9921875","3655.9921875","3655.9921875"
"16205.407113975","3655.9921875","3655.9921875","3655.9921875"
"16215.406628878","3655.9921875","3655.9921875","3655.9921875"
"16225.40675665","3655.9921875","3655.9921875","3655.9921875"
"16235.406829711","3655.9921875","3655.9921875","3655.9921875"
"16245.406540663","3655.9921875","3655.9921875","3655.9921875"
"16255.40694571","3655.9921875","3655.9921875","3655.9921875"
"16265.406245194","3655.9921875","3655.9921875","3655.9921875"
"16275.406726152","3655.9921875","3655.9921875","3655.9921875"
"16285.406547013","3655.9921875","3655.9921875","3655.9921875"
"16295.406285104","3655.9921875","3655.9921875","3655.9921875"
"16305.406603127","3655.9921875","3655.9921875","3655.9921875"
"16315.407080133","3655.9921875","3655.9921875","3655.9921875"
"16325.40662204","3655.9921875","3655.9921875","3655.9921875"
"16335.411167454","3655.9921875","3655.9921875","3655.9921875"
"16345.406475342","3655.9921875","3655.9921875","3655.9921875"
"16355.406849865","3655.9921875","3655.9921875","3655.9921875"
"16365.406287479","3655.9921875","3655.9921875","3655.9921875"
"16375.406766138","3655.9921875","3655.9921875","3655.9921875"
"16385.406722062","3655.9921875","3655.9921875","3655.9921875"
"16395.407118548","3655.9921875","3655.9921875","3655.9921875"
"16405.406798007","3655.9921875","3655.9921875","3655.9921875"
"16415.406532639","3655.9921875","3655.9921875","3655.9921875"
"16425.406472648","3655.9921875","3655.9921875","3655.9921875"
"16435.407248262","3655.9921875","3655.9921875","3655.9921875"
"16445.406801201","3655.9921875","3655.9921875","3655.9921875"
"16455.406437295","3655.9921875","3655.9921875","3655.9921875"
"16465.407344706","3655.9921875","3655.9921875","3655.9921875"
"16475.406564149","3655.9921875","3655.9921875","3655.9921875"
"16485.40677752","3655.9921875","3655.9921875","3655.9921875"
"16495.406363462","3655.9921875","3655.9921875","3655.9921875"
"16505.406632221","3655.9921875","3655.9921875","3655.9921875"
"16515.406412982","3655.9921875","3655.9921875","3655.9921875"
"16525.407320225","3655.9921875","3655.9921875","3655.9921875"
"16535.40631224","3655.9921875","3655.9921875","3655.9921875"
"16545.407276951","3655.9921875","3655.9921875","3655.9921875"
"16555.406924823","3655.9921875","3655.9921875","3655.9921875"
"16565.406725626","3655.9921875","3655.9921875","3655.9921875"
"16575.406873538","3655.9921875","3655.9921875","3655.9921875"
"16585.406759526","3655.9921875","3655.9921875","3655.9921875"
"16595.4070113","3655.9921875","3655.9921875","3655.9921875"
"16605.407033619","3655.9921875","3655.9921875","3655.9921875"
"16615.407031494","3655.9921875","3655.9921875","3655.9921875"
"16625.406783681","3655.9921875","3655.9921875","3655.9921875"
"16635.407026969","3655.9921875","3655.9921875","3655.9921875"
"16645.406802703","3655.9921875","3655.9921875","3655.9921875"
"16655.406626961","3655.9921875","3655.9921875","3655.9921875"
"16665.406508722","3655.9921875","3655.9921875","3655.9921875"
"16675.407081463","3655.9921875","3655.9921875","3655.9921875"
"16685.4069067","3655.9921875","3655.9921875","3655.9921875"
"16695.406687958","3655.9921875","3655.9921875","3655.9921875"
"16705.406288746","3655.9921875","3655.9921875","3655.9921875"
"16715.407171716","3655.9921875","3655.9921875","3655.9921875"
"16725.406281535","3655.9921875","3655.9921875","3655.9921875"
"16735.406863254","3655.9921875","3655.9921875","3655.9921875"
"16745.407250426","3655.9921875","3655.9921875","3655.9921875"
"16755.406732232","3655.9921875","3655.9921875","3655.9921875"
"16765.406895037","3655.9921875","3655.9921875","3655.9921875"
"16775.406648646","3655.9921875","3655.9921875","3655.9921875"
"16785.40725003","3655.9921875","3655.9921875","3655.9921875"
"16795.406950922","3655.9921875","3655.9921875","3655.9921875"
"16805.40655925","3655.9921875","3655.9921875","3655.9921875"
"16815.406220135","3655.9921875","3655.9921875","3655.9921875"
"16825.406936239","3655.9921875","3655.9921875","3655.9921875"
"16835.40666089","3655.9921875","3655.9921875","3655.9921875"
"16845.407142931","3655.9921875","3655.9921875","3655.9921875"
"16855.406913042","3655.9921875","3655.9921875","3655.9921875"
"16865.406410454","3655.9921875","3655.9921875","3655.9921875"
"16875.407186891","3655.9921875","3655.9921875","3655.9921875"
"16885.406438226","3655.9921875","3655.9921875","3655.9921875"
"16895.406424445","3655.9921875","3655.9921875","3655.9921875"
"16905.406461394","3655.9921875","3655.9921875","3655.9921875"
"16915.406941699","3655.9921875","3655.9921875","3655.9921875"
"16925.406332397","3655.9921875","3655.9921875","3655.9921875"
"16935.406838919","3655.9921875","3655.9921875","3655.9921875"
"16945.406836804","3655.9921875","3655.9921875","3655.9921875"
"16955.406968456","3655.9921875","3655.9921875","3655.9921875"
"16965.406544956","3655.9921875","3655.9921875","3655.9921875"
"16975.406744571","3655.9921875","3655.9921875","3655.9921875"
"16985.406564069","3655.9921875","3655.9921875","3655.9921875"
"16995.406625975","3655.9921875","3655.9921875","3655.9921875"
"17005.406421537","3655.9921875","3655.9921875","3655.9921875"
"17015.406880704","3655.9921875","3655.9921875","3655.9921875"
"17025.4067139","3655.9921875","3655.9921875","3655.9921875"
"17035.407135016","3655.9921875","3655.9921875","3655.9921875"
"17045.407263651","3655.9921875","3655.9921875","3655.9921875"
"17055.407413939","3655.9921875","3655.9921875","3655.9921875"
"17065.406409162","3655.9921875","3655.9921875","3655.9921875"
"17075.406806439","3655.9921875","3655.9921875","3655.9921875"
"17085.407160894","3655.9921875","3655.9921875","3655.9921875"
"17095.406819717","3655.9921875","3655.9921875","3655.9921875"
"17105.406212077","3655.9921875","3655.9921875","3655.9921875"
"17115.40628991","3655.9921875","3655.9921875","3655.9921875"
"17125.406151985","3655.9921875","3655.9921875","3655.9921875"
"17135.407871492","3655.9921875","3655.9921875","3655.9921875"
"17145.4067691","3655.9921875","3655.9921875","3655.9921875"
"17155.407181943","3655.9921875","3655.9921875","3655.9921875"
"17165.407468787","3655.9921875","3655.9921875","3655.9921875"
"17175.406315829","3655.9921875","3655.9921875","3655.9921875"
"17185.406734246","3655.9921875","3655.9921875","3655.9921875"
"17195.406289367","3655.9921875","3655.9921875","3655.9921875"
"17205.406686512","3655.9921875","3655.9921875","3655.9921875"
"17215.407138253","3655.9921875","3655.9921875","3655.9921875"
"17225.407308413","3655.9921875","3655.9921875","3655.9921875"
"17235.407520262","3655.9921875","3655.9921875","3655.9921875"
"17245.406635177","3655.9921875","3655.9921875","3655.9921875"
"17255.407131925","3655.9921875","3655.9921875","3655.9921875"
"17265.406452958","3655.9921875","3655.9921875","3655.9921875"
"17275.40670658","3655.9921875","3655.9921875","3655.9921875"
"17285.406511182","3655.9921875","3655.9921875","3655.9921875"
"17295.406707917","3655.9921875","3655.9921875","3655.9921875"
"17305.406143","3655.9921875","3655.9921875","3655.9921875"
"17315.406623834","3655.9921875","3655.9921875","3655.9921875"
"17325.40643095","3655.9921875","3655.9921875","3655.9921875"
"17335.407440711","3655.9921875","3655.9921875","3655.9921875"
"17345.406466676","3655.9921875","3655.9921875","3655.9921875"
"17355.406248612","3655.9921875","3655.9921875","3655.9921875"
"17365.407043117","3655.9921875","3655.9921875","3655.9921875"
"17375.406683251","3655.9921875","3655.9921875","3655.9921875"
"17385.406996076","3655.9921875","3655.9921875","3655.9921875"
"17395.407683998","3655.9921875","3655.9921875","3655.9921875"
"17405.406963364","3655.9921875","3655.9921875","3655.9921875"
"17415.406344279","3655.9921875","3655.9921875","3655.9921875"
"17425.406957295","3655.9921875","3655.9921875","3655.9921875"
"17435.407119265","3655.9921875","3655.9921875","3655.9921875"
"17445.406761441","3655.9921875","3655.9921875","3655.9921875"
"17455.406861624","3655.9921875","3655.9921875","3655.9921875"
"17465.406302629","3655.9921875","3655.9921875","3655.9921875"
"17475.406679684","3656.1171875","3656.1171875","3656.1171875"
"17485.40637775","3656.1171875","3656.1171875","3656.1171875"
"17495.40633316","3656.1171875","3656.1171875","3656.1171875"
"17505.406180281","3656.1171875","3656.1171875","3656.1171875"
"17515.407181639","3656.1171875","3656.1171875","3656.1171875"
"17525.407149892","3656.1171875","3656.1171875","3656.1171875"
"17535.406599881","3656.1171875","3656.1171875","3656.1171875"
"17545.407122424","3656.1171875","3656.1171875","3656.1171875"
"17555.406673966","3656.1171875","3656.1171875","3656.1171875"
"17565.406730037","3656.1171875","3656.1171875","3656.1171875"
"17575.407198357","3656.1171875","3656.1171875","3656.1171875"
"17585.406813504","3656.1171875","3656.1171875","3656.1171875"
"17595.410335354","3656.1171875","3656.1171875","3656.1171875"
"17605.407037961","3656.1171875","3656.1171875","3656.1171875"
"17615.406758425","3656.1171875","3656.1171875","3656.1171875"
"17625.406339397","3656.1171875","3656.1171875","3656.1171875"
"17635.407086048","3656.1171875","3656.1171875","3656.1171875"
"17645.406887511","3656.1171875","3656.1171875","3656.1171875"
"17655.406262687","3656.1171875","3656.1171875","3656.1171875"
"17665.406558051","3656.1171875","3656.1171875","3656.1171875"
"17675.406992064","3656.1171875","3656.1171875","3656.1171875"
"17685.406263723","3656.1171875","3656.1171875","3656.1171875"
"17695.406577605","3656.1171875","3656.1171875","3656.1171875"
"17705.406704881","3656.1171875","3656.1171875","3656.1171875"
"17715.406873716","3656.1171875","3656.1171875","3656.1171875"
"17725.406767954","3656.1171875","3656.1171875","3656.1171875"
"17735.406369508","3656.1171875","3656.1171875","3656.1171875"
"17745.406948695","3656.1171875","3656.1171875","3656.1171875"
"17755.406805106","3656.1171875","3656.1171875","3656.1171875"
"17765.406562919","3656.1171875","3656.1171875","3656.1171875"
"17775.406448293","3656.1171875","3656.1171875","3656.1171875"
"17785.406950936","3656.1171875","3656.1171875","3656.1171875"
"17795.407031996","3656.1171875","3656.1171875","3656.1171875"
"17805.40671767","3656.1171875","3656.1171875","3656.1171875"
"17815.407110104","3656.1171875","3656.1171875","3656.1171875"
"17825.406442214","3656.1171875","3656.1171875","3656.1171875"
"17835.406599094","3656.1171875","3656.1171875","3656.1171875"
"17845.406726125","3656.1171875","3656.1171875","3656.1171875"
"17855.406980604","3656.1171875","3656.1171875","3656.1171875"
"17865.406324676","3656.1171875","3656.1171875","3656.1171875"
"17875.406756933","3656.1171875","3656.1171875","3656.1171875"
"17885.407033831","3656.1171875","3656.1171875","3656.1171875"
"17895.406587874","3656.1171875","3656.1171875","3656.1171875"
"17905.406669514","3656.1171875","3656.1171875","3656.1171875"
"17915.406402384","3656.1171875","3656.1171875","3656.1171875"
"17925.407209574","3656.1171875","3656.1171875","3656.1171875"
"17935.406842247","3656.1171875","3656.1171875","3656.1171875"
"17945.4074299","3656.1171875","3656.1171875","3656.1171875"
"17955.406997797","3656.1171875","3656.1171875","3656.1171875"
"17965.407689067","3656.1171875","3656.1171875","3656.1171875"
"17975.406728094","3656.1171875","3656.1171875","3656.1171875"
"17985.40633124","3656.1171875","3656.1171875","3656.1171875"
"17995.406933629","3656.1171875","3656.1171875","3656.1171875"
"18005.406425192","3656.1171875","3656.1171875","3656.1171875"
"18015.40730967","3656.1171875","3656.1171875","3656.1171875"
"18025.406921338","3656.1171875","3656.1171875","3656.1171875"
"18035.407255865","3656.1171875","3656.1171875","3656.1171875"
"18045.406834402","3656.1171875","3656.1171875","3656.1171875"
"18055.40704579","3656.1171875","3656.1171875","3656.1171875"
"18065.406599185","3656.1171875","3656.1171875","3656.1171875"
"18075.406837274","3656.1171875","3656.1171875","3656.1171875"
"18085.407030851","3656.1171875","3656.1171875","3656.1171875"
"18095.40687106","3656.1171875","3656.1171875","3656.1171875"
"18105.406487381","3656.1171875","3656.1171875","3656.1171875"
"18115.40676713","3656.1171875","3656.1171875","3656.1171875"
"18125.406673366","3656.1171875","3656.1171875","3656.1171875"
"18135.406309485","3656.1171875","3656.1171875","3656.1171875"
"18145.406418768","3656.1171875","3656.1171875","3656.1171875"
"18155.40677383","3656.1171875","3656.1171875","3656.1171875"
"18165.406983491","3656.1171875","3656.1171875","3656.1171875"
"18175.407441341","3656.1171875","3656.1171875","3656.1171875"
"18185.407426766","3656.1171875","3656.1171875","3656.1171875"
"18195.406942055","3656.1171875","3656.1171875","3656.1171875"
"18205.406683326","3656.1171875","3656.1171875","3656.1171875"
"18215.406520234","3656.1171875","3656.1171875","3656.1171875"
"18225.406511261","3656.1171875","3656.1171875","3656.1171875"
"18235.406921487","3656.1171875","3656.1171875","3656.1171875"
"18245.406895137","3656.1171875","3656.1171875","3656.1171875"
"18255.406811464","3656.1171875","3656.1171875","3656.1171875"
"18265.406710752","3656.1171875","3656.1171875","3656.1171875"
"18275.406851722","3656.1171875","3656.1171875","3656.1171875"
"18285.407525651","3656.1171875","3656.1171875","3656.1171875"
"18295.407080246","3656.1171875","3656.1171875","3656.1171875"
"18305.407003112","3656.1171875","3656.1171875","3656.1171875"
"18315.407046755","3656.1171875","3656.1171875","3656.1171875"
"18325.406509677","3656.1171875","3656.1171875","3656.1171875"
"18335.406901651","3656.1171875","3656.1171875","3656.1171875"
"18345.406628075","3656.1171875","3656.1171875","3656.1171875"
"18355.406318209","3656.1171875","3656.1171875","3656.1171875"
"18365.407182659","3656.1171875","3656.1171875","3656.1171875"
"18375.406949684","3656.1171875","3656.1171875","3656.1171875"
"18385.407806851","3656.1171875","3656.1171875","3656.1171875"
"18395.406805253","3656.1171875","3656.1171875","3656.1171875"
"18405.406589096","3656.1171875","3656.1171875","3656.1171875"
"18415.407253333","3656.1171875","3656.1171875","3656.1171875"
"18425.407220285","3656.1171875","3656.1171875","3656.1171875"
"18435.406476916","3656.1171875","3656.1171875","3656.1171875"
"18445.406994605","3656.1171875","3656.1171875","3656.1171875"
"18455.406225327","3656.1171875","3656.1171875","3656.1171875"
"18465.406999642","3656.1171875","3656.1171875","3656.1171875"
"18475.407003479","3656.1171875","3656.1171875","3656.1171875"
"18485.406206781","3656.1171875","3656.1171875","3656.1171875"
"18495.40652125","3656.1171875","3656.1171875","3656.1171875"
"18505.406560778","3656.1171875","3656.1171875","3656.1171875"
"18515.407171497","3656.1171875","3656.1171875","3656.1171875"
"18525.406669413","3656.1171875","3656.1171875","3656.1171875"
"18535.40657697","3656.1171875","3656.1171875","3656.1171875"
"18545.406793178","3656.1171875","3656.1171875","3656.1171875"
"18555.406628684","3656.1171875","3656.1171875","3656.1171875"
"18565.40732529","3656.1171875","3656.1171875","3656.1171875"
"18575.406266956","3656.1171875","3656.1171875","3656.1171875"
"18585.406320857","3656.1171875","3656.1171875","3656.1171875"
"18595.406397857","3656.1171875","3656.1171875","3656.1171875"
"18605.407759104","3656.1171875","3656.1171875","3656.1171875"
"18615.406760773","3656.1171875","3656.1171875","3656.1171875"
"18625.406757402","3656.1171875","3656.1171875","3656.1171875"
"18635.407028815","3656.1171875","3656.1171875","3656.1171875"
"18645.406458659","3656.1171875","3656.1171875","3656.1171875"
"18655.407046577","3656.1171875","3656.1171875","3656.1171875"
"18665.407168447","3656.1171875","3656.1171875","3656.1171875"
"18675.40666467","3656.1171875","3656.1171875","3656.1171875"
"18685.406430562","3656.1171875","3656.1171875","3656.1171875"
"18695.406523257","3656.1171875","3656.1171875","3656.1171875"
"18705.406503268","3656.1171875","3656.1171875","3656.1171875"
"18715.406350237","3656.1171875","3656.1171875","3656.1171875"
"18725.407291829","3656.1171875","3656.1171875","3656.1171875"
"18735.40697825","3656.1171875","3656.1171875","3656.1171875"
"18745.407108434","3656.1171875","3656.1171875","3656.1171875"
"18755.407395007","3656.1171875","3656.1171875","3656.1171875"
"18765.406937678","3656.1171875","3656.1171875","3656.1171875"
"18775.406684012","3656.1171875","3656.1171875","3656.1171875"
"18785.406249674","3656.1171875","3656.1171875","3656.1171875"
"18795.406960402","3656.1171875","3656.1171875","3656.1171875"
"18805.406728867","3656.1171875","3656.1171875","3656.1171875"
"18815.407328773","3656.1171875","3656.1171875","3656.1171875"
"18825.406215495","3656.1171875","3656.1171875","3656.1171875"
"18835.407408731","3656.1171875","3656.1171875","3656.1171875"
"18845.406281057","3656.1171875","3656.1171875","3656.1171875"
"18855.406516902","3656.1171875","3656.1171875","3656.1171875"
"18865.406761414","3656.1171875","3656.1171875","3656.1171875"
"18875.406641313","3656.1171875","3656.1171875","3656.1171875"
"18885.406240026","3656.1171875","3656.1171875","3656.1171875"
"18895.406776482","3656.1171875","3656.1171875","3656.1171875"
"18905.406641486","3656.1171875","3656.1171875","3656.1171875"
"18915.406429632","3656.1171875","3656.1171875","3656.1171875"
"18925.407495535","3656.1171875","3656.1171875","3656.1171875"
"18935.406912849","3656.1171875","3656.1171875","3656.1171875"
"18945.406423313","3656.1171875","3656.1171875","3656.1171875"
"18955.407122036","3656.1171875","3656.1171875","3656.1171875"
"18965.40645982","3656.1171875","3656.1171875","3656.1171875"
"18975.406293862","3656.1171875","3656.1171875","3656.1171875"
"18985.407083889","3656.1171875","3656.1171875","3656.1171875"
"18995.406915515","3656.1171875","3656.1171875","3656.1171875"
"19005.406280695","3656.1171875","3656.1171875","3656.1171875"
"19015.406830019","3656.1171875","3656.1171875","3656.1171875"
"19025.407096845","3656.1171875","3656.1171875","3656.1171875"
"19035.406576957","3656.1171875","3656.1171875","3656.1171875"
"19045.406710404","3656.1171875","3656.1171875","3656.1171875"
"19055.407009731","3656.1171875","3656.1171875","3656.1171875"
"19065.407115122","3656.1171875","3656.1171875","3656.1171875"
"19075.406464481","3656.1171875","3656.1171875","3656.1171875"
"19085.406988802","3656.1171875","3656.1171875","3656.1171875"
"19095.407133057","3656.1171875","3656.1171875","3656.1171875"
"19105.407005532","3656.1171875","3656.1171875","3656.1171875"
"19115.406745946","3656.1171875","3656.1171875","3656.1171875"
"19125.407040877","3656.1171875","3656.1171875","3656.1171875"
"19135.406963409","3656.1171875","3656.1171875","3656.1171875"
"19145.406861686","3656.1171875","3656.1171875","3656.1171875"
"19155.407272141","3656.1171875","3656.1171875","3656.1171875"
"19165.406943566","3656.1171875","3656.1171875","3656.1171875"
"19175.407247155","3656.1171875","3656.1171875","3656.1171875"
"19185.406980652","3656.1171875","3656.1171875","3656.1171875"
"19195.407127823","3656.1171875","3656.1171875","3656.1171875"
"19205.406326954","3656.1171875","3656.1171875","3656.1171875"
"19215.406405596","3656.1171875","3656.1171875","3656.1171875"
"19225.406933444","3656.1171875","3656.1171875","3656.1171875"
"19235.40623533","3656.1171875","3656.1171875","3656.1171875"
"19245.407039693","3656.1171875","3656.1171875","3656.1171875"
"19255.407258749","3656.1171875","3656.1171875","3656.1171875"
"19265.406418327","3656.1171875","3656.1171875","3656.1171875"
"19275.406641977","3656.1171875","3656.1171875","3656.1171875"
"19285.406823938","3656.1171875","3656.1171875","3656.1171875"
"19295.406641663","3656.1171875","3656.1171875","3656.1171875"
"19305.406538055","3656.1171875","3656.1171875","3656.1171875"
"19315.407132386","3656.1171875","3656.1171875","3656.1171875"
"19325.40670266","3656.1171875","3656.1171875","3656.1171875"
"19335.407025691","3656.1171875","3656.1171875","3656.1171875"
"19345.406989213","3656.1171875","3656.1171875","3656.1171875"
"19355.40677923","3656.1171875","3656.1171875","3656.1171875"
"19365.406932735","3656.1171875","3656.1171875","3656.1171875"
"19375.406982348","3656.1171875","3656.1171875","3656.1171875"
"19385.407708848","3656.1171875","3656.1171875","3656.1171875"
"19395.406558955","3656.1171875","3656.1171875","3656.1171875"
"19405.406821672","3656.1171875","3656.1171875","3656.1171875"
"19415.406187885","3656.1171875","3656.1171875","3656.1171875"
"19425.406986635","3656.1171875","3656.1171875","3656.1171875"
"19435.407299385","3656.1171875","3656.1171875","3656.1171875"
"19445.406771609","3656.1171875","3656.1171875","3656.1171875"
"19455.406779724","3656.1171875","3656.1171875","3656.1171875"
"19465.406622457","3656.1171875","3656.1171875","3656.1171875"
"19475.406810317","3656.1171875","3656.1171875","3656.1171875"
"19485.406679826","3656.1171875","3656.1171875","3656.1171875"
"19495.407407349","3656.1171875","3656.1171875","3656.1171875"
"19505.407031653","3656.1171875","3656.1171875","3656.1171875"
"19515.406726705","3656.1171875","3656.1171875","3656.1171875"
"19525.407275414","3656.1171875","3656.1171875","3656.1171875"
"19535.407389174","3656.1171875","3656.1171875","3656.1171875"
"19545.406890835","3656.1171875","3656.1171875","3656.1171875"
"19555.407407947","3656.1171875","3656.1171875","3656.1171875"
"19565.406903536","3656.1171875","3656.1171875","3656.1171875"
"19575.40685194","3656.1171875","3656.1171875","3656.1171875"
"19585.407077515","3656.1171875","3656.1171875","3656.1171875"
"19595.407288465","3656.1171875","3656.1171875","3656.1171875"
"19605.40691153","3656.1171875","3656.1171875","3656.1171875"
"19615.406845367","3656.1171875","3656.1171875","3656.1171875"
"19625.407210942","3656.1171875","3656.1171875","3656.1171875"
"19635.406810854","3656.1171875","3656.1171875","3656.1171875"
"19645.407627921","3656.1171875","3656.1171875","3656.1171875"
"19655.406183533","3656.1171875","3656.1171875","3656.1171875"
"19665.406709029","3656.1171875","3656.1171875","3656.1171875"
"19675.406456698","3656.1171875","3656.1171875","3656.1171875"
"19685.406970998","3656.1171875","3656.1171875","3656.1171875"
"19695.407121734","3656.1171875","3656.1171875","3656.1171875"
"19705.407368434","3656.1171875","3656.1171875","3656.1171875"
"19715.406958589","3656.1171875","3656.1171875","3656.1171875"
"19725.406673983","3656.1171875","3656.1171875","3656.1171875"
"19735.406753219","3656.1171875","3656.1171875","3656.1171875"
"19745.406690819","3656.1171875","3656.1171875","3656.1171875"
"19755.406622999","3656.1171875","3656.1171875","3656.1171875"
"19765.407035045","3656.1171875","3656.1171875","3656.1171875"
"19775.407202559","3656.1171875","3656.1171875","3656.1171875"
"19785.406656473","3656.1171875","3656.1171875","3656.1171875"
"19795.407163275","3656.1171875","3656.1171875","3656.1171875"
"19805.407054935","3656.1171875","3656.1171875","3656.1171875"
"19815.407040392","3656.1171875","3656.1171875","3656.1171875"
"19825.406996161","3656.1171875","3656.1171875","3656.1171875"
"19835.406249285","3656.1171875","3656.1171875","3656.1171875"
"19845.406618634","3656.1171875","3656.1171875","3656.1171875"
"19855.406953737","3656.1171875","3656.1171875","3656.1171875"
"19865.406506646","3656.1171875","3656.1171875","3656.1171875"
"19875.406910079","3656.1171875","3656.1171875","3656.1171875"
"19885.406453029","3656.1171875","3656.1171875","3656.1171875"
"19895.407042319","3656.1171875","3656.1171875","3656.1171875"
"19905.407487155","3656.1171875","3656.1171875","3656.1171875"
"19915.407138793","3656.1171875","3656.1171875","3656.1171875"
"19925.40709696","3656.1171875","3656.1171875","3656.1171875"
"19935.406672389","3656.1171875","3656.1171875","3656.1171875"
"19945.406729689","3656.1171875","3656.1171875","3656.1171875"
"19955.406985755","3656.1171875","3656.1171875","3656.1171875"
"19965.407203381","3656.1171875","3656.1171875","3656.1171875"
"19975.406478349","3656.1171875","3656.1171875","3656.1171875"
"19985.406960163","3656.1171875","3656.1171875","3656.1171875"
"19995.406945892","3656.1171875","3656.1171875","3656.1171875"
"20005.40673685","3656.1171875","3656.1171875","3656.1171875"
"20015.406377298","3656.1171875","3656.1171875","3656.1171875"
"20025.406578612","3656.1171875","3656.1171875","3656.1171875"
"20035.406873436","3656.1171875","3656.1171875","3656.1171875"
"20045.406919833","3656.1171875","3656.1171875","3656.1171875"
"20055.407102441","3656.1171875","3656.1171875","3656.1171875"
"20065.406622354","3656.1171875","3656.1171875","3656.1171875"
"20075.406406158","3656.1171875","3656.1171875","3656.1171875"
"20085.407156328","3656.1171875","3656.1171875","3656.1171875"
"20095.406680044","3656.1171875","3656.1171875","3656.1171875"
"20105.407122137","3656.1171875","3656.1171875","3656.1171875"
"20115.406885055","3656.1171875","3656.1171875","3656.1171875"
"20125.40662757","3656.1171875","3656.1171875","3656.1171875"
"20135.407114371","3656.1171875","3656.1171875","3656.1171875"
"20145.40621617","3656.1171875","3656.1171875","3656.1171875"
"20155.406427508","3656.1171875","3656.1171875","3656.1171875"
"20165.4069141","3656.1171875","3656.1171875","3656.1171875"
"20175.406235939","3656.1171875","3656.1171875","3656.1171875"
"20185.406884205","3656.1171875","3656.1171875","3656.1171875"
"20195.406435057","3656.1171875","3656.1171875","3656.1171875"
"20205.406151795","3656.1171875","3656.1171875","3656.1171875"
"20215.407097137","3656.1171875","3656.1171875","3656.1171875"
"20225.406774937","3656.1171875","3656.1171875","3656.1171875"
"20235.406863218","3656.1171875","3656.1171875","3656.1171875"
"20245.407170238","3656.1171875","3656.1171875","3656.1171875"
"20255.406857294","3656.1171875","3656.1171875","3656.1171875"
"20265.407162589","3656.1171875","3656.1171875","3656.1171875"
"20275.406459893","3656.1171875","3656.1171875","3656.1171875"
"20285.406523322","3656.1171875","3656.1171875","3656.1171875"
"20295.407316564","3656.1171875","3656.1171875","3656.1171875"
"20305.406157269","3656.1171875","3656.1171875","3656.1171875"
"20315.406695421","3656.1171875","3656.1171875","3656.1171875"
"20325.406449075","3656.1171875","3656.1171875","3656.1171875"
"20335.406174655","3656.1171875","3656.1171875","3656.1171875"
"20345.406518086","3656.1171875","3656.1171875","3656.1171875"
"20355.406809552","3656.1171875","3656.1171875","3656.1171875"
"20365.407603033","3656.1171875","3656.1171875","3656.1171875"
"20375.406419822","3656.1171875","3656.1171875","3656.1171875"
"20385.407184856","3656.1171875","3656.1171875","3656.1171875"
"20395.406483048","3656.1171875","3656.1171875","3656.1171875"
"20405.407269975","3656.1171875","3656.1171875","3656.1171875"
"20415.407188161","3656.1171875","3656.1171875","3656.1171875"
"20425.407102221","3656.1171875","3656.1171875","3656.1171875"
"20435.407045432","3656.1171875","3656.1171875","3656.1171875"
"20445.406272807","3656.1171875","3656.1171875","3656.1171875"
"20455.40612573","3656.1171875","3656.1171875","3656.1171875"
"20465.406371976","3656.1171875","3656.1171875","3656.1171875"
"20475.407274847","3656.1171875","3656.1171875","3656.1171875"
"20485.406179325","3656.1171875","3656.1171875","3656.1171875"
"20495.406991283","3656.2421875","3656.2421875","3656.2421875"
"20505.406489315","3656.2421875","3656.2421875","3656.2421875"
"20515.406501034","3656.2421875","3656.2421875","3656.2421875"
"20525.406926468","3656.2421875","3656.2421875","3656.2421875"
"20535.406358076","3656.2421875","3656.2421875","3656.2421875"
"20545.406550502","3656.2421875","3656.2421875","3656.2421875"
"20555.407087496","3656.2421875","3656.2421875","3656.2421875"
"20565.406624065","3656.2421875","3656.2421875","3656.2421875"
"20575.406942044","3656.2421875","3656.2421875","3656.2421875"
"20585.40631416","3656.2421875","3656.2421875","3656.2421875"
"20595.406782231","3656.2421875","3656.2421875","3656.2421875"
"20605.407306853","3656.2421875","3656.2421875","3656.2421875"
"20615.40673796","3656.2421875","3656.2421875","3656.2421875"
"20625.407515996","3656.2421875","3656.2421875","3656.2421875"
"20635.406829928","3656.2421875","3656.2421875","3656.2421875"
"20645.406459514","3656.2421875","3656.2421875","3656.2421875"
"20655.406373619","3656.2421875","3656.2421875","3656.2421875"
"20665.406969999","3656.2421875","3656.2421875","3656.2421875"
"20675.407456537","3656.2421875","3656.2421875","3656.2421875"
"20685.407014999","3656.2421875","3656.2421875","3656.2421875"
"20695.406451488","3656.2421875","3656.2421875","3656.2421875"
"20705.407023448","3656.2421875","3656.2421875","3656.2421875"
"20715.40629219","3656.2421875","3656.2421875","3656.2421875"
"20725.40690003","3656.2421875","3656.2421875","3656.2421875"
"20735.40685398","3656.2421875","3656.2421875","3656.2421875"
"20745.406957261","3656.2421875","3656.2421875","3656.2421875"
"20755.407128888","3656.2421875","3656.2421875","3656.2421875"
"20765.406389274","3656.2421875","3656.2421875","3656.2421875"
"20775.407195105","3656.2421875","3656.2421875","3656.2421875"
"20785.40700363","3656.2421875","3656.2421875","3656.2421875"
"20795.40691307","3656.2421875","3656.2421875","3656.2421875"
"20805.406535286","3656.2421875","3656.2421875","3656.2421875"
"20815.406356567","3656.2421875","3656.2421875","3656.2421875"
"20825.406943109","3656.2421875","3656.2421875","3656.2421875"
"20835.40641571","3656.2421875","3656.2421875","3656.2421875"
"20845.406266833","3656.2421875","3656.2421875","3656.2421875"
"20855.406864854","3656.2421875","3656.2421875","3656.2421875"
"20865.406487498","3656.2421875","3656.2421875","3656.2421875"
"20875.406736223","3656.2421875","3656.2421875","3656.2421875"
"20885.406551138","3656.2421875","3656.2421875","3656.2421875"
"20895.407317369","3656.2421875","3656.2421875","3656.2421875"
"20905.407001736","3656.2421875","3656.2421875","3656.2421875"
"20915.406724908","3656.2421875","3656.2421875","3656.2421875"
"20925.406717124","3656.2421875","3656.2421875","3656.2421875"
"20935.407716857","3656.2421875","3656.2421875","3656.2421875"
"20945.40653013","3656.2421875","3656.2421875","3656.2421875"
"20955.406323978","3656.2421875","3656.2421875","3656.2421875"
"20965.40627692","3656.2421875","3656.2421875","3656.2421875"
"20975.407341417","3656.2421875","3656.2421875","3656.2421875"
"20985.407343299","3656.2421875","3656.2421875","3656.2421875"
"20995.406664597","3656.2421875","3656.2421875","3656.2421875"
"21005.406611452","3656.2421875","3656.2421875","3656.2421875"
"21015.406583274","3656.2421875","3656.2421875","3656.2421875"
"21025.406901289","3656.2421875","3656.2421875","3656.2421875"
"21035.406735038","3656.2421875","3656.2421875","3656.2421875"
"21045.406409776","3656.2421875","3656.2421875","3656.2421875"
"21055.406271347","3656.2421875","3656.2421875","3656.2421875"
"21065.406809434","3656.2421875","3656.2421875","3656.2421875"
"21075.406563618","3656.2421875","3656.2421875","3656.2421875"
"21085.407088768","3656.2421875","3656.2421875","3656.2421875"
"21095.406308467","3656.2421875","3656.2421875","3656.2421875"
"21105.406498658","3656.2421875","3656.2421875","3656.2421875"
"21115.406135431","3656.2421875","3656.2421875","3656.2421875"
"21125.40700239","3656.2421875","3656.2421875","3656.2421875"
"21135.407121288","3656.2421875","3656.2421875","3656.2421875"
"21145.406738875","3656.2421875","3656.2421875","3656.2421875"
"21155.40712585","3656.2421875","3656.2421875","3656.2421875"
"21165.406547376","3656.2421875","3656.2421875","3656.2421875"
"21175.406571266","3656.2421875","3656.2421875","3656.2421875"
"21185.407054922","3656.2421875","3656.2421875","3656.2421875"
"21195.406419588","3656.2421875","3656.2421875","3656.2421875"
"21205.406864003","3656.2421875","3656.2421875","3656.2421875"
"21215.406845022","3656.2421875","3656.2421875","3656.2421875"
"21225.40703817","3656.2421875","3656.2421875","3656.2421875"
"21235.407243276","3656.2421875","3656.2421875","3656.2421875"
"21245.406741613","3656.2421875","3656.2421875","3656.2421875"
"21255.406244766","3656.2421875","3656.2421875","3656.2421875"
"21265.407084724","3656.2421875","3656.2421875","3656.2421875"
"21275.406765795","3656.2421875","3656.2421875","3656.2421875"
"21285.407117995","3656.2421875","3656.2421875","3656.2421875"
"21295.406622403","3656.2421875","3656.2421875","3656.2421875"
"21305.40654978","3656.2421875","3656.2421875","3656.2421875"
"21315.407138787","3656.2421875","3656.2421875","3656.2421875"
"21325.406746725","3656.2421875","3656.2421875","3656.2421875"
"21335.406371634","3656.2421875","3656.2421875","3656.2421875"
"21345.407053236","3656.2421875","3656.2421875","3656.2421875"
"21355.406420322","3656.2421875","3656.2421875","3656.2421875"
"21365.406642262","3656.2421875","3656.2421875","3656.2421875"
"21375.406366144","3656.2421875","3656.2421875","3656.2421875"
"21385.40743039","3656.2421875","3656.2421875","3656.2421875"
"21395.407025682","3656.2421875","3656.2421875","3656.2421875"
"21405.407105948","3656.2421875","3656.2421875","3656.2421875"
"21415.407554234","3656.2421875","3656.2421875","3656.2421875"
"21425.406843727","3656.2421875","3656.2421875","3656.2421875"
"21435.406855476","3656.2421875","3656.2421875","3656.2421875"
"21445.406575167","3656.2421875","3656.2421875","3656.2421875"
"21455.406969398","3656.2421875","3656.2421875","3656.2421875"
"21465.406833868","3656.2421875","3656.2421875","3656.2421875"
"21475.406848958","3656.2421875","3656.2421875","3656.2421875"
"21485.407386261","3656.2421875","3656.2421875","3656.2421875"
"21495.407176033","3656.2421875","3656.2421875","3656.2421875"
"21505.407005094","3656.2421875","3656.2421875","3656.2421875"
"21515.406993903","3656.2421875","3656.2421875","3656.2421875"
"21525.406509383","3656.2421875","3656.2421875","3656.2421875"
"21535.406367929","3656.2421875","3656.2421875","3656.2421875"
"21545.406904441","3656.2421875","3656.2421875","3656.2421875"
"21555.407228572","3656.2421875","3656.2421875","3656.2421875"
"21565.406516775","3656.2421875","3656.2421875","3656.2421875"
"21575.407035877","3656.2421875","3656.2421875","3656.2421875"
"21585.406278533","3656.2421875","3656.2421875","3656.2421875"
"21595.406707259","3656.2421875","3656.2421875","3656.2421875"
"21605.406958096","3656.2421875","3656.2421875","3656.2421875"
"21615.406467458","3656.2421875","3656.2421875","3656.2421875"
"21625.406876134","3656.2421875","3656.2421875","3656.2421875"
"21635.408257914","3656.2421875","3656.2421875","3656.2421875"
"21645.407013405","3656.2421875","3656.2421875","3656.2421875"
"21655.407350209","3656.2421875","3656.2421875","3656.2421875"
"21665.406667052","3656.2421875","3656.2421875","3656.2421875"
"21675.406764537","3656.2421875","3656.2421875","3656.2421875"
"21685.407102185","3656.2421875","3656.2421875","3656.2421875"
"21695.406873539","3656.2421875","3656.2421875","3656.2421875"
"21705.406823133","3656.2421875","3656.2421875","3656.2421875"
"21715.407088935","3656.2421875","3656.2421875","3656.2421875"
"21725.407218529","3656.2421875","3656.2421875","3656.2421875"
"21735.406641205","3656.2421875","3656.2421875","3656.2421875"
"21745.407400309","3656.2421875","3656.2421875","3656.2421875"
"21755.406520937","3656.2421875","3656.2421875","3656.2421875"
"21765.407675357","3656.2421875","3656.2421875","3656.2421875"
"21775.406595136","3656.2421875","3656.2421875","3656.2421875"
"21785.406615948","3656.2421875","3656.2421875","3656.2421875"
"21795.406835811","3656.2421875","3656.2421875","3656.2421875"
"21805.406924586","3656.2421875","3656.2421875","3656.2421875"
"21815.40762916","3656.2421875","3656.2421875","3656.2421875"
"21825.407026907","3656.2421875","3656.2421875","3656.2421875"
"21835.406882801","3656.2421875","3656.2421875","3656.2421875"
"21845.406807835","3656.2421875","3656.2421875","3656.2421875"
"21855.406470725","3656.2421875","3656.2421875","3656.2421875"
"21865.406965802","3656.2421875","3656.2421875","3656.2421875"
"21875.406532145","3656.2421875","3656.2421875","3656.2421875"
"21885.40648024","3656.2421875","3656.2421875","3656.2421875"
"21895.406708173","3656.2421875","3656.2421875","3656.2421875"
"21905.406585987","3656.2421875","3656.2421875","3656.2421875"
"21915.406843802","3656.2421875","3656.2421875","3656.2421875"
"21925.408123056","3656.2421875","3656.2421875","3656.2421875"
"21935.406739879","3656.2421875","3656.2421875","3656.2421875"
"21945.406367187","3656.2421875","3656.2421875","3656.2421875"
"21955.406449809","3656.2421875","3656.2421875","3656.2421875"
"21965.406791438","3656.2421875","3656.2421875","3656.2421875"
"21975.407222757","3656.2421875","3656.2421875","3656.2421875"
"21985.406810735","3656.2421875","3656.2421875","3656.2421875"
"21995.406430224","3656.2421875","3656.2421875","3656.2421875"
"22005.40671106","3656.2421875","3656.2421875","3656.2421875"
"22015.406842904","3656.2421875","3656.2421875","3656.2421875"
"22025.407709078","3656.2421875","3656.2421875","3656.2421875"
"22035.406419459","3656.2421875","3656.2421875","3656.2421875"
"22045.408035244","3656.2421875","3656.2421875","3656.2421875"
"22055.407247664","3656.2421875","3656.2421875","3656.2421875"
"22065.407139648","3656.2421875","3656.2421875","3656.2421875"
"22075.406377588","3656.2421875","3656.2421875","3656.2421875"
"22085.406974915","3656.2421875","3656.2421875","3656.2421875"
"22095.406904726","3656.2421875","3656.2421875","3656.2421875"
"22105.407139263","3656.2421875","3656.2421875","3656.2421875"
"22115.406978315","3656.2421875","3656.2421875","3656.2421875"
"22125.406963253","3656.2421875","3656.2421875","3656.2421875"
"22135.406510947","3656.2421875","3656.2421875","3656.2421875"
"22145.407009539","3656.2421875","3656.2421875","3656.2421875"
"22155.406600013","3656.2421875","3656.2421875","3656.2421875"
"22165.406921798","3656.2421875","3656.2421875","3656.2421875"
"22175.407112363","3656.2421875","3656.2421875","3656.2421875"
"22185.407525497","3656.2421875","3656.2421875","3656.2421875"
"22195.407023084","3656.2421875","3656.2421875","3656.2421875"
"22205.40668936","3656.2421875","3656.2421875","3656.2421875"
"22215.406319408","3656.2421875","3656.2421875","3656.2421875"
"22225.406316491","3656.2421875","3656.2421875","3656.2421875"
"22235.4072623","3656.2421875","3656.2421875","3656.2421875"
"22245.407076266","3656.2421875","3656.2421875","3656.2421875"
"22255.406524957","3656.2421875","3656.2421875","3656.2421875"
"22265.406276851","3656.2421875","3656.2421875","3656.2421875"
"22275.406120972","3656.2421875","3656.2421875","3656.2421875"
"22285.406278608","3656.2421875","3656.2421875","3656.2421875"
"22295.406993556","3656.2421875","3656.2421875","3656.2421875"
"22305.406706904","3656.2421875","3656.2421875","3656.2421875"
"22315.407189379","3656.2421875","3656.2421875","3656.2421875"
"22325.406273893","3656.2421875","3656.2421875","3656.2421875"
"22335.406549868","3656.2421875","3656.2421875","3656.2421875"
"22345.406436354","3656.2421875","3656.2421875","3656.2421875"
"22355.406427328","3656.2421875","3656.2421875","3656.2421875"
"22365.406350296","3656.2421875","3656.2421875","3656.2421875"
"22375.406525606","3656.2421875","3656.2421875","3656.2421875"
"22385.406948276","3656.2421875","3656.2421875","3656.2421875"
"22395.406584603","3656.2421875","3656.2421875","3656.2421875"
"22405.406401964","3656.2421875","3656.2421875","3656.2421875"
"22415.406574413","3656.2421875","3656.2421875","3656.2421875"
"22425.406391107","3656.2421875","3656.2421875","3656.2421875"
"22435.406725886","3656.2421875","3656.2421875","3656.2421875"
"22445.406974829","3656.2421875","3656.2421875","3656.2421875"
"22455.407108616","3656.2421875","3656.2421875","3656.2421875"
"22465.407265506","3656.2421875","3656.2421875","3656.2421875"
"22475.406447045","3656.2421875","3656.2421875","3656.2421875"
"22485.407096788","3656.2421875","3656.2421875","3656.2421875"
"22495.407278892","3656.2421875","3656.2421875","3656.2421875"
"22505.407281587","3776.0703125","3776.0703125","3776.0703125"
"22515.406265236","3776.0703125","3776.0703125","3776.0703125"
"22525.407244309","3776.0703125","3776.0703125","3776.0703125"
"22535.406269842","3776.0703125","3776.0703125","3776.0703125"
"22545.408843065","3776.0703125","3776.0703125","3776.0703125"
"22555.406195604","3776.0703125","3776.0703125","3776.0703125"
"22565.40696747","3776.0703125","3776.0703125","3776.0703125"
"22575.406757091","3776.0703125","3776.0703125","3776.0703125"
"22585.406851675","3776.0703125","3776.0703125","3776.0703125"
"22595.406617489","3776.0703125","3776.0703125","3776.0703125"
"22605.406821094","3776.0703125","3776.0703125","3776.0703125"
"22615.406627419","3776.0703125","3776.0703125","3776.0703125"
"22775.407219633","3770.6953125","3770.6953125","3770.6953125"
"22785.407702735","3782.2890625","3782.2890625","3782.2890625"
"22825.407197172","3775.2265625","3775.2265625","3775.2265625"
"22895.407312022","3944.73046875","3944.73046875","3944.73046875"
"23165.406356482","3884.49609375","3884.49609375","3884.49609375"
"23175.406584733","3783.78515625","3783.78515625","3783.78515625"
"23735.407291241","3795.7734375","3795.7734375","3795.7734375"
"23745.407218623","3921.63671875","3921.63671875","3921.63671875"
"23755.408488077","3921.5390625","3921.5390625","3921.5390625"
"23765.406973701","3932.66015625","3932.66015625","3932.66015625"
"23775.406922362","3985.53125","3985.53125","3985.53125"
"23785.406499595","5819.9765625","5819.9765625","5819.9765625"
"23795.406625798","7768.4765625","7768.4765625","7768.4765625"
"23805.406240806","9031.3515625","9031.3515625","9031.3515625"
"23815.407098795","3607.0390625","3607.0390625","3607.0390625"
"23825.406954069","3660.98046875","3660.98046875","3660.98046875"
"23835.407133818","3727.22265625","3727.22265625","3727.22265625"
"23845.406864891","3735.19140625","3735.19140625","3735.19140625"
"23855.40647717","3807.36328125","3807.36328125","3807.36328125"
"23865.407002466","3687.375","3687.375","3687.375"
"23875.406812005","5224.25390625","5224.25390625","5224.25390625"
"23885.406918558","7040.87890625","7040.87890625","7040.87890625"
"23895.406180929","8879.37890625","8879.37890625","8879.37890625"
"23905.406370385","8780.87890625","8780.87890625","8780.87890625"
"23915.406879607","7572.00390625","7572.00390625","7572.00390625"
"23925.406877299","7571.25390625","7571.25390625","7571.25390625"
"23935.406962901","7571.25390625","7571.25390625","7571.25390625"
"23945.406259085","7570.50390625","7570.50390625","7570.50390625"
"23955.406408154","7569.87890625","7569.87890625","7569.87890625"
"23965.407195651","7569.87890625","7569.87890625","7569.87890625"
"23975.4076564","7280.00390625","7280.00390625","7280.00390625"
"23985.40701917","5815.7265625","5815.7265625","5815.7265625"
"23995.410892369","5312.3515625","5312.3515625","5312.3515625"
"24005.407475138","4988.0390625","4988.0390625","4988.0390625"
"24015.407017274","4149.1640625","4149.1640625","4149.1640625"
"24025.406741581","4144.9453125","4144.9453125","4144.9453125"
"24035.406319877","3571.81640625","3571.81640625","3571.81640625"
"24185.406584365","3571.08203125","3571.08203125","3571.08203125"
"24195.406398581","4513.3125","4513.3125","4513.3125"
"24205.406889987","7955.3984375","7955.3984375","7955.3984375"
"24215.406688778","7955.3984375","7955.3984375","7955.3984375"
"24225.406342178","5717.97265625","5717.97265625","5717.97265625"
"24235.407013727","9427.13671875","9427.13671875","9427.13671875"
"24365.406263203","4660.67578125","4660.67578125","4660.67578125"
"24375.406392243","4660.67578125","4660.67578125","4660.67578125"
"24385.407121949","4660.67578125","4660.67578125","4660.67578125"
"24435.406434842","3452.68359375","3452.68359375","3452.68359375"
"24445.406835806","3324.33984375","3324.33984375","3324.33984375"
"24455.406710835","3284.83984375","3284.83984375","3284.83984375"