"Relative Time (Process)","StudyAbroadGPT-7B-continued - system/cpu.0.cpu_percent","StudyAbroadGPT-7B-continued - system/cpu.0.cpu_percent__MIN","StudyAbroadGPT-7B-continued - system/cpu.0.cpu_percent__MAX","StudyAbroadGPT-7B-continued - system/cpu.1.cpu_percent","StudyAbroadGPT-7B-continued - system/cpu.1.cpu_percent__MIN","StudyAbroadGPT-7B-continued - system/cpu.1.cpu_percent__MAX","StudyAbroadGPT-7B-continued - system/cpu.2.cpu_percent","StudyAbroadGPT-7B-continued - system/cpu.2.cpu_percent__MIN","StudyAbroadGPT-7B-continued - system/cpu.2.cpu_percent__MAX","StudyAbroadGPT-7B-continued - system/cpu.3.cpu_percent","StudyAbroadGPT-7B-continued - system/cpu.3.cpu_percent__MIN","StudyAbroadGPT-7B-continued - system/cpu.3.cpu_percent__MAX"
"15.26030913","44.68085106382967","44.68085106382967","44.68085106382967","42.23081882656303","42.23081882656303","42.23081882656303","40.92963202065833","40.92963202065833","40.92963202065833","40.95607235142143","40.95607235142143","40.95607235142143"
"25.256576969","38.83883883883959","38.83883883883959","38.83883883883959","49.44723618090446","49.44723618090446","49.44723618090446","32.49496981891208","32.49496981891208","32.49496981891208","57.64944275582549","57.64944275582549","57.64944275582549"
"35.256913246","37.074148296593","37.074148296593","37.074148296593","28.64321608040229","28.64321608040229","28.64321608040229","33.903420523138834","33.903420523138834","33.903420523138834","39.77619532044796","39.77619532044796","39.77619532044796"
"45.256503487","44.21157684630689","44.21157684630689","44.21157684630689","53.59999999999957","53.59999999999957","53.59999999999957","23.446893787576727","23.446893787576727","23.446893787576727","21.6867469879518","21.6867469879518","21.6867469879518"
"55.256860128","46.346346346346785","46.346346346346785","46.346346346346785","35.13513513513501","35.13513513513501","35.13513513513501","10.910910910910063","10.910910910910063","10.910910910910063","12.400000000000091","12.400000000000091","12.400000000000091"
"65.25645041","13.77245508982034","13.77245508982034","13.77245508982034","94.50549450549501","94.50549450549501","94.50549450549501","9.227683049147007","9.227683049147007","9.227683049147007","3.5211267605630177","3.5211267605630177","3.5211267605630177"
"75.256605235","32.83433133732538","32.83433133732538","32.83433133732538","68.8933200398801","68.8933200398801","68.8933200398801","5.817452357071247","5.817452357071247","5.817452357071247","8.617234468938895","8.617234468938895","8.617234468938895"
"85.256846855","88.71128871128889","88.71128871128889","88.71128871128889","9.600000000000364","9.600000000000364","9.600000000000364","4.914744232698172","4.914744232698172","4.914744232698172","1.0050251256282334","1.0050251256282334","1.0050251256282334"
"95.256247523","62.899999999999636","62.899999999999636","62.899999999999636","15.684315684315061","15.684315684315061","15.684315684315061","7.9158316633282295","7.9158316633282295","7.9158316633282295","33.13313313313256","33.13313313313256","33.13313313313256"
"105.256670801","27.145708582834654","27.145708582834654","27.145708582834654","2.4024024024024913","2.4024024024024913","2.4024024024024913","2.0120724346069947","2.0120724346069947","2.0120724346069947","72.40000000000009","72.40000000000009","72.40000000000009"
"115.256737405","11.499999999999488","11.499999999999488","11.499999999999488","57.357357357356996","57.357357357356996","57.357357357356996","2.1084337349401165","2.1084337349401165","2.1084337349401165","33.867735470942016","33.867735470942016","33.867735470942016"
"125.2573158","11.599999999999682","11.599999999999682","11.599999999999682","89.91008991009","89.91008991009","89.91008991009","4.321608040200482","4.321608040200482","4.321608040200482","11.92384769539117","11.92384769539117","11.92384769539117"
"135.257299036","5.205205205206156","5.205205205206156","5.205205205206156","71.40000000000019","71.40000000000019","71.40000000000019","2.60260260260143","2.60260260260143","2.60260260260143","28.95791583166252","28.95791583166252","28.95791583166252"
"145.257018699","74.59999999999951","74.59999999999951","74.59999999999951","24.09999999999939","24.09999999999939","24.09999999999939","6.920762286861951","6.920762286861951","6.920762286861951","2.5100401606424185","2.5100401606424185","2.5100401606424185"
"155.256749934","49.348044132397206","49.348044132397206","49.348044132397206","2.7027027027036254","2.7027027027036254","2.7027027027036254","5.115346038114153","5.115346038114153","5.115346038114153","61.80000000000063","61.80000000000063","61.80000000000063"
"165.256255855","46.04604604604623","46.04604604604623","46.04604604604623","44.19999999999959","44.19999999999959","44.19999999999959","4.914744232698172","4.914744232698172","4.914744232698172","9.31863727454858","9.31863727454858","9.31863727454858"
"175.256350252","1.4985014985012728","1.4985014985012728","1.4985014985012728","53.9460539460549","53.9460539460549","53.9460539460549","2.510040160642561","2.510040160642561","2.510040160642561","46.746746746747434","46.746746746747434","46.746746746747434"
"945.256272106","2.310763189035269","2.310763189035269","2.310763189035269","2.388044171013103","2.388044171013103","2.388044171013103","2.102633496408854","2.102633496408854","2.102633496408854","2.126856934724355","2.126856934724355","2.126856934724355"
"955.256319829","26.199999999998084","26.199999999998084","26.199999999998084","15.61561561561477","15.61561561561477","15.61561561561477","45.44544544544603","45.44544544544603","45.44544544544603","10.85427135678253","10.85427135678253","10.85427135678253"
"965.256176525","23.069306930692882","23.069306930692882","23.069306930692882","47.864945382322794","47.864945382322794","47.864945382322794","18.319838056678822","18.319838056678822","18.319838056678822","18.439716312058614","18.439716312058614","18.439716312058614"
"975.255958728","38.54581673306848","38.54581673306848","38.54581673306848","14.100000000002202","14.100000000002202","14.100000000002202","15.446339017051175","15.446339017051175","15.446339017051175","17.070707070705847","17.070707070705847","17.070707070705847"
"985.25631333","49.900000000000375","49.900000000000375","49.900000000000375","10.50000000000101","10.50000000000101","10.50000000000101","23.8716148445348","23.8716148445348","23.8716148445348","6.788247213779365","6.788247213779365","6.788247213779365"
"995.256685564","3.7037037037045994","3.7037037037045994","3.7037037037045994","88.18818818818957","88.18818818818957","88.18818818818957","1.6048144433268887","1.6048144433268887","1.6048144433268887","12.562814070352271","12.562814070352271","12.562814070352271"
"1005.256419803","75.37537537537447","75.37537537537447","75.37537537537447","34.73895582329163","34.73895582329163","34.73895582329163","21.821821821824006","21.821821821824006","21.821821821824006","20.34587995930626","20.34587995930626","20.34587995930626"
"1015.256084494","27.30923694779191","27.30923694779191","27.30923694779191","57.19999999999983","57.19999999999983","57.19999999999983","13.279678068411465","13.279678068411465","13.279678068411465","11.077235772358138","11.077235772358138","11.077235772358138"
"1035.25681847","15.127309036445613","15.127309036445613","15.127309036445613","23.31165582791393","23.31165582791393","23.31165582791393","24.2363545317971","24.2363545317971","24.2363545317971","15.881763527054831","15.881763527054831","15.881763527054831"
"1045.256581313","4.004004004001588","4.004004004001588","4.004004004001588","72.90000000000072","72.90000000000072","72.90000000000072","11.534603811433758","11.534603811433758","11.534603811433758","14.4578313253017","14.4578313253017","14.4578313253017"
"1055.257094591","16.399999999999864","16.399999999999864","16.399999999999864","22.24448897795586","22.24448897795586","22.24448897795586","1.708542713568316","1.708542713568316","1.708542713568316","64.45783132530146","64.45783132530146","64.45783132530146"
"1065.256736731","11.964107676969295","11.964107676969295","11.964107676969295","33.433433433434104","33.433433433434104","33.433433433434104","5.516549648946084","5.516549648946084","5.516549648946084","67.93206793206726","67.93206793206726","67.93206793206726"
"1075.256451507","1.7000000000004436","1.7000000000004436","1.7000000000004436","28.028028028027546","28.028028028027546","28.028028028027546","1.706827309237672","1.706827309237672","1.706827309237672","73.14629258517036","73.14629258517036","73.14629258517036"
"1085.256971055","1.1022044088166307","1.1022044088166307","1.1022044088166307","46.29999999999987","46.29999999999987","46.29999999999987","1.5075376884431182","1.5075376884431182","1.5075376884431182","54.75475475475366","54.75475475475366","54.75475475475366"
"1095.256660482","41.74174174174243","41.74174174174243","41.74174174174243","32.7983951855564","32.7983951855564","32.7983951855564","2.9999999999995453","2.9999999999995453","2.9999999999995453","40.740740740741415","40.740740740741415","40.740740740741415"
"1105.256989692","38.73873873873988","38.73873873873988","38.73873873873988","61.53846153846154","61.53846153846154","61.53846153846154","2.204408817635255","2.204408817635255","2.204408817635255","1.0030090270803518","1.0030090270803518","1.0030090270803518"
"1115.256701234","74.69999999999858","74.69999999999858","74.69999999999858","25.150300601203973","25.150300601203973","25.150300601203973","3.009027081243267","3.009027081243267","3.009027081243267","1.0030090270826093","1.0030090270826093","1.0030090270826093"
"1125.25660097","12.700000000000106","12.700000000000106","12.700000000000106","70.72927072927074","70.72927072927074","70.72927072927074","2.9058116232483355","2.9058116232483355","2.9058116232483355","28.857715430860488","28.857715430860488","28.857715430860488"
"1135.256249366","4.200000000000633","4.200000000000633","4.200000000000633","97.59999999999985","97.59999999999985","97.59999999999985","2.0060180541607036","2.0060180541607036","2.0060180541607036","3.5140562248987526","3.5140562248987526","3.5140562248987526"
"1145.256498911","88.40000000000119","88.40000000000119","88.40000000000119","11.588411588414425","11.588411588414425","11.588411588414425","2.9087261785353005","2.9087261785353005","2.9087261785353005","1.200000000001155","1.200000000001155","1.200000000001155"
"1155.256783172","31.099999999999","31.099999999999","31.099999999999","69.9398797595191","69.9398797595191","69.9398797595191","1.5045135406227392","1.5045135406227392","1.5045135406227392","0.9027081243723164","0.9027081243723164","0.9027081243723164"
"1165.256597198","76.74650698602863","76.74650698602863","76.74650698602863","10.11011011011001","10.11011011011001","10.11011011011001","21.12112112112058","21.12112112112058","21.12112112112058","11.54618473895643","11.54618473895643","11.54618473895643"
"1175.256394597","48.39999999999918","48.39999999999918","48.39999999999918","52.5","52.5","52.5","1.5060240963864497","1.5060240963864497","1.5060240963864497","1.0030090270803518","1.0030090270803518","1.0030090270803518"
"1185.257222337","38.323353293413824","38.323353293413824","38.323353293413824","48.79759519038075","48.79759519038075","48.79759519038075","2.0040080160324703","2.0040080160324703","2.0040080160324703","15.11511511511501","15.11511511511501","15.11511511511501"
"1195.256787962","51.50300601202385","51.50300601202385","51.50300601202385","52.5525525525537","52.5525525525537","52.5525525525537","11.69999999999872","11.69999999999872","11.69999999999872","3.009027081243267","3.009027081243267","3.009027081243267"
"1205.256495916","24.849699398797732","24.849699398797732","24.849699398797732","72.5","72.5","72.5","5.020080321285122","5.020080321285122","5.020080321285122","1.1033099297906424","1.1033099297906424","1.1033099297906424"
"1215.256193549","61.238761238761505","61.238761238761505","61.238761238761505","38.461538461537586","38.461538461537586","38.461538461537586","3.0060120240477035","3.0060120240477035","3.0060120240477035","1.0999999999987153","1.0999999999987153","1.0999999999987153"
"1225.256586583","36.02794411177551","36.02794411177551","36.02794411177551","74.77477477477441","74.77477477477441","74.77477477477441","4.919678714859511","4.919678714859511","4.919678714859511","2.610441767068232","2.610441767068232","2.610441767068232"
"1235.256320022","85.20000000000016","85.20000000000016","85.20000000000016","14.100000000000252","14.100000000000252","14.100000000000252","3.3099297893690003","3.3099297893690003","3.3099297893690003","1.2036108324986476","1.2036108324986476","1.2036108324986476"
"1245.256553963","63.63636363636343","63.63636363636343","63.63636363636343","37.59999999999991","37.59999999999991","37.59999999999991","1.7034068136257412","1.7034068136257412","1.7034068136257412","0.7014028056105992","0.7014028056105992","0.7014028056105992"
"1255.256848122","65.60000000000095","65.60000000000095","65.60000000000095","34.934934934934994","34.934934934934994","34.934934934934994","6.024096385541371","6.024096385541371","6.024096385541371","11.41141141140984","11.41141141140984","11.41141141140984"
"1265.256065609","77.5","77.5","77.5","17.917917917917535","17.917917917917535","17.917917917917535","7.422266800403386","7.422266800403386","7.422266800403386","1.1011011011023748","1.1011011011023748","1.1011011011023748"
"1275.256456516","5.705705705705063","5.705705705705063","5.705705705705063","80","80","80","1.7000000000006887","1.7000000000006887","1.7000000000006887","16.449348044131078","16.449348044131078","16.449348044131078"
"1285.256531787","64.33566433566494","64.33566433566494","64.33566433566494","3.607214428858903","3.607214428858903","3.607214428858903","3.118712273641356","3.118712273641356","3.118712273641356","46.70000000000073","46.70000000000073","46.70000000000073"
"1295.25651099","34.231536926147626","34.231536926147626","34.231536926147626","1.1000000000012733","1.1000000000012733","1.1000000000012733","1.8018018018024373","1.8018018018024373","1.8018018018024373","66.9669669669682","66.9669669669682","66.9669669669682"
"1305.257239212","26.126126126125698","26.126126126125698","26.126126126125698","61.7999999999989","61.7999999999989","61.7999999999989","1.407035175875858","1.407035175875858","1.407035175875858","14.128256513026846","14.128256513026846","14.128256513026846"
"1315.256965833","16.616616616615524","16.616616616615524","16.616616616615524","6.300000000003078","6.300000000003078","6.300000000003078","9.136546184743894","9.136546184743894","9.136546184743894","86.67334669338524","86.67334669338524","86.67334669338524"
"1325.25653814","1.0989010989023469","1.0989010989023469","1.0989010989023469","32.832832832831","32.832832832831","32.832832832831","1.7051153460365978","1.7051153460365978","1.7051153460365978","68.23176823176912","68.23176823176912","68.23176823176912"
"1335.256966398","0.8008008008023296","0.8008008008023296","0.8008008008023296","46.400000000001","46.400000000001","46.400000000001","1.7051153460365978","1.7051153460365978","1.7051153460365978","54.80000000000018","54.80000000000018","54.80000000000018"
"1345.257129709","10.989010989010339","10.989010989010339","10.989010989010339","64.26426426426347","64.26426426426347","64.26426426426347","4.2338709677426385","4.2338709677426385","4.2338709677426385","38.27655310621453","38.27655310621453","38.27655310621453"
"1355.256461753","64.3","64.3","64.3","29.40000000000055","29.40000000000055","29.40000000000055","8.0160320641275","8.0160320641275","8.0160320641275","2.3999999999956523","2.3999999999956523","2.3999999999956523"
"1365.257381705","37.000000000000455","37.000000000000455","37.000000000000455","63.863863863864076","63.863863863864076","63.863863863864076","1.6080402010035921","1.6080402010035921","1.6080402010035921","0.801603206412095","0.801603206412095","0.801603206412095"
"1375.256502435","87.2999999999996","87.2999999999996","87.2999999999996","13.49999999999909","13.49999999999909","13.49999999999909","3.1093279839535093","3.1093279839535093","3.1093279839535093","1.8072289156677666","1.8072289156677666","1.8072289156677666"
"1385.256594025","42.95704295704384","42.95704295704384","42.95704295704384","30.160320641282418","30.160320641282418","30.160320641282418","14.042126379136324","14.042126379136324","14.042126379136324","29.770229770225193","29.770229770225193","29.770229770225193"
"1395.257478414","65.89999999999934","65.89999999999934","65.89999999999934","1.1988011988046252","1.1988011988046252","1.1988011988046252","1.706827309237672","1.706827309237672","1.706827309237672","34.90471414242886","34.90471414242886","34.90471414242886"
"1405.256760491","54.04595404595577","54.04595404595577","54.04595404595577","17.49999999999625","17.49999999999625","17.49999999999625","3.2096288866615397","3.2096288866615397","3.2096288866615397","29.200000000000724","29.200000000000724","29.200000000000724"
"1415.256454407","4.38247011951381","4.38247011951381","4.38247011951381","76.77677677677796","76.77677677677796","76.77677677677796","12.73821464392789","12.73821464392789","12.73821464392789","24.74949899799622","24.74949899799622","24.74949899799622"
"1425.256479857","1.2012012012068536","1.2012012012068536","1.2012012012068536","46.14614614614633","46.14614614614633","46.14614614614633","1.4056224899630574","1.4056224899630574","1.4056224899630574","54.95495495495397","54.95495495495397","54.95495495495397"
"1435.256811629","1.5000000000009095","1.5000000000009095","1.5000000000009095","83.21678321678294","83.21678321678294","83.21678321678294","1.6048144433327656","1.6048144433327656","1.6048144433327656","18.118118118115692","18.118118118115692","18.118118118115692"
"1445.256590754","11.700000000000728","11.700000000000728","11.700000000000728","88.60000000000076","88.60000000000076","88.60000000000076","4.4088176352667245","4.4088176352667245","4.4088176352667245","13.126252505013408","13.126252505013408","13.126252505013408"
"1455.257369905","1.3999999999987267","1.3999999999987267","1.3999999999987267","58.2164328657308","58.2164328657308","58.2164328657308","1.8018018018046724","1.8018018018046724","1.8018018018046724","42.44244244244324","42.44244244244324","42.44244244244324"
"1465.256690838","1.299999999996603","1.299999999996603","1.299999999996603","71.90000000000055","71.90000000000055","71.90000000000055","1.3078470824960606","1.3078470824960606","1.3078470824960606","29.029029029028298","29.029029029028298","29.029029029028298"
"1475.256445407","60.66066066066096","60.66066066066096","60.66066066066096","33.03303303303407","33.03303303303407","33.03303303303407","3.2934131736519747","3.2934131736519747","3.2934131736519747","21.364092276826145","21.364092276826145","21.364092276826145"
"1485.256653179","34.33433433433344","34.33433433433344","34.33433433433344","65.79999999999927","65.79999999999927","65.79999999999927","2.799999999999727","2.799999999999727","2.799999999999727","1.0030090270825864","1.0030090270825864","1.0030090270825864"
"1495.256160052","27.027027027029117","27.027027027029117","27.027027027029117","43.94394394394363","43.94394394394363","43.94394394394363","1.9076305220888945","1.9076305220888945","1.9076305220888945","31.231231231233952","31.231231231233952","31.231231231233952"
"1505.256645634","42.857142857141234","42.857142857141234","42.857142857141234","34.500000000000455","34.500000000000455","34.500000000000455","7.723169508523268","7.723169508523268","7.723169508523268","32.39719157472581","32.39719157472581","32.39719157472581"
"1515.25684706","1.4000000000032105","1.4000000000032105","1.4000000000032105","99.50000000000045","99.50000000000045","99.50000000000045","1.5045135406205274","1.5045135406205274","1.5045135406205274","1.7051153460365978","1.7051153460365978","1.7051153460365978"
"1525.256996112","1.2012012011956377","1.2012012011956377","1.2012012011956377","54.254254254253695","54.254254254253695","54.254254254253695","1.805416248746831","1.805416248746831","1.805416248746831","46.599999999998545","46.599999999998545","46.599999999998545"
"1535.256493698","5.970149253741102","5.970149253741102","5.970149253741102","69.60000000000036","69.60000000000036","69.60000000000036","10.44176706827269","10.44176706827269","10.44176706827269","32.56513026052098","32.56513026052098","32.56513026052098"
"1545.256294646","1.10441767067949","1.10441767067949","1.10441767067949","76.17617617617684","76.17617617617684","76.17617617617684","1.504513540622808","1.504513540622808","1.504513540622808","24.599999999996935","24.599999999996935","24.599999999996935"
"1555.256597575","1.5015015015023763","1.5015015015023763","1.5015015015023763","40.34034034033867","40.34034034033867","40.34034034033867","1.6048144433349727","1.6048144433349727","1.6048144433349727","60.86086086086324","60.86086086086324","60.86086086086324"
"1565.256451234","8.374875373873607","8.374875373873607","8.374875373873607","62.33766233766163","62.33766233766163","62.33766233766163","8.032128514053822","8.032128514053822","8.032128514053822","39.278557114226835","39.278557114226835","39.278557114226835"
"1575.256007188","8.826479438315813","8.826479438315813","8.826479438315813","60.739260739260956","60.739260739260956","60.739260739260956","1.506024096381953","1.506024096381953","1.506024096381953","32.332332332334026","32.332332332334026","32.332332332334026"
"1585.256039254","29.770229770231577","29.770229770231577","29.770229770231577","8.625877632897867","8.625877632897867","8.625877632897867","4.008016032062754","4.008016032062754","4.008016032062754","61.42284569138374","61.42284569138374","61.42284569138374"
"1595.256694811","5.089820359277049","5.089820359277049","5.089820359277049","64.13586413586346","64.13586413586346","64.13586413586346","4.008016032067026","4.008016032067026","4.008016032067026","37.67535070140264","37.67535070140264","37.67535070140264"
"1605.257205354","16.783216783219324","16.783216783219324","16.783216783219324","1.4014014014046456","1.4014014014046456","1.4014014014046456","11.723446893787749","11.723446893787749","11.723446893787749","81.31868131868197","81.31868131868197","81.31868131868197"
"1615.256494078","100","100","100","2.297702297700262","2.297702297700262","2.297702297700262","1.706827309237672","1.706827309237672","1.706827309237672","1.1011011011023495","1.1011011011023495","1.1011011011023495"
"1625.256578162","28.100000000002723","28.100000000002723","28.100000000002723","11.634904714142952","11.634904714142952","11.634904714142952","1.5060240963797389","1.5060240963797389","1.5060240963797389","62.02404809619282","62.02404809619282","62.02404809619282"
"1635.256371817","43.34334334334356","43.34334334334356","43.34334334334356","67.3999999999986","67.3999999999986","67.3999999999986","3.296703296702498","3.296703296702498","3.296703296702498","4.504504504502782","4.504504504502782","4.504504504502782"
"1645.256866874","57.114228456911896","57.114228456911896","57.114228456911896","44.00000000000346","44.00000000000346","44.00000000000346","1.6032064128309522","1.6032064128309522","1.6032064128309522","1.2036108325031538","1.2036108325031538","1.2036108325031538"
"1655.256593256","26.87312687312578","26.87312687312578","26.87312687312578","64.30000000000064","64.30000000000064","64.30000000000064","11.33400200602342","11.33400200602342","11.33400200602342","1.1022044088144027","1.1022044088144027","1.1022044088144027"
"1665.256260416","90.40000000000006","90.40000000000006","90.40000000000006","15.715715715712578","15.715715715712578","15.715715715712578","9.609609609605632","9.609609609605632","9.609609609605632","2.1063189568687384","2.1063189568687384","2.1063189568687384"
"1675.256321434","43.843843843843615","43.843843843843615","43.843843843843615","56.60000000000082","56.60000000000082","56.60000000000082","2.4072216649951246","2.4072216649951246","2.4072216649951246","1.302605210421933","1.302605210421933","1.302605210421933"
"1685.256086865","91.1088911088903","91.1088911088903","91.1088911088903","7.099999999996139","7.099999999996139","7.099999999996139","4.317269076303561","4.317269076303561","4.317269076303561","1.1044176706817224","1.1044176706817224","1.1044176706817224"
"1695.257764068","27.072927072925808","27.072927072925808","27.072927072925808","52.599999999999916","52.599999999999916","52.599999999999916","9.609609609612022","9.609609609612022","9.609609609612022","28.728728728732477","28.728728728732477","28.728728728732477"
"1705.256735053","41.19999999999851","41.19999999999851","41.19999999999851","1.0020040080196297","1.0020040080196297","1.0020040080196297","1.6080402010035921","1.6080402010035921","1.6080402010035921","59.55955955955904","59.55955955955904","59.55955955955904"
"1715.255984728","34.5691382765542","34.5691382765542","34.5691382765542","0.8024072216688058","0.8024072216688058","0.8024072216688058","1.9057171514548616","1.9057171514548616","1.9057171514548616","66.26626626626663","66.26626626626663","66.26626626626663"
"1725.256589917","51.200000000001175","51.200000000001175","51.200000000001175","2.3023023023002587","2.3023023023002587","2.3023023023002587","4.1206030150783715","4.1206030150783715","4.1206030150783715","59.85985985986135","59.85985985986135","59.85985985986135"
"1735.256787184","17.417417417415614","17.417417417415614","17.417417417415614","8.808808808805543","8.808808808805543","8.808808808805543","1.8054162487376706","1.8054162487376706","1.8054162487376706","76.39999999999873","76.39999999999873","76.39999999999873"
"1745.256436129","61.12224448897693","61.12224448897693","61.12224448897693","39.93993993994136","39.93993993994136","39.93993993994136","1.5075376884430838","1.5075376884430838","1.5075376884430838","1.0999999999967758","1.0999999999967758","1.0999999999967758"
"1755.256398666","42.37288135593305","42.37288135593305","42.37288135593305","55.555555555556055","55.555555555556055","55.555555555556055","8.808808808811683","8.808808808811683","8.808808808811683","10.9327983951908","10.9327983951908","10.9327983951908"
"1765.256674597","16.516516516515512","16.516516516515512","16.516516516515512","84.43113772455071","84.43113772455071","84.43113772455071","1.5030060120249567","1.5030060120249567","1.5030060120249567","1.3999999999965167","1.3999999999965167","1.3999999999965167"
"1775.256019131","65.46906187624708","65.46906187624708","65.46906187624708","30.69999999999936","30.69999999999936","30.69999999999936","6.506506506507264","6.506506506507264","6.506506506507264","1.2024048096181426","1.2024048096181426","1.2024048096181426"
"1785.257047723","6.913827655311156","6.913827655311156","6.913827655311156","96.19619619619729","96.19619619619729","96.19619619619729","13.640922768301905","13.640922768301905","13.640922768301905","1.7051153460388004","1.7051153460388004","1.7051153460388004"
"1795.256740778","55.855855855856085","55.855855855856085","55.855855855856085","41.400000000004056","41.400000000004056","41.400000000004056","5.622489959836763","5.622489959836763","5.622489959836763","1.3052208835352277","1.3052208835352277","1.3052208835352277"
"1805.256811619","13.199999999997688","13.199999999997688","13.199999999997688","45.745745745746106","45.745745745746106","45.745745745746106","2.1105527638194994","2.1105527638194994","2.1105527638194994","42.79999999999916","42.79999999999916","42.79999999999916"
"1815.256441413","74.62537462537554","74.62537462537554","74.62537462537554","11.711711711708144","11.711711711708144","11.711711711708144","11.233701103308547","11.233701103308547","11.233701103308547","20.24048096192363","20.24048096192363","20.24048096192363"
"1825.256282242","34.63463463463418","34.63463463463418","34.63463463463418","19.83967935871758","19.83967935871758","19.83967935871758","6.526104417675841","6.526104417675841","6.526104417675841","44.78957915831659","44.78957915831659","44.78957915831659"
"1835.25633459","70.72927072927034","70.72927072927034","70.72927072927034","30.299999999998832","30.299999999998832","30.299999999998832","1.7051153460410813","1.7051153460410813","1.7051153460410813","1.2036108324964219","1.2036108324964219","1.2036108324964219"
"1845.256511301","58.35835835836042","58.35835835836042","58.35835835836042","41.02306920762597","41.02306920762597","41.02306920762597","3.309929789363031","3.309929789363031","3.309929789363031","1.001001001002343","1.001001001002343","1.001001001002343"
"1855.256485191","37.59999999999991","37.59999999999991","37.59999999999991","70.1596806387224","70.1596806387224","70.1596806387224","7.121364092277013","7.121364092277013","7.121364092277013","4.216867469880233","4.216867469880233","4.216867469880233"
"1865.256688889","86.11388611388706","86.11388611388706","86.11388611388706","13.31331331330893","13.31331331330893","13.31331331330893","3.313253012052016","3.313253012052016","3.313253012052016","1.1022044088143526","1.1022044088143526","1.1022044088143526"
"1875.256972611","36.336336336333666","36.336336336333666","36.336336336333666","64.20000000000171","64.20000000000171","64.20000000000171","2.110552763819403","2.110552763819403","2.110552763819403","0.9018036072158854","0.9018036072158854","0.9018036072158854"
"1885.256728977","28.243512974050656","28.243512974050656","28.243512974050656","11.23370110330906","11.23370110330906","11.23370110330906","5.41624874623618","5.41624874623618","5.41624874623618","74.0740740740755","74.0740740740755","74.0740740740755"
"1895.256126087","1.398601398606847","1.398601398606847","1.398601398606847","68.7687687687669","68.7687687687669","68.7687687687669","1.3078470824960606","1.3078470824960606","1.3078470824960606","32.30000000000018","32.30000000000018","32.30000000000018"
"1905.257711299","30.099999999999007","30.099999999999007","30.099999999999007","67.90000000000191","67.90000000000191","67.90000000000191","4.723618090454691","4.723618090454691","4.723618090454691","0.7021063189584947","0.7021063189584947","0.7021063189584947"
"1915.257044749","50.10020040080151","50.10020040080151","50.10020040080151","61.499999999998636","61.499999999998636","61.499999999998636","3.5070140280551945","3.5070140280551945","3.5070140280551945","3.112449799196228","3.112449799196228","3.112449799196228"
"1925.256905046","60.900000000001455","60.900000000001455","60.900000000001455","39.400000000000546","39.400000000000546","39.400000000000546","1.9076305220866987","1.9076305220866987","1.9076305220866987","1.4014014013973763","1.4014014013973763","1.4014014013973763"
"1935.257322879","23.123123123120806","23.123123123120806","23.123123123120806","76.17617617617564","76.17617617617564","76.17617617617564","3.0120481927684715","3.0120481927684715","3.0120481927684715","1.3013013013023629","1.3013013013023629","1.3013013013023629"
"1945.25617925","85.94217347956304","85.94217347956304","85.94217347956304","12.699999999999816","12.699999999999816","12.699999999999816","9.547738693469817","9.547738693469817","9.547738693469817","10.63189568706085","10.63189568706085","10.63189568706085"
"1955.256811073","88.38838838838556","88.38838838838556","88.38838838838556","14.999999999998408","14.999999999998408","14.999999999998408","2.006018054165173","2.006018054165173","2.006018054165173","22.367101303911348","22.367101303911348","22.367101303911348"
"1965.257158245","87.91208791208727","87.91208791208727","87.91208791208727","23.290386521308115","23.290386521308115","23.290386521308115","8.599999999996157","8.599999999996157","8.599999999996157","58.958958958960274","58.958958958960274","58.958958958960274"
"1975.256856557","12.925851703406426","12.925851703406426","12.925851703406426","3.803803803804806","3.803803803804806","3.803803803804806","2.9145728643212956","2.9145728643212956","2.9145728643212956","100","100","100"
"1985.256248037","23.82382382382663","23.82382382382663","23.82382382382663","18.018018018017955","18.018018018017955","18.018018018017955","1.506024096388664","1.506024096388664","1.506024096388664","60.39999999999963","60.39999999999963","60.39999999999963"
"1995.257425717","54.254254254256175","54.254254254256175","54.254254254256175","1.3013013012978702","1.3013013012978702","1.3013013012978702","2.3046092184348788","2.3046092184348788","2.3046092184348788","46.04604604604386","46.04604604604386","46.04604604604386"
"2005.25654562","47.647647647648704","47.647647647648704","47.647647647648704","6.506506506509539","6.506506506509539","6.506506506509539","2.3162134944611634","2.3162134944611634","2.3162134944611634","61.0999999999995","61.0999999999995","61.0999999999995"
"2015.256662697","94.89999999999782","94.89999999999782","94.89999999999782","5.310621242486965","5.310621242486965","5.310621242486965","2.510040160642561","2.510040160642561","2.510040160642561","0.8016032064166153","0.8016032064166153","0.8016032064166153"
"2025.256751876","42.25774225774344","42.25774225774344","42.25774225774344","58.98203592814236","58.98203592814236","58.98203592814236","1.5075376884430838","1.5075376884430838","1.5075376884430838","0.7021063189562461","0.7021063189562461","0.7021063189562461"
"2035.256424841","62.16216216216105","62.16216216216105","62.16216216216105","43.943943943941356","43.943943943941356","43.943943943941356","8.734939759035017","8.734939759035017","8.734939759035017","3.306613226454449","3.306613226454449","3.306613226454449"
"2045.256801121","48.15184815184638","48.15184815184638","48.15184815184638","52.600000000002176","52.600000000002176","52.600000000002176","1.7051153460407962","1.7051153460407962","1.7051153460407962","1.4028056112211664","1.4028056112211664","1.4028056112211664"
"2055.257007287","1.0000000000035925","1.0000000000035925","1.0000000000035925","99.90009990009771","99.90009990009771","99.90009990009771","1.4042126379124922","1.4042126379124922","1.4042126379124922","1.2036108324964219","1.2036108324964219","1.2036108324964219"
"2065.256825659","1.8054162487401542","1.8054162487401542","1.8054162487401542","41.725175526579115","41.725175526579115","41.725175526579115","1.9076305220866987","1.9076305220866987","1.9076305220866987","59.600000000000364","59.600000000000364","59.600000000000364"
"2075.256322073","59.700000000002554","59.700000000002554","59.700000000002554","36.66333666333371","36.66333666333371","36.66333666333371","8.70870870870741","8.70870870870741","8.70870870870741","11.546184738956693","11.546184738956693","11.546184738956693"
"2085.256600273","33.66633366633486","33.66633366633486","33.66633366633486","67.5350701402828","67.5350701402828","67.5350701402828","1.6016016016024561","1.6016016016024561","1.6016016016024561","1.0020040080168275","1.0020040080168275","1.0020040080168275"
"2095.256435667","34.79999999999949","34.79999999999949","34.79999999999949","66.40000000000026","66.40000000000026","66.40000000000026","1.8054162487491119","1.8054162487491119","1.8054162487491119","1.2024048096181426","1.2024048096181426","1.2024048096181426"
"2105.256954057","33.56713426853913","33.56713426853913","33.56713426853913","78.14371257484972","78.14371257484972","78.14371257484972","2.7054108216430994","2.7054108216430994","2.7054108216430994","3.306613226450043","3.306613226450043","3.306613226450043"
"2115.256577132","25.799999999999272","25.799999999999272","25.799999999999272","67.5","67.5","67.5","1.6064257028142706","1.6064257028142706","1.6064257028142706","8.826479438315813","8.826479438315813","8.826479438315813"
"2125.256812183","1.1011011010956218","1.1011011010956218","1.1011011010956218","76.20000000000346","76.20000000000346","76.20000000000346","1.8054162487401542","1.8054162487401542","1.8054162487401542","24.5245245245244","24.5245245245244","24.5245245245244"
"2135.256971854","11.588411588414425","11.588411588414425","11.588411588414425","41.217564870256105","41.217564870256105","41.217564870256105","3.8190954773858166","3.8190954773858166","3.8190954773858166","60.599999999999454","60.599999999999454","60.599999999999454"
"2145.256992311","1.0010010010001125","1.0010010010001125","1.0010010010001125","70.47047047047299","70.47047047047299","70.47047047047299","1.705115346043284","1.705115346043284","1.705115346043284","30.561122244490747","30.561122244490747","30.561122244490747"
"2155.256381023","1.2012012012023563","1.2012012012023563","1.2012012012023563","27.927927927923623","27.927927927923623","27.927927927923623","1.8036072144292075","1.8036072144292075","1.8036072144292075","73.14629258517203","73.14629258517203","73.14629258517203"
"2165.255898668","12.000000000002183","12.000000000002183","12.000000000002183","7.300000000002456","7.300000000002456","7.300000000002456","3.707414829656109","3.707414829656109","3.707414829656109","95.19999999999982","95.19999999999982","95.19999999999982"
"2175.25672081","89.21078921078968","89.21078921078968","89.21078921078968","1.0010010010046189","1.0010010010046189","1.0010010010046189","4.12060301507399","4.12060301507399","4.12060301507399","9.227683049147936","9.227683049147936","9.227683049147936"
"2185.256257381","36.83683683683888","36.83683683683888","36.83683683683888","0.902708124370036","0.902708124370036","0.902708124370036","1.6048144433349727","1.6048144433349727","1.6048144433349727","64.1641641641641","64.1641641641641","64.1641641641641"
"2195.256630546","58.45845845845703","58.45845845845703","58.45845845845703","2.2977022977024295","2.2977022977024295","2.2977022977024295","10.531594784351014","10.531594784351014","10.531594784351014","46.246246246246166","46.246246246246166","46.246246246246166"
"2205.256364342","69.0309690309692","69.0309690309692","69.0309690309692","1.3013013012956534","1.3013013012956534","1.3013013012956534","3.4102306920731955","3.4102306920731955","3.4102306920731955","30.160320641283324","30.160320641283324","30.160320641283324"
"2215.256437403","1.3013013013023629","1.3013013013023629","1.3013013013023629","30.23023023023071","30.23023023023071","30.23023023023071","1.805416248746831","1.805416248746831","1.805416248746831","70.7000000000003","70.7000000000003","70.7000000000003"
"2225.256442465","12.799999999999729","12.799999999999729","12.799999999999729","72.65469061876131","72.65469061876131","72.65469061876131","2.8084252758294173","2.8084252758294173","2.8084252758294173","29.759519038077293","29.759519038077293","29.759519038077293"
"2235.256434827","1.1022044088234155","1.1022044088234155","1.1022044088234155","33.767535070139125","33.767535070139125","33.767535070139125","1.9076305220844156","1.9076305220844156","1.9076305220844156","67.03296703296671","67.03296703296671","67.03296703296671"
"2245.256752414","1.3986013985934087","1.3986013985934087","1.3986013985934087","96.79679679679964","96.79679679679964","96.79679679679964","1.803607214427296","1.803607214427296","1.803607214427296","4.2126379137441265","4.2126379137441265","4.2126379137441265"
"2255.25639357","21.621621621624204","21.621621621624204","21.621621621624204","81.30000000000109","81.30000000000109","81.30000000000109","2.9058116232526934","2.9058116232526934","2.9058116232526934","12.112112112110465","12.112112112110465","12.112112112110465"
"2265.25616809","46.353646353648614","46.353646353648614","46.353646353648614","54.14585414585369","54.14585414585369","54.14585414585369","2.6130653266308372","2.6130653266308372","2.6130653266308372","0.6018054162482109","0.6018054162482109","0.6018054162482109"
"2275.256648644","4.19999999999618","4.19999999999618","4.19999999999618","48.50000000000371","48.50000000000371","48.50000000000371","1.5075376884431526","1.5075376884431526","1.5075376884431526","50","50","50"
"2285.257549579","7.907907907911908","7.907907907911908","7.907907907911908","76.17148554336602","76.17148554336602","76.17148554336602","2.6078234704066334","2.6078234704066334","2.6078234704066334","26.45290581162698","26.45290581162698","26.45290581162698"
"2295.257119356","29.689067201601215","29.689067201601215","29.689067201601215","1.2012012012046323","1.2012012012046323","1.2012012012046323","8.032128514058021","8.032128514058021","8.032128514058021","70.49999999999594","70.49999999999594","70.49999999999594"
"2305.256274226","8.091908091910009","8.091908091910009","8.091908091910009","76.77677677677464","76.77677677677464","76.77677677677464","1.9038076152310044","1.9038076152310044","1.9038076152310044","17.40000000000009","17.40000000000009","17.40000000000009"
"2315.256575523","1.3000000000010323","1.3000000000010323","1.3000000000010323","52.00400801603252","52.00400801603252","52.00400801603252","1.5060240963864497","1.5060240963864497","1.5060240963864497","48.848848848851006","48.848848848851006","48.848848848851006"
"2325.257160645","44.644644644645986","44.644644644645986","44.644644644645986","9.181636726549918","9.181636726549918","9.181636726549918","6.012024048101831","6.012024048101831","6.012024048101831","58.558558558556264","58.558558558556264","58.558558558556264"
"2335.25713221","79.52047952047815","79.52047952047815","79.52047952047815","8.299999999995103","8.299999999995103","8.299999999995103","1.611278952667242","1.611278952667242","1.611278952667242","14.643931795386816","14.643931795386816","14.643931795386816"
"2345.25809009","55.100000000000136","55.100000000000136","55.100000000000136","45.29999999999994","45.29999999999994","45.29999999999994","2.008032128509746","2.008032128509746","2.008032128509746","1.3013013013023629","1.3013013013023629","1.3013013013023629"
"2355.256196438","41.07676969092531","41.07676969092531","41.07676969092531","9.900000000004189","9.900000000004189","9.900000000004189","5.220883534136345","5.220883534136345","5.220883534136345","61.322645290579395","61.322645290579395","61.322645290579395"
"2365.256705978","76.82317682318023","76.82317682318023","76.82317682318023","1.1033099297861564","1.1033099297861564","1.1033099297861564","1.706827309237672","1.706827309237672","1.706827309237672","23.947895791586404","23.947895791586404","23.947895791586404"
"2375.256402797","63.33666333666174","63.33666333666174","63.33666333666174","1.2999999999976808","1.2999999999976808","1.2999999999976808","2.6052104208413027","2.6052104208413027","2.6052104208413027","36.79999999999836","36.79999999999836","36.79999999999836"
"2385.256387361","43.90000000000128","43.90000000000128","43.90000000000128","2.1978021978024223","2.1978021978024223","2.1978021978024223","3.4170854271370477","3.4170854271370477","3.4170854271370477","68.13627254509042","68.13627254509042","68.13627254509042"
"2395.256459239","1.5015015015023763","1.5015015015023763","1.5015015015023763","97.10000000000036","97.10000000000036","97.10000000000036","1.8090452261335286","1.8090452261335286","1.8090452261335286","3.711133400201693","3.711133400201693","3.711133400201693"
"2405.256965896","1.2987012986979356","1.2987012986979356","1.2987012986979356","32.49749247743076","32.49749247743076","32.49749247743076","1.603206412821985","1.603206412821985","1.603206412821985","68.40000000000146","68.40000000000146","68.40000000000146"
"2415.256112844","28.899999999996627","28.899999999996627","28.899999999996627","75.27527527527786","75.27527527527786","75.27527527527786","5.005005005004887","5.005005005004887","5.005005005004887","8.81763527054216","8.81763527054216","8.81763527054216"
"2425.25644351","56.643356643356135","56.643356643356135","56.643356643356135","42.5574425574412","42.5574425574412","42.5574425574412","3.420523138834443","3.420523138834443","3.420523138834443","1.103309929790617","1.103309929790617","1.103309929790617"
"2435.25660736","39.33933933934132","39.33933933934132","39.33933933934132","61.53846153846329","61.53846153846329","61.53846153846329","1.6048144433240745","1.6048144433240745","1.6048144433240745","0.902708124370036","0.902708124370036","0.902708124370036"
"2445.256899282","55.199999999997786","55.199999999997786","55.199999999997786","46.54654654654392","46.54654654654392","46.54654654654392","5.516549648948524","5.516549648948524","5.516549648948524","10.91091091091033","10.91091091091033","10.91091091091033"
"2455.256566219","32.867132867134835","32.867132867134835","32.867132867134835","67.86786786786972","67.86786786786972","67.86786786786972","2.012072434605897","2.012072434605897","2.012072434605897","1.0040160642561113","1.0040160642561113","1.0040160642561113"
"2465.256652438","61.90000000000282","61.90000000000282","61.90000000000282","37.97595190380436","37.97595190380436","37.97595190380436","2.206619859583414","2.206619859583414","2.206619859583414","1.302605210421933","1.302605210421933","1.302605210421933"
"2475.256587315","4.676616915425335","4.676616915425335","4.676616915425335","78.90000000000231","78.90000000000231","78.90000000000231","11.133400200603306","11.133400200603306","11.133400200603306","23.046092184369467","23.046092184369467","23.046092184369467"
"2485.256835816","70.72927072926807","70.72927072926807","70.72927072926807","1.401401401404582","1.401401401404582","1.401401401404582","1.3052208835306618","1.3052208835306618","1.3052208835306618","30.300000000001106","30.300000000001106","30.300000000001106"
"2495.256107896","21.543086172349135","21.543086172349135","21.543086172349135","1.1022044088166811","1.1022044088166811","1.1022044088166811","6.519558676033391","6.519558676033391","6.519558676033391","74.49999999999818","74.49999999999818","74.49999999999818"
"2505.257011959","56.19999999999891","56.19999999999891","56.19999999999891","5.394605394600616","5.394605394600616","5.394605394600616","3.6180904522580817","3.6180904522580817","3.6180904522580817","52.75275275275373","52.75275275275373","52.75275275275373"
"2515.256191639","51.65165165165132","51.65165165165132","51.65165165165132","1.5000000000009095","1.5000000000009095","1.5000000000009095","2.302302302304706","2.302302302304706","2.302302302304706","49.09819639278415","49.09819639278415","49.09819639278415"
"2525.25658086","11.01101101100984","11.01101101100984","11.01101101100984","41.80000000000064","41.80000000000064","41.80000000000064","1.7034068136279807","1.7034068136279807","1.7034068136279807","49.449449449453375","49.449449449453375","49.449449449453375"
"2535.256045926","58.900000000003274","58.900000000003274","58.900000000003274","37.30000000000018","37.30000000000018","37.30000000000018","6.726907630520511","6.726907630520511","6.726907630520511","1.4042126379124922","1.4042126379124922","1.4042126379124922"
"2545.256804191","33.26673326673181","33.26673326673181","33.26673326673181","68.90000000000013","68.90000000000013","68.90000000000013","12.22444889779412","12.22444889779412","12.22444889779412","2.90290290289805","2.90290290289805","2.90290290289805"
"2555.25601182","47.09999999999796","47.09999999999796","47.09999999999796","53.20000000000164","53.20000000000164","53.20000000000164","2.6052104208457405","2.6052104208457405","2.6052104208457405","1.0020040080196297","1.0020040080196297","1.0020040080196297"
"2565.257188655","32.86713286713328","32.86713286713328","32.86713286713328","68.33166833166686","68.33166833166686","68.33166833166686","1.6032064128286738","1.6032064128286738","1.6032064128286738","1.201201201200135","1.201201201200135","1.201201201200135"
"2575.256109727","25.174825174826715","25.174825174826715","25.174825174826715","26.02602602602341","26.02602602602341","26.02602602602341","4.518072289154991","4.518072289154991","4.518072289154991","62.8256513026055","62.8256513026055","62.8256513026055"
"2585.25681653","51.90380761523091","51.90380761523091","51.90380761523091","48.00000000000182","48.00000000000182","48.00000000000182","3.003003002997777","3.003003002997777","3.003003002997777","0.9018036072158854","0.9018036072158854","0.9018036072158854"
"2595.257663441","64.73526473526483","64.73526473526483","64.73526473526483","36.37274549098299","36.37274549098299","36.37274549098299","1.3052208835352277","1.3052208835352277","1.3052208835352277","1.1033099297861062","1.1033099297861062","1.1033099297861062"
"2605.257036474","14.985014985014658","14.985014985014658","14.985014985014658","97.99999999999727","97.99999999999727","97.99999999999727","3.006012024047635","3.006012024047635","3.006012024047635","1.8036072144294923","1.8036072144294923","1.8036072144294923"
"2615.256806278","65.86586586586431","65.86586586586431","65.86586586586431","32.20000000000255","32.20000000000255","32.20000000000255","4.7188755020105715","4.7188755020105715","4.7188755020105715","0.9018036072158443","0.9018036072158443","0.9018036072158443"
"2625.256129681","64.83516483516738","64.83516483516738","64.83516483516738","35.364635364634225","35.364635364634225","35.364635364634225","2.602602602598135","2.602602602598135","2.602602602598135","1.003009027084867","1.003009027084867","1.003009027084867"
"2635.257080076","6.786427145707269","6.786427145707269","6.786427145707269","60.860860860861465","60.860860860861465","60.860860860861465","12.337011033103163","12.337011033103163","12.337011033103163","39.078156312623314","39.078156312623314","39.078156312623314"
"2645.257199583","1.1022044088211371","1.1022044088211371","1.1022044088211371","51.048951048953484","51.048951048953484","51.048951048953484","1.4042126379147086","1.4042126379147086","1.4042126379147086","50.15015015015115","50.15015015015115","50.15015015015115"
"2655.257995427","1.2987012986978768","1.2987012986978768","1.2987012986978768","81.699999999997","81.699999999997","81.699999999997","1.506024096381953","1.506024096381953","1.506024096381953","19.38061938061811","19.38061938061811","19.38061938061811"
"2665.256274515","7.999999999999545","7.999999999999545","7.999999999999545","2.8112449799216774","2.8112449799216774","2.8112449799216774","7.723169508529757","7.723169508529757","7.723169508529757","98.69739478957807","98.69739478957807","98.69739478957807"
"2675.256914987","1.1999999999944158","1.1999999999944158","1.1999999999944158","31.29999999999797","31.29999999999797","31.29999999999797","1.407035175875858","1.407035175875858","1.407035175875858","69.46946946947153","69.46946946947153","69.46946946947153"
"2685.256883519","1.4955134596287465","1.4955134596287465","1.4955134596287465","41.88376753506842","41.88376753506842","41.88376753506842","1.706827309237672","1.706827309237672","1.706827309237672","58.99999999999823","58.99999999999823","58.99999999999823"
"2695.256927119","9.299999999998786","9.299999999998786","9.299999999998786","47.44744744744619","47.44744744744619","47.44744744744619","7.407407407405383","7.407407407405383","7.407407407405383","54.46339017051098","54.46339017051098","54.46339017051098"
"2705.256157681","1.5015015015001003","1.5015015015001003","1.5015015015001003","59.24075924076085","59.24075924076085","59.24075924076085","1.4042126379169895","1.4042126379169895","1.4042126379169895","41.858141858140755","41.858141858140755","41.858141858140755"
"2715.256688523","21.100000000001273","21.100000000001273","21.100000000001273","66.3663663663659","66.3663663663659","66.3663663663659","2.1042084168315607","2.1042084168315607","2.1042084168315607","14.056224899600897","14.056224899600897","14.056224899600897"
"2725.256559045","93.80619380619447","93.80619380619447","93.80619380619447","8.49150849150967","8.49150849150967","8.49150849150967","3.7148594377542907","3.7148594377542907","3.7148594377542907","12.136409227683657","12.136409227683657","12.136409227683657"
"2735.256717636","52.94705294705801","52.94705294705801","52.94705294705801","46.80000000000078","46.80000000000078","46.80000000000078","3.0120481927684715","3.0120481927684715","3.0120481927684715","1.2024048096226445","1.2024048096226445","1.2024048096226445"
"2745.256453046","24.148296593181414","24.148296593181414","24.148296593181414","76.87687687687692","76.87687687687692","76.87687687687692","1.3039117352066782","1.3039117352066782","1.3039117352066782","1.5030060120249567","1.5030060120249567","1.5030060120249567"
"2755.255859007","51.50000000000311","51.50000000000311","51.50000000000311","47.00598802395255","47.00598802395255","47.00598802395255","9.538152610438058","9.538152610438058","9.538152610438058","4.112337011038189","4.112337011038189","4.112337011038189"
"2765.255839305","47.047047047046256","47.047047047046256","47.047047047046256","54.64535464535187","54.64535464535187","54.64535464535187","7.823470411235508","7.823470411235508","7.823470411235508","0.9018036072113699","0.9018036072113699","0.9018036072113699"
"2775.257184426","77.07707707707694","77.07707707707694","77.07707707707694","10.900000000001455","10.900000000001455","10.900000000001455","1.9057171514503874","1.9057171514503874","1.9057171514503874","13.927855711419902","13.927855711419902","13.927855711419902"
"2785.256806873","32.767232767230645","32.767232767230645","32.767232767230645","30.961923847698525","30.961923847698525","30.961923847698525","2.2022022022066907","2.2022022022066907","2.2022022022066907","37.87575150300622","37.87575150300622","37.87575150300622"
"2795.256609759","18.063872255488512","18.063872255488512","18.063872255488512","48.148148148148564","48.148148148148564","48.148148148148564","6.030150753768041","6.030150753768041","6.030150753768041","45.745745745746305","45.745745745746305","45.745745745746305"
"2805.257560813","2.2022022022002474","2.2022022022002474","2.2022022022002474","68.13186813186827","68.13186813186827","68.13186813186827","1.6016016016023829","1.6016016016023829","1.6016016016023829","31.831831831830886","31.831831831830886","31.831831831830886"
"2815.256669978","23.547094188379283","23.547094188379283","23.547094188379283","0.801603206412095","0.801603206412095","0.801603206412095","1.4084507042240635","1.4084507042240635","1.4084507042240635","77.89999999999964","77.89999999999964","77.89999999999964"
"2825.25651944","44.15584415584593","44.15584415584593","44.15584415584593","61.738261738261556","61.738261738261556","61.738261738261556","9.100000000004952","9.100000000004952","9.100000000004952","20.94188376753649","20.94188376753649","20.94188376753649"
"2835.256553167","37.100000000000946","37.100000000000946","37.100000000000946","63.70000000000221","63.70000000000221","63.70000000000221","2.006018054158514","2.006018054158514","2.006018054158514","0.803212851404889","0.803212851404889","0.803212851404889"
"2845.256761664","27.19999999999696","27.19999999999696","27.19999999999696","70.32967032967163","70.32967032967163","70.32967032967163","5.110220440883087","5.110220440883087","5.110220440883087","3.0999999999994543","3.0999999999994543","3.0999999999994543"
"2855.256135455","19.142572283153157","19.142572283153157","19.142572283153157","48.8999999999964","48.8999999999964","48.8999999999964","4.499999999998181","4.499999999998181","4.499999999998181","45.490981963929485","45.490981963929485","45.490981963929485"
"2865.256106004","33.59999999999825","33.59999999999825","33.59999999999825","61.723446893787745","61.723446893787745","61.723446893787745","4.012036108323402","4.012036108323402","4.012036108323402","4.604604604602793","4.604604604602793","4.604604604602793"
"2875.256719536","32.432432432434034","32.432432432434034","32.432432432434034","64.10000000000309","64.10000000000309","64.10000000000309","1.9057171514548616","1.9057171514548616","1.9057171514548616","5.717151454364585","5.717151454364585","5.717151454364585"
"2885.256460324","20.799999999997","20.799999999997","20.799999999997","9.418837675346674","9.418837675346674","9.418837675346674","5.299999999995421","5.299999999995421","5.299999999995421","82.1821821821806","82.1821821821806","82.1821821821806"
"2895.256927362","88.6886886886919","88.6886886886919","88.6886886886919","1.1999999999966895","1.1999999999966895","1.1999999999966895","1.5090543259611469","1.5090543259611469","1.5090543259611469","12.112112112112742","12.112112112112742","12.112112112112742"
"2905.2569777","30.938123752495024","30.938123752495024","30.938123752495024","19.939879759522743","19.939879759522743","19.939879759522743","1.8036072144294923","1.8036072144294923","1.8036072144294923","51.25125125125116","51.25125125125116","51.25125125125116"
"2915.256370817","94.80000000000018","94.80000000000018","94.80000000000018","9.099999999994825","9.099999999994825","9.099999999994825","6.526104417673855","6.526104417673855","6.526104417673855","7.429718875497043","7.429718875497043","7.429718875497043"
"2925.256969475","2.1000000000026375","2.1000000000026375","2.1000000000026375","98.89999999999878","98.89999999999878","98.89999999999878","1.9057171514503874","1.9057171514503874","1.9057171514503874","1.001001001002343","1.001001001002343","1.001001001002343"
"2935.256716756","25.825825825824488","25.825825825824488","25.825825825824488","71.12887112887172","71.12887112887172","71.12887112887172","5.823293172690011","5.823293172690011","5.823293172690011","1.206030150752694","1.206030150752694","1.206030150752694"
"2945.256576416","43.543543543543585","43.543543543543585","43.543543543543585","68.50000000000053","68.50000000000053","68.50000000000053","4.685942173484274","4.685942173484274","4.685942173484274","1.9038076152331957","1.9038076152331957","1.9038076152331957"
"2955.256975425","31.768231768233985","31.768231768233985","31.768231768233985","68.96896896896551","68.96896896896551","68.96896896896551","1.7085427135685238","1.7085427135685238","1.7085427135685238","1.0010010009978365","1.0010010009978365","1.0010010009978365"
"2965.256114415","46.64664664664621","46.64664664664621","46.64664664664621","52.400000000002365","52.400000000002365","52.400000000002365","3.911735205611269","3.911735205611269","3.911735205611269","0.8024072216642814","0.8024072216642814","0.8024072216642814"
"2975.256820545","57.05705705705616","57.05705705705616","57.05705705705616","52.14785214785138","52.14785214785138","52.14785214785138","4.690618762477388","4.690618762477388","4.690618762477388","3.7148594377542907","3.7148594377542907","3.7148594377542907"
"2985.256277112","17.98201798201568","17.98201798201568","17.98201798201568","58.81763527054176","58.81763527054176","58.81763527054176","2.505010020040076","2.505010020040076","2.505010020040076","24.72472472472554","24.72472472472554","24.72472472472554"
"2995.257590744","1.5015015015024447","1.5015015015024447","1.5015015015024447","70.62937062936939","70.62937062936939","70.62937062936939","1.5075376884431526","1.5075376884431526","1.5075376884431526","30.49999999999411","30.49999999999411","30.49999999999411"
"3005.257010344","2.304609218439225","2.304609218439225","2.304609218439225","38.37675350701603","38.37675350701603","38.37675350701603","1.706827309237672","1.706827309237672","1.706827309237672","61.061061061063256","61.061061061063256","61.061061061063256"
"3015.256041039","98.50149850149755","98.50149850149755","98.50149850149755","4.491017964072318","4.491017964072318","4.491017964072318","4.016064257024628","4.016064257024628","4.016064257024628","11.43430290872513","11.43430290872513","11.43430290872513"
"3025.256014477","32.303090727818265","32.303090727818265","32.303090727818265","67.06706706706672","67.06706706706672","67.06706706706672","7.507507507509321","7.507507507509321","7.507507507509321","1.4028056112256593","1.4028056112256593","1.4028056112256593"
"3035.256352683","14.014014014012954","14.014014014012954","14.014014014012954","80.61938061938137","80.61938061938137","80.61938061938137","8.00800800800964","8.00800800800964","8.00800800800964","18.473895582329273","18.473895582329273","18.473895582329273"
"3045.256617176","21.899999999996993","21.899999999996993","21.899999999996993","25.999999999994632","25.999999999994632","25.999999999994632","2.7081243731188214","2.7081243731188214","2.7081243731188214","67.56756756756597","67.56756756756597","67.56756756756597"
"3055.256550412","52.300000000002356","52.300000000002356","52.300000000002356","1.2024048096226445","1.2024048096226445","1.2024048096226445","1.7051153460388782","1.7051153460388782","1.7051153460388782","48.797595190379575","48.797595190379575","48.797595190379575"
"3065.25657026","9.70970970970792","9.70970970970792","9.70970970970792","65.76576576576585","65.76576576576585","65.76576576576585","4.108216432862174","4.108216432862174","4.108216432862174","24.224224224225484","24.224224224225484","24.224224224225484"
"3075.256994069","56.98602794411224","56.98602794411224","56.98602794411224","46.30000000000109","46.30000000000109","46.30000000000109","12.02404809619455","12.02404809619455","12.02404809619455","2.008032128516697","2.008032128516697","2.008032128516697"
"3085.257003966","33.13313313313485","33.13313313313485","33.13313313313485","66.19999999999737","66.19999999999737","66.19999999999737","2.9087261785330196","2.9087261785330196","2.9087261785330196","1.5999999999986174","1.5999999999986174","1.5999999999986174"
"3095.25705623","72.7272727272719","72.7272727272719","72.7272727272719","13.900000000004917","13.900000000004917","13.900000000004917","5.622489959838789","5.622489959838789","5.622489959838789","11.646586345384057","11.646586345384057","11.646586345384057"
"3105.256891394","10.299999999999727","10.299999999999727","10.299999999999727","47.29458917835678","47.29458917835678","47.29458917835678","6.024096385545799","6.024096385545799","6.024096385545799","54.39999999999847","54.39999999999847","54.39999999999847"
"3115.256581986","36.57314629258602","36.57314629258602","36.57314629258602","38.00000000000009","38.00000000000009","38.00000000000009","14.673366834170817","14.673366834170817","14.673366834170817","15.160642570278696","15.160642570278696","15.160642570278696"
"3125.256137642","38.400000000001455","38.400000000001455","38.400000000001455","60.0399600399591","60.0399600399591","60.0399600399591","4.70470470470252","4.70470470470252","4.70470470470252","1.202404809620421","1.202404809620421","1.202404809620421"
"3135.25623448","66.1338661338666","66.1338661338666","66.1338661338666","35.6356356356336","35.6356356356336","35.6356356356336","3.8114343029098974","3.8114343029098974","3.8114343029098974","11.534603811435447","11.534603811435447","11.534603811435447"
"3145.256330452","7.699999999999818","7.699999999999818","7.699999999999818","93.50649350649275","93.50649350649275","93.50649350649275","1.305220883535168","1.305220883535168","1.305220883535168","1.4028056112166738","1.4028056112166738","1.4028056112166738"
"3155.256828067","54.24575424575162","54.24575424575162","54.24575424575162","45.09999999999968","45.09999999999968","45.09999999999968","3.206412825650805","3.206412825650805","3.206412825650805","1.200000000010168","1.200000000010168","1.200000000010168"
"3165.25707205","11.365902293119658","11.365902293119658","11.365902293119658","60.63936063936095","60.63936063936095","60.63936063936095","4.718875502006005","4.718875502006005","4.718875502006005","41.56626506023953","41.56626506023953","41.56626506023953"
"3175.257011791","1.3000000000010914","1.3000000000010914","1.3000000000010914","18.818818818819466","18.818818818819466","18.818818818819466","1.7051153460407962","1.7051153460407962","1.7051153460407962","82.6000000000014","82.6000000000014","82.6000000000014"
"3185.256333175","1.3972055888277677","1.3972055888277677","1.3972055888277677","49.84984984985112","49.84984984985112","49.84984984985112","1.7034068136235017","1.7034068136235017","1.7034068136235017","50.9509509509512","50.9509509509512","50.9509509509512"
"3195.256577296","18.218218218220255","18.218218218220255","18.218218218220255","55.744255744256336","55.744255744256336","55.744255744256336","3.5211267605668595","3.5211267605668595","3.5211267605668595","40.39999999999693","40.39999999999693","40.39999999999693"
"3205.256742669","46.953046953044115","46.953046953044115","46.953046953044115","53.49999999999909","53.49999999999909","53.49999999999909","2.404809619236395","2.404809619236395","2.404809619236395","1.0020040080173973","1.0020040080173973","1.0020040080173973"
"3215.256055235","73.30000000000261","73.30000000000261","73.30000000000261","26.799999999998363","26.799999999998363","26.799999999998363","2.4072216649928437","2.4072216649928437","2.4072216649928437","1.401401401404582","1.401401401404582","1.401401401404582"
"3225.257286852","45.2452452452415","45.2452452452415","45.2452452452415","53.90000000000082","53.90000000000082","53.90000000000082","7.114228456916133","7.114228456916133","7.114228456916133","4.509018036070519","4.509018036070519","4.509018036070519"
"3235.25624871","13.486513486513418","13.486513486513418","13.486513486513418","91.3000000000007","91.3000000000007","91.3000000000007","2.002002002000225","2.002002002000225","2.002002002000225","4.828973843058507","4.828973843058507","4.828973843058507"
"3245.256395005","58.358358358358906","58.358358358358906","58.358358358358906","0.7014028056128615","0.7014028056128615","0.7014028056128615","1.407035175878143","1.407035175878143","1.407035175878143","42.85714285714156","42.85714285714156","42.85714285714156"
"3255.255985194","51.448551448551235","51.448551448551235","51.448551448551235","1.0000000000035925","1.0000000000035925","1.0000000000035925","3.206412825652937","3.206412825652937","3.206412825652937","48.096192384771186","48.096192384771186","48.096192384771186"
"3265.256841679","20.140280561124396","20.140280561124396","20.140280561124396","12.22444889779412","12.22444889779412","12.22444889779412","4.00400400400045","4.00400400400045","4.00400400400045","81.94583751253624","81.94583751253624","81.94583751253624"
"3275.256495451","1.299999999996603","1.299999999996603","1.299999999996603","33.99999999999936","33.99999999999936","33.99999999999936","1.4056224899653402","1.4056224899653402","1.4056224899653402","66.96606786427193","66.96606786427193","66.96606786427193"
"3285.256680205","92.39239239239073","92.39239239239073","92.39239239239073","1.1999999999989632","1.1999999999989632","1.1999999999989632","1.6080402010035921","1.6080402010035921","1.6080402010035921","8.617234468939136","8.617234468939136","8.617234468939136"
"3295.256396834","91.59999999999816","91.59999999999816","91.59999999999816","6.3936063936049825","6.3936063936049825","6.3936063936049825","10.020040080160303","10.020040080160303","10.020040080160303","10.020040080160303","10.020040080160303","10.020040080160303"
"3305.256135629","95.79579579580067","95.79579579580067","95.79579579580067","1.1000000000012733","1.1000000000012733","1.1000000000012733","5.6112224448872","5.6112224448872","5.6112224448872","1.1022044088188587","1.1022044088188587","1.1022044088188587"
"3315.255910553","35.19999999999982","35.19999999999982","35.19999999999982","26.326326326326793","26.326326326326793","26.326326326326793","2.110552763819403","2.110552763819403","2.110552763819403","39.939939939938625","39.939939939938625","39.939939939938625"
"3325.256513405","62.53746253746165","62.53746253746165","62.53746253746165","4.595404595398462","4.595404595398462","4.595404595398462","5.41624874623846","5.41624874623846","5.41624874623846","45.24524524524605","45.24524524524605","45.24524524524605"
"3335.256252949","1.2000000000034015","1.2000000000034015","1.2000000000034015","1.3026052104264303","1.3026052104264303","1.3026052104264303","1.4042126379169895","1.4042126379169895","1.4042126379169895","100","100","100"
"3345.256277567","10","10","10","69.399999999996","69.399999999996","69.399999999996","2.008032128516697","2.008032128516697","2.008032128516697","22.222222222220704","22.222222222220704","22.222222222220704"
"3355.256670054","12.412412412410498","12.412412412410498","12.412412412410498","2.3046092184415032","2.3046092184415032","2.3046092184415032","3.5105315947809452","3.5105315947809452","3.5105315947809452","100","100","100"
"3365.256416611","1.301301301309132","1.301301301309132","1.301301301309132","69.56956956956927","69.56956956956927","69.56956956956927","1.3039117352112395","1.3039117352112395","1.3039117352112395","31.331331331329693","31.331331331329693","31.331331331329693"
"3375.256431162","30.260521042074394","30.260521042074394","30.260521042074394","5.005005005005114","5.005005005005114","5.005005005005114","2.3046092184326","2.3046092184326","2.3046092184326","65.9318637274556","65.9318637274556","65.9318637274556"
"3385.2559569","40.05994005994681","40.05994005994681","40.05994005994681","38.73873873873849","38.73873873873849","38.73873873873849","4.914744232698061","4.914744232698061","4.914744232698061","34.66933867735204","34.66933867735204","34.66933867735204"
"3395.25634609","42.71457085828064","42.71457085828064","42.71457085828064","33.56713426853913","33.56713426853913","33.56713426853913","8.525576730185659","8.525576730185659","8.525576730185659","18.737474949902374","18.737474949902374","18.737474949902374"
"3405.257164309","51.900000000000546","51.900000000000546","51.900000000000546","49.350649350648816","49.350649350648816","49.350649350648816","1.204819277116355","1.204819277116355","1.204819277116355","0.9036144578327829","0.9036144578327829","0.9036144578327829"
"3415.256727385","95.39539539539535","95.39539539539535","95.39539539539535","12.799999999991796","12.799999999991796","12.799999999991796","7.8234704112271","7.8234704112271","7.8234704112271","2.6078234704133565","2.6078234704133565","2.6078234704133565"
"3425.256380513","24.724724724723263","24.724724724723263","24.724724724723263","76.20000000000346","76.20000000000346","76.20000000000346","1.604814443335046","1.604814443335046","1.604814443335046","1.1999999999921966","1.1999999999921966","1.1999999999921966"
"3435.255850203","96.59999999999854","96.59999999999854","96.59999999999854","0.7007007006978028","0.7007007006978028","0.7007007006978028","5.205205205209215","5.205205205209215","5.205205205209215","1.0040160642561113","1.0040160642561113","1.0040160642561113"
"3445.256577727","29.42942942942607","29.42942942942607","29.42942942942607","75.02497502497557","75.02497502497557","75.02497502497557","10.699999999993516","10.699999999993516","10.699999999993516","5.9236947791179055","5.9236947791179055","5.9236947791179055"
"3455.256607852","3.8000000000010914","3.8000000000010914","3.8000000000010914","70.69999999999975","70.69999999999975","70.69999999999975","1.4084507042285739","1.4084507042285739","1.4084507042285739","30.892678034105348","30.892678034105348","30.892678034105348"
"3465.25639037","54.15415415415388","54.15415415415388","54.15415415415388","41.74174174173808","41.74174174173808","41.74174174173808","7.114228456909946","7.114228456909946","7.114228456909946","1.202404809620366","1.202404809620366","1.202404809620366"
"3475.256140155","50.099999999997635","50.099999999997635","50.099999999997635","39.29999999999836","39.29999999999836","39.29999999999836","6.71342685371466","6.71342685371466","6.71342685371466","8.308308308310037","8.308308308310037","8.308308308310037"
"3485.256393155","84.20000000000073","84.20000000000073","84.20000000000073","2.402402402411431","2.402402402411431","2.402402402411431","11.557788944720174","11.557788944720174","11.557788944720174","20.541082164322265","20.541082164322265","20.541082164322265"
"3495.257505154","38.600000000004584","38.600000000004584","38.600000000004584","1.201201201195583","1.201201201195583","1.201201201195583","1.5030060120294448","1.5030060120294448","1.5030060120294448","62.562562562563926","62.562562562563926","62.562562562563926"
"3505.257044536","70.0700700700716","70.0700700700716","70.0700700700716","23.34669338677384","23.34669338677384","23.34669338677384","2.309236947782418","2.309236947782418","2.309236947782418","8.299999999996999","8.299999999996999","8.299999999996999"
"3515.256617962","64.03596403596119","64.03596403596119","64.03596403596119","41.141141141141844","41.141141141141844","41.141141141141844","10.150753768850244","10.150753768850244","10.150753768850244","3.1124497992007933","3.1124497992007933","3.1124497992007933"
"3525.256494485","50.85085085085124","50.85085085085124","50.85085085085124","48.94894894894875","48.94894894894875","48.94894894894875","3.1124497991896636","3.1124497991896636","3.1124497991896636","1.2024048096226445","1.2024048096226445","1.2024048096226445"
"3535.255891146","83.48348348348371","83.48348348348371","83.48348348348371","17.917917917917944","17.917917917917944","17.917917917917944","1.708542713573016","1.708542713573016","1.708542713573016","1.1044176706817224","1.1044176706817224","1.1044176706817224"
"3545.25612657","40.10000000000218","40.10000000000218","40.10000000000218","41.14114114113877","41.14114114113877","41.14114114113877","8.625877632902034","8.625877632902034","8.625877632902034","28.80000000000109","28.80000000000109","28.80000000000109"
"3555.255990752","51.1022044088144","51.1022044088144","51.1022044088144","33.63363363363713","33.63363363363713","33.63363363363713","1.510574018114298","1.510574018114298","1.510574018114298","18.00000000000182","18.00000000000182","18.00000000000182"
"3565.257056336","1.1022044088144027","1.1022044088144027","1.1022044088144027","42.14214214214343","42.14214214214343","42.14214214214343","1.810865191152004","1.810865191152004","1.810865191152004","59.218436873747784","59.218436873747784","59.218436873747784"
"3575.256524929","45.30000000000243","45.30000000000243","45.30000000000243","29.68906720160442","29.68906720160442","29.68906720160442","3.1124497992050753","3.1124497992050753","3.1124497992050753","40.42126379136966","40.42126379136966","40.42126379136966"
"3585.256072887","11.899999999992533","11.899999999992533","11.899999999992533","65.19999999999982","65.19999999999982","65.19999999999982","2.106318956863988","2.106318956863988","2.106318956863988","25.62562562562564","25.62562562562564","25.62562562562564"
"3595.256850438","58.10000000000326","58.10000000000326","58.10000000000326","41.20000000000653","41.20000000000653","41.20000000000653","3.9235412474880023","3.9235412474880023","3.9235412474880023","1.4028056112279375","1.4028056112279375","1.4028056112279375"
"3605.256912424","15.515515515509984","15.515515515509984","15.515515515509984","89.2999999999974","89.2999999999974","89.2999999999974","5.811623246496538","5.811623246496538","5.811623246496538","8.517034068139514","8.517034068139514","8.517034068139514"
"3615.25698496","62.93706293706675","62.93706293706675","62.93706293706675","23.00000000000182","23.00000000000182","23.00000000000182","1.5060240963864497","1.5060240963864497","1.5060240963864497","16.44934804413298","16.44934804413298","16.44934804413298"
"3625.256952633","42.79999999999225","42.79999999999225","42.79999999999225","58.358358358358906","58.358358358358906","58.358358358358906","1.7051153460318293","1.7051153460318293","1.7051153460318293","1.5015015014978927","1.5015015014978927","1.5015015014978927"
"3635.256176235","80.79999999999927","80.79999999999927","80.79999999999927","28.043912175651474","28.043912175651474","28.043912175651474","5.3212851405555925","5.3212851405555925","5.3212851405555925","4.413239719142748","4.413239719142748","4.413239719142748"
"3645.256678567","37.69999999999982","37.69999999999982","37.69999999999982","63.799999999999834","63.799999999999834","63.799999999999834","1.5030060120271664","1.5030060120271664","1.5030060120271664","1.2048192771118993","1.2048192771118993","1.2048192771118993"
"3655.256336635","89.30000000000291","89.30000000000291","89.30000000000291","6.899999999992078","6.899999999992078","6.899999999992078","7.028112449801911","7.028112449801911","7.028112449801911","1.4042126379169895","1.4042126379169895","1.4042126379169895"
"3665.256352133","39.63963963963632","39.63963963963632","39.63963963963632","62.862862862865065","62.862862862865065","62.862862862865065","3.2064128256485267","3.2064128256485267","3.2064128256485267","13.139418254765692","13.139418254765692","13.139418254765692"
"3675.256925171","51.55155155155799","51.55155155155799","51.55155155155799","49.59999999999578","49.59999999999578","49.59999999999578","1.809045226133446","1.809045226133446","1.809045226133446","1.0010010010068495","1.0010010010068495","1.0010010010068495"
"3685.256723456","5.794205794196381","5.794205794196381","5.794205794196381","44.80000000000018","44.80000000000018","44.80000000000018","1.6064257028120608","1.6064257028120608","1.6064257028120608","52.052052052051366","52.052052052051366","52.052052052051366"
"3695.256548512","1.9019019019114205","1.9019019019114205","1.9019019019114205","48.597194388778895","48.597194388778895","48.597194388778895","2.3069207622826333","2.3069207622826333","2.3069207622826333","52.552552552555746","52.552552552555746","52.552552552555746"
"3705.257949271","31.60518444665475","31.60518444665475","31.60518444665475","39.26073926074131","39.26073926074131","39.26073926074131","3.8038038038069093","3.8038038038069093","3.8038038038069093","42.84284284284644","42.84284284284644","42.84284284284644"
"3715.256476749","42.94294294293832","42.94294294293832","42.94294294293832","14.91491491489984","14.91491491489984","14.91491491489984","1.7102615694172998","1.7102615694172998","1.7102615694172998","44.88977955911583","44.88977955911583","44.88977955911583"
"3725.256820596","57.342657342658455","57.342657342658455","57.342657342658455","1.303911735217962","1.303911735217962","1.303911735217962","2.9116465863472882","2.9116465863472882","2.9116465863472882","42.5","42.5","42.5"
"3735.256584202","16.50000000000091","16.50000000000091","16.50000000000091","86.91308691308774","86.91308691308774","86.91308691308774","12.938816449347348","12.938816449347348","12.938816449347348","2.006018054156234","2.006018054156234","2.006018054156234"
"3745.256760734","60.46046046046046","60.46046046046046","60.46046046046046","36.57314629257857","36.57314629257857","36.57314629257857","5.805805805807196","5.805805805807196","5.805805805807196","1.3026052104151575","1.3026052104151575","1.3026052104151575"
"3755.255983598","9.209209209201873","9.209209209201873","9.209209209201873","39.679358717437914","39.679358717437914","39.679358717437914","3.109327983937829","3.109327983937829","3.109327983937829","52.152152152150244","52.152152152150244","52.152152152150244"
"3765.256613773","39.13913913914408","39.13913913914408","39.13913913914408","53.80761523046218","53.80761523046218","53.80761523046218","13.94182547643421","13.94182547643421","13.94182547643421","11.623246492993076","11.623246492993076","11.623246492993076"
"3775.256547837","29.270729270726996","29.270729270726996","29.270729270726996","71.59999999999627","71.59999999999627","71.59999999999627","1.506024096390878","1.506024096390878","1.506024096390878","2.200000000000273","2.200000000000273","2.200000000000273"
"3785.256500096","8.608608608610071","8.608608608610071","8.608608608610071","37.9379379379384","37.9379379379384","37.9379379379384","2.50501002004019","2.50501002004019","2.50501002004019","55.310621242486725","55.310621242486725","55.310621242486725"
"3795.256153837","18.481518481512037","18.481518481512037","18.481518481512037","57.242757242760725","57.242757242760725","57.242757242760725","3.5175879397018917","3.5175879397018917","3.5175879397018917","39.278557114226345","39.278557114226345","39.278557114226345"
"3805.256565045","1.2987012987113287","1.2987012987113287","1.2987012987113287","42.299999999995634","42.299999999995634","42.299999999995634","1.5075376884387202","1.5075376884387202","1.5075376884387202","58.71743486973797","58.71743486973797","58.71743486973797"
"3815.256205185","1.2999999999988177","1.2999999999988177","1.2999999999988177","57.45745745746041","57.45745745746041","57.45745745746041","1.2048192771073336","1.2048192771073336","1.2048192771073336","43.700000000003456","43.700000000003456","43.700000000003456"
"3825.256915517","42.75724275724382","42.75724275724382","42.75724275724382","49.349349349348785","49.349349349348785","49.349349349348785","4.208416833667864","4.208416833667864","4.208416833667864","21.321321321316052","21.321321321316052","21.321321321316052"
"3835.256910311","32.06412825651261","32.06412825651261","32.06412825651261","1.6016016016001797","1.6016016016001797","1.6016016016001797","1.9076305220934602","1.9076305220934602","1.9076305220934602","69.16916916916922","69.16916916916922","69.16916916916922"
"3845.256123786","67.03406813627146","67.03406813627146","67.03406813627146","1.4028056112302159","1.4028056112302159","1.4028056112302159","11.25628140703554","11.25628140703554","11.25628140703554","24.37311935807652","24.37311935807652","24.37311935807652"
"3855.256396124","39.060939060941294","39.060939060941294","39.060939060941294","12.17564870258658","12.17564870258658","12.17564870258658","7.2144288577098425","7.2144288577098425","7.2144288577098425","61.72344689378881","61.72344689378881","61.72344689378881"
"3865.256641033","75.87587587587446","75.87587587587446","75.87587587587446","1.4028056112302159","1.4028056112302159","1.4028056112302159","7.429718875508243","7.429718875508243","7.429718875508243","19.21921921921354","19.21921921921354","19.21921921921354"
"3875.256692747","47.00000000000273","47.00000000000273","47.00000000000273","1.5015015014978927","1.5015015014978927","1.5015015014978927","2.110552763821592","2.110552763821592","2.110552763821592","53.25325325325606","53.25325325325606","53.25325325325606"
"3885.25648808","57.79999999999361","57.79999999999361","57.79999999999361","2.699999999999818","2.699999999999818","2.699999999999818","11.61161161159659","11.61161161159659","11.61161161159659","46.3463463463439","46.3463463463439","46.3463463463439"
"3895.256646031","68.70000000000176","68.70000000000176","68.70000000000176","1.5045135406227392","1.5045135406227392","1.5045135406227392","1.4070351758827133","1.4070351758827133","1.4070351758827133","32.43243243243711","32.43243243243711","32.43243243243711"
"3905.256766264","53.100000000004","53.100000000004","53.100000000004","1.2999999999854117","1.2999999999854117","1.2999999999854117","4.600000000002219","4.600000000002219","4.600000000002219","45.24524524524649","45.24524524524649","45.24524524524649"
"3915.258628976","40.95904095903916","40.95904095903916","40.95904095903916","29.441117764478903","29.441117764478903","29.441117764478903","2.5125628140703977","2.5125628140703977","2.5125628140703977","38.31494483450311","38.31494483450311","38.31494483450311"
"3925.257044093","8.208208208205473","8.208208208205473","8.208208208205473","71.72827172827307","71.72827172827307","71.72827172827307","1.706827309237672","1.706827309237672","1.706827309237672","29.62962962962609","29.62962962962609","29.62962962962609"
"3935.256449649","16.099999999995916","16.099999999995916","16.099999999995916","47.4474474474463","47.4474474474463","47.4474474474463","4.819277108438466","4.819277108438466","4.819277108438466","35.17034068136189","35.17034068136189","35.17034068136189"
"3945.256758073","90.39039039039069","90.39039039039069","90.39039039039069","7.42226680039494","7.42226680039494","7.42226680039494","5.105105105098297","5.105105105098297","5.105105105098297","1.002004008010608","1.002004008010608","1.002004008010608"
"3955.256783288","70.48853439680846","70.48853439680846","70.48853439680846","38.12375249501222","38.12375249501222","38.12375249501222","7.221664994987324","7.221664994987324","7.221664994987324","1.8072289156699668","1.8072289156699668","1.8072289156699668"
"3965.256491609","59.8401598401609","59.8401598401609","59.8401598401609","38.53853853854407","38.53853853854407","38.53853853854407","4.4088176352667245","4.4088176352667245","4.4088176352667245","1.201201201202411","1.201201201202411","1.201201201202411"
"3975.25637578","11.823647294591535","11.823647294591535","11.823647294591535","89.09999999999854","89.09999999999854","89.09999999999854","1.3052208835372252","1.3052208835372252","1.3052208835372252","1.3026052104218735","1.3026052104218735","1.3026052104218735"
"3985.256246122","12.01201201199671","12.01201201199671","12.01201201199671","78.12187812187607","78.12187812187607","78.12187812187607","4.116465863452339","4.116465863452339","4.116465863452339","23.64729458917611","23.64729458917611","23.64729458917611"
"3995.256014775","48.85114885115116","48.85114885115116","48.85114885115116","46.79358717434692","46.79358717434692","46.79358717434692","6.920762286865513","6.920762286865513","6.920762286865513","1.2036108325009283","1.2036108325009283","1.2036108325009283"
"4005.256434354","65.300000000002","65.300000000002","65.300000000002","32.532532532539385","32.532532532539385","32.532532532539385","4.609218436873894","4.609218436873894","4.609218436873894","1.5045135406227392","1.5045135406227392","1.5045135406227392"
"4015.256024183","11.811811811810431","11.811811811810431","11.811811811810431","72.9270729270707","72.9270729270707","72.9270729270707","4.426559356135261","4.426559356135261","4.426559356135261","29.40000000000282","29.40000000000282","29.40000000000282"
"4025.256358099","1.3999999999987267","1.3999999999987267","1.3999999999987267","86.79999999999957","86.79999999999957","86.79999999999957","1.7051153460388004","1.7051153460388004","1.7051153460388004","14.128256513020657","14.128256513020657","14.128256513020657"
"4035.256152137","1.3026052104174357","1.3026052104174357","1.3026052104174357","29.859719438874688","29.859719438874688","29.859719438874688","1.506024096390878","1.506024096390878","1.506024096390878","70.7707707707694","70.7707707707694","70.7707707707694"
"4045.256700166","7.307307307313812","7.307307307313812","7.307307307313812","24.024024024023184","24.024024024023184","24.024024024023184","8.625877632904313","8.625877632904313","8.625877632904313","78.30000000000125","78.30000000000125","78.30000000000125"
"4055.256286195","1.3026052104174357","1.3026052104174357","1.3026052104174357","65.40000000000278","65.40000000000278","65.40000000000278","1.4056224899471128","1.4056224899471128","1.4056224899471128","35.43543543543357","35.43543543543357","35.43543543543357"
"4065.256831595","1.5000000000053204","1.5000000000053204","1.5000000000053204","5.705705705705193","5.705705705705193","5.705705705705193","1.7034068136189449","1.7034068136189449","1.7034068136189449","95.09509509509716","95.09509509509716","95.09509509509716"
"4075.256618828","8.100000000001728","8.100000000001728","8.100000000001728","57.65765765765655","57.65765765765655","57.65765765765655","8.935742971890805","8.935742971890805","8.935742971890805","44.48897795590976","44.48897795590976","44.48897795590976"
"4085.256081788","1.398601398604639","1.398601398604639","1.398601398604639","12.236710130385408","12.236710130385408","12.236710130385408","1.8072289156654011","1.8072289156654011","1.8072289156654011","88.60000000000127","88.60000000000127","88.60000000000127"
"4095.256783994","1.3999999999987267","1.3999999999987267","1.3999999999987267","67.93206793206826","67.93206793206826","67.93206793206826","1.6048144433286358","1.6048144433286358","1.6048144433286358","32.83283283283712","32.83283283283712","32.83283283283712"
"4105.256734213","11.199999999998909","11.199999999998909","11.199999999998909","15.484515484524644","15.484515484524644","15.484515484524644","4.613841524573968","4.613841524573968","4.613841524573968","87.08708708708717","87.08708708708717","87.08708708708717"
"4115.256333413","1.3000000000033651","1.3000000000033651","1.3000000000033651","53.95395395395158","53.95395395395158","53.95395395395158","1.6064257028210456","1.6064257028210456","1.6064257028210456","47.047047047046256","47.047047047046256","47.047047047046256"
"4125.256850244","1.401401401404582","1.401401401404582","1.401401401404582","43.14314314314354","43.14314314314354","43.14314314314354","1.5060240963728901","1.5060240963728901","1.5060240963728901","57.8000000000013","57.8000000000013","57.8000000000013"
"4135.256368425","5.199999999993469","5.199999999993469","5.199999999993469","19.700000000005303","19.700000000005303","19.700000000005303","9.437751004021143","9.437751004021143","9.437751004021143","82.40000000000236","82.40000000000236","82.40000000000236"
"4145.256005674","1.0010010009910995","1.0010010009910995","1.0010010009910995","48.64864864865099","48.64864864865099","48.64864864865099","3.3066132264523214","3.3066132264523214","3.3066132264523214","52.252252252244766","52.252252252244766","52.252252252244766"
"4155.256612844","1.6016016016091383","1.6016016016091383","1.6016016016091383","78.64271457085401","78.64271457085401","78.64271457085401","1.60160160160231","1.60160160160231","1.60160160160231","22.222222222220704","22.222222222220704","22.222222222220704"
"4165.256908381","1.3013013012978702","1.3013013012978702","1.3013013012978702","57.80000000000201","57.80000000000201","57.80000000000201","1.4070351758827133","1.4070351758827133","1.4070351758827133","43.04304304304125","43.04304304304125","43.04304304304125"
"4175.256918236","15.284715284709252","15.284715284709252","15.284715284709252","31.131131131128537","31.131131131128537","31.131131131128537","5.616850551660604","5.616850551660604","5.616850551660604","65.83166332665525","65.83166332665525","65.83166332665525"
"4185.25644815","1.4000000000076944","1.4000000000076944","1.4000000000076944","19.73947895791469","19.73947895791469","19.73947895791469","1.4070351758737012","1.4070351758737012","1.4070351758737012","81.08108108108195","81.08108108108195","81.08108108108195"
"4195.256693571","1.4000000000010004","1.4000000000010004","1.4000000000010004","50.05005005005114","50.05005005005114","50.05005005005114","1.7051153460388004","1.7051153460388004","1.7051153460388004","50.85085085084668","50.85085085084668","50.85085085084668"
"4205.256865629","11.000000000001364","11.000000000001364","11.000000000001364","3.8076152304465807","3.8076152304465807","3.8076152304465807","4.604604604598241","4.604604604598241","4.604604604598241","98.49999999999909","98.49999999999909","98.49999999999909"
"4215.256539306","1.5000000000053204","1.5000000000053204","1.5000000000053204","68.50000000000364","68.50000000000364","68.50000000000364","1.303911735206797","1.303911735206797","1.303911735206797","32.60000000000218","32.60000000000218","32.60000000000218"
"4225.256535925","1.1999999999944702","1.1999999999944702","1.1999999999944702","13.800000000004383","13.800000000004383","13.800000000004383","1.506024096390878","1.506024096390878","1.506024096390878","87.10000000000036","87.10000000000036","87.10000000000036"
"4235.256063383","11.200000000004712","11.200000000004712","11.200000000004712","58.44155844155703","58.44155844155703","58.44155844155703","4.513540621854947","4.513540621854947","4.513540621854947","43.58717434869897","43.58717434869897","43.58717434869897"
"4245.25672194","1.0030090270758363","1.0030090270758363","1.0030090270758363","31.763527054111997","31.763527054111997","31.763527054111997","1.6016016016091383","1.6016016016091383","1.6016016016091383","69.36936936936925","69.36936936936925","69.36936936936925"
"4255.256757998","1.301301301309132","1.301301301309132","1.301301301309132","31.362725450899713","31.362725450899713","31.362725450899713","1.7051153460389563","1.7051153460389563","1.7051153460389563","69.70000000000303","69.70000000000303","69.70000000000303"
"4265.256453433","12.012012012010453","12.012012012010453","12.012012012010453","77.77777777777676","77.77777777777676","77.77777777777676","4.200000000000728","4.200000000000728","4.200000000000728","24.1482965931745","24.1482965931745","24.1482965931745"
"4275.256606085","3.200000000001637","3.200000000001637","3.200000000001637","1.5000000000009095","1.5000000000009095","1.5000000000009095","1.7051153460319588","1.7051153460319588","1.7051153460319588","100","100","100"
"4285.256083554","1.1011011010978475","1.1011011010978475","1.1011011010978475","58.04195804195697","58.04195804195697","58.04195804195697","1.306532663326725","1.306532663326725","1.306532663326725","43.099999999999454","43.099999999999454","43.099999999999454"
"4295.256014973","44.04404404404646","44.04404404404646","44.04404404404646","14.228456913829987","14.228456913829987","14.228456913829987","3.9195979899443287","3.9195979899443287","3.9195979899443287","55.6112224448958","55.6112224448958","55.6112224448958"
"4305.257079996","13.299999999993661","13.299999999993661","13.299999999993661","6.419257773314543","6.419257773314543","6.419257773314543","1.6048144433284894","1.6048144433284894","1.6048144433284894","82.199999999998","82.199999999998","82.199999999998"
"4315.256620972","1.5968063872196336","1.5968063872196336","1.5968063872196336","62.60000000000103","62.60000000000103","62.60000000000103","1.6048144433301998","1.6048144433301998","1.6048144433301998","38.314944834504175","38.314944834504175","38.314944834504175"
"4325.256675757","3.200000000010441","3.200000000010441","3.200000000010441","22.577422577426535","22.577422577426535","22.577422577426535","12.66331658292498","12.66331658292498","12.66331658292498","79.39999999999867","79.39999999999867","79.39999999999867"
"4335.25626483","1.2012012011911404","1.2012012011911404","1.2012012011911404","40.54054054053869","40.54054054053869","40.54054054053869","1.1044176706794395","1.1044176706794395","1.1044176706794395","60.36036036036274","60.36036036036274","60.36036036036274"
"4345.256670654","1.3000000000077945","1.3000000000077945","1.3000000000077945","65.06506506506649","65.06506506506649","65.06506506506649","1.5030060120137707","1.5030060120137707","1.5030060120137707","35.935935935939455","35.935935935939455","35.935935935939455"
"4355.256160261","2.9970029969959353","2.9970029969959353","2.9970029969959353","8.917835671345543","8.917835671345543","8.917835671345543","12.73821464393585","12.73821464393585","12.73821464393585","93.60639360639443","93.60639360639443","93.60639360639443"
"4365.256984997","4.1000000000095405","4.1000000000095405","4.1000000000095405","54.89999999999782","54.89999999999782","54.89999999999782","1.4070351758825848","1.4070351758825848","1.4070351758825848","43.14314314314644","43.14314314314644","43.14314314314644"
"4375.255886615","1.6016016016001797","1.6016016016001797","1.6016016016001797","46.50000000000091","46.50000000000091","46.50000000000091","1.3052208835352277","1.3052208835352277","1.3052208835352277","54.609218436874315","54.609218436874315","54.609218436874315"
"4385.256718086","3.903903903906911","3.903903903906911","3.903903903906911","19.83967935871393","19.83967935871393","19.83967935871393","3.607214428863377","3.607214428863377","3.607214428863377","81.9361277445123","81.9361277445123","81.9361277445123"
"4395.257345916","60.93906093905615","60.93906093905615","60.93906093905615","40.31936127744753","40.31936127744753","40.31936127744753","1.9038076152175947","1.9038076152175947","1.9038076152175947","8.617234468930416","8.617234468930416","8.617234468930416"
"4405.256531365","43.64364364364645","43.64364364364645","43.64364364364645","57.49999999999999","57.49999999999999","57.49999999999999","1.2036108324986476","1.2036108324986476","1.2036108324986476","1.003009027084867","1.003009027084867","1.003009027084867"
"4415.256805668","90.90909090909255","90.90909090909255","90.90909090909255","4.804804804805092","4.804804804805092","4.804804804805092","7.321965897697636","7.321965897697636","7.321965897697636","0.6018054162413967","0.6018054162413967","0.6018054162413967"
"4425.256575612","24.575424575424403","24.575424575424403","24.575424575424403","79.29999999999836","79.29999999999836","79.29999999999836","4.012036108312468","4.012036108312468","4.012036108312468","10.220440881759234","10.220440881759234","10.220440881759234"
"4435.256663497","1.0010010010023884","1.0010010010023884","1.0010010010023884","91.1911911911899","91.1911911911899","91.1911911911899","1.7034068136392941","1.7034068136392941","1.7034068136392941","10.210210210210251","10.210210210210251","10.210210210210251"
"4445.256371324","10.810810810813887","10.810810810813887","10.810810810813887","89.01098901099016","89.01098901099016","89.01098901099016","3.0090270812454785","3.0090270812454785","3.0090270812454785","0.8016032064166153","0.8016032064166153","0.8016032064166153"
"4455.257506696","42.714570858282904","42.714570858282904","42.714570858282904","60.63936063935738","60.63936063935738","60.63936063935738","3.303303303304622","3.303303303304622","3.303303303304622","11.422845691377432","11.422845691377432","11.422845691377432"
"4465.256650453","62.99999999999727","62.99999999999727","62.99999999999727","32.23552894211908","32.23552894211908","32.23552894211908","7.028112449789497","7.028112449789497","7.028112449789497","1.3013013013024222","1.3013013013024222","1.3013013013024222"
"4475.256669599","4.899999999993716","4.899999999993716","4.899999999993716","96.39639639639537","96.39639639639537","96.39639639639537","1.9000000000066255","1.9000000000066255","1.9000000000066255","0.6018054162595315","0.6018054162595315","0.6018054162595315"
"4485.256620777","42.857142857146755","42.857142857146755","42.857142857146755","56.143856143854386","56.143856143854386","56.143856143854386","15.045135406218272","15.045135406218272","15.045135406218272","3.507014028042004","3.507014028042004","3.507014028042004"
"4495.256599496","43.299999999996395","43.299999999996395","43.299999999996395","57.85785785785657","57.85785785785657","57.85785785785657","1.9057171514594229","1.9057171514594229","1.9057171514594229","1.2012012012091295","1.2012012012091295","1.2012012012091295"
"4505.256016595","78.89999999999873","78.89999999999873","78.89999999999873","22.10000000000745","22.10000000000745","22.10000000000745","1.6016016015912218","1.6016016015912218","1.6016016015912218","1.201201201200135","1.201201201200135","1.201201201200135"
"4515.256177693","71.57157157157404","71.57157157157404","71.57157157157404","36.23623623623594","36.23623623623594","36.23623623623594","6.4064064064115165","6.4064064064115165","6.4064064064115165","3.30992978936729","3.30992978936729","3.30992978936729"
"4525.256406106","86.21378621378543","86.21378621378543","86.21378621378543","13.786213786198909","13.786213786198909","13.786213786198909","2.407221664992734","2.407221664992734","2.407221664992734","0.9045226130668056","0.9045226130668056","0.9045226130668056"
"4535.256784663","95.59999999999945","95.59999999999945","95.59999999999945","4.300000000011614","4.300000000011614","4.300000000011614","3.003003002996059","3.003003002996059","3.003003002996059","1.1022044088188587","1.1022044088188587","1.1022044088188587"
"4545.257424698","37.42514970059603","37.42514970059603","37.42514970059603","61.138861138858715","61.138861138858715","61.138861138858715","6.118355065201269","6.118355065201269","6.118355065201269","13.100000000001726","13.100000000001726","13.100000000001726"
"4555.25627486","82.08208208208205","82.08208208208205","82.08208208208205","1.3026052104174357","1.3026052104174357","1.3026052104174357","12.337011033094605","12.337011033094605","12.337011033094605","8.324974924777942","8.324974924777942","8.324974924777942"
"4565.256358578","3.7962037962135446","3.7962037962135446","3.7962037962135446","42.94294294294352","42.94294294294352","42.94294294294352","1.5045135406273007","1.5045135406273007","1.5045135406273007","55.455455455451755","55.455455455451755","55.455455455451755"
"4575.25718637","16.94915254236623","16.94915254236623","16.94915254236623","75.89999999999691","75.89999999999691","75.89999999999691","4.809619238475069","4.809619238475069","4.809619238475069","20.120120120118195","20.120120120118195","20.120120120118195"
"4585.256193238","1.1022044088278715","1.1022044088278715","1.1022044088278715","70.77077077077396","70.77077077077396","70.77077077077396","1.506024096390878","1.506024096390878","1.506024096390878","29.989969909733073","29.989969909733073","29.989969909733073"
"4595.256418679","20.579420579421857","20.579420579421857","20.579420579421857","78.09999999999945","78.09999999999945","78.09999999999945","4.104104104102737","4.104104104102737","4.104104104102737","0.9027081243745559","0.9027081243745559","0.9027081243745559"
"4605.256719657","96.89689689689737","96.89689689689737","96.89689689689737","6.000000000007639","6.000000000007639","6.000000000007639","5.427135678383048","5.427135678383048","5.427135678383048","9.009009009010116","9.009009009010116","9.009009009010116"
"4615.255813805","28.52852852852824","28.52852852852824","28.52852852852824","1.598401598404653","1.598401598404653","1.598401598404653","5.522088353415461","5.522088353415461","5.522088353415461","69.06906906906694","69.06906906906694","69.06906906906694"
"4625.256345646","41.14114114113877","41.14114114113877","41.14114114113877","41.44144144143119","41.44144144143119","41.44144144143119","4.308617234473928","4.308617234473928","4.308617234473928","16.833667334671457","16.833667334671457","16.833667334671457"
"4635.256652591","40.681362725452985","40.681362725452985","40.681362725452985","8.908908908916121","8.908908908916121","8.908908908916121","1.9076305220932857","1.9076305220932857","1.9076305220932857","51.99600798402795","51.99600798402795","51.99600798402795"
"4645.256357068","66.6666666666659","66.6666666666659","66.6666666666659","41.400000000003274","41.400000000003274","41.400000000003274","6.018054162484665","6.018054162484665","6.018054162484665","3.714859437750234","3.714859437750234","3.714859437750234"
"4655.256575946","51.45145145145572","51.45145145145572","51.45145145145572","45.74574574574383","45.74574574574383","45.74574574574383","5.31062124249128","5.31062124249128","5.31062124249128","0.904522613066723","0.904522613066723","0.904522613066723"
"4665.256479901","58.841158841157096","58.841158841157096","58.841158841157096","1.1988011988023537","1.1988011988023537","1.1988011988023537","1.5075376884385823","1.5075376884385823","1.5075376884385823","42.41516966068065","42.41516966068065","42.41516966068065"
"4675.256719944","67.69999999999982","67.69999999999982","67.69999999999982","2.2000000000091675","2.2000000000091675","2.2000000000091675","6.212424849700289","6.212424849700289","6.212424849700289","41.6833667334635","41.6833667334635","41.6833667334635"
"4685.256832889","3.500000000007867","3.500000000007867","3.500000000007867","62.02404809619109","62.02404809619109","62.02404809619109","1.9038076152265344","1.9038076152265344","1.9038076152265344","36.300000000003365","36.300000000003365","36.300000000003365"
"4695.256548599","11.411411411410386","11.411411411410386","11.411411411410386","78.87887887887715","78.87887887887715","78.87887887887715","2.7081243731236677","2.7081243731236677","2.7081243731236677","10.82164328657289","10.82164328657289","10.82164328657289"
"4705.256527801","10.210210210205698","10.210210210205698","10.210210210205698","37.86213786214122","37.86213786214122","37.86213786214122","4.531722054379115","4.531722054379115","4.531722054379115","64.39999999999827","64.39999999999827","64.39999999999827"
"4715.258495521","75.9481037924133","75.9481037924133","75.9481037924133","32.00000000000436","32.00000000000436","32.00000000000436","13.440320962875044","13.440320962875044","13.440320962875044","14.729458917839802","14.729458917839802","14.729458917839802"
"4725.256818804","1.4014014014091338","1.4014014014091338","1.4014014014091338","45.099999999994914","45.099999999994914","45.099999999994914","3.2128514056286877","3.2128514056286877","3.2128514056286877","56.012024048095","56.012024048095","56.012024048095"
"4735.256059798","55.09999999999764","55.09999999999764","55.09999999999764","44.8551448551435","44.8551448551435","44.8551448551435","7.021063189579175","7.021063189579175","7.021063189579175","11.33400200601077","11.33400200601077","11.33400200601077"
"4745.256730278","27.800000000002","27.800000000002","27.800000000002","41.69999999999618","41.69999999999618","41.69999999999618","1.7051153460388004","1.7051153460388004","1.7051153460388004","32.76553106212707","32.76553106212707","32.76553106212707"
"4755.256253698","1.3986013986023675","1.3986013986023675","1.3986013986023675","65.50000000000409","65.50000000000409","65.50000000000409","0.9063444108775718","0.9063444108775718","0.9063444108775718","35.30591775326325","35.30591775326325","35.30591775326325"
"4765.256711452","11.999999999998181","11.999999999998181","11.999999999998181","3.0060120240497765","3.0060120240497765","3.0060120240497765","4.016064257024811","4.016064257024811","4.016064257024811","98.80119880119992","98.80119880119992","98.80119880119992"
"4775.255844487","1.0020040080241865","1.0020040080241865","1.0020040080241865","45.991983967934786","45.991983967934786","45.991983967934786","1.7034068136189449","1.7034068136189449","1.7034068136189449","55.0999999999981","55.0999999999981","55.0999999999981"
"4785.256985919","1.296111664990355","1.296111664990355","1.296111664990355","62.20000000000143","62.20000000000143","62.20000000000143","1.6048144433376117","1.6048144433376117","1.6048144433376117","38.83883883883724","38.83883883883724","38.83883883883724"
"4795.25668215","12.112112112112742","12.112112112112742","12.112112112112742","46.95304695304384","46.95304695304384","46.95304695304384","3.911735205619678","3.911735205619678","3.911735205619678","55.25525525525807","55.25525525525807","55.25525525525807"
"4805.256299914","74.62537462537554","74.62537462537554","74.62537462537554","1.2987012987023605","1.2987012987023605","1.2987012987023605","1.3052208835352277","1.3052208835352277","1.3052208835352277","26.499999999998774","26.499999999998774","26.499999999998774"
"4815.256466602","3.000000000006094","3.000000000006094","3.000000000006094","0.902708124365516","0.902708124365516","0.902708124365516","1.6064257028099247","1.6064257028099247","1.6064257028099247","98.09999999999508","98.09999999999508","98.09999999999508"
"4825.25677332","44.95504495504625","44.95504495504625","44.95504495504625","56.45645645646038","56.45645645646038","56.45645645646038","6.720160481436382","6.720160481436382","6.720160481436382","9.919839679356965","9.919839679356965","9.919839679356965"
"4835.255939029","90.10989010989071","90.10989010989071","90.10989010989071","10.420841683370432","10.420841683370432","10.420841683370432","2.1105527638194994","2.1105527638194994","2.1105527638194994","1.1011011010911198","1.1011011010911198","1.1011011010911198"
"4845.257083241","14.785214785216915","14.785214785216915","14.785214785216915","27.89999999999308","27.89999999999308","27.89999999999308","1.6000000000096226","1.6000000000096226","1.6000000000096226","59.61923847695469","59.61923847695469","59.61923847695469"
"4855.256790073","5.100000000006267","5.100000000006267","5.100000000006267","80.38038038037959","80.38038038037959","80.38038038037959","3.9235412474883615","3.9235412474883615","3.9235412474883615","21.285140562247822","21.285140562247822","21.285140562247822"
"4865.256325888","2.697302697307","2.697302697307","2.697302697307","49.15084915085108","49.15084915085108","49.15084915085108","6.3189568706042225","6.3189568706042225","6.3189568706042225","52.10000000000037","52.10000000000037","52.10000000000037"
"4875.255915312","1.3013013012978702","1.3013013012978702","1.3013013012978702","60.32064128256665","60.32064128256665","60.32064128256665","1.50150150150686","1.50150150150686","1.50150150150686","40.700000000004756","40.700000000004756","40.700000000004756"
"4885.257188896","3.0907278165564036","3.0907278165564036","3.0907278165564036","68.10000000000235","68.10000000000235","68.10000000000235","2.0040080160213987","2.0040080160213987","2.0040080160213987","32.8986960882644","32.8986960882644","32.8986960882644"
"4895.256829034","11.811811811812706","11.811811811812706","11.811811811812706","53.546453546453975","53.546453546453975","53.546453546453975","3.6253776435011287","3.6253776435011287","3.6253776435011287","48.899999999998826","48.899999999998826","48.899999999998826"
"4905.256130787","1.1022044088188587","1.1022044088188587","1.1022044088188587","60.39999999999963","60.39999999999963","60.39999999999963","1.6032064128265417","1.6032064128265417","1.6032064128265417","40.38076152304531","40.38076152304531","40.38076152304531"
"4915.256276278","1.3000000000010914","1.3000000000010914","1.3000000000010914","45.84584584583891","45.84584584583891","45.84584584583891","1.9057171514594229","1.9057171514594229","1.9057171514594229","55.200000000004366","55.200000000004366","55.200000000004366"
"4925.256955288","11.923847695387293","11.923847695387293","11.923847695387293","30.96192384769994","30.96192384769994","30.96192384769994","3.5175879396930725","3.5175879396930725","3.5175879396930725","70.64128256512873","70.64128256512873","70.64128256512873"
"4935.257297568","1.2987012987023605","1.2987012987023605","1.2987012987023605","100","100","100","1.6048144433284894","1.6048144433284894","1.6048144433284894","0.9009009009045712","0.9009009009045712","0.9009009009045712"
"4945.255861525","14.543630892672605","14.543630892672605","14.543630892672605","69.89999999999782","69.89999999999782","69.89999999999782","3.3099297893675916","3.3099297893675916","3.3099297893675916","15.83166332665327","15.83166332665327","15.83166332665327"
"4955.256432017","40.97706879361384","40.97706879361384","40.97706879361384","64.5000000000014","64.5000000000014","64.5000000000014","8.726178535607783","8.726178535607783","8.726178535607783","4.212637913735389","4.212637913735389","4.212637913735389"
"4965.256316645","1.4000000000032742","1.4000000000032742","1.4000000000032742","22.367101303908825","22.367101303908825","22.367101303908825","1.4042126379169895","1.4042126379169895","1.4042126379169895","78.27827827827709","78.27827827827709","78.27827827827709"
"4975.256281366","1.2000000000078943","1.2000000000078943","1.2000000000078943","100","100","100","1.9019019018996448","1.9019019018996448","1.9019019018996448","1.3013013013023038","1.3013013013023038","1.3013013013023038"
"4985.256311939","9.481037924149469","9.481037924149469","9.481037924149469","31.10000000000127","31.10000000000127","31.10000000000127","6.036217303826288","6.036217303826288","6.036217303826288","70.77077077077851","70.77077077077851","70.77077077077851"
"4995.256500793","1.397205588816739","1.397205588816739","1.397205588816739","80.99999999999909","80.99999999999909","80.99999999999909","1.9019019018979375","1.9019019018979375","1.9019019018979375","20.020020020018634","20.020020020018634","20.020020020018634"
"5005.256232016","1.5000000000053204","1.5000000000053204","1.5000000000053204","79.89999999999782","79.89999999999782","79.89999999999782","1.303911735217962","1.303911735217962","1.303911735217962","20.841683366733648","20.841683366733648","20.841683366733648"
"5015.255992923","12.899999999999636","12.899999999999636","12.899999999999636","51.399999999998855","51.399999999998855","51.399999999998855","2.610441767061562","2.610441767061562","2.610441767061562","51.45145145145117","51.45145145145117","51.45145145145117"
"5025.256432182","0.8999999999924421","0.8999999999924421","0.8999999999924421","72.89999999999984","72.89999999999984","72.89999999999984","2.0020020020091467","2.0020020020091467","2.0020020020091467","28.15631262525318","28.15631262525318","28.15631262525318"
"5035.256530618","67.63236763236958","67.63236763236958","67.63236763236958","1.303911735202236","1.303911735202236","1.303911735202236","7.11422845690539","7.11422845690539","7.11422845690539","27.999999999995275","27.999999999995275","27.999999999995275"
"5045.257020233","8.399999999993124","8.399999999993124","8.399999999993124","17.99999999999727","17.99999999999727","17.99999999999727","10.843373493983274","10.843373493983274","10.843373493983274","80.88088088088192","80.88088088088192","80.88088088088192"
"5055.25740486","8.108108108111553","8.108108108111553","8.108108108111553","64.39317953861949","64.39317953861949","64.39317953861949","1.5030060120137707","1.5030060120137707","1.5030060120137707","29.42942942942607","29.42942942942607","29.42942942942607"
"5065.256637636","1.3000000000033651","1.3000000000033651","1.3000000000033651","5.69999999999709","5.69999999999709","5.69999999999709","1.105527638196724","1.105527638196724","1.105527638196724","95.40459540459514","95.40459540459514","95.40459540459514"
"5075.256925752","9.19999999999247","9.19999999999247","9.19999999999247","71.62837162837306","71.62837162837306","71.62837162837306","7.314629258512979","7.314629258512979","7.314629258512979","29.429429429432492","29.429429429432492","29.429429429432492"
"5085.256555286","1.000000000003638","1.000000000003638","1.000000000003638","77.69999999999982","77.69999999999982","77.69999999999982","1.606425702809778","1.606425702809778","1.606425702809778","23.169508525573143","23.169508525573143","23.169508525573143"
"5095.256197477","48.69999999999891","48.69999999999891","48.69999999999891","52.352352352353684","52.352352352353684","52.352352352353684","2.3023023023002587","2.3023023023002587","2.3023023023002587","1.0020040080128862","1.0020040080128862","1.0020040080128862"
"5105.256820936","67.50000000000227","67.50000000000227","67.50000000000227","30.569430569435667","30.569430569435667","30.569430569435667","4.60460460461603","4.60460460461603","4.60460460461603","0.9027081243745559","0.9027081243745559","0.9027081243745559"
"5115.255844069","25.02492522432756","25.02492522432756","25.02492522432756","85.98598598598477","85.98598598598477","85.98598598598477","5.194805194800829","5.194805194800829","5.194805194800829","1.701701701693518","1.701701701693518","1.701701701693518"
"5125.256849208","53.45345345345608","53.45345345345608","53.45345345345608","47.699999999995065","47.699999999995065","47.699999999995065","1.4056224899629932","1.4056224899629932","1.4056224899629932","0.8016032064211719","0.8016032064211719","0.8016032064211719"
"5135.25612216","51.099999999996726","51.099999999996726","51.099999999996726","49.500000000000455","49.500000000000455","49.500000000000455","1.8054162487424346","1.8054162487424346","1.8054162487424346","1.303911735197675","1.303911735197675","1.303911735197675"
"5145.255993918","56.943056943057805","56.943056943057805","56.943056943057805","40.959040959043705","40.959040959043705","40.959040959043705","6.212424849698577","6.212424849698577","6.212424849698577","13.013013013013932","13.013013013013932","13.013013013013932"
"5155.256184891","65.73426573426954","65.73426573426954","65.73426573426954","35.37074148297082","35.37074148297082","35.37074148297082","1.7017017017023122","1.7017017017023122","1.7017017017023122","1.302605210424152","1.302605210424152","1.302605210424152"
"5165.256515765","12.212212212205923","12.212212212205923","12.212212212205923","22.5","22.5","22.5","1.5075376884477232","1.5075376884477232","1.5075376884477232","67.40000000000691","67.40000000000691","67.40000000000691"
"5175.256701675","32.53493013971519","32.53493013971519","32.53493013971519","23.547094188372316","23.547094188372316","23.547094188372316","8.625877632895191","8.625877632895191","8.625877632895191","53.80761523045307","53.80761523045307","53.80761523045307"
"5185.256467156","40.81836327345874","40.81836327345874","40.81836327345874","58.2000000000009","58.2000000000009","58.2000000000009","3.30992978936075","3.30992978936075","3.30992978936075","1.4014014014047096","1.4014014014047096","1.4014014014047096"
"5195.256133027","28.228228228225934","28.228228228225934","28.228228228225934","10.78921078920043","10.78921078920043","10.78921078920043","2.204408817639996","2.204408817639996","2.204408817639996","62.69999999999867","62.69999999999867","62.69999999999867"
"5205.256627075","53.29999999999927","53.29999999999927","53.29999999999927","10.320641282566646","10.320641282566646","10.320641282566646","3.4999999999948614","3.4999999999948614","3.4999999999948614","50.25025025024661","50.25025025024661","50.25025025024661"
"5215.256168925","38.20000000000271","38.20000000000271","38.20000000000271","1.4028056112302159","1.4028056112302159","1.4028056112302159","1.506024096390878","1.506024096390878","1.506024096390878","62.899999999999636","62.899999999999636","62.899999999999636"
"5225.256312116","55.25525525525173","55.25525525525173","55.25525525525173","7.107107107094618","7.107107107094618","7.107107107094618","2.5025025024953877","2.5025025024953877","2.5025025024953877","38.777555110221044","38.777555110221044","38.777555110221044"
"5235.25584948","51.896207584830975","51.896207584830975","51.896207584830975","50.45045045045119","50.45045045045119","50.45045045045119","5.416248746246842","5.416248746246842","5.416248746246842","9.619238476956095","9.619238476956095","9.619238476956095"
"5245.256844807","16.400000000003274","16.400000000003274","16.400000000003274","80.81918081917998","80.81918081917998","80.81918081917998","1.706827309237672","1.706827309237672","1.706827309237672","4.709418837671273","4.709418837671273","4.709418837671273"
"5255.256444911","1.2012012012000255","1.2012012012000255","1.2012012012000255","49.149149149153395","49.149149149153395","49.149149149153395","1.706827309237672","1.706827309237672","1.706827309237672","51.55155155154903","51.55155155154903","51.55155155154903"
"5265.256889788","33.3999999999954","33.3999999999954","33.3999999999954","37.69999999999415","37.69999999999415","37.69999999999415","4.308617234473928","4.308617234473928","4.308617234473928","42.28456913828095","42.28456913828095","42.28456913828095"
"5275.256418477","1.0020040080196297","1.0020040080196297","1.0020040080196297","31.10000000000127","31.10000000000127","31.10000000000127","2.0060180541518555","2.0060180541518555","2.0060180541518555","69.93006993006841","69.93006993006841","69.93006993006841"
"5285.25652562","1.000000000003638","1.000000000003638","1.000000000003638","79.07907907907908","79.07907907907908","79.07907907907908","1.507537688447585","1.507537688447585","1.507537688447585","21.84368737475138","21.84368737475138","21.84368737475138"
"5295.256645773","5.594405594400893","5.594405594400893","5.594405594400893","97.99799799799978","97.99799799799978","97.99799799799978","10.789210789203993","10.789210789203993","10.789210789203993","3.9039039038981627","3.9039039038981627","3.9039039038981627"
"5305.256518998","34.000000000002366","34.000000000002366","34.000000000002366","67.10000000000336","67.10000000000336","67.10000000000336","1.3065326633177037","1.3065326633177037","1.3065326633177037","0.9027081243746382","0.9027081243746382","0.9027081243746382"
"5315.25638336","59.45945945946044","59.45945945946044","59.45945945946044","26.473526473520124","26.473526473520124","26.473526473520124","8.416833667335728","8.416833667335728","8.416833667335728","9.418837675347104","9.418837675347104","9.418837675347104"
"5325.257605847","64.63536463536256","64.63536463536256","64.63536463536256","3.2999999999839567","3.2999999999839567","3.2999999999839567","2.4120603015076734","2.4120603015076734","2.4120603015076734","41.282565130262824","41.282565130262824","41.282565130262824"
"5335.256455726","40.840840840841004","40.840840840841004","40.840840840841004","1.6016016016091383","1.6016016016091383","1.6016016016091383","6.61985957873458","6.61985957873458","6.61985957873458","61.300000000001084","61.300000000001084","61.300000000001084"
"5345.25622832","89.89999999999782","89.89999999999782","89.89999999999782","1.1988011988113307","1.1988011988113307","1.1988011988113307","2.6052104208371496","2.6052104208371496","2.6052104208371496","10.020040080162124","10.020040080162124","10.020040080162124"
"5355.257149208","10.000000000002274","10.000000000002274","10.000000000002274","21.643286573134084","21.643286573134084","21.643286573134084","1.4070351758827133","1.4070351758827133","1.4070351758827133","70.20000000000165","70.20000000000165","70.20000000000165"
"5365.256822334","8.075772681959867","8.075772681959867","8.075772681959867","85.90000000000146","85.90000000000146","85.90000000000146","8.116232464933484","8.116232464933484","8.116232464933484","16.0320641282594","16.0320641282594","16.0320641282594"
"5375.25622952","43.943943943948184","43.943943943948184","43.943943943948184","4.809619238481464","4.809619238481464","4.809619238481464","9.528585757279712","9.528585757279712","9.528585757279712","45.390781563125685","45.390781563125685","45.390781563125685"
"5385.256517919","39.03903903903853","39.03903903903853","39.03903903903853","44.85514485514898","44.85514485514898","44.85514485514898","1.404212637899001","1.404212637899001","1.404212637899001","18.25476429287525","18.25476429287525","18.25476429287525"
"5395.256701433","16.432865731457813","16.432865731457813","16.432865731457813","93.40000000000146","93.40000000000146","93.40000000000146","4.709418837686363","4.709418837686363","4.709418837686363","4.008016032069406","4.008016032069406","4.008016032069406"
"5405.256434149","1.09890109890679","1.09890109890679","1.09890109890679","36.23623623623594","36.23623623623594","36.23623623623594","1.6080402010035921","1.6080402010035921","1.6080402010035921","64.50000000000404","64.50000000000404","64.50000000000404"
"5415.256268644","1.1011011010911198","1.1011011010911198","1.1011011010911198","65.96596596596122","65.96596596596122","65.96596596596122","1.6048144433286358","1.6048144433286358","1.6048144433286358","34.96993987975567","34.96993987975567","34.96993987975567"
"5425.256593251","15.40000000000733","15.40000000000733","15.40000000000733","63.10000000000281","63.10000000000281","63.10000000000281","2.6078234704133565","2.6078234704133565","2.6078234704133565","36.87374749499115","36.87374749499115","36.87374749499115"
"5435.256092857","1.1011011010911198","1.1011011010911198","1.1011011010911198","48.34834834834867","48.34834834834867","48.34834834834867","1.601601601600034","1.601601601600034","1.601601601600034","52.70000000000007","52.70000000000007","52.70000000000007"
"5445.256059746","1.398601398604639","1.398601398604639","1.398601398604639","53.600000000000946","53.600000000000946","53.600000000000946","1.7034068136191003","1.7034068136191003","1.7034068136191003","47.147147147148544","47.147147147148544","47.147147147148544"
"5455.256867572","6.593406593413483","6.593406593413483","6.593406593413483","88.18818818818957","88.18818818818957","88.18818818818957","9.227683049156218","9.227683049156218","9.227683049156218","13.453815261046643","13.453815261046643","13.453815261046643"
"5465.256365216","1.1022044088053902","1.1022044088053902","1.1022044088053902","100","100","100","1.5045135406183154","1.5045135406183154","1.5045135406183154","0.8008008008091211","0.8008008008091211","0.8008008008091211"
"5475.256299082","1.200000000019154","1.200000000019154","1.200000000019154","79.4794794794772","79.4794794794772","79.4794794794772","1.4056224899629932","1.4056224899629932","1.4056224899629932","21.64328657314578","21.64328657314578","21.64328657314578"
"5485.256734358","10.978043912162642","10.978043912162642","10.978043912162642","41.19999999999811","41.19999999999811","41.19999999999811","5.505505505492517","5.505505505492517","5.505505505492517","60.98294884653733","60.98294884653733","60.98294884653733"
"5495.256269006","77.12287712287798","77.12287712287798","77.12287712287798","1.299999999996544","1.299999999996544","1.299999999996544","5.717151454368625","5.717151454368625","5.717151454368625","19.639278557108128","19.639278557108128","19.639278557108128"
"5505.256191685","30.369630369625288","30.369630369625288","30.369630369625288","20.600000000004002","20.600000000004002","20.600000000004002","1.5090543259521352","1.5090543259521352","1.5090543259521352","51.248751248751226","51.248751248751226","51.248751248751226"
"5515.256316024","12.337011033103726","12.337011033103726","12.337011033103726","85.88588588588377","85.88588588588377","85.88588588588377","4.404404404400896","4.404404404400896","4.404404404400896","15.847542627890194","15.847542627890194","15.847542627890194"
"5525.256742592","99.09999999999854","99.09999999999854","99.09999999999854","0.9980039920195553","0.9980039920195553","0.9980039920195553","2.7054108216495645","2.7054108216495645","2.7054108216495645","1.1011011010978475","1.1011011010978475","1.1011011010978475"
"5535.25624964","29.74051896207927","29.74051896207927","29.74051896207927","69.33867735470862","69.33867735470862","69.33867735470862","3.4205231388345996","3.4205231388345996","3.4205231388345996","1.003009027084867","1.003009027084867","1.003009027084867"
"5545.25660095","58.19999999999329","58.19999999999329","58.19999999999329","47.5","47.5","47.5","8.891108891105153","8.891108891105153","8.891108891105153","3.406813627258084","3.406813627258084","3.406813627258084"
"5555.25639248","97.60479041916396","97.60479041916396","97.60479041916396","3.193612774448344","3.193612774448344","3.193612774448344","1.7085427135686018","1.7085427135686018","1.7085427135686018","1.2024048096181974","1.2024048096181974","1.2024048096181974"
"5565.255951858","40.600000000004","40.600000000004","40.600000000004","59.84015984015636","59.84015984015636","59.84015984015636","2.202202202206875","2.202202202206875","2.202202202206875","1.2036108324873545","1.2036108324873545","1.2036108324873545"
"5575.258212914","44.5109780439106","44.5109780439106","44.5109780439106","54.10000000000272","54.10000000000272","54.10000000000272","4.618473895582677","4.618473895582677","4.618473895582677","1.203610832496477","1.203610832496477","1.203610832496477"
"5585.255904702","92.20000000000255","92.20000000000255","92.20000000000255","5.294705294703117","5.294705294703117","5.294705294703117","9.719438877758488","9.719438877758488","9.719438877758488","10.610610610613882","10.610610610613882","10.610610610613882"
"5595.256962068","30.969030969027113","30.969030969027113","30.969030969027113","69.73026973027294","69.73026973027294","69.73026973027294","1.606425702809778","1.606425702809778","1.606425702809778","1.0999999999989996","1.0999999999989996","1.0999999999989996"
"5605.256690402","87.18718718718945","87.18718718718945","87.18718718718945","10.789210789206265","10.789210789206265","10.789210789206265","4.709418837679957","4.709418837679957","4.709418837679957","1.004016064260677","1.004016064260677","1.004016064260677"
"5615.256897788","49.89999999999782","49.89999999999782","49.89999999999782","50.70140280561283","50.70140280561283","50.70140280561283","15.531062124249583","15.531062124249583","15.531062124249583","2.002002002000225","2.002002002000225","2.002002002000225"
"5625.25666024","38.00000000000182","38.00000000000182","38.00000000000182","33.599999999996726","33.599999999996726","33.599999999996726","1.8036072144227397","1.8036072144227397","1.8036072144227397","30.16032064127696","30.16032064127696","30.16032064127696"
"5635.256319096","96.70000000000043","96.70000000000043","96.70000000000043","1.2012012011911404","1.2012012011911404","1.2012012011911404","1.7102615694172998","1.7102615694172998","1.7102615694172998","4.509018036079221","4.509018036079221","4.509018036079221"
"5645.256422177","40.30000000000831","40.30000000000831","40.30000000000831","2.1021021021023207","2.1021021021023207","2.1021021021023207","8.416833667335728","8.416833667335728","8.416833667335728","66.9669669669667","66.9669669669667","66.9669669669667"
"5655.256357381","64.59999999999715","64.59999999999715","64.59999999999715","14.30000000000291","14.30000000000291","14.30000000000291","2.2022022022047993","2.2022022022047993","2.2022022022047993","25.050100200392784","25.050100200392784","25.050100200392784"
"5665.256313219","1.3986013986069106","1.3986013986069106","1.3986013986069106","52.10420841683412","52.10420841683412","52.10420841683412","1.4056224899562728","1.4056224899562728","1.4056224899562728","48.848848848851006","48.848848848851006","48.848848848851006"
"5675.25664155","7.207207207209258","7.207207207209258","7.207207207209258","56.74325674325903","56.74325674325903","56.74325674325903","9.729187562683846","9.729187562683846","9.729187562683846","44.23269809428535","44.23269809428535","44.23269809428535"
"5685.25600126","1.8000000000051843","1.8000000000051843","1.8000000000051843","34.53453453453943","34.53453453453943","34.53453453453943","1.207243460763538","1.207243460763538","1.207243460763538","66.56656656657044","66.56656656657044","66.56656656657044"
"5695.25663577","1.6999999999917872","1.6999999999917872","1.6999999999917872","15.145436308928584","15.145436308928584","15.145436308928584","1.606425702820899","1.606425702820899","1.606425702820899","85.89999999999365","85.89999999999365","85.89999999999365"
"5705.256787832","9.800000000003838","9.800000000003838","9.800000000003838","66.03396603396132","66.03396603396132","66.03396603396132","6.21242484969003","6.21242484969003","6.21242484969003","35.935935935938176","35.935935935938176","35.935935935938176"
"5715.256739889","61.13886113886428","61.13886113886428","61.13886113886428","1.201201201200135","1.201201201200135","1.201201201200135","3.313253012056279","3.313253012056279","3.313253012056279","38.03803803804069","38.03803803804069","38.03803803804069"
"5725.256481353","47.49999999999318","47.49999999999318","47.49999999999318","1.5000000000053204","1.5000000000053204","1.5000000000053204","1.3052208835262151","1.3052208835262151","1.3052208835262151","53.406813627251246","53.406813627251246","53.406813627251246"
"5735.256399388","54.00801603206485","54.00801603206485","54.00801603206485","27.21834496510556","27.21834496510556","27.21834496510556","3.1031031031091705","3.1031031031091705","3.1031031031091705","34.39999999999827","34.39999999999827","34.39999999999827"
"5745.256214542","31.099999999993287","31.099999999993287","31.099999999993287","1.1011011011068514","1.1011011011068514","1.1011011011068514","2.002002002000225","2.002002002000225","2.002002002000225","69.86986986987614","69.86986986987614","69.86986986987614"
"5755.257012317","44.10000000000363","44.10000000000363","44.10000000000363","21.543086172341987","21.543086172341987","21.543086172341987","3.309929789369571","3.309929789369571","3.309929789369571","35.27054108216113","35.27054108216113","35.27054108216113"
"5765.256615562","77.02297702297571","77.02297702297571","77.02297702297571","2.7916251246236534","2.7916251246236534","2.7916251246236534","7.530120481927684","7.530120481927684","7.530120481927684","30.66132264529262","30.66132264529262","30.66132264529262"
"5775.256744269","17.417417417408096","17.417417417408096","17.417417417408096","1.2012012011911404","1.2012012011911404","1.2012012011911404","1.7017017017024672","1.7017017017024672","1.7017017017024672","83.50000000000215","83.50000000000215","83.50000000000215"
"5785.256938068","40.50000000000723","40.50000000000723","40.50000000000723","10.810810810810318","10.810810810810318","10.810810810810318","1.4084507042218404","1.4084507042218404","1.4084507042218404","50.65065065065115","50.65065065065115","50.65065065065115"
"5795.255847622","4.600000000000364","4.600000000000364","4.600000000000364","17.9000000000071","17.9000000000071","17.9000000000071","3.9078156312568635","3.9078156312568635","3.9078156312568635","84.40000000000367","84.40000000000367","84.40000000000367"
"5805.256586917","87.5","87.5","87.5","1.2012012011911404","1.2012012011911404","1.2012012011911404","1.8072289156655659","1.8072289156655659","1.8072289156655659","20.6206206206232","20.6206206206232","20.6206206206232"
"5815.25684194","42.39999999999782","42.39999999999782","42.39999999999782","1.002004008033117","1.002004008033117","1.002004008033117","2.004008016040786","2.004008016040786","2.004008016040786","58.69999999999891","58.69999999999891","58.69999999999891"
"5825.256360809","67.13426853707526","67.13426853707526","67.13426853707526","1.099999999987831","1.099999999987831","1.099999999987831","4.216867469871486","4.216867469871486","4.216867469871486","31.300000000001095","31.300000000001095","31.300000000001095"
"5835.257243141","78.22177822177777","78.22177822177777","78.22177822177777","24.35129740519364","24.35129740519364","24.35129740519364","4.7188755020105715","4.7188755020105715","4.7188755020105715","10.230692076224615","10.230692076224615","10.230692076224615"
"5845.256540741","18.48151848151658","18.48151848151658","18.48151848151658","74.74949899799512","74.74949899799512","74.74949899799512","1.4084507042195529","1.4084507042195529","1.4084507042195529","8.926780341034434","8.926780341034434","8.926780341034434"
"5855.256824654","1.2012012012023017","1.2012012012023017","1.2012012012023017","23.499999999996678","23.499999999996678","23.499999999996678","1.7017017017114162","1.7017017017114162","1.7017017017114162","77.57757757757928","77.57757757757928","77.57757757757928"
"5865.255897415","42.04204204204114","42.04204204204114","42.04204204204114","25.376128385152263","25.376128385152263","25.376128385152263","9.337349397593249","9.337349397593249","9.337349397593249","40.75924075923603","40.75924075923603","40.75924075923603"
"5875.25685221","9.719438877766716","9.719438877766716","9.719438877766716","25.77422577423123","25.77422577423123","25.77422577423123","1.8036072144250177","1.8036072144250177","1.8036072144250177","66.76676676675986","66.76676676675986","66.76676676675986"
"5885.256020879","38.8223552894139","38.8223552894139","38.8223552894139","62.36236236236503","62.36236236236503","62.36236236236503","1.5075376884385823","1.5075376884385823","1.5075376884385823","1.0010010009956516","1.0010010009956516","1.0010010009956516"
"5895.256648728","61.261261261259456","61.261261261259456","61.261261261259456","40.69999999999709","40.69999999999709","40.69999999999709","5.89410589411577","5.89410589411577","5.89410589411577","9.91983967936427","9.91983967936427","9.91983967936427"
"5905.256248127","21.30000000000109","21.30000000000109","21.30000000000109","49.301397205596295","49.301397205596295","49.301397205596295","1.506024096381884","1.506024096381884","1.506024096381884","31.362725450904268","31.362725450904268","31.362725450904268"
"5915.256923637","63.39999999999812","63.39999999999812","63.39999999999812","24.92492492491645","24.92492492491645","24.92492492491645","8.534136546180008","8.534136546180008","8.534136546180008","6.412825651297053","6.412825651297053","6.412825651297053"
"5925.255900873","34.16583416584013","34.16583416584013","34.16583416584013","59.2592592592596","59.2592592592596","59.2592592592596","20.461384152456485","20.461384152456485","20.461384152456485","3.600000000007767","3.600000000007767","3.600000000007767"
"5935.256270817","64.99999999999682","64.99999999999682","64.99999999999682","36.42714570858092","36.42714570858092","36.42714570858092","1.6048144433376117","1.6048144433376117","1.6048144433376117","1.203610832496477","1.203610832496477","1.203610832496477"
"5945.25636982","21.3999999999984","21.3999999999984","21.3999999999984","50.50100200400986","50.50100200400986","50.50100200400986","1.5015015014978927","1.5015015014978927","1.5015015014978927","30.59999999999491","30.59999999999491","30.59999999999491"
"5955.256542436","24.800000000002473","24.800000000002473","24.800000000002473","64.19999999999747","64.19999999999747","64.19999999999747","6.412825651290803","6.412825651290803","6.412825651290803","22.066198595786986","22.066198595786986","22.066198595786986"
"5965.256800428","58.899999999999544","58.899999999999544","58.899999999999544","40.359640359633694","40.359640359633694","40.359640359633694","3.313253012056279","3.313253012056279","3.313253012056279","1.102204408823315","1.102204408823315","1.102204408823315"
"5975.256082463","16.083916083914733","16.083916083914733","16.083916083914733","84.91508491508306","84.91508491508306","84.91508491508306","1.6032064128263954","1.6032064128263954","1.6032064128263954","1.3013013013024222","1.3013013013024222","1.3013013013024222"
"5985.256151907","49.70000000000255","49.70000000000255","49.70000000000255","36.372745490987135","36.372745490987135","36.372745490987135","4.11233701103191","4.11233701103191","4.11233701103191","27.855711422844358","27.855711422844358","27.855711422844358"
"5995.256359691","59.95995995996273","59.95995995996273","59.95995995996273","1.4985014985025107","1.4985014985025107","1.4985014985025107","1.8036072144316886","1.8036072144316886","1.8036072144316886","41.18236472945744","41.18236472945744","41.18236472945744"
"6005.255842068","25.074925074926707","25.074925074926707","25.074925074926707","1.2024048096270916","1.2024048096270916","1.2024048096270916","3.711133400201693","3.711133400201693","3.711133400201693","73.92607392607331","73.92607392607331","73.92607392607331"
"6015.257945718","40.419161676643625","40.419161676643625","40.419161676643625","6.5065065065036","6.5065065065036","6.5065065065036","8.726178535597972","8.726178535597972","8.726178535597972","61.799999999999436","61.799999999999436","61.799999999999436"
"6025.256395098","63.93606393606799","63.93606393606799","63.93606393606799","35.035035035026695","35.035035035026695","35.035035035026695","4.004004004011465","4.004004004011465","4.004004004011465","1.3000000000010914","1.3000000000010914","1.3000000000010914"
"6035.256911284","72.69999999999527","72.69999999999527","72.69999999999527","25.525525525527904","25.525525525527904","25.525525525527904","4.317269076307733","4.317269076307733","4.317269076307733","1.2024048096270916","1.2024048096270916","1.2024048096270916"
"6045.256957353","61.86186186186613","61.86186186186613","61.86186186186613","39.30000000000291","39.30000000000291","39.30000000000291","1.4070351758827133","1.4070351758827133","1.4070351758827133","1.002004008019721","1.002004008019721","1.002004008019721"
"6055.256828056","7.292707292702773","7.292707292702773","7.292707292702773","79.08366533864361","79.08366533864361","79.08366533864361","10.653266331653368","10.653266331653368","10.653266331653368","21.74348697394987","21.74348697394987","21.74348697394987"
"6065.256854005","58.7412587412623","58.7412587412623","58.7412587412623","40.75924075923915","40.75924075923915","40.75924075923915","3.30992978936729","3.30992978936729","3.30992978936729","1.2012012011911404","1.2012012011911404","1.2012012011911404"
"6075.256411513","65.99999999999746","65.99999999999746","65.99999999999746","29.470529470531552","29.470529470531552","29.470529470531552","6.913827655309192","6.913827655309192","6.913827655309192","1.3026052104218735","1.3026052104218735","1.3026052104218735"
"6085.256341995","82.5174825174829","82.5174825174829","82.5174825174829","28.056112224451944","28.056112224451944","28.056112224451944","3.30992978936729","3.30992978936729","3.30992978936729","3.413654618475344","3.413654618475344","3.413654618475344"
"6095.256032914","17.80000000000493","17.80000000000493","17.80000000000493","83.71628371628151","83.71628371628151","83.71628371628151","1.5060240963820215","1.5060240963820215","1.5060240963820215","0.7014028056083369","0.7014028056083369","0.7014028056083369"
"6105.257042665","69.99999999999727","69.99999999999727","69.99999999999727","30.830830830837076","30.830830830837076","30.830830830837076","1.703406813627903","1.703406813627903","1.703406813627903","1.003009027084867","1.003009027084867","1.003009027084867"
"6115.256657328","22.609561752992477","22.609561752992477","22.609561752992477","83.99999999999636","83.99999999999636","83.99999999999636","10.020040080163037","10.020040080163037","10.020040080163037","1.8018018018068664","1.8018018018068664","1.8018018018068664"
"6125.25682894","9.890109890117953","9.890109890117953","9.890109890117953","74.92507492507558","74.92507492507558","74.92507492507558","2.2044088176377175","2.2044088176377175","2.2044088176377175","17.100000000000364","17.100000000000364","17.100000000000364"
"6135.256684014","1.2987012987023605","1.2987012987023605","1.2987012987023605","54.609218436874315","54.609218436874315","54.609218436874315","1.4070351758825848","1.4070351758825848","1.4070351758825848","46.39278557114118","46.39278557114118","46.39278557114118"
"6145.256122788","58.35835835835511","58.35835835835511","58.35835835835511","44.15584415583885","44.15584415583885","44.15584415583885","3.2064128256485267","3.2064128256485267","3.2064128256485267","11.811811811806955","11.811811811806955","11.811811811806955"
"6155.256785307","57.68463073852017","57.68463073852017","57.68463073852017","43.456543456541006","43.456543456541006","43.456543456541006","1.7017017017041742","1.7017017017041742","1.7017017017041742","0.9018036072158443","0.9018036072158443","0.9018036072158443"
"6165.256147067","23.800000000008023","23.800000000008023","23.800000000008023","77.42257742257573","77.42257742257573","77.42257742257573","1.5045135406181782","1.5045135406181782","1.5045135406181782","1.003009027084867","1.003009027084867","1.003009027084867"
"6175.256615547","89.82035928144178","89.82035928144178","89.82035928144178","13.500000000003636","13.500000000003636","13.500000000003636","5.025125628140795","5.025125628140795","5.025125628140795","10.2102102101998","10.2102102101998","10.2102102101998"
"6185.256646783","28.40000000000538","28.40000000000538","28.40000000000538","31.031031031032523","31.031031031032523","31.031031031032523","4.613841524576249","4.613841524576249","4.613841524576249","39.63963963964087","39.63963963964087","39.63963963964087"
"6195.257383571","90.30000000000567","90.30000000000567","90.30000000000567","6.6933066933072745","6.6933066933072745","6.6933066933072745","5.522088353415461","5.522088353415461","5.522088353415461","1.0030090270847756","1.0030090270847756","1.0030090270847756"
"6205.25644107","23.67632367632207","23.67632367632207","23.67632367632207","84.38438438438915","84.38438438438915","84.38438438438915","5.516549648939905","5.516549648939905","5.516549648939905","4.216867469882516","4.216867469882516","4.216867469882516"
"6215.256398841","1.3013013012934365","1.3013013012934365","1.3013013012934365","11.211211211210363","11.211211211210363","11.211211211210363","1.4056224899631216","1.4056224899631216","1.4056224899631216","89.61038961038925","89.61038961038925","89.61038961038925"
"6225.25637301","1.2987012987023605","1.2987012987023605","1.2987012987023605","59.45945945945675","59.45945945945675","59.45945945945675","1.599999999991869","1.599999999991869","1.599999999991869","41.6248746238707","41.6248746238707","41.6248746238707"
"6235.256504739","17.482517482517103","17.482517482517103","17.482517482517103","38.799999999991996","38.799999999991996","38.799999999991996","12.637913741233506","12.637913741233506","12.637913741233506","49.04904904905112","49.04904904905112","49.04904904905112"
"6245.256731903","71.12887112886848","71.12887112886848","71.12887112886848","29.959919839678484","29.959919839678484","29.959919839678484","1.404212637907995","1.404212637907995","1.404212637907995","1.0999999999989996","1.0999999999989996","1.0999999999989996"
"6255.256630058","31.431431431435396","31.431431431435396","31.431431431435396","68.93106893107289","68.93106893107289","68.93106893107289","2.407221664992734","2.407221664992734","2.407221664992734","0.9009009009023773","0.9009009009023773","0.9009009009023773"
"6265.257327322","96.2037962037952","96.2037962037952","96.2037962037952","5.899999999992897","5.899999999992897","5.899999999992897","6.613226452904643","6.613226452904643","6.613226452904643","2.108433734942207","2.108433734942207","2.108433734942207"
"6275.256640915","48.29999999999927","48.29999999999927","48.29999999999927","56.15615615615865","56.15615615615865","56.15615615615865","5.005005005006935","5.005005005006935","5.005005005006935","1.1055276381968249","1.1055276381968249","1.1055276381968249"
"6285.256511353","88.3883883883896","88.3883883883896","88.3883883883896","9.100000000006812","9.100000000006812","9.100000000006812","5.115346038116401","5.115346038116401","5.115346038116401","1.401401401404582","1.401401401404582","1.401401401404582"
"6295.256988341","6.393606393611797","6.393606393611797","6.393606393611797","94.89999999999782","94.89999999999782","94.89999999999782","1.4084507042287027","1.4084507042287027","1.4084507042287027","1.5015015014912014","1.5015015014912014","1.5015015014912014"
"6305.256985175","32.834331337323555","32.834331337323555","32.834331337323555","70.90000000000146","70.90000000000146","70.90000000000146","12.637913741225537","12.637913741225537","12.637913741225537","2.404809619227501","2.404809619227501","2.404809619227501"
"6315.256085716","80.61938061938328","80.61938061938328","80.61938061938328","20.34068136272379","20.34068136272379","20.34068136272379","1.5045135406181782","1.5045135406181782","1.5045135406181782","1.2012012012112963","1.2012012012112963","1.2012012012112963"
"6325.256392621","4.1082164328640784","4.1082164328640784","4.1082164328640784","55.110220440879154","55.110220440879154","55.110220440879154","1.3039117352089589","1.3039117352089589","1.3039117352089589","43.08617234469308","43.08617234469308","43.08617234469308"
"6335.255842013","9.018036072141038","9.018036072141038","9.018036072141038","39.16083916084456","39.16083916084456","39.16083916084456","7.429718875499789","7.429718875499789","7.429718875499789","63.09999999999491","63.09999999999491","63.09999999999491"
"6345.256768783","1.4000000000032742","1.4000000000032742","1.4000000000032742","32.93172690763085","32.93172690763085","32.93172690763085","1.6032064128259722","1.6032064128259722","1.6032064128259722","67.8678678678668","67.8678678678668","67.8678678678668"
"6355.257160455","1.3013013013112893","1.3013013013112893","1.3013013013112893","34.96503496502829","34.96503496502829","34.96503496502829","1.7085427135686018","1.7085427135686018","1.7085427135686018","66.00000000000364","66.00000000000364","66.00000000000364"
"6365.256635934","7.599999999993779","7.599999999993779","7.599999999993779","33.066132264529315","33.066132264529315","33.066132264529315","8.726178535599457","8.726178535599457","8.726178535599457","68.86886886887147","68.86886886887147","68.86886886887147"
"6375.256570954","1.2000000000011823","1.2000000000011823","1.2000000000011823","42.642642642641874","42.642642642641874","42.642642642641874","1.4070351758848698","1.4070351758848698","1.4070351758848698","58.15815815815433","58.15815815815433","58.15815815815433"
"6385.256784486","1.0010010010045733","1.0010010010045733","1.0010010010045733","53.100000000004","53.100000000004","53.100000000004","1.8054162487491119","1.8054162487491119","1.8054162487491119","47.89579158317063","47.89579158317063","47.89579158317063"
"6395.256092614","3.692614770458167","3.692614770458167","3.692614770458167","14.128256513017387","14.128256513017387","14.128256513017387","12.838515546637039","12.838515546637039","12.838515546637039","87.91208791208781","87.91208791208781","87.91208791208781"
"6405.257065878","1.2000000000078943","1.2000000000078943","1.2000000000078943","71.72827172827307","71.72827172827307","71.72827172827307","1.5060240963910156","1.5060240963910156","1.5060240963910156","29.30000000000252","29.30000000000252","29.30000000000252"
"6415.255936258","1.2012012011911404","1.2012012011911404","1.2012012011911404","4.919678714865911","4.919678714865911","4.919678714865911","1.6080402010035921","1.6080402010035921","1.6080402010035921","95.99198396793935","95.99198396793935","95.99198396793935"
"6425.25645799","72.10000000000036","72.10000000000036","72.10000000000036","35.329341317367906","35.329341317367906","35.329341317367906","6.112224448886226","6.112224448886226","6.112224448886226","4.499999999998181","4.499999999998181","4.499999999998181"
"6435.25748938","1.1033099297861564","1.1033099297861564","1.1033099297861564","76.97697697697465","76.97697697697465","76.97697697697465","1.6016016016091383","1.6016016016091383","1.6016016016091383","24.07221664994778","24.07221664994778","24.07221664994778"
"6445.256309378","1.4985014985090526","1.4985014985090526","1.4985014985090526","66.2662662662697","66.2662662662697","66.2662662662697","1.506024096384167","1.506024096384167","1.506024096384167","34.83483483483716","34.83483483483716","34.83483483483716"
"6455.256526157","11.888111888102976","11.888111888102976","11.888111888102976","47.39478957915602","47.39478957915602","47.39478957915602","4.216867469880233","4.216867469880233","4.216867469880233","54.65465465465208","54.65465465465208","54.65465465465208"
"6465.256355417","1.3013013013112893","1.3013013013112893","1.3013013013112893","72.37237237237869","72.37237237237869","72.37237237237869","1.5030060120204687","1.5030060120204687","1.5030060120204687","28.614457831326234","28.614457831326234","28.614457831326234"
"6475.256596408","1.2999999999943885","1.2999999999943885","1.2999999999943885","68.799999999992","68.799999999992","68.799999999992","1.706827309239799","1.706827309239799","1.706827309239799","32.46753246753176","32.46753246753176","32.46753246753176"
"6485.257919341","8.97308075773394","8.97308075773394","8.97308075773394","43.056943056940945","43.056943056940945","43.056943056940945","5.823293172690543","5.823293172690543","5.823293172690543","58.5170340681403","58.5170340681403","58.5170340681403"
"6495.257725616","2.605210420843747","2.605210420843747","2.605210420843747","65.531062124251","65.531062124251","65.531062124251","1.8054162487491119","1.8054162487491119","1.8054162487491119","35.50000000000087","35.50000000000087","35.50000000000087"
"6505.256433947","1.3013013012934365","1.3013013012934365","1.3013013012934365","85.61438561438084","85.61438561438084","85.61438561438084","7.615230460923669","7.615230460923669","7.615230460923669","9.118236472944833","9.118236472944833","9.118236472944833"
"6515.256583339","54.8451548451492","54.8451548451492","54.8451548451492","44.844844844841454","44.844844844841454","44.844844844841454","3.2064128256573476","3.2064128256573476","3.2064128256573476","0.9027081243745559","0.9027081243745559","0.9027081243745559"
"6525.256656838","93.90000000000272","93.90000000000272","93.90000000000272","13.913913913925333","13.913913913925333","13.913913913925333","6.820461384146702","6.820461384146702","6.820461384146702","3.0090270812454785","3.0090270812454785","3.0090270812454785"
"6535.256592346","60.27944111776963","60.27944111776963","60.27944111776963","35.59999999999491","35.59999999999491","35.59999999999491","6.900000000004465","6.900000000004465","6.900000000004465","1.402805611209967","1.402805611209967","1.402805611209967"
"6545.256346552","35.53553553553813","35.53553553553813","35.53553553553813","50.350350350348904","50.350350350348904","50.350350350348904","1.5075376884385823","1.5075376884385823","1.5075376884385823","16.232464929859336","16.232464929859336","16.232464929859336"
"6555.256328865","25.399999999999633","25.399999999999633","25.399999999999633","75.70000000000398","75.70000000000398","75.70000000000398","11.923847695389572","11.923847695389572","11.923847695389572","3.9117352056200345","3.9117352056200345","3.9117352056200345"
"6565.257108569","55.14485514484922","55.14485514484922","55.14485514484922","13.013013013018485","13.013013013018485","13.013013013018485","1.1066398390332433","1.1066398390332433","1.1066398390332433","34.19999999999989","34.19999999999989","34.19999999999989"
"6575.256675971","13.613613613618497","13.613613613618497","13.613613613618497","2.3046092184415032","2.3046092184415032","2.3046092184415032","1.5045135406181782","1.5045135406181782","1.5045135406181782","86.38638638638812","86.38638638638812","86.38638638638812"
"6585.256669113","71.30000000000109","71.30000000000109","71.30000000000109","39.59999999999487","39.59999999999487","39.59999999999487","2.7999999999991587","2.7999999999991587","2.7999999999991587","4.204204204213363","4.204204204213363","4.204204204213363"
"6595.256684273","75.3000000000043","75.3000000000043","75.3000000000043","20.64128256513785","20.64128256513785","20.64128256513785","6.906906906913804","6.906906906913804","6.906906906913804","1.303911735206797","1.303911735206797","1.303911735206797"
"6605.256844453","46.75324675323956","46.75324675323956","46.75324675323956","54.354354354353504","54.354354354353504","54.354354354353504","1.3039117351977938","1.3039117351977938","1.3039117351977938","1.202404809618088","1.202404809618088","1.202404809618088"
"6615.256373139","39.20000000000073","39.20000000000073","39.20000000000073","53.353353353353796","53.353353353353796","53.353353353353796","10.552763819096533","10.552763819096533","10.552763819096533","14.228456913829007","14.228456913829007","14.228456913829007"
"6625.256948518","68.39999999999858","68.39999999999858","68.39999999999858","31.93612774450777","31.93612774450777","31.93612774450777","2.8056112224513186","2.8056112224513186","2.8056112224513186","1.0010010010068495","1.0010010010068495","1.0010010010068495"
"6635.256600922","26.67332667333348","26.67332667333348","26.67332667333348","72.00000000000473","72.00000000000473","72.00000000000473","4.012036108321589","4.012036108321589","4.012036108321589","0.9027081243745559","0.9027081243745559","0.9027081243745559"
"6645.256931657","90.70000000000535","90.70000000000535","90.70000000000535","3.3830845771067644","3.3830845771067644","3.3830845771067644","12.14859437751036","12.14859437751036","12.14859437751036","12.33701103309573","12.33701103309573","12.33701103309573"
"6655.255899277","21.821821821823224","21.821821821823224","21.821821821823224","79.32067932068267","79.32067932068267","79.32067932068267","1.8036072144227397","1.8036072144227397","1.8036072144227397","1.2024048096090842","1.2024048096090842","1.2024048096090842"
"6665.256807323","83.10000000000247","83.10000000000247","83.10000000000247","17.664670658678748","17.664670658678748","17.664670658678748","1.7102615694171435","1.7102615694171435","1.7102615694171435","1.3013013012957126","1.3013013012957126","1.3013013012957126"
"6675.256982645","43.05694305693703","43.05694305693703","43.05694305693703","43.00000000000182","43.00000000000182","43.00000000000182","4.208416833678872","4.208416833678872","4.208416833678872","27.254509018037332","27.254509018037332","27.254509018037332"
"6685.256907558","1.0989010989024468","1.0989010989024468","1.0989010989024468","23.976023976022","23.976023976022","23.976023976022","1.6048144433286358","1.6048144433286358","1.6048144433286358","77.39999999999986","77.39999999999986","77.39999999999986"
"6695.256116423","1.3013013013112893","1.3013013013112893","1.3013013013112893","62.16216216215823","62.16216216215823","62.16216216215823","1.703406813627903","1.703406813627903","1.703406813627903","38.80000000000109","38.80000000000109","38.80000000000109"
"6705.257004882","12.299999999996752","12.299999999996752","12.299999999996752","87.82435129741116","87.82435129741116","87.82435129741116","2.5075225677032744","2.5075225677032744","2.5075225677032744","14.529058116231278","14.529058116231278","14.529058116231278"
"6715.256136079","1.102204408823315","1.102204408823315","1.102204408823315","41.08216432865902","41.08216432865902","41.08216432865902","1.8072289156564347","1.8072289156564347","1.8072289156564347","59.91983967935697","59.91983967935697","59.91983967935697"
"6725.256470228","1.1999999999990179","1.1999999999990179","1.1999999999990179","46.2999999999962","46.2999999999962","46.2999999999962","1.6032064128332306","1.6032064128332306","1.6032064128332306","54.79999999999791","54.79999999999791","54.79999999999791"
"6735.256167676","4.299999999998363","4.299999999998363","4.299999999998363","42.75724275723928","42.75724275723928","42.75724275723928","3.7185929648230918","3.7185929648230918","3.7185929648230918","59.259259259261285","59.259259259261285","59.259259259261285"
"6745.256977424","8.299999999999272","8.299999999999272","8.299999999999272","2.900000000013015","2.900000000013015","2.900000000013015","1.8999999999982717","1.8999999999982717","1.8999999999982717","98.10189810189323","98.10189810189323","98.10189810189323"
"6755.25630646","0.8016032064030185","0.8016032064030185","0.8016032064030185","52.80561122244676","52.80561122244676","52.80561122244676","1.807228915647633","1.807228915647633","1.807228915647633","47.947947947948634","47.947947947948634","47.947947947948634"
"6765.256609269","1.1999999999990179","1.1999999999990179","1.1999999999990179","44.099999999998545","44.099999999998545","44.099999999998545","1.6080402010125856","1.6080402010125856","1.6080402010125856","56.65665665665644","56.65665665665644","56.65665665665644"
"6775.256567801","12.000000000006185","12.000000000006185","12.000000000006185","66.4664664664712","66.4664664664712","66.4664664664712","3.903903903906911","3.903903903906911","3.903903903906911","35.37074148296493","35.37074148296493","35.37074148296493"
"6785.256395919","1.1988011988046252","1.1988011988046252","1.1988011988046252","25.925925925912104","25.925925925912104","25.925925925912104","1.4070351758827133","1.4070351758827133","1.4070351758827133","75.19999999999753","75.19999999999753","75.19999999999753"
"6795.256822779","0.999999999994634","0.999999999994634","0.999999999994634","36.236236236241744","36.236236236241744","36.236236236241744","1.9019019018890069","1.9019019018890069","1.9019019018890069","64.56456456456415","64.56456456456415","64.56456456456415"
"6805.256673758","9.619238476953816","9.619238476953816","9.619238476953816","49.90000000000238","49.90000000000238","49.90000000000238","5.823293172692294","5.823293172692294","5.823293172692294","52.5","52.5","52.5"
"6815.256302548","3.9000000000032746","3.9000000000032746","3.9000000000032746","95.00499500499512","95.00499500499512","95.00499500499512","3.907815631265621","3.907815631265621","3.907815631265621","1.0010010010068495","1.0010010010068495","1.0010010010068495"
"6825.257057093","98.99999999999646","98.99999999999646","98.99999999999646","0.9009009008933552","0.9009009008933552","0.9009009008933552","2.512562814079309","2.512562814079309","2.512562814079309","1.2024048096181974","1.2024048096181974","1.2024048096181974"
"6835.256369609","25.274725274722183","25.274725274722183","25.274725274722183","69.13086913086836","69.13086913086836","69.13086913086836","8.208208208197117","8.208208208197117","8.208208208197117","15.145436308923122","15.145436308923122","15.145436308923122"
"6845.256670284","1.099999999996826","1.099999999996826","1.099999999996826","43.28657314629156","43.28657314629156","43.28657314629156","1.6064257028187627","1.6064257028187627","1.6064257028187627","57.49999999999999","57.49999999999999","57.49999999999999"
"6855.256064616","1.3013013013023038","1.3013013013023038","1.3013013013023038","50.450450450451115","50.450450450451115","50.450450450451115","1.5045135406183154","1.5045135406183154","1.5045135406183154","50.50100200400526","50.50100200400526","50.50100200400526"
"6865.256693823","8.416833667336496","8.416833667336496","8.416833667336496","40.64064064063103","40.64064064063103","40.64064064063103","7.329317269080357","7.329317269080357","7.329317269080357","61.46146146146608","61.46146146146608","61.46146146146608"
"6875.256513962","1.0999999999967258","1.0999999999967258","1.0999999999967258","94.00000000000546","94.00000000000546","94.00000000000546","1.899999999996171","1.899999999996171","1.899999999996171","7.014028056110709","7.014028056110709","7.014028056110709"
"6885.255956582","1.0020040080196297","1.0020040080196297","1.0020040080196297","45.645645645646496","45.645645645646496","45.645645645646496","1.6080402010051589","1.6080402010051589","1.6080402010051589","55.2552552552558","55.2552552552558","55.2552552552558"
"6895.256954227","36.80000000000746","36.80000000000746","36.80000000000746","47.252747252746154","47.252747252746154","47.252747252746154","3.907815631265977","3.907815631265977","3.907815631265977","32.02811244979506","32.02811244979506","32.02811244979506"
"6905.256513912","2.999999999992724","2.999999999992724","2.999999999992724","33.63363363363713","33.63363363363713","33.63363363363713","1.7051153460298336","1.7051153460298336","1.7051153460298336","67.5","67.5","67.5"
"6915.256605601","1.402805611225787","1.402805611225787","1.402805611225787","28.786359077229868","28.786359077229868","28.786359077229868","1.9038076152354741","1.9038076152354741","1.9038076152354741","72.37237237237869","72.37237237237869","72.37237237237869"
"6925.257073881","19.280719280720014","19.280719280720014","19.280719280720014","60.30000000000294","60.30000000000294","60.30000000000294","5.805805805806951","5.805805805806951","5.805805805806951","32.899999999992815","32.899999999992815","32.899999999992815"
"6935.256652812","1.4014014013867566","1.4014014013867566","1.4014014013867566","6.713426853707825","6.713426853707825","6.713426853707825","1.4056224899631216","1.4056224899631216","1.4056224899631216","94.1000000000071","94.1000000000071","94.1000000000071"
"6945.256745768","18.18181818182231","18.18181818182231","18.18181818182231","58.541458541463854","58.541458541463854","58.541458541463854","2.9087261785351677","2.9087261785351677","2.9087261785351677","24.448897795586014","24.448897795586014","24.448897795586014"
"6955.256800048","29.10000000000309","29.10000000000309","29.10000000000309","25.825825825823312","25.825825825823312","25.825825825823312","13.31331331330726","13.31331331330726","13.31331331330726","48.8977955911856","48.8977955911856","48.8977955911856"
"6965.25672101","25.62562562562786","25.62562562562786","25.62562562562786","41.38276553106503","41.38276553106503","41.38276553106503","1.606425702809778","1.606425702809778","1.606425702809778","37.07414829659299","37.07414829659299","37.07414829659299"
"6975.25641437","1.201201201200135","1.201201201200135","1.201201201200135","73.99999999999636","73.99999999999636","73.99999999999636","1.507537688447585","1.507537688447585","1.507537688447585","27.154308617240186","27.154308617240186","27.154308617240186"
"6985.256614536","1.3972055888166122","1.3972055888166122","1.3972055888166122","90.29999999999833","90.29999999999833","90.29999999999833","1.7051153460410813","1.7051153460410813","1.7051153460410813","10.82164328657289","10.82164328657289","10.82164328657289"
"6995.256943053","11.51151151150917","11.51151151150917","11.51151151150917","10.51051051051256","10.51051051051256","10.51051051051256","4.012036108321589","4.012036108321589","4.012036108321589","91.99199199198999","91.99199199198999","91.99199199198999"
"7005.256661868","1.2012012012090203","1.2012012012090203","1.2012012012090203","59.499999999998174","59.499999999998174","59.499999999998174","1.5030060120227469","1.5030060120227469","1.5030060120227469","41.44144144144185","41.44144144144185","41.44144144144185"
"7015.256477524","1.2987012986933928","1.2987012986933928","1.2987012986933928","10.11011011009523","10.11011011009523","10.11011011009523","1.506024096390878","1.506024096390878","1.506024096390878","91.50000000000469","91.50000000000469","91.50000000000469"
"7025.256315279","11.211211211210363","11.211211211210363","11.211211211210363","53.553553553558366","53.553553553558366","53.553553553558366","4.413239719162468","4.413239719162468","4.413239719162468","48.04413239719472","48.04413239719472","48.04413239719472"
"7035.256190878","1.1011011011114036","1.1011011011114036","1.1011011011114036","56.012024048095","56.012024048095","56.012024048095","1.6048144433217941","1.6048144433217941","1.6048144433217941","44.855144855136686","44.855144855136686","44.855144855136686"
"7045.256467342","7.592407592409607","7.592407592409607","7.592407592409607","82.11788211788125","82.11788211788125","82.11788211788125","13.226452905817194","13.226452905817194","13.226452905817194","1.0030090270871477","1.0030090270871477","1.0030090270871477"
"7055.256392682","46.50000000000059","46.50000000000059","46.50000000000059","47.652347652350976","47.652347652350976","47.652347652350976","2.01005025125449","2.01005025125449","2.01005025125449","20.820820820822824","20.820820820822824","20.820820820822824"
"7065.256285904","50.550550550553375","50.550550550553375","50.550550550553375","50.55055055054888","50.55055055054888","50.55055055054888","1.6032064128241172","1.6032064128241172","1.6032064128241172","1.202404809618088","1.202404809618088","1.202404809618088"
"7075.256372459","32.76723276722638","32.76723276722638","32.76723276722638","68.60000000000582","68.60000000000582","68.60000000000582","1.703406813628058","1.703406813628058","1.703406813628058","1.2024048096204758","1.2024048096204758","1.2024048096204758"
"7085.256468185","92.19999999999416","92.19999999999416","92.19999999999416","9.790209790206104","9.790209790206104","9.790209790206104","2.911646586338423","2.911646586338423","2.911646586338423","13.21321321321059","13.21321321321059","13.21321321321059"
"7095.256139553","56.856856856861015","56.856856856861015","56.856856856861015","22.92292292292097","22.92292292292097","22.92292292292097","1.7051153460388004","1.7051153460388004","1.7051153460388004","22.244488977964497","22.244488977964497","22.244488977964497"
"7105.256269133","13.999999999996362","13.999999999996362","13.999999999996362","1.3026052104309869","1.3026052104309869","1.3026052104309869","1.5030060120294448","1.5030060120294448","1.5030060120294448","86.99999999999818","86.99999999999818","86.99999999999818"
"7115.255898045","60.5605605605637","60.5605605605637","60.5605605605637","3.903903903889414","3.903903903889414","3.903903903889414","3.018108651917147","3.018108651917147","3.018108651917147","50.9528585757298","50.9528585757298","50.9528585757298"
"7125.257023439","33.400000000001455","33.400000000001455","33.400000000001455","1.0989010989114327","1.0989010989114327","1.0989010989114327","2.304609218423697","2.304609218423697","2.304609218423697","66.93306693306366","66.93306693306366","66.93306693306366"
"7135.256768365","27.27272727271571","27.27272727271571","27.27272727271571","1.2048192771073336","1.2048192771073336","1.2048192771073336","1.5045135406294439","1.5045135406294439","1.5045135406294439","73.99999999999636","73.99999999999636","73.99999999999636"
"7145.256806199","25.699999999997093","25.699999999997093","25.699999999997093","61.238761238761","61.238761238761","61.238761238761","3.103103103098355","3.103103103098355","3.103103103098355","27.727727727726126","27.727727727726126","27.727727727726126"
"7155.257010651","1.0989010989114327","1.0989010989114327","1.0989010989114327","58.75875875875896","58.75875875875896","58.75875875875896","1.6032064128263954","1.6032064128263954","1.6032064128263954","42.32698094282698","42.32698094282698","42.32698094282698"
"7165.25660129","1.2987012987023605","1.2987012987023605","1.2987012987023605","82.29999999999724","82.29999999999724","82.29999999999724","1.4056224899631216","1.4056224899631216","1.4056224899631216","18.53707414829936","18.53707414829936","18.53707414829936"
"7175.256568098","11.611611611610408","11.611611611610408","11.611611611610408","2.1063189568619927","2.1063189568619927","2.1063189568619927","4.216867469873384","4.216867469873384","4.216867469873384","100","100","100"
"7185.25728707","1.098901098897804","1.098901098897804","1.098901098897804","78.22177822178487","78.22177822178487","78.22177822178487","1.7051153460389563","1.7051153460389563","1.7051153460389563","22.54509018036193","22.54509018036193","22.54509018036193"
"7195.257813951","1.4014014014047096","1.4014014014047096","1.4014014014047096","31.093279839515127","31.093279839515127","31.093279839515127","1.706827309237672","1.706827309237672","1.706827309237672","70","70","70"
"7205.256952602","37.937937937940596","37.937937937940596","37.937937937940596","39.89999999999782","39.89999999999782","39.89999999999782","4.112337011033816","4.112337011033816","4.112337011033816","27.555110220439577","27.555110220439577","27.555110220439577"
"7215.256422867","39.53953953953308","39.53953953953308","39.53953953953308","14.629258517033739","14.629258517033739","14.629258517033739","2.9087261785440246","2.9087261785440246","2.9087261785440246","56.012024048100095","56.012024048100095","56.012024048100095"
"7225.256573846","29.229229229230597","29.229229229230597","29.229229229230597","66.23376623376588","66.23376623376588","66.23376623376588","1.6080402010035921","1.6080402010035921","1.6080402010035921","6.32530120482035","6.32530120482035","6.32530120482035"
"7235.256823649","46.14614614614878","46.14614614614878","46.14614614614878","17.600000000002183","17.600000000002183","17.600000000002183","2.0080321285139346","2.0080321285139346","2.0080321285139346","38.03803803803723","38.03803803803723","38.03803803803723"
"7245.256601653","13.899999999998727","13.899999999998727","13.899999999998727","41.058941058940626","41.058941058940626","41.058941058940626","7.723169508521341","7.723169508521341","7.723169508521341","55.61122244489631","55.61122244489631","55.61122244489631"
"7255.256767484","35.10000000000218","35.10000000000218","35.10000000000218","65.99799398194652","65.99799398194652","65.99799398194652","1.5090543259611469","1.5090543259611469","1.5090543259611469","1.499999999996362","1.499999999996362","1.499999999996362"
"7265.256132917","59.20000000000073","59.20000000000073","59.20000000000073","39.76023976023814","39.76023976023814","39.76023976023814","3.610832497482589","3.610832497482589","3.610832497482589","1.1022044088144027","1.1022044088144027","1.1022044088144027"
"7275.256337668","20.620620620615973","20.620620620615973","20.620620620615973","87.91208791208781","87.91208791208781","87.91208791208781","5.210420841678856","5.210420841678856","5.210420841678856","4.1082164328640784","4.1082164328640784","4.1082164328640784"
"7285.256380567","59.55955955956272","59.55955955956272","59.55955955956272","41.44144144144185","41.44144144144185","41.44144144144185","1.2072434607725775","1.2072434607725775","1.2072434607725775","1.003009027084867","1.003009027084867","1.003009027084867"
"7295.257103414","37.02594810377973","37.02594810377973","37.02594810377973","64.23576423576249","64.23576423576249","64.23576423576249","1.8999999999959982","1.8999999999959982","1.8999999999959982","1.1011011011068514","1.1011011011068514","1.1011011011068514"
"7305.256187567","78.4353059177555","78.4353059177555","78.4353059177555","17.13426853708125","17.13426853708125","17.13426853708125","10.621242484973447","10.621242484973447","10.621242484973447","11.923847695387293","11.923847695387293","11.923847695387293"
"7315.256212118","22.400000000004873","22.400000000004873","22.400000000004873","73.50000000000124","73.50000000000124","73.50000000000124","7.014028056110709","7.014028056110709","7.014028056110709","1.203610832496367","1.203610832496367","1.203610832496367"
"7325.256675822","93.50000000000304","93.50000000000304","93.50000000000304","1.1022044088144027","1.1022044088144027","1.1022044088144027","7.839195979905505","7.839195979905505","7.839195979905505","1.2012012012046869","1.2012012012046869","1.2012012012046869"
"7335.257324571","60.56056056056178","60.56056056056178","60.56056056056178","44.45554445554167","44.45554445554167","44.45554445554167","8.817635270535726","8.817635270535726","8.817635270535726","3.614457831322001","3.614457831322001","3.614457831322001"
"7345.256554999","62.700000000000976","62.700000000000976","62.700000000000976","38.200000000000564","38.200000000000564","38.200000000000564","1.7085427135596174","1.7085427135596174","1.7085427135596174","1.3000000000010914","1.3000000000010914","1.3000000000010914"
"7355.256354571","26.19999999999891","26.19999999999891","26.19999999999891","74.77477477477214","74.77477477477214","74.77477477477214","1.604814443339746","1.604814443339746","1.604814443339746","1.002004008010608","1.002004008010608","1.002004008010608"
"7365.256084187","13.013013013015119","13.013013013015119","13.013013013015119","60.46046046046142","60.46046046046142","60.46046046046142","12.33701103309573","12.33701103309573","12.33701103309573","32.164328657316396","32.164328657316396","32.164328657316396"
"7375.256705858","1.6016016016001797","1.6016016016001797","1.6016016016001797","30.600000000005767","30.600000000005767","30.600000000005767","1.40421263791927","1.40421263791927","1.40421263791927","70.79999999999927","70.79999999999927","70.79999999999927"
"7385.256798458","1.299999999996544","1.299999999996544","1.299999999996544","74.57457457457438","74.57457457457438","74.57457457457438","1.6048144433284894","1.6048144433284894","1.6048144433284894","26.526526526523465","26.526526526523465","26.526526526523465"
"7395.257374632","9.490509490508328","9.490509490508328","9.490509490508328","64.2714570858274","64.2714570858274","64.2714570858274","6.024096385548082","6.024096385548082","6.024096385548082","37.57515030060398","37.57515030060398","37.57515030060398"
"7405.257273461","1.1011011011158554","1.1011011011158554","1.1011011011158554","11.735205616859034","11.735205616859034","11.735205616859034","1.8054162487491119","1.8054162487491119","1.8054162487491119","88.88888888889193","88.88888888889193","88.88888888889193"
"7415.256558303","59.959959959959086","59.959959959959086","59.959959959959086","39.600000000000364","39.600000000000364","39.600000000000364","3.0060120240409374","3.0060120240409374","3.0060120240409374","1.2000000000078943","1.2000000000078943","1.2000000000078943"
"7425.25663025","67.4975074775643","67.4975074775643","67.4975074775643","37.82435129740097","37.82435129740097","37.82435129740097","8.116232464933484","8.116232464933484","8.116232464933484","2.004008016021216","2.004008016021216","2.004008016021216"
"7435.256385569","69.30000000000011","69.30000000000011","69.30000000000011","7.607607607609267","7.607607607609267","7.607607607609267","1.8999999999982717","1.8999999999982717","1.8999999999982717","28.38515546640033","28.38515546640033","28.38515546640033"
"7445.256222109","41.40000000000484","41.40000000000484","41.40000000000484","0.9018036072159265","0.9018036072159265","0.9018036072159265","1.7085427135686018","1.7085427135686018","1.7085427135686018","59.65965965966132","59.65965965966132","59.65965965966132"
"7455.256562766","48.048048048050916","48.048048048050916","48.048048048050916","41.099999999996726","41.099999999996726","41.099999999996726","6.318956870612769","6.318956870612769","6.318956870612769","8.116232464945677","8.116232464945677","8.116232464945677"
"7465.256982055","36.636636636635984","36.636636636635984","36.636636636635984","66.0678642714622","66.0678642714622","66.0678642714622","9.628886659973524","9.628886659973524","9.628886659973524","5.215646940818067","5.215646940818067","5.215646940818067"
"7475.256835586","95","95","95","5.917753259772065","5.917753259772065","5.917753259772065","1.4028056112166738","1.4028056112166738","1.4028056112166738","1.299999999983138","1.299999999983138","1.299999999983138"
"7485.256895278","27.944111776447706","27.944111776447706","27.944111776447706","73.19999999999709","73.19999999999709","73.19999999999709","1.7017017017203655","1.7017017017203655","1.7017017017203655","1.0030090270758363","1.0030090270758363","1.0030090270758363"
"7495.256234383","16.816816816826137","16.816816816826137","16.816816816826137","74.22577422577551","74.22577422577551","74.22577422577551","6.913827655309192","6.913827655309192","6.913827655309192","20.561685055174042","20.561685055174042","20.561685055174042"
"7505.257036177","1.0020040080016774","1.0020040080016774","1.0020040080016774","44.44444444445153","44.44444444445153","44.44444444445153","1.5045135406114736","1.5045135406114736","1.5045135406114736","56.65665665665644","56.65665665665644","56.65665665665644"
"7515.25723698","1.3972055888255621","1.3972055888255621","1.3972055888255621","73.87387387387659","73.87387387387659","73.87387387387659","1.8036072144406372","1.8036072144406372","1.8036072144406372","26.873126873126836","26.873126873126836","26.873126873126836"
"7525.25613083","6.806806806800765","6.806806806800765","6.806806806800765","19.399999999981336","19.399999999981336","19.399999999981336","9.136546184731447","9.136546184731447","9.136546184731447","82.4824824824821","82.4824824824821","82.4824824824821"
"7535.256831916","1.1988011988000824","1.1988011988000824","1.1988011988000824","56.61322645290464","56.61322645290464","56.61322645290464","1.303911735197675","1.303911735197675","1.303911735197675","44.644644644645986","44.644644644645986","44.644644644645986"
"7545.256531637","1.5984015984091957","1.5984015984091957","1.5984015984091957","38.99999999999636","38.99999999999636","38.99999999999636","1.5045135406183154","1.5045135406183154","1.5045135406183154","62.100000000000364","62.100000000000364","62.100000000000364"
"7555.256142193","12.112112112092186","12.112112112092186","12.112112112092186","32.53253253255008","32.53253253255008","32.53253253255008","3.7111334002104766","3.7111334002104766","3.7111334002104766","70.04008016032152","70.04008016032152","70.04008016032152"
"7565.256309825","1.2000000000168802","1.2000000000168802","1.2000000000168802","65.79999999999927","65.79999999999927","65.79999999999927","1.7017017017024672","1.7017017017024672","1.7017017017024672","35.270541082172926","35.270541082172926","35.270541082172926"
"7575.256631331","1.2024048096181974","1.2024048096181974","1.2024048096181974","51.79999999999414","51.79999999999414","51.79999999999414","1.4070351758662745","1.4070351758662745","1.4070351758662745","49.150849150848806","49.150849150848806","49.150849150848806"
"7585.257085198","12.087912087896214","12.087912087896214","12.087912087896214","82.1821821821785","82.1821821821785","82.1821821821785","4.020100502517753","4.020100502517753","4.020100502517753","19.77911646584948","19.77911646584948","19.77911646584948"
"7595.256767122","11.700000000012242","11.700000000012242","11.700000000012242","56.15615615615523","56.15615615615523","56.15615615615523","2.0080321285211706","2.0080321285211706","2.0080321285211706","34.134134134133426","34.134134134133426","34.134134134133426"
"7605.256059383","35.0350350350358","35.0350350350358","35.0350350350358","65.89999999999856","65.89999999999856","65.89999999999856","2.0040080160326075","2.0040080160326075","2.0040080160326075","0.9036144578418319","0.9036144578418319","0.9036144578418319"
"7615.255824599","32.103688933197596","32.103688933197596","32.103688933197596","71.10000000000056","71.10000000000056","71.10000000000056","12.938816449355292","12.938816449355292","12.938816449355292","2.2044088176511867","2.2044088176511867","2.2044088176511867"
"7625.256010352","79.7999999999993","79.7999999999993","79.7999999999993","17.800000000012407","17.800000000012407","17.800000000012407","4.814443329988188","4.814443329988188","4.814443329988188","1.4028056112166738","1.4028056112166738","1.4028056112166738"
"7635.256093937","56.99999999999819","56.99999999999819","56.99999999999819","32.267732267736285","32.267732267736285","32.267732267736285","3.1155778894333186","3.1155778894333186","3.1155778894333186","11.300000000001091","11.300000000001091","11.300000000001091"
"7645.256309331","66.99999999999818","66.99999999999818","66.99999999999818","8.917835671320642","8.917835671320642","8.917835671320642","18.23647294589422","18.23647294589422","18.23647294589422","24.248496993989765","24.248496993989765","24.248496993989765"
"7655.256997129","62.899999999992886","62.899999999992886","62.899999999992886","24.42442442443471","24.42442442443471","24.42442442443471","15.330661322634295","15.330661322634295","15.330661322634295","1.2024048096090842","1.2024048096090842","1.2024048096090842"
"7665.256483928","71.77177177177407","71.77177177177407","71.77177177177407","29.099999999998545","29.099999999998545","29.099999999998545","2.0040080160481906","2.0040080160481906","2.0040080160481906","1.3013013013203933","1.3013013013203933","1.3013013013203933"
"7675.256681203","38.161838161854746","38.161838161854746","38.161838161854746","4.004004004005002","4.004004004005002","4.004004004005002","3.012048192764043","3.012048192764043","3.012048192764043","62.12424849698577","62.12424849698577","62.12424849698577"
"7685.256701939","11.099999999996726","11.099999999996726","11.099999999996726","45.24524524525147","45.24524524525147","45.24524524525147","2.0060180541516726","2.0060180541516726","2.0060180541516726","56.31262525050237","56.31262525050237","56.31262525050237"
"7695.25675095","47.052947052950934","47.052947052950934","47.052947052950934","52.952952952953744","52.952952952953744","52.952952952953744","2.7027027027071315","2.7027027027071315","2.7027027027071315","1.0030090270758363","1.0030090270758363","1.0030090270758363"
"7705.256472051","27.627627627630417","27.627627627630417","27.627627627630417","56.49999999999636","56.49999999999636","56.49999999999636","1.2060301507617244","1.2060301507617244","1.2060301507617244","18.318318318303117","18.318318318303117","18.318318318303117"
"7715.255951445","70.6706706706671","70.6706706706671","70.6706706706671","37.100000000000364","37.100000000000364","37.100000000000364","6.526104417675542","6.526104417675542","6.526104417675542","3.610832497502455","3.610832497502455","3.610832497502455"
"7725.256769356","73.42657342656638","73.42657342656638","73.42657342656638","22.422422422420727","22.422422422420727","22.422422422420727","6.519558676018022","6.519558676018022","6.519558676018022","1.2036108325145018","1.2036108325145018","1.2036108325145018"
"7735.256177665","59.259259259261285","59.259259259261285","59.259259259261285","41.58316633266351","41.58316633266351","41.58316633266351","1.9057171514683713","1.9057171514683713","1.9057171514683713","1.698301698275439","1.698301698275439","1.698301698275439"
"7745.256773478","50.45045045045119","50.45045045045119","50.45045045045119","57.78443113773075","57.78443113773075","57.78443113773075","4.312938816443428","4.312938816443428","4.312938816443428","5.421686746988062","5.421686746988062","5.421686746988062"
"7755.257083952","27.100000000000364","27.100000000000364","27.100000000000364","73.80000000000109","73.80000000000109","73.80000000000109","1.7068273092466477","1.7068273092466477","1.7068273092466477","1.0010010010135861","1.0010010010135861","1.0010010010135861"
"7765.256769394","13.700000000014606","13.700000000014606","13.700000000014606","86.30000000000109","86.30000000000109","86.30000000000109","2.7108433734894652","2.7108433734894652","2.7108433734894652","1.1033099297681133","1.1033099297681133","1.1033099297681133"
"7775.256457699","67.16566866267503","67.16566866267503","67.16566866267503","35.07014028055354","35.07014028055354","35.07014028055354","5.516549648939905","5.516549648939905","5.516549648939905","10.03009027082495","10.03009027082495","10.03009027082495"
"7785.256932526","25.65130260520644","25.65130260520644","25.65130260520644","75.5999999999949","75.5999999999949","75.5999999999949","1.7034068136189449","1.7034068136189449","1.7034068136189449","1.2012012012090203","1.2012012012090203","1.2012012012090203"
"7795.256450781","57.299999999995634","57.299999999995634","57.299999999995634","14.114114114112967","14.114114114112967","14.114114114112967","3.3099297893783906","3.3099297893783906","3.3099297893783906","29.25851703407015","29.25851703407015","29.25851703407015"
"7805.256938703","9.999999999983629","9.999999999983629","9.999999999983629","44.14414414414365","44.14414414414365","44.14414414414365","5.817452357070866","5.817452357070866","5.817452357070866","58.216432865728905","58.216432865728905","58.216432865728905"
"7815.256859483","1.3000000000010914","1.3000000000010914","1.3000000000010914","27.28184553661832","27.28184553661832","27.28184553661832","1.7034068136368608","1.7034068136368608","1.7034068136368608","73.60000000000153","73.60000000000153","73.60000000000153"
"7825.256494495","1.2000000000214277","1.2000000000214277","1.2000000000214277","64.17165668662489","64.17165668662489","64.17165668662489","1.9038076152265344","1.9038076152265344","1.9038076152265344","36.436436436428934","36.436436436428934","36.436436436428934"
"7835.25674026","6.387225548888191","6.387225548888191","6.387225548888191","38.438438438440734","38.438438438440734","38.438438438440734","9.939759036152857","9.939759036152857","9.939759036152857","63.9278557114242","63.9278557114242","63.9278557114242"
"7845.25624212","2.300000000013406","2.300000000013406","2.300000000013406","66.66666666667274","66.66666666667274","66.66666666667274","1.603206412806329","1.603206412806329","1.603206412806329","33.266533066130805","33.266533066130805","33.266533066130805"
"7855.256432212","1.4000000000032742","1.4000000000032742","1.4000000000032742","32.79839518555408","32.79839518555408","32.79839518555408","1.7068273092286965","1.7068273092286965","1.7068273092286965","68.40000000000146","68.40000000000146","68.40000000000146"
"7865.256075176","21.378621378609896","21.378621378609896","21.378621378609896","51.999999999989086","51.999999999989086","51.999999999989086","3.212851405628394","3.212851405628394","3.212851405628394","41.541541541538805","41.541541541538805","41.541541541538805"
"7875.256378917","1.1976047904180203","1.1976047904180203","1.1976047904180203","84.21578421578528","84.21578421578528","84.21578421578528","1.606425702820475","1.606425702820475","1.606425702820475","16.432865731473044","16.432865731473044","16.432865731473044"
"7885.256247424","6.012024048108118","6.012024048108118","6.012024048108118","69.26926926926592","69.26926926926592","69.26926926926592","1.7051153460298336","1.7051153460298336","1.7051153460298336","26.699999999987394","26.699999999987394","26.699999999987394"
"7895.259808233","43.170488534381725","43.170488534381725","43.170488534381725","48.69999999999891","48.69999999999891","48.69999999999891","15.615615615635328","15.615615615635328","15.615615615635328","5.611222444889479","5.611222444889479","5.611222444889479"
"7905.256704193","5.605605605622369","5.605605605622369","5.605605605622369","2.002002002000225","2.002002002000225","2.002002002000225","1.606425702800793","1.606425702800793","1.606425702800793","99.2992992992931","99.2992992992931","99.2992992992931"
"7915.257022009","1.500000000005457","1.500000000005457","1.500000000005457","64.2642642642664","64.2642642642664","64.2642642642664","1.7051153460477673","1.7051153460477673","1.7051153460477673","36.90000000000509","36.90000000000509","36.90000000000509"
"7925.255924779","1.2012012012181243","1.2012012012181243","1.2012012012181243","54.954954954962176","54.954954954962176","54.954954954962176","1.307847082496001","1.307847082496001","1.307847082496001","46.046046046051416","46.046046046051416","46.046046046051416"
"7935.25671954","7.907907907881845","7.907907907881845","7.907907907881845","8.416833667327381","8.416833667327381","8.416833667327381","7.221664994978862","7.221664994978862","7.221664994978862","94.29429429429604","94.29429429429604","94.29429429429604"
"7945.25702731","61.138861138858715","61.138861138858715","61.138861138858715","1.4000000000078217","1.4000000000078217","1.4000000000078217","3.306613226434698","3.306613226434698","3.306613226434698","38.10000000000617","38.10000000000617","38.10000000000617"
"7955.256207025","5.605605605626921","5.605605605626921","5.605605605626921","18.318318318323758","18.318318318323758","18.318318318323758","1.608040201003445","1.608040201003445","1.608040201003445","78.17817817817479","78.17817817817479","78.17817817817479"
"7965.256213661","43.956043956039366","43.956043956039366","43.956043956039366","46.05394605394106","46.05394605394106","46.05394605394106","5.005005005024687","5.005005005024687","5.005005005024687","23.069207622871946","23.069207622871946","23.069207622871946"
"7975.256157795","54.49101796408347","54.49101796408347","54.49101796408347","44.5445445445437","44.5445445445437","44.5445445445437","4.204204204207301","4.204204204207301","4.204204204207301","1.299999999996544","1.299999999996544","1.299999999996544"
"7985.256620506","20.799999999984866","20.799999999984866","20.799999999984866","79.399999999996","79.399999999996","79.399999999996","2.407221664992954","2.407221664992954","2.407221664992954","1.0040160642697167","1.0040160642697167","1.0040160642697167"
"7995.257319591","12.62525050099563","12.62525050099563","12.62525050099563","79.67967967968549","79.67967967968549","79.67967967968549","2.905811623254839","2.905811623254839","2.905811623254839","22.04408817635185","22.04408817635185","22.04408817635185"
"8005.257109127","52.29540918164135","52.29540918164135","52.29540918164135","45.14514514513833","45.14514514513833","45.14514514513833","5.210420841670692","5.210420841670692","5.210420841670692","1.2024048096270916","1.2024048096270916","1.2024048096270916"
"8015.256782434","14.385614385625631","14.385614385625631","14.385614385625631","86.71328671328105","86.71328671328105","86.71328671328105","1.6032064128262493","1.6032064128262493","1.6032064128262493","1.0010010009955603","1.0010010009955603","1.0010010009955603"
"8025.256793968","62.52505010019412","62.52505010019412","62.52505010019412","46.65334665334576","46.65334665334576","46.65334665334576","4.400000000005093","4.400000000005093","4.400000000005093","4.116465863461094","4.116465863461094","4.116465863461094"
"8035.25624906","85.600000000004","85.600000000004","85.600000000004","14.171656686626854","14.171656686626854","14.171656686626854","3.410230692061948","3.410230692061948","3.410230692061948","1.4014014014047096","1.4014014014047096","1.4014014014047096"
"8045.256418836","51.70000000000072","51.70000000000072","51.70000000000072","49.24924924925105","49.24924924925105","49.24924924925105","1.5060240963820215","1.5060240963820215","1.5060240963820215","1.3026052104128791","1.3026052104128791","1.3026052104128791"
"8055.25670212","53.80000000000109","53.80000000000109","53.80000000000109","45.45454545454628","45.45454545454628","45.45454545454628","3.406813627257825","3.406813627257825","3.406813627257825","15.346038114341482","15.346038114341482","15.346038114341482"
"8065.257051754","19.38061938061496","19.38061938061496","19.38061938061496","50","50","50","1.7068273092375161","1.7068273092375161","1.7068273092375161","32.732732732728714","32.732732732728714","32.732732732728714"
"8075.256724093","40.959040959043705","40.959040959043705","40.959040959043705","47.800000000002","47.800000000002","47.800000000002","14.142427281845006","14.142427281845006","14.142427281845006","0.9009009008978253","0.9009009008978253","0.9009009008978253"
"8085.256434771","39.10000000000962","39.10000000000962","39.10000000000962","73.97397397396976","73.97397397396976","73.97397397396976","1.9057171514592492","1.9057171514592492","1.9057171514592492","2.1084337349311775","2.1084337349311775","2.1084337349311775"
"8095.256622155","29.75951903805809","29.75951903805809","29.75951903805809","33.567134268533074","33.567134268533074","33.567134268533074","1.5075376884410054","1.5075376884410054","1.5075376884410054","39.400000000016114","39.400000000016114","39.400000000016114"
"8105.256516286","52.10000000000037","52.10000000000037","52.10000000000037","49.09819639278863","49.09819639278863","49.09819639278863","1.9000000000070214","1.9000000000070214","1.9000000000070214","1.1011011010978475","1.1011011010978475","1.1011011010978475"
"8115.256548844","6.806806806826837","6.806806806826837","6.806806806826837","96.70000000000132","96.70000000000132","96.70000000000132","11.122244488984274","11.122244488984274","11.122244488984274","4.108216432859897","4.108216432859897","4.108216432859897"
"8125.256587063","23.42342342341629","23.42342342341629","23.42342342341629","76.52347652346914","76.52347652346914","76.52347652346914","2.409638554214447","2.409638554214447","2.409638554214447","1.204819277098312","1.204819277098312","1.204819277098312"
"8135.255945171","57.71543086171904","57.71543086171904","57.71543086171904","19.51951951953278","19.51951951953278","19.51951951953278","4.509018036062227","4.509018036062227","4.509018036062227","22.12212212212297","22.12212212212297","22.12212212212297"
"8145.259105699","37.08873379861791","37.08873379861791","37.08873379861791","51.49999999999636","51.49999999999636","51.49999999999636","1.7068273092375161","1.7068273092375161","1.7068273092375161","14.529058116231278","14.529058116231278","14.529058116231278"
"8155.256382226","33.13313313311658","33.13313313311658","33.13313313311658","69.70000000000806","69.70000000000806","69.70000000000806","3.2160804020074782","3.2160804020074782","3.2160804020074782","11.72344689380035","11.72344689380035","11.72344689380035"
"8165.256309966","8.80000000001768","8.80000000001768","8.80000000001768","91.89189189188771","91.89189189188771","91.89189189188771","2.195608782448523","2.195608782448523","2.195608782448523","1.2024048096090842","1.2024048096090842","1.2024048096090842"
"8175.257384292","13.21321321321059","13.21321321321059","13.21321321321059","47.39478957915602","47.39478957915602","47.39478957915602","4.7283702213220025","4.7283702213220025","4.7283702213220025","38.100000000004","38.100000000004","38.100000000004"
"8185.256397187","10.3896103896098","10.3896103896098","10.3896103896098","79.74051896207928","79.74051896207928","79.74051896207928","6.024096385545249","6.024096385545249","6.024096385545249","21.686746987957417","21.686746987957417","21.686746987957417"
"8195.256434635","1.1011011010978475","1.1011011010978475","1.1011011010978475","39.860139860125884","39.860139860125884","39.860139860125884","1.3065326633086825","1.3065326633086825","1.3065326633086825","61.300000000001084","61.300000000001084","61.300000000001084"
"8205.256997813","1.201201201200135","1.201201201200135","1.201201201200135","55.11022044088417","55.11022044088417","55.11022044088417","1.5015015015158273","1.5015015015158273","1.5015015015158273","46.09999999998692","46.09999999998692","46.09999999998692"
"8215.256866232","12.88711288712133","12.88711288712133","12.88711288712133","37.50000000000455","37.50000000000455","37.50000000000455","3.109327983929274","3.109327983929274","3.109327983929274","64.82965931863995","64.82965931863995","64.82965931863995"
"8225.256478924","1.3986013985776358","1.3986013985776358","1.3986013985776358","1.4014014013956055","1.4014014013956055","1.4014014013956055","1.6032064128265417","1.6032064128265417","1.6032064128265417","100","100","100"
"8235.25659839","1.0010010010046646","1.0010010010046646","1.0010010010046646","31.431431431435396","31.431431431435396","31.431431431435396","1.4056224899721246","1.4056224899721246","1.4056224899721246","69.63036963036514","69.63036963036514","69.63036963036514"
"8245.256495007","33.86613386613933","33.86613386613933","33.86613386613933","45.29999999999745","45.29999999999745","45.29999999999745","11.935807422270516","11.935807422270516","11.935807422270516","27.78335005016071","27.78335005016071","27.78335005016071"
"8255.256639889","49.14914914913951","49.14914914913951","49.14914914913951","5.00500500499601","5.00500500499601","5.00500500499601","1.4042126379102757","1.4042126379102757","1.4042126379102757","48.400000000001455","48.400000000001455","48.400000000001455"
"8265.256561072","43.100000000004","43.100000000004","43.100000000004","1.2024048096181974","1.2024048096181974","1.2024048096181974","1.705115346038645","1.705115346038645","1.705115346038645","57.85785785785657","57.85785785785657","57.85785785785657"
"8275.256783987","51.54845154844897","51.54845154844897","51.54845154844897","53.55355355354926","53.55355355354926","53.55355355354926","4.216867469880619","4.216867469880619","4.216867469880619","9.309309309319836","9.309309309319836","9.309309309319836"
"8285.25658662","39.36063936064359","39.36063936064359","39.36063936064359","1.1033099298041997","1.1033099298041997","1.1033099298041997","1.701701701704743","1.701701701704743","1.701701701704743","61.561561561559266","61.561561561559266","61.561561561559266"
"8295.256155236","21.743486973954727","21.743486973954727","21.743486973954727","27.027027027025795","27.027027027025795","27.027027027025795","2.8140703517651695","2.8140703517651695","2.8140703517651695","52.10000000000037","52.10000000000037","52.10000000000037"
"8305.25638075","27.14570858281832","27.14570858281832","27.14570858281832","51.097804391218794","51.097804391218794","51.097804391218794","7.615230460906138","7.615230460906138","7.615230460906138","31.731731731733152","31.731731731733152","31.731731731733152"
"8315.256230311","30.000000000012733","30.000000000012733","30.000000000012733","0.8024072216462197","0.8024072216462197","0.8024072216462197","2.710843373499814","2.710843373499814","2.710843373499814","70.0700700700716","70.0700700700716","70.0700700700716"
"8325.256743945","98.0999999999949","98.0999999999949","98.0999999999949","1.3000000000010914","1.3000000000010914","1.3000000000010914","3.3165829145724968","3.3165829145724968","3.3165829145724968","1.1011011010978475","1.1011011010978475","1.1011011010978475"
"8335.256773848","20.900000000006003","20.900000000006003","20.900000000006003","25.65130260521088","25.65130260521088","25.65130260521088","9.4188376753545","9.4188376753545","9.4188376753545","62.32464929860022","62.32464929860022","62.32464929860022"
"8345.256812072","23.299999999999272","23.299999999999272","23.299999999999272","75.50000000000182","75.50000000000182","75.50000000000182","3.610832497498553","3.610832497498553","3.610832497498553","1.4028056112212304","1.4028056112212304","1.4028056112212304"
"8355.257853924","52.705410821638665","52.705410821638665","52.705410821638665","48.45154845155103","48.45154845155103","48.45154845155103","1.2060301507436637","1.2060301507436637","1.2060301507436637","1.0010010009955603","1.0010010009955603","1.0010010009955603"
"8365.257379801","28.071928071931456","28.071928071931456","28.071928071931456","63.52705410821821","63.52705410821821","63.52705410821821","2.20440881764663","2.20440881764663","2.20440881764663","16.7502507522586","16.7502507522586","16.7502507522586"
"8375.25669413","13.213213213215141","13.213213213215141","13.213213213215141","54.34565434565825","54.34565434565825","54.34565434565825","1.803607214431524","1.803607214431524","1.803607214431524","41.19999999999891","41.19999999999891","41.19999999999891"
"8385.256774218","60.439560439568126","60.439560439568126","60.439560439568126","40.740740740738715","40.740740740738715","40.740740740738715","1.2084592144756314","1.2084592144756314","1.2084592144756314","1.0040160642605853","1.0040160642605853","1.0040160642605853"
"8395.256303499","12.112112112103638","12.112112112103638","12.112112112103638","59.099999999991105","59.099999999991105","59.099999999991105","1.6048144433286358","1.6048144433286358","1.6048144433286358","31.400000000003274","31.400000000003274","31.400000000003274"
"8405.257034241","31.599999999998545","31.599999999998545","31.599999999998545","65.46546546547282","65.46546546547282","65.46546546547282","7.7154308617122105","7.7154308617122105","7.7154308617122105","13.426853707396539","13.426853707396539","13.426853707396539"
"8415.256490541","1.3000000000010914","1.3000000000010914","1.3000000000010914","100","100","100","1.2036108325053796","1.2036108325053796","1.2036108325053796","1.0030090270938978","1.0030090270938978","1.0030090270938978"
"8425.256970572","71.40000000000327","71.40000000000327","71.40000000000327","28.371628371616193","28.371628371616193","28.371628371616193","2.9087261785440246","2.9087261785440246","2.9087261785440246","1.2024048096270916","1.2024048096270916","1.2024048096270916"
"8435.256939664","50.64676616915029","50.64676616915029","50.64676616915029","54.05405405405996","54.05405405405996","54.05405405405996","10.140562249001347","10.140562249001347","10.140562249001347","3.203203203182735","3.203203203182735","3.203203203182735"
"8445.256472194","55.399999999999636","55.399999999999636","55.399999999999636","45.74574574574383","45.74574574574383","45.74574574574383","1.604814443328343","1.604814443328343","1.604814443328343","0.9036144578237341","0.9036144578237341","0.9036144578237341"
"8455.256292884","87.60000000000218","87.60000000000218","87.60000000000218","8.391608391614206","8.391608391614206","8.391608391614206","7.014028056119821","7.014028056119821","7.014028056119821","1.4014014014181104","1.4014014014181104","1.4014014014181104"
"8465.256312066","18.39999999999236","18.39999999999236","18.39999999999236","93.40659340659501","93.40659340659501","93.40659340659501","4.408817635257611","4.408817635257611","4.408817635257611","1.9038076152265344","1.9038076152265344","1.9038076152265344"
"8475.258851631","72.57257257257416","72.57257257257416","72.57257257257416","28.12812812812364","28.12812812812364","28.12812812812364","1.9038076152356476","1.9038076152356476","1.9038076152356476","0.9018036072159265","0.9018036072159265","0.9018036072159265"
"8485.256274605","32.100000000000364","32.100000000000364","32.100000000000364","68.63136863136943","68.63136863136943","68.63136863136943","2.208835341359081","2.208835341359081","2.208835341359081","0.8008008008090481","0.8008008008090481","0.8008008008090481"
"8495.256711434","54.54545454546198","54.54545454546198","54.54545454546198","55.30000000000559","55.30000000000559","55.30000000000559","5.220883534140434","5.220883534140434","5.220883534140434","2.8112449799173684","2.8112449799173684","2.8112449799173684"
"8505.2568188","33.033033033023386","33.033033033023386","33.033033033023386","65.69999999999085","65.69999999999085","65.69999999999085","3.90390390391566","3.90390390391566","3.90390390391566","0.902708124365516","0.902708124365516","0.902708124365516"
"8515.256353059","1.398601398604639","1.398601398604639","1.398601398604639","48.200000000006185","48.200000000006185","48.200000000006185","1.9057171514436329","1.9057171514436329","1.9057171514436329","52.952952952953744","52.952952952953744","52.952952952953744"
"8525.25632332","11.300000000008131","11.300000000008131","11.300000000008131","6.012024048108118","6.012024048108118","6.012024048108118","4.417670682718968","4.417670682718968","4.417670682718968","96.19999999999959","96.19999999999959","96.19999999999959"
"8535.256315934","1.49999999998754","1.49999999998754","1.49999999998754","15.015015015006238","15.015015015006238","15.015015015006238","1.705115346038645","1.705115346038645","1.705115346038645","85.8141858141854","85.8141858141854","85.8141858141854"
"8545.256934959","1.1988011988046252","1.1988011988046252","1.1988011988046252","61.100000000005814","61.100000000005814","61.100000000005814","1.5045135406379961","1.5045135406379961","1.5045135406379961","40.22066198595358","40.22066198595358","40.22066198595358"
"8555.256790189","12.299999999995634","12.299999999995634","12.299999999995634","5.599999999994907","5.599999999994907","5.599999999994907","2.8056112224333476","2.8056112224333476","2.8056112224333476","97.29999999999563","97.29999999999563","97.29999999999563"
"8565.256463318","1.102204408832428","1.102204408832428","1.102204408832428","55.55555555555859","55.55555555555859","55.55555555555859","1.5045135406362855","1.5045135406362855","1.5045135406362855","45.691382765527955","45.691382765527955","45.691382765527955"
"8575.256604586","1.499999999996362","1.499999999996362","1.499999999996362","24.924924924923282","24.924924924923282","24.924924924923282","1.7051153460389563","1.7051153460389563","1.7051153460389563","76.02397602397582","76.02397602397582","76.02397602397582"
"8585.256855157","11.200000000008004","11.200000000008004","11.200000000008004","78.40000000000146","78.40000000000146","78.40000000000146","3.0181086519062816","3.0181086519062816","3.0181086519062816","23.446893787573078","23.446893787573078","23.446893787573078"
"8595.256846885","1.7017017016754648","1.7017017016754648","1.7017017016754648","67.8678678678668","67.8678678678668","67.8678678678668","2.3046092184348788","2.3046092184348788","2.3046092184348788","32.79839518556634","32.79839518556634","32.79839518556634"
"8605.256483983","1.3000000000190448","1.3000000000190448","1.3000000000190448","52.25225225225554","52.25225225225554","52.25225225225554","1.5060240964000096","1.5060240964000096","1.5060240964000096","48.748748748748724","48.748748748748724","48.748748748748724"
"8615.256402398","1.3013013013024222","1.3013013013024222","1.3013013013024222","21.37862137862418","21.37862137862418","21.37862137862418","1.303911735197675","1.303911735197675","1.303911735197675","79.92007992007818","79.92007992007818","79.92007992007818"
"8625.256436271","10.999999999994543","10.999999999994543","10.999999999994543","31.76352705410122","31.76352705410122","31.76352705410122","4.718875502021555","4.718875502021555","4.718875502021555","70.97097097097398","70.97097097097398","70.97097097097398"
"8635.255989884","1.2999999999876855","1.2999999999876855","1.2999999999876855","75.10000000000218","75.10000000000218","75.10000000000218","1.705115346038645","1.705115346038645","1.705115346038645","25.951903807608712","25.951903807608712","25.951903807608712"
"8645.257093673","1.1011011011158554","1.1011011011158554","1.1011011011158554","42.49999999998954","42.49999999998954","42.49999999998954","1.604814443310684","1.604814443310684","1.604814443310684","58.4168336673365","58.4168336673365","58.4168336673365"
"8655.256773353","12.725450901799427","12.725450901799427","12.725450901799427","48.20359281437751","48.20359281437751","48.20359281437751","2.805611222435626","2.805611222435626","2.805611222435626","54.00000000000473","54.00000000000473","54.00000000000473"
"8665.256349995","1.497005988029333","1.497005988029333","1.497005988029333","57.55755755755744","57.55755755755744","57.55755755755744","1.4056224899541183","1.4056224899541183","1.4056224899541183","43.430290872610854","43.430290872610854","43.430290872610854"
"8675.255952158","1.2987012986844249","1.2987012986844249","1.2987012986844249","14.028056112221417","14.028056112221417","14.028056112221417","1.700000000003001","1.700000000003001","1.700000000003001","86.9000000000051","86.9000000000051","86.9000000000051"
"8685.2568031","12.212212212205923","12.212212212205923","12.212212212205923","74.27716849451419","74.27716849451419","74.27716849451419","3.4102306920779126","3.4102306920779126","3.4102306920779126","27.827827827825885","27.827827827825885","27.827827827825885"
"8695.256689913","1.2024048096362048","1.2024048096362048","1.2024048096362048","43.85614385614617","43.85614385614617","43.85614385614617","2.1021021021112336","2.1021021021112336","2.1021021021112336","57.31462925851298","57.31462925851298","57.31462925851298"
"8705.257136902","1.2987012986844249","1.2987012986844249","1.2987012986844249","71.171171171174","71.171171171174","71.171171171174","1.5045135406183154","1.5045135406183154","1.5045135406183154","29.85971943888747","29.85971943888747","29.85971943888747"
"8715.256768635","5.489021956089401","5.489021956089401","5.489021956089401","40.54054054054497","40.54054054054497","40.54054054054497","10.32064128257254","10.32064128257254","10.32064128257254","61.32264529057364","61.32264529057364","61.32264529057364"
"8725.256944592","1.201201201200135","1.201201201200135","1.201201201200135","22.945891783567774","22.945891783567774","22.945891783567774","1.706827309237828","1.706827309237828","1.706827309237828","77.87787787788106","77.87787787788106","77.87787787788106"
"8735.256530888","1.200000000003456","1.200000000003456","1.200000000003456","58.958958958961894","58.958958958961894","58.958958958961894","1.604814443328343","1.604814443328343","1.604814443328343","42.04204204204114","42.04204204204114","42.04204204204114"
"8745.256200402","42.5","42.5","42.5","57.22831505482313","57.22831505482313","57.22831505482313","4.321608040204404","4.321608040204404","4.321608040204404","14.414414414404245","14.414414414404245","14.414414414404245"
"8755.25652346","18.000000000016737","18.000000000016737","18.000000000016737","49.448345035111586","49.448345035111586","49.448345035111586","1.705115346022992","1.705115346022992","1.705115346022992","34.969939879761604","34.969939879761604","34.969939879761604"
"8765.256429765","60.29999999999023","60.29999999999023","60.29999999999023","1.1033099297861564","1.1033099297861564","1.1033099297861564","3.5140562249029172","3.5140562249029172","3.5140562249029172","38.438438438440734","38.438438438440734","38.438438438440734"
"8775.256485182","9.090909090916524","9.090909090916524","9.090909090916524","31.06212424850545","31.06212424850545","31.06212424850545","7.321965897690892","7.321965897690892","7.321965897690892","70.27027027026708","70.27027027026708","70.27027027026708"
"8785.256364232","62.5","62.5","62.5","3.9960039960093603","3.9960039960093603","3.9960039960093603","1.703406813628058","1.703406813628058","1.703406813628058","35.93593593594273","35.93593593594273","35.93593593594273"
"8795.256359417","43.84384384384701","43.84384384384701","43.84384384384701","1.1000000000012733","1.1000000000012733","1.1000000000012733","5.236656596177455","5.236656596177455","5.236656596177455","53.246753246751354","53.246753246751354","53.246753246751354"
"8805.256783812","84.69999999999976","84.69999999999976","84.69999999999976","16.116116116097917","16.116116116097917","16.116116116097917","3.5105315947875924","3.5105315947875924","3.5105315947875924","13.654618473900129","13.654618473900129","13.654618473900129"
"8815.256669103","1.2024048096270916","1.2024048096270916","1.2024048096270916","37.47494989979906","37.47494989979906","37.47494989979906","1.8036072144364095","1.8036072144364095","1.8036072144364095","63.66366366366177","63.66366366366177","63.66366366366177"
"8825.256832338","1.299999999983138","1.299999999983138","1.299999999983138","65.499999999999","65.499999999999","65.499999999999","1.3052208835262151","1.3052208835262151","1.3052208835262151","35.599999999992285","35.599999999992285","35.599999999992285"
"8835.256751629","4.804804804826977","4.804804804826977","4.804804804826977","27.888446215147887","27.888446215147887","27.888446215147887","1.8108651911497167","1.8108651911497167","1.8108651911497167","74.14829659318598","74.14829659318598","74.14829659318598"
"8845.256594069","45.55444555443947","45.55444555443947","45.55444555443947","1.404212637872018","1.404212637872018","1.404212637872018","8.525576730193226","8.525576730193226","8.525576730193226","56.91382765531476","56.91382765531476","56.91382765531476"
"8855.25683084","26.773226773215793","26.773226773215793","26.773226773215793","1.4042126379259836","1.4042126379259836","1.4042126379259836","4.819277108429774","4.819277108429774","4.819277108429774","70.72927072927301","70.72927072927301","70.72927072927301"
"8865.256779805","64.30000000000291","64.30000000000291","64.30000000000291","1.7964071856493964","1.7964071856493964","1.7964071856493964","2.0020020020112406","2.0020020020112406","2.0020020020112406","36.03603603603136","36.03603603603136","36.03603603603136"
"8875.257072453","84.23153692614912","84.23153692614912","84.23153692614912","22.567703109320345","22.567703109320345","22.567703109320345","8.024072216643178","8.024072216643178","8.024072216643178","3.510531594796715","3.510531594796715","3.510531594796715"
"8885.256423216","58.500000000002096","58.500000000002096","58.500000000002096","37.16283716284344","37.16283716284344","37.16283716284344","6.820461384155825","6.820461384155825","6.820461384155825","1.0020040079925643","1.0020040079925643","1.0020040079925643"
"8895.256990952","1.3999999999898864","1.3999999999898864","1.3999999999898864","95.49549549549722","95.49549549549722","95.49549549549722","1.4042126379102757","1.4042126379102757","1.4042126379102757","5.410821643286445","5.410821643286445","5.410821643286445"
"8905.256295464","8.591408591421743","8.591408591421743","8.591408591421743","89.79999999999563","89.79999999999563","89.79999999999563","7.299999999978772","7.299999999978772","7.299999999978772","12.124248497006343","12.124248497006343","12.124248497006343"
"8915.256076119","1.1011011010889442","1.1011011010889442","1.1011011010889442","65.36536536536424","65.36536536536424","65.36536536536424","1.6048144433286358","1.6048144433286358","1.6048144433286358","35.53553553552903","35.53553553552903","35.53553553552903"
"8925.256556532","1.297405189621791","1.297405189621791","1.297405189621791","66.99999999999818","66.99999999999818","66.99999999999818","1.407035175891468","1.407035175891468","1.407035175891468","34.2026078234712","34.2026078234712","34.2026078234712"
"8935.25652599","11.711711711703591","11.711711711703591","11.711711711703591","40.900000000001455","40.900000000001455","40.900000000001455","4.714142427275587","4.714142427275587","4.714142427275587","61.63836163836799","61.63836163836799","61.63836163836799"
"8945.25633622","1.3000000000235923","1.3000000000235923","1.3000000000235923","5.600000000004002","5.600000000004002","5.600000000004002","1.6048144433286358","1.6048144433286358","1.6048144433286358","95.39539539539409","95.39539539539409","95.39539539539409"
"8955.257087767","1.0020040079925643","1.0020040079925643","1.0020040079925643","58.41683366732738","58.41683366732738","58.41683366732738","1.6032064128259722","1.6032064128259722","1.6032064128259722","42.700000000004366","42.700000000004366","42.700000000004366"
"8965.256576249","50.65065065065565","50.65065065065565","50.65065065065565","19.099999999998545","19.099999999998545","19.099999999998545","2.99700299701329","2.99700299701329","2.99700299701329","45.691382765527955","45.691382765527955","45.691382765527955"
"8975.25668124","14.085914085921411","14.085914085921411","14.085914085921411","36.97394789580068","36.97394789580068","36.97394789580068","1.604814443310684","1.604814443310684","1.604814443310684","51.04895104895556","51.04895104895556","51.04895104895556"
"8985.257679845","40.10000000000218","40.10000000000218","40.10000000000218","58.141858141863054","58.141858141863054","58.141858141863054","4.718875502019272","4.718875502019272","4.718875502019272","1.6048144433195137","1.6048144433195137","1.6048144433195137"
"8995.256317593","74.82517482517102","74.82517482517102","74.82517482517102","35.03503503501942","35.03503503501942","35.03503503501942","6.906906906913174","6.906906906913174","6.906906906913174","3.722334004032006","3.722334004032006","3.722334004032006"
"9005.256397841","52.10000000000037","52.10000000000037","52.10000000000037","49.20000000000997","49.20000000000997","49.20000000000997","1.6064257028099247","1.6064257028099247","1.6064257028099247","1.301301301306974","1.301301301306974","1.301301301306974"
"9015.256178172","11.634904714148732","11.634904714148732","11.634904714148732","87.60000000000218","87.60000000000218","87.60000000000218","3.41023069207729","3.41023069207729","3.41023069207729","1.3052208835351085","1.3052208835351085","1.3052208835351085"
"9025.256782489","4.699999999985212","4.699999999985212","4.699999999985212","32.36472945891487","32.36472945891487","32.36472945891487","12.248995983930241","12.248995983930241","12.248995983930241","69.5390781563061","69.5390781563061","69.5390781563061"
"9035.256764561","40.34034034033867","40.34034034033867","40.34034034033867","9.31863727454331","9.31863727454331","9.31863727454331","1.7102615694194307","1.7102615694194307","1.7102615694194307","52.747252747258145","52.747252747258145","52.747252747258145"
"9045.257344141","24.975024975028973","24.975024975028973","24.975024975028973","28.828828828843513","28.828828828843513","28.828828828843513","1.807228915665731","1.807228915665731","1.807228915665731","48.89779559117648","48.89779559117648","48.89779559117648"
"9055.256656928","4.112337011040282","4.112337011040282","4.112337011040282","12.62525050099563","12.62525050099563","12.62525050099563","7.622868605818751","7.622868605818751","7.622868605818751","90.00000000000182","90.00000000000182","90.00000000000182"
"9065.256518364","6.199999999990942","6.199999999990942","6.199999999990942","36.736736736738266","36.736736736738266","36.736736736738266","1.8108651911497167","1.8108651911497167","1.8108651911497167","64.66466466466001","64.66466466466001","64.66466466466001"
"9075.255943565","1.002004008010608","1.002004008010608","1.002004008010608","47.64764764763223","47.64764764763223","47.64764764763223","1.903807615237926","1.903807615237926","1.903807615237926","53.4068136272555","53.4068136272555","53.4068136272555"
"9085.257087927","1.2000000000168802","1.2000000000168802","1.2000000000168802","79.45891783567237","79.45891783567237","79.45891783567237","2.004008016041355","2.004008016041355","2.004008016041355","21.900000000005093","21.900000000005093","21.900000000005093"
"9095.256114588","35.90772316951272","35.90772316951272","35.90772316951272","18.36327345308872","18.36327345308872","18.36327345308872","3.323262839860615","3.323262839860615","3.323262839860615","62.16216216216388","62.16216216216388","62.16216216216388"
"9105.256980131","6.09999999998874","6.09999999998874","6.09999999998874","65.46546546546827","65.46546546546827","65.46546546546827","2.1084337349311775","2.1084337349311775","2.1084337349311775","30.76152304609412","30.76152304609412","30.76152304609412"
"9115.257281617","1.202404809591077","1.202404809591077","1.202404809591077","57.1142284569145","57.1142284569145","57.1142284569145","1.9133937562991314","1.9133937562991314","1.9133937562991314","44.388777555104944","44.388777555104944","44.388777555104944"
"9125.256211482","18.218218218215704","18.218218218215704","18.218218218215704","61.061061061064024","61.061061061064024","61.061061061064024","4.81927710844944","4.81927710844944","4.81927710844944","37.01103309931017","37.01103309931017","37.01103309931017"
"9135.25643806","98.30169830169791","98.30169830169791","98.30169830169791","1.2012012011821456","1.2012012011821456","1.2012012011821456","3.614457831315482","3.614457831315482","3.614457831315482","1.1988011987866714","1.1988011987866714","1.1988011987866714"
"9145.256832329","20.541082164322265","20.541082164322265","20.541082164322265","12.13640922769112","12.13640922769112","12.13640922769112","1.7102615694171435","1.7102615694171435","1.7102615694171435","69.33867735471318","69.33867735471318","69.33867735471318"
"9155.256760804","34.23423423424769","34.23423423424769","34.23423423424769","22.022022022020682","22.022022022020682","22.022022022020682","6.827309236951777","6.827309236951777","6.827309236951777","56.656656656664325","56.656656656664325","56.656656656664325"
"9165.257126941","42.64264264263076","42.64264264263076","42.64264264263076","1.0020040080151646","1.0020040080151646","1.0020040080151646","1.9095477386850845","1.9095477386850845","1.9095477386850845","58.49999999999454","58.49999999999454","58.49999999999454"
"9175.257068266","42.72818455365686","42.72818455365686","42.72818455365686","14.643931795393936","14.643931795393936","14.643931795393936","2.7054108216500574","2.7054108216500574","2.7054108216500574","44.70000000000255","44.70000000000255","44.70000000000255"
"9185.256386886","11.022044088180479","11.022044088180479","11.022044088180479","79.4794794794772","79.4794794794772","79.4794794794772","6.306306306298433","6.306306306298433","6.306306306298433","22.31155778894059","22.31155778894059","22.31155778894059"
"9195.257528077","1.4000000000121144","1.4000000000121144","1.4000000000121144","67.96796796796909","67.96796796796909","67.96796796796909","1.5075376884387202","1.5075376884387202","1.5075376884387202","33.13313313312876","33.13313313312876","33.13313313312876"
"9205.256204559","1.10441767068847","1.10441767068847","1.10441767068847","49.49899799599014","49.49899799599014","49.49899799599014","1.8054162487489471","1.8054162487489471","1.8054162487489471","51.5030060120293","51.5030060120293","51.5030060120293"
"9215.257070645","12.112112112117293","12.112112112117293","12.112112112117293","27.17282717281589","27.17282717281589","27.17282717281589","5.025125628140336","5.025125628140336","5.025125628140336","75.39999999999964","75.39999999999964","75.39999999999964"
"9225.256049244","1.3052208835081907","1.3052208835081907","1.3052208835081907","66.13226452906171","66.13226452906171","66.13226452906171","2.1000000000117325","2.1000000000117325","2.1000000000117325","34.89999999999782","34.89999999999782","34.89999999999782"
"9235.255996647","1.5015015015158273","1.5015015015158273","1.5015015015158273","31.46292585169895","31.46292585169895","31.46292585169895","1.7102615694171435","1.7102615694171435","1.7102615694171435","69.46946946947608","69.46946946947608","69.46946946947608"
"9245.256607371","15.015015015021712","15.015015015021712","15.015015015021712","89.42115768463628","89.42115768463628","89.42115768463628","2.407221664992954","2.407221664992954","2.407221664992954","12.048192771074435","12.048192771074435","12.048192771074435"
"9255.256336212","37.73773773774293","37.73773773774293","37.73773773774293","61.53846153846329","61.53846153846329","61.53846153846329","1.7017017017038643","1.7017017017038643","1.7017017017038643","2.9029029028934983","2.9029029028934983","2.9029029028934983"
"9265.256966581","54.208416833659136","54.208416833659136","54.208416833659136","28.757515030051174","28.757515030051174","28.757515030051174","1.9076305220936345","1.9076305220936345","1.9076305220936345","19.33867735471318","19.33867735471318","19.33867735471318"
"9275.256598107","49.00000000000546","49.00000000000546","49.00000000000546","28.35671342685422","28.35671342685422","28.35671342685422","3.2193158953537173","3.2193158953537173","3.2193158953537173","31.963927855708814","31.963927855708814","31.963927855708814"
"9285.256354049","75.19999999999527","75.19999999999527","75.19999999999527","1.400000000016662","1.400000000016662","1.400000000016662","2.7054108216477792","2.7054108216477792","2.7054108216477792","31.931931931941016","31.931931931941016","31.931931931941016"
"9295.25625086","12.725450901803981","12.725450901803981","12.725450901803981","1.301301301284451","1.301301301284451","1.301301301284451","2.104208416827289","2.104208416827289","2.104208416827289","88.49999999999454","88.49999999999454","88.49999999999454"
"9305.257141274","60.639360639358344","60.639360639358344","60.639360639358344","18.13627254510079","18.13627254510079","18.13627254510079","1.7085427135684454","1.7085427135684454","1.7085427135684454","23.5707121364053","23.5707121364053","23.5707121364053"
"9315.257585014","36.03603603604301","36.03603603604301","36.03603603604301","62.0620620620616","62.0620620620616","62.0620620620616","6.92771084337795","6.92771084337795","6.92771084337795","14.428857715447634","14.428857715447634","14.428857715447634"
"9325.25723875","1.1022044088144027","1.1022044088144027","1.1022044088144027","21.66499498496","21.66499498496","21.66499498496","1.6096579476871522","1.6096579476871522","1.6096579476871522","79.49999999999818","79.49999999999818","79.49999999999818"
"9335.256301361","1.3013013013112893","1.3013013013112893","1.3013013013112893","62.43756243756333","62.43756243756333","62.43756243756333","1.8054162487489471","1.8054162487489471","1.8054162487489471","38.67735470941725","38.67735470941725","38.67735470941725"
"9345.256302165","12.887112887105499","12.887112887105499","12.887112887105499","58.55855855856193","58.55855855856193","58.55855855856193","8.140703517586","8.140703517586","8.140703517586","38.71614844533527","38.71614844533527","38.71614844533527"
"9355.256985438","65.79999999999927","65.79999999999927","65.79999999999927","34.76953907813938","34.76953907813938","34.76953907813938","2.7054108216495645","2.7054108216495645","2.7054108216495645","1.1011011010978475","1.1011011010978475","1.1011011010978475"
"9365.256224086","25.92592592593233","25.92592592593233","25.92592592593233","9.109109109107852","9.109109109107852","9.109109109107852","3.420523138834287","3.420523138834287","3.420523138834287","65.86586586587279","65.86586586587279","65.86586586587279"
"9375.256901517","45.10000000000218","45.10000000000218","45.10000000000218","20.04008016032698","20.04008016032698","20.04008016032698","6.118355065183582","6.118355065183582","6.118355065183582","46.69999999999103","46.69999999999103","46.69999999999103"
"9385.256595474","17.30000000000473","17.30000000000473","17.30000000000473","82.08208208208205","82.08208208208205","82.08208208208205","3.3132530120477526","3.3132530120477526","3.3132530120477526","0.9027081243835957","0.9027081243835957","0.9027081243835957"
"9395.257174899","89.59999999999127","89.59999999999127","89.59999999999127","1.4985014985114602","1.4985014985114602","1.4985014985114602","11.723446893791095","11.723446893791095","11.723446893791095","1.0020040079925643","1.0020040079925643","1.0020040079925643"
"9405.25701292","41.29999999999042","41.29999999999042","41.29999999999042","31.99999999998581","31.99999999998581","31.99999999998581","4.116465863451963","4.116465863451963","4.116465863451963","40.64064064064724","40.64064064064724","40.64064064064724"
"9415.257013006","49.65034965035111","49.65034965035111","49.65034965035111","35.33533533534533","35.33533533534533","35.33533533534533","3.7111334002104766","3.7111334002104766","3.7111334002104766","15.631262525045681","15.631262525045681","15.631262525045681"
"9425.256336129","1.3013013013203933","1.3013013013203933","1.3013013013203933","4.304304304298208","4.304304304298208","4.304304304298208","1.3091641490354446","1.3091641490354446","1.3091641490354446","96.49999999999636","96.49999999999636","96.49999999999636"
"9435.257502668","27.572427572415993","27.572427572415993","27.572427572415993","18.718718718732834","18.718718718732834","18.718718718732834","13.813813813821795","13.813813813821795","13.813813813821795","59.018036072150146","59.018036072150146","59.018036072150146"
"9445.256647683","5.094905094911708","5.094905094911708","5.094905094911708","15.130260521044933","15.130260521044933","15.130260521044933","1.4084507042196819","1.4084507042196819","1.4084507042196819","82.01798201797732","82.01798201797732","82.01798201797732"
"9455.257180551","1.2024048096270916","1.2024048096270916","1.2024048096270916","63.936063936052356","63.936063936052356","63.936063936052356","1.5030060120204687","1.5030060120204687","1.5030060120204687","37.137137137140655","37.137137137140655","37.137137137140655"
"9465.256405578","12.30000000000473","12.30000000000473","12.30000000000473","14.142427281867212","14.142427281867212","14.142427281867212","3.714859437760399","3.714859437760399","3.714859437760399","88.08808808808966","88.08808808808966","88.08808808808966"
"9475.25614896","50.35035035033986","50.35035035033986","50.35035035033986","51.1022044088144","51.1022044088144","51.1022044088144","3.3132530120471473","3.3132530120471473","3.3132530120471473","1.6032064128376409","1.6032064128376409","1.6032064128376409"
"9485.257065815","43.599999999996726","43.599999999996726","43.599999999996726","54.454454454460745","54.454454454460745","54.454454454460745","4.714142427275587","4.714142427275587","4.714142427275587","0.9009009009023773","0.9009009009023773","0.9009009009023773"
"9495.256455405","74.54909819639204","74.54909819639204","74.54909819639204","28.79999999998814","28.79999999998814","28.79999999998814","8.717434869731242","8.717434869731242","8.717434869731242","3.012048192764043","3.012048192764043","3.012048192764043"
"9505.255953912","26.700000000000728","26.700000000000728","26.700000000000728","71.27127127126263","71.27127127126263","71.27127127126263","6.813627254513269","6.813627254513269","6.813627254513269","1.3026052104308679","1.3026052104308679","1.3026052104308679"
"9515.256702039","1.2024048096181974","1.2024048096181974","1.2024048096181974","20.220220220235007","20.220220220235007","20.220220220235007","1.10441767068847","1.10441767068847","1.10441767068847","81.00000000000364","81.00000000000364","81.00000000000364"
"9525.25653224","1.2000000000123328","1.2000000000123328","1.2000000000123328","54.70000000000255","54.70000000000255","54.70000000000255","1.6064257028099247","1.6064257028099247","1.6064257028099247","46.2925851703325","46.2925851703325","46.2925851703325"
"9535.25648057","91.50849150849561","91.50849150849561","91.50849150849561","7.292707292711858","7.292707292711858","7.292707292711858","3.9117352056288004","3.9117352056288004","3.9117352056288004","16.53306613227682","16.53306613227682","16.53306613227682"
"9545.256239108","41.441441441436524","41.441441441436524","41.441441441436524","1.0030090270758363","1.0030090270758363","1.0030090270758363","1.7085427135684454","1.7085427135684454","1.7085427135684454","59.21843687374862","59.21843687374862","59.21843687374862"
"9555.25642532","60.30000000000467","60.30000000000467","60.30000000000467","1.0010010009955603","1.0010010009955603","1.0010010009955603","3.1031031031003486","3.1031031031003486","3.1031031031003486","39.60000000000491","39.60000000000491","39.60000000000491"
"9565.256534402","35.50000000000182","35.50000000000182","35.50000000000182","46.046046046040864","46.046046046040864","46.046046046040864","8.844221105520564","8.844221105520564","8.844221105520564","27.75551102204056","27.75551102204056","27.75551102204056"
"9575.256145255","8.40840840839337","8.40840840839337","8.40840840839337","70.99999999999982","70.99999999999982","70.99999999999982","1.5060240964000096","1.5060240964000096","1.5060240964000096","22.899999999999636","22.899999999999636","22.899999999999636"
"9585.256913281","25.799999999999272","25.799999999999272","25.799999999999272","75.42457542457113","75.42457542457113","75.42457542457113","1.4070351758556774","1.4070351758556774","1.4070351758556774","1.0999999999967258","1.0999999999967258","1.0999999999967258"
"9595.257214411","85.10000000000218","85.10000000000218","85.10000000000218","17.352056168502276","17.352056168502276","17.352056168502276","5.817452357069804","5.817452357069804","5.817452357069804","10.420841683374038","10.420841683374038","10.420841683374038"
"9605.257078234","52.30000000000431","52.30000000000431","52.30000000000431","42.05794205795203","42.05794205795203","42.05794205795203","7.823470411241636","7.823470411241636","7.823470411241636","1.303911735206797","1.303911735206797","1.303911735206797"
"9615.257757437","7.399999999997816","7.399999999997816","7.399999999997816","11.211211211210363","11.211211211210363","11.211211211210363","1.4056224899541183","1.4056224899541183","1.4056224899541183","83.799999999992","83.799999999992","83.799999999992"
"9625.25667113","75.42457542457561","75.42457542457561","75.42457542457561","12.12424849697431","12.12424849697431","12.12424849697431","3.8114343029032294","3.8114343029032294","3.8114343029032294","26.278836509529217","26.278836509529217","26.278836509529217"
"9635.256257881","1.1022044088144027","1.1022044088144027","1.1022044088144027","50.45045045046022","50.45045045046022","50.45045045046022","1.3078470825051507","1.3078470825051507","1.3078470825051507","50.700000000006064","50.700000000006064","50.700000000006064"
"9645.256747258","76.67667667668114","76.67667667668114","76.67667667668114","24.348697394784445","24.348697394784445","24.348697394784445","1.6032064128242633","1.6032064128242633","1.6032064128242633","1.1033099297861564","1.1033099297861564","1.1033099297861564"
"9655.256602671","24.05189620757762","24.05189620757762","24.05189620757762","84.51548451548304","84.51548451548304","84.51548451548304","6.325301204813508","6.325301204813508","6.325301204813508","4.31293881642597","4.31293881642597","4.31293881642597"
"9665.256883804","39.89999999999782","39.89999999999782","39.89999999999782","58.60000000000583","58.60000000000583","58.60000000000583","4.212637913741461","4.212637913741461","4.212637913741461","1.2024048096270916","1.2024048096270916","1.2024048096270916"
"9675.256782394","65.39999999999964","65.39999999999964","65.39999999999964","35.835835835826785","35.835835835826785","35.835835835826785","1.7051153460389563","1.7051153460389563","1.7051153460389563","0.9018036072159265","0.9018036072159265","0.9018036072159265"
"9685.256738758","41.85814185814149","41.85814185814149","41.85814185814149","38.90547263681729","38.90547263681729","38.90547263681729","7.429718875499111","7.429718875499111","7.429718875499111","30.360721442888128","30.360721442888128","30.360721442888128"
"9695.255905931","1.199999999990032","1.199999999990032","1.199999999990032","67.36736736736447","67.36736736736447","67.36736736736447","1.5060240963820215","1.5060240963820215","1.5060240963820215","33.76623376623866","33.76623376623866","33.76623376623866"
"9705.256638038","1.6966067864456436","1.6966067864456436","1.6966067864456436","3.900000000020755","3.900000000020755","3.900000000020755","1.4056224899541183","1.4056224899541183","1.4056224899541183","97.19719719719969","97.19719719719969","97.19719719719969"
"9715.256684849","12.712712712708257","12.712712712708257","12.712712712708257","80.09999999999309","80.09999999999309","80.09999999999309","5.1153460381168685","5.1153460381168685","5.1153460381168685","20.180722891561096","20.180722891561096","20.180722891561096"
"9725.25659588","1.4014014013956055","1.4014014013956055","1.4014014013956055","74.80000000000473","74.80000000000473","74.80000000000473","1.405622489971868","1.405622489971868","1.405622489971868","26.126126126136874","26.126126126136874","26.126126126136874"
"9735.256690338","75.70000000000618","75.70000000000618","75.70000000000618","1.301301301284451","1.301301301284451","1.301301301284451","6.626506024095505","6.626506024095505","6.626506024095505","19.95987963890675","19.95987963890675","19.95987963890675"
"9745.25609305","8.208208208205473","8.208208208205473","8.208208208205473","60.12024048096271","60.12024048096271","60.12024048096271","2.1063189568619927","2.1063189568619927","2.1063189568619927","34.63463463463576","34.63463463463576","34.63463463463576"
"9755.256708418","23.176823176819763","23.176823176819763","23.176823176819763","83.83233532934311","83.83233532934311","83.83233532934311","3.406813627276","3.406813627276","3.406813627276","6.106106106102962","6.106106106102962","6.106106106102962"
"9765.256480059","1.3013013013024222","1.3013013013024222","1.3013013013024222","8.73493975904335","8.73493975904335","8.73493975904335","1.3039117351999554","1.3039117351999554","1.3039117351999554","92.59259259259596","92.59259259259596","92.59259259259596"
"9775.256224604","1.7000000000007276","1.7000000000007276","1.7000000000007276","71.24248496993971","71.24248496993971","71.24248496993971","2.1084337349490556","2.1084337349490556","2.1084337349490556","30.03003003002158","30.03003003002158","30.03003003002158"
"9785.256621448","30.39999999999964","30.39999999999964","30.39999999999964","56.38722554889727","56.38722554889727","56.38722554889727","18.718718718696408","18.718718718696408","18.718718718696408","12.71271271271736","12.71271271271736","12.71271271271736"
"9795.257563009","1.3000000000010914","1.3000000000010914","1.3000000000010914","65.99999999999454","65.99999999999454","65.99999999999454","1.4056224899721246","1.4056224899721246","1.4056224899721246","34.9699398797543","34.9699398797543","34.9699398797543"
"9805.256326457","1.5000000000009095","1.5000000000009095","1.5000000000009095","27.28184553661832","27.28184553661832","27.28184553661832","1.7034068136277476","1.7034068136277476","1.7034068136277476","73.90000000000327","73.90000000000327","73.90000000000327"
"9815.256990996","6.586826347303649","6.586826347303649","6.586826347303649","47.64764764765088","47.64764764765088","47.64764764765088","9.729187562682135","9.729187562682135","9.729187562682135","54.06218655967675","54.06218655967675","54.06218655967675"
"9825.257205693","1.2024048096181974","1.2024048096181974","1.2024048096181974","90.19999999999527","90.19999999999527","90.19999999999527","1.3026052104333836","1.3026052104333836","1.3026052104333836","10.932798395178613","10.932798395178613","10.932798395178613"
"9835.256070479","1.6032064128421972","1.6032064128421972","1.6032064128421972","47.394789579165604","47.394789579165604","47.394789579165604","1.504513540618041","1.504513540618041","1.504513540618041","54.00000000000473","54.00000000000473","54.00000000000473"
"9845.256948627","12.525050100191837","12.525050100191837","12.525050100191837","56.21242484969857","56.21242484969857","56.21242484969857","3.514056224903559","3.514056224903559","3.514056224903559","45.48192771083567","45.48192771083567","45.48192771083567"
"9855.257460913","1.199999999980937","1.199999999980937","1.199999999980937","69.80000000000473","69.80000000000473","69.80000000000473","1.7068273092375161","1.7068273092375161","1.7068273092375161","31.062124248502","31.062124248502","31.062124248502"
"9865.25662604","0.9027081243835957","0.9027081243835957","0.9027081243835957","40.740740740738715","40.740740740738715","40.740740740738715","1.6080402010037391","1.6080402010037391","1.6080402010037391","59.980039920156514","59.980039920156514","59.980039920156514"
"9875.257015782","42.61477045908434","42.61477045908434","42.61477045908434","64.96496496495782","64.96496496495782","64.96496496495782","6.613226452904643","6.613226452904643","6.613226452904643","4.6092184368652","4.6092184368652","4.6092184368652"
"9885.256173643","22.64529058117049","22.64529058117049","22.64529058117049","15.300000000002001","15.300000000002001","15.300000000002001","7.437185929645504","7.437185929645504","7.437185929645504","58.17452357071629","58.17452357071629","58.17452357071629"
"9895.256493935","71.22877122877532","71.22877122877532","71.22877122877532","20.44088176353297","20.44088176353297","20.44088176353297","1.706827309239799","1.706827309239799","1.706827309239799","11.011011011005788","11.011011011005788","11.011011011005788"
"9905.256346747","12.9518072289073","12.9518072289073","12.9518072289073","70.8708708708717","70.8708708708717","70.8708708708717","3.607214428863706","3.607214428863706","3.607214428863706","31.262525050100475","31.262525050100475","31.262525050100475"
"9915.25758243","25.648702594801936","25.648702594801936","25.648702594801936","44.399999999996","44.399999999996","44.399999999996","1.3052208835284982","1.3052208835284982","1.3052208835284982","32.60000000000218","32.60000000000218","32.60000000000218"
"9925.257201353","1.3026052104219923","1.3026052104219923","1.3026052104219923","34.468937875749","34.468937875749","34.468937875749","1.4042126379259836","1.4042126379259836","1.4042126379259836","66.4994984954828","66.4994984954828","66.4994984954828"
"9935.256753506","19.219219219225973","19.219219219225973","19.219219219225973","85.20000000000707","85.20000000000707","85.20000000000707","2.699999999987881","2.699999999987881","2.699999999987881","11.334002006026948","11.334002006026948","11.334002006026948"
"9945.256856688","2.9058116232462554","2.9058116232462554","2.9058116232462554","34.63463463462386","34.63463463462386","34.63463463462386","1.105527638196724","1.105527638196724","1.105527638196724","64.76476476475963","64.76476476475963","64.76476476475963"
"9955.256851254","76.62337662336718","76.62337662336718","76.62337662336718","1.5015015015158273","1.5015015015158273","1.5015015015158273","8.44221105527877","8.44221105527877","8.44221105527877","17.835671342698575","17.835671342698575","17.835671342698575"
"9965.256243279","25.60000000000844","25.60000000000844","25.60000000000844","43.54354354353903","43.54354354353903","43.54354354353903","6.419257773314543","6.419257773314543","6.419257773314543","34.03403403403114","34.03403403403114","34.03403403403114"
"9975.255854065","9.309309309328938","9.309309309328938","9.309309309328938","1.3013013012933181","1.3013013012933181","1.3013013012933181","1.809045226133446","1.809045226133446","1.809045226133446","100","100","100"
"9985.256114247","25.499999999988265","25.499999999988265","25.499999999988265","15.230460921839613","15.230460921839613","15.230460921839613","1.8054162487333123","1.8054162487333123","1.8054162487333123","61.100000000005814","61.100000000005814","61.100000000005814"
"9995.256395536","31.53153153152858","31.53153153152858","31.53153153152858","33.700000000003456","33.700000000003456","33.700000000003456","4.522613065333616","4.522613065333616","4.522613065333616","34.16833667333762","34.16833667333762","34.16833667333762"
"10005.257424332","9.281437125751003","9.281437125751003","9.281437125751003","10.010010010026614","10.010010010026614","10.010010010026614","7.400000000000091","7.400000000000091","7.400000000000091","92.39239239240054","92.39239239240054","92.39239239240054"
"10015.256550449","38.438438438440734","38.438438438440734","38.438438438440734","23.523523523518573","23.523523523518573","23.523523523518573","1.809045226133446","1.809045226133446","1.809045226133446","40.581162324643785","40.581162324643785","40.581162324643785"
"10025.256428773","91.10889110888803","91.10889110888803","91.10889110888803","4.208416833668248","4.208416833668248","4.208416833668248","2.0060180541520385","2.0060180541520385","2.0060180541520385","6.5000000000009095","6.5000000000009095","6.5000000000009095"
"10035.256076226","37.23723723724292","37.23723723724292","37.23723723724292","2.3023023022979827","2.3023023022979827","2.3023023022979827","8.333333333334094","8.333333333334094","8.333333333334094","69.89999999999782","69.89999999999782","69.89999999999782"
"10045.256486973","15.815815815800105","15.815815815800105","15.815815815800105","80.93812375249729","80.93812375249729","80.93812375249729","1.903807615237926","1.903807615237926","1.903807615237926","5.917753259781186","5.917753259781186","5.917753259781186"
"10055.256272086","1.201201201200135","1.201201201200135","1.201201201200135","82.18218218217524","82.18218218217524","82.18218218217524","1.407035175873444","1.407035175873444","1.407035175873444","18.837675350709","18.837675350709","18.837675350709"
"10065.256184914","10.500000000022647","10.500000000022647","10.500000000022647","84.50000000000728","84.50000000000728","84.50000000000728","6.118355065202421","6.118355065202421","6.118355065202421","17.434869739462485","17.434869739462485","17.434869739462485"
"10075.256402162","1.3999999999941792","1.3999999999941792","1.3999999999941792","99.29999999999382","99.29999999999382","99.29999999999382","1.9057171514595967","1.9057171514595967","1.9057171514595967","1.8018018018135307","1.8018018018135307","1.8018018018135307"
"10085.256505484","1.4014014013867566","1.4014014013867566","1.4014014013867566","30.73073073072849","30.73073073072849","30.73073073072849","1.6032064128265417","1.6032064128265417","1.6032064128265417","70.1999999999944","70.1999999999944","70.1999999999944"
"10095.257124793","91.1911911911915","91.1911911911915","91.1911911911915","11.91191191193331","11.91191191193331","11.91191191193331","11.345381526095306","11.345381526095306","11.345381526095306","3.9156626506144563","3.9156626506144563","3.9156626506144563"
"10105.256045108","28.028028028021357","28.028028028021357","28.028028028021357","1.1022044087963774","1.1022044087963774","1.1022044087963774","1.6048144433286358","1.6048144433286358","1.6048144433286358","72.87287287287192","72.87287287287192","72.87287287287192"
"10115.256534801","87.91208791208781","87.91208791208781","87.91208791208781","1.102204408823315","1.102204408823315","1.102204408823315","1.6032064128421972","1.6032064128421972","1.6032064128421972","13.099999999994907","13.099999999994907","13.099999999994907"
"10125.256643215","33.73373373373338","33.73373373373338","33.73373373373338","24.950099800393566","24.950099800393566","24.950099800393566","4.52261306531616","4.52261306531616","4.52261306531616","55.81162324650057","55.81162324650057","55.81162324650057"
"10135.25621816","91.80819180819489","91.80819180819489","91.80819180819489","7.815631262539642","7.815631262539642","7.815631262539642","3.6072144288477577","3.6072144288477577","3.6072144288477577","0.902708124365516","0.902708124365516","0.902708124365516"
"10145.257056064","35.79999999999927","35.79999999999927","35.79999999999927","22.822822822820772","22.822822822820772","22.822822822820772","1.306532663326725","1.306532663326725","1.306532663326725","43.78757515030142","43.78757515030142","43.78757515030142"
"10155.257405087","65.7657657657643","65.7657657657643","65.7657657657643","32.80000000001422","32.80000000001422","32.80000000001422","15.130260521029465","15.130260521029465","15.130260521029465","4.108216432872817","4.108216432872817","4.108216432872817"
"10165.25644205","64.03596403596119","64.03596403596119","64.03596403596119","32.565130260501064","32.565130260501064","32.565130260501064","6.218655967913294","6.218655967913294","6.218655967913294","1.0020040080016774","1.0020040080016774","1.0020040080016774"
"10175.25635442","36.599999999998545","36.599999999998545","36.599999999998545","63.500000000003645","63.500000000003645","63.500000000003645","2.9087261785440246","2.9087261785440246","2.9087261785440246","0.7028112450041969","0.7028112450041969","0.7028112450041969"
"10185.257545163","95.10000000000218","95.10000000000218","95.10000000000218","5.905905905898388","5.905905905898388","5.905905905898388","7.135678391937115","7.135678391937115","7.135678391937115","4.104104104089829","4.104104104089829","4.104104104089829"
"10195.256401801","40.959040959043705","40.959040959043705","40.959040959043705","65.7657657657734","65.7657657657734","65.7657657657734","1.8018018018047546","1.8018018018047546","1.8018018018047546","1.506024096390878","1.506024096390878","1.506024096390878"
"10205.256314922","91.899999999996","91.899999999996","91.899999999996","8.708708708715324","8.708708708715324","8.708708708715324","2.0080321285211706","2.0080321285211706","2.0080321285211706","1.102204408832428","1.102204408832428","1.102204408832428"
"10215.256588344","27.900000000008728","27.900000000008728","27.900000000008728","62.00000000000727","62.00000000000727","62.00000000000727","12.525050100200943","12.525050100200943","12.525050100200943","1.4014014013776526","1.4014014013776526","1.4014014013776526"
"10225.25707016","65.5999999999932","65.5999999999932","65.5999999999932","34.969939879761604","34.969939879761604","34.969939879761604","10.721442885771374","10.721442885771374","10.721442885771374","7.815631262522841","7.815631262522841","7.815631262522841"
"10235.25664681","1.2024048096270916","1.2024048096270916","1.2024048096270916","77.55511022044209","77.55511022044209","77.55511022044209","5.130784708236356","5.130784708236356","5.130784708236356","19.939879759517723","19.939879759517723","19.939879759517723"
"10245.256555956","55.30000000000654","55.30000000000654","55.30000000000654","41.24124124124105","41.24124124124105","41.24124124124105","6.224899598401019","6.224899598401019","6.224899598401019","1.0020040080332082","1.0020040080332082","1.0020040080332082"
"10255.256473347","28.72872872873214","28.72872872873214","28.72872872873214","30.699999999971876","30.699999999971876","30.699999999971876","6.92771084337795","6.92771084337795","6.92771084337795","52.39999999999782","52.39999999999782","52.39999999999782"
"10265.25688277","46.55344655345317","46.55344655345317","46.55344655345317","9.80000000000473","9.80000000000473","9.80000000000473","2.9087261785462655","2.9087261785462655","2.9087261785462655","44.68937875750824","44.68937875750824","44.68937875750824"
"10275.256809696","41.74174174172367","41.74174174172367","41.74174174172367","1.2024048096270916","1.2024048096270916","1.2024048096270916","1.5045135406203216","1.5045135406203216","1.5045135406203216","59.21843687375606","59.21843687375606","59.21843687375606"
"10285.257400269","41.54154154154791","41.54154154154791","41.54154154154791","4.208416833663691","4.208416833663691","4.208416833663691","8.726178535597176","8.726178535597176","8.726178535597176","63.89999999999014","63.89999999999014","63.89999999999014"
"10295.256830222","1.201201201200135","1.201201201200135","1.201201201200135","34.334334334337996","34.334334334337996","34.334334334337996","1.4056224899721246","1.4056224899721246","1.4056224899721246","67.0670670670727","67.0670670670727","67.0670670670727"
"10305.256763811","0.9018036072294319","0.9018036072294319","0.9018036072294319","96.30000000000109","96.30000000000109","96.30000000000109","1.3052208835284982","1.3052208835284982","1.3052208835284982","4.7188755019927395","4.7188755019927395","4.7188755019927395"
"10315.256904875","13.627254509015351","13.627254509015351","13.627254509015351","43.243243243241274","43.243243243241274","43.243243243241274","2.805611222451574","2.805611222451574","2.805611222451574","58.95895895896353","58.95895895896353","58.95895895896353"
"10325.256132964","1.4028056112346445","1.4028056112346445","1.4028056112346445","3.3066132264432087","3.3066132264432087","3.3066132264432087","1.405622489971868","1.405622489971868","1.405622489971868","97.69999999999527","97.69999999999527","97.69999999999527"
"10335.256405461","0.9018036072068133","0.9018036072068133","0.9018036072068133","68.46846846846687","68.46846846846687","68.46846846846687","1.9999999999894498","1.9999999999894498","1.9999999999894498","32.16432865731965","32.16432865731965","32.16432865731965"
"10345.256482331","17.71771771771337","17.71771771771337","17.71771771771337","87.5","87.5","87.5","11.422845691377432","11.422845691377432","11.422845691377432","24.82482482482555","24.82482482482555","24.82482482482555"
"10355.256800825","1.1999999999854845","1.1999999999854845","1.1999999999854845","95.39999999999964","95.39999999999964","95.39999999999964","1.706827309237828","1.706827309237828","1.706827309237828","5.416248746255963","5.416248746255963","5.416248746255963"
"10365.255950963","1.2024048096270916","1.2024048096270916","1.2024048096270916","62.26226226226618","62.26226226226618","62.26226226226618","1.604814443328343","1.604814443328343","1.604814443328343","38.49999999999454","38.49999999999454","38.49999999999454"
"10375.256347197","11.811811811798925","11.811811811798925","11.811811811798925","82.23552894211001","82.23552894211001","82.23552894211001","5.628140703515372","5.628140703515372","5.628140703515372","19.939879759517723","19.939879759517723","19.939879759517723"
"10385.256655537","1.398601398604639","1.398601398604639","1.398601398604639","38.83883883884988","38.83883883884988","38.83883883884988","1.6032064128242633","1.6032064128242633","1.6032064128242633","61.86186186185702","61.86186186185702","61.86186186185702"
"10395.256647775","9.919839679368826","9.919839679368826","9.919839679368826","68.30000000000503","68.30000000000503","68.30000000000503","1.705115346038645","1.705115346038645","1.705115346038645","23.8476953907837","23.8476953907837","23.8476953907837"
"10405.257336146","5.6056056056097345","5.6056056056097345","5.6056056056097345","2.3046092184326","2.3046092184326","2.3046092184326","4.924623115593617","4.924623115593617","4.924623115593617","99.79979979979544","99.79979979979544","99.79979979979544"
"10415.256293727","6.199999999989814","6.199999999989814","6.199999999989814","60.28084252758702","60.28084252758702","60.28084252758702","2.2044088176288055","2.2044088176288055","2.2044088176288055","40.640640640645536","40.640640640645536","40.640640640645536"
"10425.257329488","1.4014014014047096","1.4014014014047096","1.4014014014047096","31.63163163161842","31.63163163161842","31.63163163161842","1.4014014013799285","1.4014014013799285","1.4014014013799285","69.49999999999818","69.49999999999818","69.49999999999818"
"10435.257019997","1.3013013012978702","1.3013013012978702","1.3013013012978702","33.66733466933687","33.66733466933687","33.66733466933687","1.507537688456726","1.507537688456726","1.507537688456726","67.56756756757495","67.56756756757495","67.56756756757495"
"10445.256697437","7.000000000015097","7.000000000015097","7.000000000015097","39.07815631263442","39.07815631263442","39.07815631263442","9.327983951857396","9.327983951857396","9.327983951857396","62.92585170340246","62.92585170340246","62.92585170340246"
"10455.256977676","1.2999999999876855","1.2999999999876855","1.2999999999876855","41.04104104103647","41.04104104103647","41.04104104103647","1.7051153460389563","1.7051153460389563","1.7051153460389563","60","60","60"
"10465.256546499","1.201201201200135","1.201201201200135","1.201201201200135","46.840521564688764","46.840521564688764","46.840521564688764","1.5075376884384446","1.5075376884384446","1.5075376884384446","53.99999999999636","53.99999999999636","53.99999999999636"
"10475.256554906","13.126252505021323","13.126252505021323","13.126252505021323","11.465603190449462","11.465603190449462","11.465603190449462","2.811244979909949","2.811244979909949","2.811244979909949","90.70000000000618","90.70000000000618","90.70000000000618"
"10485.256167836","8.016032064121317","8.016032064121317","8.016032064121317","52.50501002004019","52.50501002004019","52.50501002004019","1.6096579476848647","1.6096579476848647","1.6096579476848647","41.48296593185971","41.48296593185971","41.48296593185971"
"10495.25695082","1.4985014985069174","1.4985014985069174","1.4985014985069174","25.82582582582566","25.82582582582566","25.82582582582566","1.705115346038645","1.705115346038645","1.705115346038645","75.35070140280867","75.35070140280867","75.35070140280867"
"10505.257010521","9.509509509507897","9.509509509507897","9.509509509507897","84.69999999999345","84.69999999999345","84.69999999999345","6.331658291449937","6.331658291449937","6.331658291449937","16.91691691691328","16.91691691691328","16.91691691691328"
"10515.256924431","1.002004008010608","1.002004008010608","1.002004008010608","1.1988011988000824","1.1988011988000824","1.1988011988000824","1.6048144433286358","1.6048144433286358","1.6048144433286358","99.70000000000255","99.70000000000255","99.70000000000255"
"10525.256560519","1.5000000000142792","1.5000000000142792","1.5000000000142792","0.8008008008000899","0.8008008008000899","0.8008008008000899","1.5030060120406994","1.5030060120406994","1.5030060120406994","100","100","100"
"10535.256414165","48.900000000003274","48.900000000003274","48.900000000003274","35.0350350350358","35.0350350350358","35.0350350350358","4.80961923847279","4.80961923847279","4.80961923847279","30.43043043040896","30.43043043040896","30.43043043040896"
"10545.256655904","1.0999999999967258","1.0999999999967258","1.0999999999967258","16.232464929859336","16.232464929859336","16.232464929859336","2.006018054169551","2.006018054169551","2.006018054169551","84.50000000000728","84.50000000000728","84.50000000000728"
"10555.257187633","47.79559118236208","47.79559118236208","47.79559118236208","1.7982017981868215","1.7982017981868215","1.7982017981868215","1.6064257028096316","1.6064257028096316","1.6064257028096316","53.353353353353796","53.353353353353796","53.353353353353796"
"10565.257085126","58.75875875875896","58.75875875875896","58.75875875875896","11.523046092188242","11.523046092188242","11.523046092188242","6.2124248496905965","6.2124248496905965","6.2124248496905965","42.3269809428247","42.3269809428247","42.3269809428247"
"10575.25659602","3.8961038961070824","3.8961038961070824","3.8961038961070824","0.8024072216643179","0.8024072216643179","0.8024072216643179","1.9057171514615296","1.9057171514615296","1.9057171514615296","96.99999999999874","96.99999999999874","96.99999999999874"
"10585.256354893","60.02004008016076","60.02004008016076","60.02004008016076","1.3013013013112893","1.3013013013112893","1.3013013013112893","10.240963855408705","10.240963855408705","10.240963855408705","31.831831831826335","31.831831831826335","31.831831831826335"
"10595.256384334","10.900000000008568","10.900000000008568","10.900000000008568","16.716716716702646","16.716716716702646","16.716716716702646","5.917753259781186","5.917753259781186","5.917753259781186","84.81518481518987","84.81518481518987","84.81518481518987"
"10605.25595868","1.199999999980937","1.199999999980937","1.199999999980937","61.30000000001019","61.30000000001019","61.30000000001019","1.7051153460409256","1.7051153460409256","1.7051153460409256","39.739739739734055","39.739739739734055","39.739739739734055"
"10615.256576257","14.40000000000964","14.40000000000964","14.40000000000964","75.37537537537897","75.37537537537897","75.37537537537897","1.9076305220955687","1.9076305220955687","1.9076305220955687","12.550200803209385","12.550200803209385","12.550200803209385"
"10625.256524923","33.76623376624616","33.76623376624616","33.76623376624616","39.739739739734055","39.739739739734055","39.739739739734055","4.919678714875042","4.919678714875042","4.919678714875042","38.47695390780966","38.47695390780966","38.47695390780966"
"10635.257096641","1.5030060119754507","1.5030060119754507","1.5030060119754507","40.74074074074951","40.74074074074951","40.74074074074951","1.6096579476845703","1.6096579476845703","1.6096579476845703","60.03996003996092","60.03996003996092","60.03996003996092"
"10645.256596931","1.2000000000080036","1.2000000000080036","1.2000000000080036","49.449449449437324","49.449449449437324","49.449449449437324","1.8054162487336416","1.8054162487336416","1.8054162487336416","51.55155155156241","51.55155155156241","51.55155155156241"
"10655.25669824","1.0010010010135861","1.0010010010135861","1.0010010010135861","62.82565130261","62.82565130261","62.82565130261","1.6048144433485754","1.6048144433485754","1.6048144433485754","38.238238238224916","38.238238238224916","38.238238238224916"
"10665.256586406","12.487512487496314","12.487512487496314","12.487512487496314","64.20737786640169","64.20737786640169","64.20737786640169","4.020100502509347","4.020100502509347","4.020100502509347","37.83783783784743","37.83783783784743","37.83783783784743"
"10675.256742688","1.1988011988091682","1.1988011988091682","1.1988011988091682","51.15115115114899","51.15115115114899","51.15115115114899","2.2044088176288055","2.2044088176288055","2.2044088176288055","49.89979959919621","49.89979959919621","49.89979959919621"
"10685.256783696","1.1999999999989086","1.1999999999989086","1.1999999999989086","18.336673346678577","18.336673346678577","18.336673346678577","1.5030060120221773","1.5030060120221773","1.5030060120221773","82.91708291708292","82.91708291708292","82.91708291708292"
"10695.25630078","11.911911911908167","11.911911911908167","11.911911911908167","70.52947052947299","70.52947052947299","70.52947052947299","4.417670682735618","4.417670682735618","4.417670682735618","31.262525050100475","31.262525050100475","31.262525050100475"
"10705.256686764","1.2974051896442476","1.2974051896442476","1.2974051896442476","7.7077077077031415","7.7077077077031415","7.7077077077031415","1.6064257028278943","1.6064257028278943","1.6064257028278943","93.29999999999927","93.29999999999927","93.29999999999927"
"10715.256940188","1.002004008019721","1.002004008019721","1.002004008019721","57.815631262522835","57.815631262522835","57.815631262522835","1.8018018017709425","1.8018018017709425","1.8018018017709425","43.04304304304707","43.04304304304707","43.04304304304707"
"10725.256338384","13.413413413396954","13.413413413396954","13.413413413396954","86.41358641358751","86.41358641358751","86.41358641358751","2.8169014084393638","2.8169014084393638","2.8169014084393638","15.662650602405897","15.662650602405897","15.662650602405897"
"10735.256285756","1.399999999994434","1.399999999994434","1.399999999994434","13.152610441785697","13.152610441785697","13.152610441785697","1.8018018018070305","1.8018018018070305","1.8018018018070305","88.0999999999949","88.0999999999949","88.0999999999949"
"10745.256976141","1.0020040080240953","1.0020040080240953","1.0020040080240953","65.5344655344681","65.5344655344681","65.5344655344681","1.6064257028099247","1.6064257028099247","1.6064257028099247","35.43543543543585","35.43543543543585","35.43543543543585"
"10755.256350104","9.819639278569605","9.819639278569605","9.819639278569605","26.553106212422367","26.553106212422367","26.553106212422367","5.6112224449033805","5.6112224449033805","5.6112224449033805","75.57557557557905","75.57557557557905","75.57557557557905"
"10765.256475114","2.004008016021216","2.004008016021216","2.004008016021216","33.5335335335167","33.5335335335167","33.5335335335167","1.6048144433286358","1.6048144433286358","1.6048144433286358","67.5","67.5","67.5"
"10775.257124391","7.599999999985376","7.599999999985376","7.599999999985376","61.52304609218824","61.52304609218824","61.52304609218824","1.9057171514595967","1.9057171514595967","1.9057171514595967","32.632632632643244","32.632632632643244","32.632632632643244"
"10785.257043276","40.1401401401541","40.1401401401541","40.1401401401541","61.038961038965525","61.038961038965525","61.038961038965525","7.028112449791138","7.028112449791138","7.028112449791138","11.923847695387293","11.923847695387293","11.923847695387293"
"10795.255895555","25.225225225230147","25.225225225230147","25.225225225230147","1.2024048096090842","1.2024048096090842","1.2024048096090842","3.406813627255495","3.406813627255495","3.406813627255495","74.54909819639204","74.54909819639204","74.54909819639204"
"10805.25696399","62.9370629370543","62.9370629370543","62.9370629370543","0.9036144578418319","0.9036144578418319","0.9036144578418319","2.20440881764663","2.20440881764663","2.20440881764663","37.83783783782479","37.83783783782479","37.83783783782479"
"10815.256902493","19.257773319961874","19.257773319961874","19.257773319961874","18.83767535070332","18.83767535070332","18.83767535070332","4.527162977858536","4.527162977858536","4.527162977858536","76.75350701402508","76.75350701402508","76.75350701402508"
"10825.257117246","64.19999999998906","64.19999999998906","64.19999999998906","35.835835835847575","35.835835835847575","35.835835835847575","2.605210420826233","2.605210420826233","2.605210420826233","1.1033099297861564","1.1033099297861564","1.1033099297861564"
"10835.256606894","50.05005005004205","50.05005005004205","50.05005005004205","7.1856287425003496","7.1856287425003496","7.1856287425003496","3.112449799209641","3.112449799209641","3.112449799209641","43.94394394394928","43.94394394394928","43.94394394394928"
"10845.256637174","59.940059940065915","59.940059940065915","59.940059940065915","2.102102102102512","2.102102102102512","2.102102102102512","11.055276381912396","11.055276381912396","11.055276381912396","44.94494494494374","44.94494494494374","44.94494494494374"
"10855.256533924","19.438877755516977","19.438877755516977","19.438877755516977","81.66332665330654","81.66332665330654","81.66332665330654","1.809045226133446","1.809045226133446","1.809045226133446","1.203610832496477","1.203610832496477","1.203610832496477"
"10865.25686938","6.306306306298433","6.306306306298433","6.306306306298433","76.40000000000327","76.40000000000327","76.40000000000327","2.607823470415399","2.607823470415399","2.607823470415399","18.51851851851346","18.51851851851346","18.51851851851346"
"10875.257360597","82.90000000000873","82.90000000000873","82.90000000000873","11.300000000008131","11.300000000008131","11.300000000008131","4.51807228914689","4.51807228914689","4.51807228914689","6.80000000000291","6.80000000000291","6.80000000000291"
"10885.256458391","31.699999999988304","31.699999999988304","31.699999999988304","79.10000000000764","79.10000000000764","79.10000000000764","3.6036036036111287","3.6036036036111287","3.6036036036111287","2.309236947786984","2.309236947786984","2.309236947786984"
"10895.256498608","53.55355355354862","53.55355355354862","53.55355355354862","26.62662662660329","26.62662662660329","26.62662662660329","8.416833667336496","8.416833667336496","8.416833667336496","15.315315315319417","15.315315315319417","15.315315315319417"
"10905.257031365","12.000000000011823","12.000000000011823","12.000000000011823","65.86586586586658","65.86586586586658","65.86586586586658","1.8018018018067024","1.8018018018067024","1.8018018018067024","24.5245245245186","24.5245245245186","24.5245245245186"
"10915.256802435","19.30000000000291","19.30000000000291","19.30000000000291","37.550200803213954","37.550200803213954","37.550200803213954","10.74297188753192","10.74297188753192","10.74297188753192","51.20240480962687","51.20240480962687","51.20240480962687"
"10925.256831605","1.4985014984978315","1.4985014984978315","1.4985014984978315","50.30000000000649","50.30000000000649","50.30000000000649","1.5060240963843043","1.5060240963843043","1.5060240963843043","50.601202404804546","50.601202404804546","50.601202404804546"
"10935.257447632","6.593406593404996","6.593406593404996","6.593406593404996","65.99999999999454","65.99999999999454","65.99999999999454","2.311557788940167","2.311557788940167","2.311557788940167","28.828828828821447","28.828828828821447","28.828828828821447"
"10945.257136316","13.813813813806103","13.813813813806103","13.813813813806103","72.47247247247188","72.47247247247188","72.47247247247188","2.6052104208439846","2.6052104208439846","2.6052104208439846","29.52952952954201","29.52952952954201","29.52952952954201"
"10955.256198676","58.141858141872135","58.141858141872135","58.141858141872135","41.19999999999891","41.19999999999891","41.19999999999891","2.8112449799282695","2.8112449799282695","2.8112449799282695","1.5015015014978927","1.5015015014978927","1.5015015014978927"
"10965.257098893","11.611611611610408","11.611611611610408","11.611611611610408","89.2215568862307","89.2215568862307","89.2215568862307","1.7068273092375161","1.7068273092375161","1.7068273092375161","1.0050251256317235","1.0050251256317235","1.0050251256317235"
"10975.256640905","22.599999999988103","22.599999999988103","22.599999999988103","79.75951903808","79.75951903808","79.75951903808","5.427135678400338","5.427135678400338","5.427135678400338","10.230692076236432","10.230692076236432","10.230692076236432"
"10985.256844843","34.26573426574837","34.26573426574837","34.26573426574837","67.2999999999897","67.2999999999897","67.2999999999897","1.303911735197675","1.303911735197675","1.303911735197675","1.002004008019721","1.002004008019721","1.002004008019721"
"10995.256491534","33.19999999999709","33.19999999999709","33.19999999999709","68.13186813187862","68.13186813187862","68.13186813187862","2.010050251263447","2.010050251263447","2.010050251263447","2.699999999968477","2.699999999968477","2.699999999968477"
"11005.256081723","32.73273273272416","32.73273273272416","32.73273273272416","78.07807807806851","78.07807807806851","78.07807807806851","4.108216432849254","4.108216432849254","4.108216432849254","3.2128514056198494","3.2128514056198494","3.2128514056198494"
"11015.256529374","98.50000000000364","98.50000000000364","98.50000000000364","1.4000000000032742","1.4000000000032742","1.4000000000032742","2.808425275836003","2.808425275836003","2.808425275836003","1.3026052104174357","1.3026052104174357","1.3026052104174357"
"11025.255876616","38.89999999999418","38.89999999999418","38.89999999999418","62.362362362359356","62.362362362359356","62.362362362359356","1.404212637907995","1.404212637907995","1.404212637907995","1.201201201209239","1.201201201209239","1.201201201209239"
"11035.256601362","73.90000000000762","73.90000000000762","73.90000000000762","35.800000000010954","35.800000000010954","35.800000000010954","4.221105527639385","4.221105527639385","4.221105527639385","5.115346038115935","5.115346038115935","5.115346038115935"
"11045.256534559","28.771228771233094","28.771228771233094","28.771228771233094","72.27227227227641","72.27227227227641","72.27227227227641","1.7017017017200555","1.7017017017200555","1.7017017017200555","1.4028056112166738","1.4028056112166738","1.4028056112166738"
"11055.256861822","45.04504504503603","45.04504504503603","45.04504504503603","39.73973973974316","39.73973973974316","39.73973973974316","7.530120481930654","7.530120481930654","7.530120481930654","11.11111111111718","11.11111111111718","11.11111111111718"
"11065.256491844","47.54754754754858","47.54754754754858","47.54754754754858","50.598802395213546","50.598802395213546","50.598802395213546","6.338028169005708","6.338028169005708","6.338028169005708","13.45381526104436","13.45381526104436","13.45381526104436"
"11075.256789813","68.30000000000382","68.30000000000382","68.30000000000382","15.815815815806328","15.815815815806328","15.815815815806328","17.971887550211143","17.971887550211143","17.971887550211143","1.3039117352156815","1.3039117352156815","1.3039117352156815"
"11085.256849013","39.5000000000111","39.5000000000111","39.5000000000111","54.70000000000255","54.70000000000255","54.70000000000255","1.9019019018888337","1.9019019018888337","1.9019019018888337","7.999999999998726","7.999999999998726","7.999999999998726"
"11095.256636912","9.819639278536734","9.819639278536734","9.819639278536734","66.96696696697045","66.96696696697045","66.96696696697045","3.5140562249040586","3.5140562249040586","3.5140562249040586","30.66132264528682","30.66132264528682","30.66132264528682"
"11105.256589821","8.699999999991396","8.699999999991396","8.699999999991396","50.29940119759326","50.29940119759326","50.29940119759326","1.9057171514417","1.9057171514417","1.9057171514417","50.75075075074894","50.75075075074894","50.75075075074894"
"11115.25621117","22.477522477536073","22.477522477536073","22.477522477536073","73.11935807422289","73.11935807422289","73.11935807422289","4.513540621872368","4.513540621872368","4.513540621872368","3.607214428863048","3.607214428863048","3.607214428863048"
"11125.257116307","3.5035035035072215","3.5035035035072215","3.5035035035072215","95.8083832335324","95.8083832335324","95.8083832335324","3.4136546184750323","3.4136546184750323","3.4136546184750323","0.9027081243744736","0.9027081243744736","0.9027081243744736"
"11135.256211418","21.021021021011464","21.021021021011464","21.021021021011464","37.07414829659299","37.07414829659299","37.07414829659299","5.289421157676012","5.289421157676012","5.289421157676012","55.00000000000001","55.00000000000001","55.00000000000001"
"11145.256461193","88.5114885114924","88.5114885114924","88.5114885114924","4.099999999981101","4.099999999981101","4.099999999981101","10.240963855425097","10.240963855425097","10.240963855425097","0.8032128514049623","0.8032128514049623","0.8032128514049623"
"11155.256953074","58.91783567134473","58.91783567134473","58.91783567134473","35.40000000001139","35.40000000001139","35.40000000001139","8.617234468946364","8.617234468946364","8.617234468946364","1.6016016016001797","1.6016016016001797","1.6016016016001797"
"11165.256774969","40.35964035964191","40.35964035964191","40.35964035964191","17.652958876624115","17.652958876624115","17.652958876624115","6.224899598401019","6.224899598401019","6.224899598401019","53.70000000000801","53.70000000000801","53.70000000000801"
"11175.256822272","40.69999999999709","40.69999999999709","40.69999999999709","0.8024072216551955","0.8024072216551955","0.8024072216551955","1.705115346038645","1.705115346038645","1.705115346038645","60.36036036035725","60.36036036035725","60.36036036035725"
"11185.256618049","51.75175175174482","51.75175175174482","51.75175175174482","1.201201201200135","1.201201201200135","1.201201201200135","1.3052208835262151","1.3052208835262151","1.3052208835262151","49.24924924925105","49.24924924925105","49.24924924925105"
"11195.256938279","30.899999999995835","30.899999999995835","30.899999999995835","22.100000000000364","22.100000000000364","22.100000000000364","2.4144869215272973","2.4144869215272973","2.4144869215272973","63.23676323676113","63.23676323676113","63.23676323676113"
"11205.25724199","68.53146853147285","68.53146853147285","68.53146853147285","32.63263263262643","32.63263263262643","32.63263263262643","1.2036108325053796","1.2036108325053796","1.2036108325053796","1.0040160642605853","1.0040160642605853","1.0040160642605853"
"11215.256452147","6.312625250510334","6.312625250510334","6.312625250510334","94.80519480519965","94.80519480519965","94.80519480519965","1.9057171514436329","1.9057171514436329","1.9057171514436329","1.1033099297772355","1.1033099297772355","1.1033099297772355"
"11225.25666038","16.916916916922382","16.916916916922382","16.916916916922382","86.71328671328773","86.71328671328773","86.71328671328773","2.30692076226709","2.30692076226709","2.30692076226709","11.811811811796776","11.811811811796776","11.811811811796776"
"11235.256749596","1.0010010009911907","1.0010010009911907","1.0010010009911907","29.90000000000691","29.90000000000691","29.90000000000691","1.4056224899721246","1.4056224899721246","1.4056224899721246","70.97097097097398","70.97097097097398","70.97097097097398"
"11245.256813003","1.6966067864456436","1.6966067864456436","1.6966067864456436","77.47747747748109","77.47747747748109","77.47747747748109","1.6032064128242633","1.6032064128242633","1.6032064128242633","23.547094188385987","23.547094188385987","23.547094188385987"
"11255.256808618","10.82164328657289","10.82164328657289","10.82164328657289","40.1401401401341","40.1401401401341","40.1401401401341","4.317269076307733","4.317269076307733","4.317269076307733","62.60000000000219","62.60000000000219","62.60000000000219"
"11265.256046669","0.9999999999674402","0.9999999999674402","0.9999999999674402","98.60139860139536","98.60139860139536","98.60139860139536","1.6048144433309164","1.6048144433309164","1.6048144433309164","2.404809619235957","2.404809619235957","2.404809619235957"
"11275.256851463","1.5015015014978927","1.5015015014978927","1.5015015014978927","44.68937875751735","44.68937875751735","44.68937875751735","1.9076305220932857","1.9076305220932857","1.9076305220932857","56.200000000008","56.200000000008","56.200000000008"
"11285.256999285","25.95190380763132","25.95190380763132","25.95190380763132","75.12487512487785","75.12487512487785","75.12487512487785","14.600000000006801","14.600000000006801","14.600000000006801","2.407221664992954","2.407221664992954","2.407221664992954"
"11295.256931365","9.509509509503344","9.509509509503344","9.509509509503344","91.49999999999636","91.49999999999636","91.49999999999636","1.6048144433286358","1.6048144433286358","1.6048144433286358","1.2024048096090842","1.2024048096090842","1.2024048096090842"
"11305.256341434","65.43456543456863","65.43456543456863","65.43456543456863","33.03303303302647","33.03303303302647","33.03303303302647","4.108216432849254","4.108216432849254","4.108216432849254","1.1011011011069518","1.1011011011069518","1.1011011011069518"
"11315.25664644","25.925925925941435","25.925925925941435","25.925925925941435","80.4586241276236","80.4586241276236","80.4586241276236","5.205205205208741","5.205205205208741","5.205205205208741","3.8114343029184985","3.8114343029184985","3.8114343029184985"
"11325.256299194","64.29999999999642","64.29999999999642","64.29999999999642","39.539539539540485","39.539539539540485","39.539539539540485","2.0080321285215375","2.0080321285215375","2.0080321285215375","1.1033099297770343","1.1033099297770343","1.1033099297770343"
"11335.256047609","41.899999999997476","41.899999999997476","41.899999999997476","48.24824824824639","48.24824824824639","48.24824824824639","4.509018036061406","4.509018036061406","4.509018036061406","9.990009990030671","9.990009990030671","9.990009990030671"
"11345.256923267","75.67567567567222","75.67567567567222","75.67567567567222","25.450901803607962","25.450901803607962","25.450901803607962","1.7034068136479417","1.7034068136479417","1.7034068136479417","0.9018036072159265","0.9018036072159265","0.9018036072159265"
"11355.256821969","40.500000000010914","40.500000000010914","40.500000000010914","62.27544910179375","62.27544910179375","62.27544910179375","2.9087261785268415","2.9087261785268415","2.9087261785268415","11.84738955820253","11.84738955820253","11.84738955820253"
"11365.256667101","42.64264264264576","42.64264264264576","42.64264264264576","56.61322645290464","56.61322645290464","56.61322645290464","3.7148594377411026","3.7148594377411026","3.7148594377411026","1.2024048096270916","1.2024048096270916","1.2024048096270916"
"11375.256957326","21.899999999986903","21.899999999986903","21.899999999986903","79.09999999999854","79.09999999999854","79.09999999999854","1.604814443328343","1.604814443328343","1.604814443328343","1.102204408823516","1.102204408823516","1.102204408823516"
"11385.25670438","5.210420841687969","5.210420841687969","5.210420841687969","70.92907092906921","70.92907092906921","70.92907092906921","12.33701103309573","12.33701103309573","12.33701103309573","28.815261044169006","28.815261044169006","28.815261044169006"
"11395.256543001","9.081836327348","9.081836327348","9.081836327348","3.3099297893675916","3.3099297893675916","3.3099297893675916","1.9038076152356476","1.9038076152356476","1.9038076152356476","90.30969030968066","90.30969030968066","90.30969030968066"
"11405.255843964","1.3026052104308679","1.3026052104308679","1.3026052104308679","56.30000000000109","56.30000000000109","56.30000000000109","1.3039117352156815","1.3039117352156815","1.3039117352156815","44.799999999993744","44.799999999993744","44.799999999993744"
"11415.256047317","12.099999999991269","12.099999999991269","12.099999999991269","59.899999999997824","59.899999999997824","59.899999999997824","3.91173520561355","3.91173520561355","3.91173520561355","42.82848545636849","42.82848545636849","42.82848545636849"
"11425.256229525","1.301301301293555","1.301301301293555","1.301301301293555","11.599999999998545","11.599999999998545","11.599999999998545","1.3065326633287713","1.3065326633287713","1.3065326633287713","89.4000000000051","89.4000000000051","89.4000000000051"
"11435.256440518","17.600000000002183","17.600000000002183","17.600000000002183","52.44755244755994","52.44755244755994","52.44755244755994","1.5030060120204687","1.5030060120204687","1.5030060120204687","32.364729458919435","32.364729458919435","32.364729458919435"
"11445.256346085","87.37474949899526","87.37474949899526","87.37474949899526","13.627254509015351","13.627254509015351","13.627254509015351","3.9117352056288004","3.9117352056288004","3.9117352056288004","13.713713713719528","13.713713713719528","13.713713713719528"
"11455.25701379","39.86013986015228","39.86013986015228","39.86013986015228","1.3052208835262151","1.3052208835262151","1.3052208835262151","1.7051153460210227","1.7051153460210227","1.7051153460210227","61.200000000008004","61.200000000008004","61.200000000008004"
"11465.256781818","72.09999999999634","72.09999999999634","72.09999999999634","9.819639278553169","9.819639278553169","9.819639278553169","2.407221664992954","2.407221664992954","2.407221664992954","19.719719719713595","19.719719719713595","19.719719719713595"
"11475.256049395","72.00000000000219","72.00000000000219","72.00000000000219","5.205205205226949","5.205205205226949","5.205205205226949","4.7141424272929715","4.7141424272929715","4.7141424272929715","36.97394789579157","36.97394789579157","36.97394789579157"
"11485.255950097","35.29999999999478","35.29999999999478","35.29999999999478","5.0150451353974255","5.0150451353974255","5.0150451353974255","2.802802802791211","2.802802802791211","2.802802802791211","60.72144288576909","60.72144288576909","60.72144288576909"
"11495.256448683","85.41458541457894","85.41458541457894","85.41458541457894","3.003003003013447","3.003003003013447","3.003003003013447","1.6080402010037391","1.6080402010037391","1.6080402010037391","13.513513513501701","13.513513513501701","13.513513513501701"
"11505.257151317","31.899999999992705","31.899999999992705","31.899999999992705","25.399999999999633","25.399999999999633","25.399999999999633","10.230692076234151","10.230692076234151","10.230692076234151","51.40280561122553","51.40280561122553","51.40280561122553"
"11515.25691295","8.116232464941858","8.116232464941858","8.116232464941858","60.96096096096375","60.96096096096375","60.96096096096375","1.9038076152353005","1.9038076152353005","1.9038076152353005","33.433433433435624","33.433433433435624","33.433433433435624"
"11525.256989595","1.3000000000099499","1.3000000000099499","1.3000000000099499","26.026026026007663","26.026026026007663","26.026026026007663","1.8090452261337768","1.8090452261337768","1.8090452261337768","74.89999999999782","74.89999999999782","74.89999999999782"
"11535.257000986","13.599999999974388","13.599999999974388","13.599999999974388","65.33466533467264","65.33466533467264","65.33466533467264","3.4068136272378897","3.4068136272378897","3.4068136272378897","36.13613613614275","36.13613613614275","36.13613613614275"
"11545.256933774","37.137137137152095","37.137137137152095","37.137137137152095","63.963963963959536","63.963963963959536","63.963963963959536","1.6032064128444756","1.6032064128444756","1.6032064128444756","1.0040160642605853","1.0040160642605853","1.0040160642605853"
"11555.256555806","68.13627254508587","68.13627254508587","68.13627254508587","32.33233233232867","32.33233233232867","32.33233233232867","2.409638554214887","2.409638554214887","2.409638554214887","0.9027081243790347","0.9027081243790347","0.9027081243790347"
"11565.257053338","44.1117764471126","44.1117764471126","44.1117764471126","55.38922155689471","55.38922155689471","55.38922155689471","3.4136546184750323","3.4136546184750323","3.4136546184750323","1.2024048096273106","1.2024048096273106","1.2024048096273106"
"11575.256590342","67.66766766765902","67.66766766765902","67.66766766765902","36.372745490987135","36.372745490987135","36.372745490987135","3.5105315947882327","3.5105315947882327","3.5105315947882327","10.240963855408705","10.240963855408705","10.240963855408705"
"11585.256871044","50.94905094905348","50.94905094905348","50.94905094905348","50.0999999999931","50.0999999999931","50.0999999999931","1.407035175873444","1.407035175873444","1.407035175873444","1.102204408823315","1.102204408823315","1.102204408823315"
"11595.25619844","77.7777777777798","77.7777777777798","77.7777777777798","22.46740220662417","22.46740220662417","22.46740220662417","1.9095477386648672","1.9095477386648672","1.9095477386648672","1.1011011011115037","1.1011011011115037","1.1011011011115037"
"11605.25662584","31.636726546910072","31.636726546910072","31.636726546910072","69.43056943056963","69.43056943056963","69.43056943056963","7.429718875500468","7.429718875500468","7.429718875500468","10.140562248997211","10.140562248997211","10.140562248997211"
"11615.256901733","47.09999999999127","47.09999999999127","47.09999999999127","53.89999999999417","53.89999999999417","53.89999999999417","1.9057171514592492","1.9057171514592492","1.9057171514592492","1.0010010009866388","1.0010010009866388","1.0010010009866388"
"11625.25724182","18.336673346708345","18.336673346708345","18.336673346708345","36.13613613613365","36.13613613613365","36.13613613613365","1.6080402010037391","1.6080402010037391","1.6080402010037391","47.74774774774447","47.74774774774447","47.74774774774447"
"11635.256798901","17.217217217214174","17.217217217214174","17.217217217214174","51.951951951949084","51.951951951949084","51.951951951949084","11.000000000005912","11.000000000005912","11.000000000005912","38.31494483450311","38.31494483450311","38.31494483450311"
"11645.256533488","1.498501498515731","1.498501498515731","1.498501498515731","14.929859719452848","14.929859719452848","14.929859719452848","1.6064257028276008","1.6064257028276008","1.6064257028276008","86.10000000000582","86.10000000000582","86.10000000000582"
"11655.257435332","9.118236472928269","9.118236472928269","9.118236472928269","71.87187187186726","71.87187187186726","71.87187187186726","1.6032064128265417","1.6032064128265417","1.6032064128265417","21.042084168337404","21.042084168337404","21.042084168337404"
"11665.256813861","11.011011011012888","11.011011011012888","11.011011011012888","93.90609390609731","93.90609390609731","93.90609390609731","5.110220440865948","5.110220440865948","5.110220440865948","7.815631262515152","7.815631262515152","7.815631262515152"
"11675.256530903","1.3000000000101863","1.3000000000101863","1.3000000000101863","25.751503006010235","25.751503006010235","25.751503006010235","1.5030060120216078","1.5030060120216078","1.5030060120216078","75.19999999999524","75.19999999999524","75.19999999999524"
"11685.256751217","1.201201201191031","1.201201201191031","1.201201201191031","63.66366366366177","63.66366366366177","63.66366366366177","1.4056224899721246","1.4056224899721246","1.4056224899721246","37.41223671011705","37.41223671011705","37.41223671011705"
"11695.256544256","30.799999999999272","30.799999999999272","30.799999999999272","46.399999999993526","46.399999999993526","46.399999999993526","4.426559356124228","4.426559356124228","4.426559356124228","36.67334669338692","36.67334669338692","36.67334669338692"
"11705.256376271","55.355355355354995","55.355355355354995","55.355355355354995","43.50000000000364","43.50000000000364","43.50000000000364","4.104104104122474","4.104104104122474","4.104104104122474","1.2024048096270916","1.2024048096270916","1.2024048096270916"
"11715.256608645","31.46853146852715","31.46853146852715","31.46853146852715","69.89999999999782","69.89999999999782","69.89999999999782","1.6048144433309164","1.6048144433309164","1.6048144433309164","0.901803607220483","0.901803607220483","0.901803607220483"
"11725.256179131","75.42457542458023","75.42457542458023","75.42457542458023","36.53653653654525","36.53653653654525","36.53653653654525","2.6078234703976304","2.6078234703976304","2.6078234703976304","3.603603603591301","3.603603603591301","3.603603603591301"
"11735.257136849","53.49999999999391","53.49999999999391","53.49999999999391","18.681318681317183","18.681318681317183","18.681318681317183","1.7068273092375161","1.7068273092375161","1.7068273092375161","30.230230230239812","30.230230230239812","30.230230230239812"
"11745.256641384","46.300000000010186","46.300000000010186","46.300000000010186","41.182364729468155","41.182364729468155","41.182364729468155","3.8114343029191935","3.8114343029191935","3.8114343029191935","12.525050100200948","12.525050100200948","12.525050100200948"
"11755.256970524","34.03403403403114","34.03403403403114","34.03403403403114","67.66766766767132","67.66766766767132","67.66766766767132","5.527638190947058","5.527638190947058","5.527638190947058","11.244979919685683","11.244979919685683","11.244979919685683"
"11765.256800085","94.30000000000187","94.30000000000187","94.30000000000187","1.1999999999989086","1.1999999999989086","1.1999999999989086","6.920762286868426","6.920762286868426","6.920762286868426","1.2024048096270916","1.2024048096270916","1.2024048096270916"
"11775.256119018","37.50000000001137","37.50000000001137","37.50000000001137","12.62525050099563","12.62525050099563","12.62525050099563","1.6064257028096316","1.6064257028096316","1.6064257028096316","51.951951951939975","51.951951951939975","51.951951951939975"
"11785.256864896","68.63136863135696","68.63136863135696","68.63136863135696","2.3023023022979827","2.3023023022979827","2.3023023022979827","5.025125628141255","5.025125628141255","5.025125628141255","34.03403403403733","34.03403403403733","34.03403403403733"
"11795.256613975","71.57157157157467","71.57157157157467","71.57157157157467","1.201201201209239","1.201201201209239","1.201201201209239","2.404809619238235","2.404809619238235","2.404809619238235","36.77354709418401","36.77354709418401","36.77354709418401"
"11805.256582195","45.845845845846114","45.845845845846114","45.845845845846114","1.1000000000147157","1.1000000000147157","1.1000000000147157","1.5075376884387202","1.5075376884387202","1.5075376884387202","55.200000000004366","55.200000000004366","55.200000000004366"
"11815.256657919","70.52947052947673","70.52947052947673","70.52947052947673","9.190809190793216","9.190809190793216","9.190809190793216","8.040201005018695","8.040201005018695","8.040201005018695","29.789368104321134","29.789368104321134","29.789368104321134"
"11825.257036439","73.49999999999882","73.49999999999882","73.49999999999882","22.000000000012367","22.000000000012367","22.000000000012367","6.5261044176686935","6.5261044176686935","6.5261044176686935","15.546639919753","15.546639919753","15.546639919753"
"11835.256526409","15.015015015028082","15.015015015028082","15.015015015028082","74.09999999999854","74.09999999999854","74.09999999999854","1.3052208835262151","1.3052208835262151","1.3052208835262151","13.126252505005489","13.126252505005489","13.126252505005489"
"11845.256812267","48.14814814815287","48.14814814815287","48.14814814815287","17.234468937863973","17.234468937863973","17.234468937863973","3.112449799209641","3.112449799209641","3.112449799209641","35.335335335336225","35.335335335336225","35.335335335336225"
"11855.256307127","58.258258258256625","58.258258258256625","58.258258258256625","10.910910910903501","10.910910910903501","10.910910910903501","6.806806806812145","6.806806806812145","6.806806806812145","42.34234234233611","42.34234234233611","42.34234234233611"
"11865.256133946","26.553106212422367","26.553106212422367","26.553106212422367","1.2024048096001902","1.2024048096001902","1.2024048096001902","1.6064257028096316","1.6064257028096316","1.6064257028096316","74.2999999999894","74.2999999999894","74.2999999999894"
"11875.256653543","1.3986013986180137","1.3986013986180137","1.3986013986180137","36.47294589177933","36.47294589177933","36.47294589177933","1.7051153460412367","1.7051153460412367","1.7051153460412367","64.72945891784798","64.72945891784798","64.72945891784798"
"11885.255958401","66.49999999999636","66.49999999999636","66.49999999999636","17.517517517523814","17.517517517523814","17.517517517523814","8.844221105520564","8.844221105520564","8.844221105520564","25.025025025025567","25.025025025025567","25.025025025025567"
"11895.256221267","26.39999999999418","26.39999999999418","26.39999999999418","25.900000000001455","25.900000000001455","25.900000000001455","1.705115346038645","1.705115346038645","1.705115346038645","49.79959919840149","49.79959919840149","49.79959919840149"
"11905.256389351","44.34434434434822","44.34434434434822","44.34434434434822","0.8016032064302119","0.8016032064302119","0.8016032064302119","1.7034068136303364","1.7034068136303364","1.7034068136303364","56.84315684315037","56.84315684315037","56.84315684315037"
"11915.256695425","41.80000000000291","41.80000000000291","41.80000000000291","11.233701103316646","11.233701103316646","11.233701103316646","11.23370110330045","11.23370110330045","11.23370110330045","53.460381143433075","53.460381143433075","53.460381143433075"
"11925.256925786","20.079920079921823","20.079920079921823","20.079920079921823","58.358358358351325","58.358358358351325","58.358358358351325","1.803607214431853","1.803607214431853","1.803607214431853","23.94789579157838","23.94789579157838","23.94789579157838"
"11935.257075128","41.599999999998545","41.599999999998545","41.599999999998545","57.157157157158764","57.157157157158764","57.157157157158764","4.212637913741461","4.212637913741461","4.212637913741461","1.2036108325053796","1.2036108325053796","1.2036108325053796"
"11945.256226713","74.77477477476985","74.77477477476985","74.77477477476985","34.134134134133426","34.134134134133426","34.134134134133426","4.7141424272929715","4.7141424272929715","4.7141424272929715","4.80961923849014","4.80961923849014","4.80961923849014"
"11955.257632715","1.201201201209239","1.201201201209239","1.201201201209239","80.49999999999272","80.49999999999272","80.49999999999272","1.5060240963820215","1.5060240963820215","1.5060240963820215","20.461384152452965","20.461384152452965","20.461384152452965"
"11965.256492368","1.0000000000080036","1.0000000000080036","1.0000000000080036","38.07615230461271","38.07615230461271","38.07615230461271","1.5030060120204687","1.5030060120204687","1.5030060120204687","63.299999999999265","63.299999999999265","63.299999999999265"
"11975.257146527","4.195804195787422","4.195804195787422","4.195804195787422","93.20679320679169","93.20679320679169","93.20679320679169","12.449799196800905","12.449799196800905","12.449799196800905","8.299999999997763","8.299999999997763","8.299999999997763"
"11985.256864567","41.841841841845664","41.841841841845664","41.841841841845664","56.21242484969857","56.21242484969857","56.21242484969857","4.308617234472043","4.308617234472043","4.308617234472043","1.0040160642607687","1.0040160642607687","1.0040160642607687"
"11995.256154526","90.79999999999927","90.79999999999927","90.79999999999927","8.999999999996362","8.999999999996362","8.999999999996362","3.012048192764043","3.012048192764043","3.012048192764043","1.4014014013956055","1.4014014013956055","1.4014014013956055"
"12005.256423352","28.356713426867273","28.356713426867273","28.356713426867273","9.290709290721082","9.290709290721082","9.290709290721082","4.422110552768615","4.422110552768615","4.422110552768615","72.19999999999851","72.19999999999851","72.19999999999851"
"12015.257288096","65","65","65","1.2024048096001902","1.2024048096001902","1.2024048096001902","1.8054162487313612","1.8054162487313612","1.8054162487313612","39.11735205616743","39.11735205616743","39.11735205616743"
"12025.255855685","14.99999999998454","14.99999999998454","14.99999999998454","11.422845691393576","11.422845691393576","11.422845691393576","1.606425702811914","1.606425702811914","1.606425702811914","75.40000000001328","75.40000000001328","75.40000000001328"
"12035.256281849","44.7105788423191","44.7105788423191","44.7105788423191","1.0020040080286519","1.0020040080286519","1.0020040080286519","2.208835341359081","2.208835341359081","2.208835341359081","55.89999999999343","55.89999999999343","55.89999999999343"
"12045.256654668","53.49999999999518","53.49999999999518","53.49999999999518","3.0030030029957855","3.0030030029957855","3.0030030029957855","7.444668008045713","7.444668008045713","7.444668008045713","53.86158475426453","53.86158475426453","53.86158475426453"
"12055.256510788","24.824824824834685","24.824824824834685","24.824824824834685","1.500000000005457","1.500000000005457","1.500000000005457","1.8018018018070305","1.8018018018070305","1.8018018018070305","76.57657657657461","76.57657657657461","76.57657657657461"
"12065.256910127","59.799999999995634","59.799999999995634","59.799999999995634","25.951903807595215","25.951903807595215","25.951903807595215","3.112449799209641","3.112449799209641","3.112449799209641","14.800000000011131","14.800000000011131","14.800000000011131"
"12075.256452423","35.47094188377783","35.47094188377783","35.47094188377783","73.69999999999891","73.69999999999891","73.69999999999891","5.416248746229585","5.416248746229585","5.416248746229585","3.711133400173061","3.711133400173061","3.711133400173061"
"12085.256571527","75.24950099800942","75.24950099800942","75.24950099800942","10.020040080168044","10.020040080168044","10.020040080168044","4.312938816451763","4.312938816451763","4.312938816451763","13.955823293168072","13.955823293168072","13.955823293168072"
"12095.256766313","89.48948948947833","89.48948948947833","89.48948948947833","4.800000000004729","4.800000000004729","4.800000000004729","8.525576730180372","8.525576730180372","8.525576730180372","1.0030090270849585","1.0030090270849585","1.0030090270849585"
"12105.257067388","38.59999999999465","38.59999999999465","38.59999999999465","70.99999999999454","70.99999999999454","70.99999999999454","6.82046138415458","6.82046138415458","6.82046138415458","1.9038076152174213","1.9038076152174213","1.9038076152174213"
"12115.257091781","42.95704295704512","42.95704295704512","42.95704295704512","58.15815815816343","58.15815815816343","58.15815815816343","1.807228915647798","1.807228915647798","1.807228915647798","1.2036108325053796","1.2036108325053796","1.2036108325053796"
"12125.255930435","26.626626626625754","26.626626626625754","26.626626626625754","74.47447447447675","74.47447447447675","74.47447447447675","1.5090543259700206","1.5090543259700206","1.5090543259700206","1.002004008019721","1.002004008019721","1.002004008019721"
"12135.256033752","45.200000000004366","45.200000000004366","45.200000000004366","57.9420579420585","57.9420579420585","57.9420579420585","12.175648702605898","12.175648702605898","12.175648702605898","2.8056112224333476","2.8056112224333476","2.8056112224333476"
"12145.256516334","71.9000000000051","71.9000000000051","71.9000000000051","27.85571142285751","27.85571142285751","27.85571142285751","2.710843373480334","2.710843373480334","2.710843373480334","1.2036108325099408","1.2036108325099408","1.2036108325099408"
"12155.255939503","53.8461538461514","53.8461538461514","53.8461538461514","47.047047047036614","47.047047047036614","47.047047047036614","1.408450704219424","1.408450704219424","1.408450704219424","1.3000000000101863","1.3000000000101863","1.3000000000101863"
"12165.256165441","65.5034895313986","65.5034895313986","65.5034895313986","39.77955911824076","39.77955911824076","39.77955911824076","9.309309309314703","9.309309309314703","9.309309309314703","4.613841524565267","4.613841524565267","4.613841524565267"
"12175.256532399","37.5","37.5","37.5","58.15815815815433","58.15815815815433","58.15815815815433","7.221664994981142","7.221664994981142","7.221664994981142","1.104417670670409","1.104417670670409","1.104417670670409"
"12185.256865226","62.33766233767013","62.33766233767013","62.33766233767013","36.43643643643141","36.43643643643141","36.43643643643141","3.807615230472879","3.807615230472879","3.807615230472879","1.2024048096270916","1.2024048096270916","1.2024048096270916"
"12195.256259983","30.89267803409797","30.89267803409797","30.89267803409797","80.90000000000494","80.90000000000494","80.90000000000494","3.112449799191946","3.112449799191946","3.112449799191946","3.112449799191946","3.112449799191946","3.112449799191946"
"12205.256075415","38.16183816185259","38.16183816185259","38.16183816185259","62.937062937056645","62.937062937056645","62.937062937056645","1.6048144433286358","1.6048144433286358","1.6048144433286358","1.1011011011113034","1.1011011011113034","1.1011011011113034"
"12215.256259145","25.99999999997199","25.99999999997199","25.99999999997199","68.56856856857033","68.56856856857033","68.56856856857033","1.7034068136277476","1.7034068136277476","1.7034068136277476","7.815631262531954","7.815631262531954","7.815631262531954"
"12225.257711658","13.326653306628877","13.326653306628877","13.326653306628877","31.13113113113764","31.13113113113764","31.13113113113764","2.208835341359081","2.208835341359081","2.208835341359081","71.00000000000364","71.00000000000364","71.00000000000364"
"12235.25666099","5.305305305311976","5.305305305311976","5.305305305311976","83.19999999999709","83.19999999999709","83.19999999999709","1.7085427135687579","1.7085427135687579","1.7085427135687579","13.927855711417623","13.927855711417623","13.927855711417623"
"12245.256683826","86.70000000000073","86.70000000000073","86.70000000000073","9.999999999983629","9.999999999983629","9.999999999983629","6.018054162492689","6.018054162492689","6.018054162492689","1.0020040080195387","1.0020040080195387","1.0020040080195387"
"12255.258674289","13.999999999996362","13.999999999996362","13.999999999996362","86.899999999996","86.899999999996","86.899999999996","2.106318956879853","2.106318956879853","2.106318956879853","1.2024048096090842","1.2024048096090842","1.2024048096090842"
"12265.256313191","59.59999999999127","59.59999999999127","59.59999999999127","14.028056112237087","14.028056112237087","14.028056112237087","9.127382146438459","9.127382146438459","9.127382146438459","34.9047141424252","34.9047141424252","34.9047141424252"
"12275.256337326","5.60560560560063","5.60560560560063","5.60560560560063","71.49999999999636","71.49999999999636","71.49999999999636","1.7085427135684454","1.7085427135684454","1.7085427135684454","24.849699398794307","24.849699398794307","24.849699398794307"
"12285.256034541","26.173826173847015","26.173826173847015","26.173826173847015","9.50950950949142","9.50950950949142","9.50950950949142","7.028112449788855","7.028112449788855","7.028112449788855","61.100000000005814","61.100000000005814","61.100000000005814"
"12295.256798606","51.35135135134902","51.35135135134902","51.35135135134902","57.85785785785657","57.85785785785657","57.85785785785657","7.128514056233719","7.128514056233719","7.128514056233719","1.9095477386984465","1.9095477386984465","1.9095477386984465"
"12305.256925223","35.33533533533089","35.33533533533089","35.33533533533089","59.14085914085858","59.14085914085858","59.14085914085858","8.308308308307762","8.308308308307762","8.308308308307762","1.2024048096270916","1.2024048096270916","1.2024048096270916"
"12315.256792297","49.20000000000073","49.20000000000073","49.20000000000073","48.34834834835809","48.34834834835809","48.34834834835809","5.299999999991596","5.299999999991596","5.299999999991596","1.102204408810047","1.102204408810047","1.102204408810047"
"12325.256424756","19.78021978021499","19.78021978021499","19.78021978021499","55.199999999996216","55.199999999996216","55.199999999996216","10.120240480964988","10.120240480964988","10.120240480964988","32.89869608826752","32.89869608826752","32.89869608826752"
"12335.256716234","58.38323353293522","58.38323353293522","58.38323353293522","1.002004008010608","1.002004008010608","1.002004008010608","5.1102204408841745","5.1102204408841745","5.1102204408841745","39.27855711423091","39.27855711423091","39.27855711423091"
"12345.257189307","41.54154154152817","41.54154154152817","41.54154154152817","1.4014014014135583","1.4014014014135583","1.4014014014135583","1.4042126379259836","1.4042126379259836","1.4042126379259836","59.31863727454161","59.31863727454161","59.31863727454161"
"12355.25679363","22.5","22.5","22.5","23.64729458917611","23.64729458917611","23.64729458917611","12.676056338029715","12.676056338029715","12.676056338029715","60.26026026026595","60.26026026026595","60.26026026026595"
"12365.256589679","9.100000000019627","9.100000000019627","9.100000000019627","52.75275275274917","52.75275275274917","52.75275275274917","1.7068273092375161","1.7068273092375161","1.7068273092375161","40.09999999999129","40.09999999999129","40.09999999999129"
"12375.256076955","0.9999999999856299","0.9999999999856299","0.9999999999856299","47.19438877756716","47.19438877756716","47.19438877756716","1.7051153460412367","1.7051153460412367","1.7051153460412367","53.90000000000257","53.90000000000257","53.90000000000257"
"12385.25648062","13.026052104201696","13.026052104201696","13.026052104201696","9.790209790197908","9.790209790197908","9.790209790197908","3.3132530120471473","3.3132530120471473","3.3132530120471473","92.70729270729723","92.70729270729723","92.70729270729723"
"12395.256936839","1.1011011011069518","1.1011011011069518","1.1011011011069518","73.27327327327683","73.27327327327683","73.27327327327683","1.5075376884387202","1.5075376884387202","1.5075376884387202","27.827827827829925","27.827827827829925","27.827827827829925"
"12405.257181336","1.499999999996362","1.499999999996362","1.499999999996362","1.099999999978736","1.099999999978736","1.099999999978736","1.5045135406183154","1.5045135406183154","1.5045135406183154","100","100","100"
"12415.256568383","13.627254509037723","13.627254509037723","13.627254509037723","84.49999999999818","84.49999999999818","84.49999999999818","3.012048192764043","3.012048192764043","3.012048192764043","18.000000000010914","18.000000000010914","18.000000000010914"
"12425.256005636","36.46353646353866","36.46353646353866","36.46353646353866","0.8016032064302119","0.8016032064302119","0.8016032064302119","1.608040201003445","1.608040201003445","1.608040201003445","64.72945891783618","64.72945891783618","64.72945891783618"
"12435.25684645","34.2685370741323","34.2685370741323","34.2685370741323","16.533066132261606","16.533066132261606","16.533066132261606","1.701701701704743","1.701701701704743","1.701701701704743","51.148851148853694","51.148851148853694","51.148851148853694"
"12445.257246573","43.756243756257525","43.756243756257525","43.756243756257525","45","45","45","5.622489959834737","5.622489959834737","5.622489959834737","24.024024024020907","24.024024024020907","24.024024024020907"
"12455.256564195","1.1022044088052896","1.1022044088052896","1.1022044088052896","45.19038076152809","45.19038076152809","45.19038076152809","1.9038076152196997","1.9038076152196997","1.9038076152196997","55.75575575574601","55.75575575574601","55.75575575574601"
"12465.256610933","1.4000000000121144","1.4000000000121144","1.4000000000121144","29.629629629630642","29.629629629630642","29.629629629630642","1.5060240963820215","1.5060240963820215","1.5060240963820215","71.07107107106333","71.07107107106333","71.07107107106333"
"12475.256430714","5.205205205192429","5.205205205192429","5.205205205192429","56.112224448886785","56.112224448886785","56.112224448886785","2.6130653266351684","2.6130653266351684","2.6130653266351684","46.04604604605069","46.04604604605069","46.04604604605069"
"12485.257095405","37.20000000000488","37.20000000000488","37.20000000000488","1.2000000000080036","1.2000000000080036","1.2000000000080036","9.719438877768107","9.719438877768107","9.719438877768107","64.36436436436868","64.36436436436868","64.36436436436868"
"12495.25627129","64.86486486486646","64.86486486486646","64.86486486486646","1.102204408823315","1.102204408823315","1.102204408823315","3.7074148296515523","3.7074148296515523","3.7074148296515523","34.06813627254294","34.06813627254294","34.06813627254294"
"12505.256332612","64.33566433566801","64.33566433566801","64.33566433566801","1.2024048096362048","1.2024048096362048","1.2024048096362048","1.6064257028278943","1.6064257028278943","1.6064257028278943","36.636636636635984","36.636636636635984","36.636636636635984"
"12515.256335105","19.500000000007276","19.500000000007276","19.500000000007276","32.2968906720116","32.2968906720116","32.2968906720116","5.917753259780106","5.917753259780106","5.917753259780106","60.16016016014545","60.16016016014545","60.16016016014545"
"12525.256023463","1.2999999999919964","1.2999999999919964","1.2999999999919964","67.36736736737357","67.36736736737357","67.36736736737357","1.7034068136101421","1.7034068136101421","1.7034068136101421","33.3667334669346","33.3667334669346","33.3667334669346"
"12535.256273829","1.3013013012978702","1.3013013012978702","1.3013013012978702","20.520520520513685","20.520520520513685","20.520520520513685","1.8072289156665426","1.8072289156665426","1.8072289156665426","80.79999999999927","80.79999999999927","80.79999999999927"
"12545.256456957","6.89310689311183","6.89310689311183","6.89310689311183","2.104208416825011","2.104208416825011","2.104208416825011","9.365558912389362","9.365558912389362","9.365558912389362","100","100","100"
"12555.256695577","73.07307307306739","73.07307307306739","73.07307307306739","1.5984015984001096","1.5984015984001096","1.5984015984001096","1.3039117351979128","1.3039117351979128","1.3039117351979128","27.683049147446336","27.683049147446336","27.683049147446336"
"12565.257160685","13.886113886125939","13.886113886125939","13.886113886125939","1.399999999994434","1.399999999994434","1.399999999994434","1.3078470825049113","1.3078470825049113","1.3078470825049113","87.4125874125878","87.4125874125878","87.4125874125878"
"12575.256165395","48.24824824824639","48.24824824824639","48.24824824824639","26.97302697302875","26.97302697302875","26.97302697302875","5.0200803212855805","5.0200803212855805","5.0200803212855805","38.57715430860434","38.57715430860434","38.57715430860434"
"12585.256362549","1.2000000000077853","1.2000000000077853","1.2000000000077853","38.476953907818775","38.476953907818775","38.476953907818775","1.8036072144338025","1.8036072144338025","1.8036072144338025","62.3623623623707","62.3623623623707","62.3623623623707"
"12595.256964327","1.2024048096093036","1.2024048096093036","1.2024048096093036","12.925851703413771","12.925851703413771","12.925851703413771","1.708542713550789","1.708542713550789","1.708542713550789","88.19999999999924","88.19999999999924","88.19999999999924"
"12605.25711497","20.620620620615973","20.620620620615973","20.620620620615973","17.099999999994377","17.099999999994377","17.099999999994377","5.800000000018681","5.800000000018681","5.800000000018681","74.89999999999782","74.89999999999782","74.89999999999782"
"12615.258610609","44.14414414415383","44.14414414415383","44.14414414415383","18.83767535069421","18.83767535069421","18.83767535069421","1.9057171514592492","1.9057171514592492","1.9057171514592492","41.74174174174794","41.74174174174794","41.74174174174794"
"12625.256393567","22.34468937872581","22.34468937872581","22.34468937872581","22.92292292292799","22.92292292292799","22.92292292292799","1.8054162487489471","1.8054162487489471","1.8054162487489471","56.65665665664612","56.65665665664612","56.65665665664612"
"12635.256386496","35.1297405189649","35.1297405189649","35.1297405189649","2.8084252758337227","2.8084252758337227","2.8084252758337227","9.236947791166198","9.236947791166198","9.236947791166198","72.07207207208093","72.07207207208093","72.07207207208093"
"12645.256965547","81.00000000000364","81.00000000000364","81.00000000000364","1.0010010009866388","1.0010010009866388","1.0010010009866388","1.8054162487333123","1.8054162487333123","1.8054162487333123","19.959879638915872","19.959879638915872","19.959879638915872"
"12655.257066375","43.08617234469435","43.08617234469435","43.08617234469435","17.51751751753292","17.51751751753292","17.51751751753292","1.4070351758737012","1.4070351758737012","1.4070351758737012","42.39999999999782","42.39999999999782","42.39999999999782"
"12665.256125812","9.390609390614275","9.390609390614275","9.390609390614275","38.299999999988046","38.299999999988046","38.299999999988046","9.4282848545677","9.4282848545677","9.4282848545677","60.5605605605546","60.5605605605546","60.5605605605546"
"12675.256254163","10.799999999983047","10.799999999983047","10.799999999983047","0.9018036072339884","0.9018036072339884","0.9018036072339884","1.6064257028122075","1.6064257028122075","1.6064257028122075","90.19019019019613","90.19019019019613","90.19019019019613"
"12685.256450376","59.15915915915899","59.15915915915899","59.15915915915899","1.2024048096090842","1.2024048096090842","1.2024048096090842","1.5060240963817466","1.5060240963817466","1.5060240963817466","41.741741741732774","41.741741741732774","41.741741741732774"
"12695.258182555","36.46353646353203","36.46353646353203","36.46353646353203","5.01002004008038","5.01002004008038","5.01002004008038","3.306613226436976","3.306613226436976","3.306613226436976","69.63927855710634","69.63927855710634","69.63927855710634"
"12705.257813533","30.130130130145695","30.130130130145695","30.130130130145695","5.811623246491452","5.811623246491452","5.811623246491452","1.8054162487492764","1.8054162487492764","1.8054162487492764","70.37037037037847","70.37037037037847","70.37037037037847"
"12715.256819507","61.861861861852475","61.861861861852475","61.861861861852475","4.904904904929246","4.904904904929246","4.904904904929246","4.104104104120198","4.104104104120198","4.104104104120198","33.59999999999971","33.59999999999971","33.59999999999971"
"12725.256480319","11.18881118881894","11.18881118881894","11.18881118881894","1.0020040079836339","1.0020040079836339","1.0020040079836339","1.905717151441352","1.905717151441352","1.905717151441352","89.70000000000977","89.70000000000977","89.70000000000977"
"12735.25635365","55.81162324650057","55.81162324650057","55.81162324650057","5.605605605617817","5.605605605617817","5.605605605617817","11.511511511526509","11.511511511526509","11.511511511526509","45.545545545539255","45.545545545539255","45.545545545539255"
"12745.256153102","19.480519480493523","19.480519480493523","19.480519480493523","1.4014014014135583","1.4014014014135583","1.4014014014135583","2.213279678062114","2.213279678062114","2.213279678062114","80.98098098098421","80.98098098098421","80.98098098098421"
"12755.256471469","66.10000000000582","66.10000000000582","66.10000000000582","25.92592592592795","25.92592592592795","25.92592592592795","1.705115346038645","1.705115346038645","1.705115346038645","10.210210210212944","10.210210210212944","10.210210210212944"
"12765.257016466","21.943887775557165","21.943887775557165","21.943887775557165","32.23223223222638","32.23223223222638","32.23223223222638","3.199999999999363","3.199999999999363","3.199999999999363","61.22244488979263","61.22244488979263","61.22244488979263"
"12775.257522188","54.00000000000927","54.00000000000927","54.00000000000927","33.59999999999374","33.59999999999374","33.59999999999374","2.9058116232371423","2.9058116232371423","2.9058116232371423","13.841524573729764","13.841524573729764","13.841524573729764"
"12785.256604553","37.13713713712921","37.13713713712921","37.13713713712921","34.934934934933516","34.934934934933516","34.934934934933516","1.5105740181414984","1.5105740181414984","1.5105740181414984","29.88966900700586","29.88966900700586","29.88966900700586"
"12795.256763919","29.370629370620982","29.370629370620982","29.370629370620982","80.91908091907932","80.91908091907932","80.91908091907932","4.4088176352750335","4.4088176352750335","4.4088176352750335","3.7000000000073308","3.7000000000073308","3.7000000000073308"
"12805.25690039","54.04595404595977","54.04595404595977","54.04595404595977","42.51497005988056","42.51497005988056","42.51497005988056","5.917753259781186","5.917753259781186","5.917753259781186","1.4042126379259836","1.4042126379259836","1.4042126379259836"
"12815.256523584","17.717717717722476","17.717717717722476","17.717717717722476","83.26653306613385","83.26653306613385","83.26653306613385","1.6048144433286358","1.6048144433286358","1.6048144433286358","1.3013013013158414","1.3013013013158414","1.3013013013158414"
"12825.257302811","64.23576423575923","64.23576423575923","64.23576423575923","38.99999999999636","38.99999999999636","38.99999999999636","2.8140703517296357","2.8140703517296357","2.8140703517296357","12.236710130369396","12.236710130369396","12.236710130369396"
"12835.256667458","11.388611388621428","11.388611388621428","11.388611388621428","3.2096288866572715","3.2096288866572715","3.2096288866572715","1.3065326633287713","1.3065326633287713","1.3065326633287713","88.40000000000356","88.40000000000356","88.40000000000356"
"12845.257148189","16.716716716707197","16.716716716707197","16.716716716707197","34.63855421687148","34.63855421687148","34.63855421687148","12.236710130388829","12.236710130388829","12.236710130388829","58.24175824176079","58.24175824176079","58.24175824176079"
"12855.256249279","12.300000000016134","12.300000000016134","12.300000000016134","54.54545454544464","54.54545454544464","54.54545454544464","4.016064257044624","4.016064257044624","4.016064257044624","48.24473420260588","48.24473420260588","48.24473420260588"
"12865.256674686","1.3986013985955532","1.3986013985955532","1.3986013985955532","21.821821821834316","21.821821821834316","21.821821821834316","1.6032064128242633","1.6032064128242633","1.6032064128242633","79.2207792207804","79.2207792207804","79.2207792207804"
"12875.256658485","65.49999999998644","65.49999999998644","65.49999999998644","33.799999999991996","33.799999999991996","33.799999999991996","3.703703703711122","3.703703703711122","3.703703703711122","0.8040201005017225","0.8040201005017225","0.8040201005017225"
"12885.25743778","13.772455089829924","13.772455089829924","13.772455089829924","89.00000000001255","89.00000000001255","89.00000000001255","5.4216867469789305","5.4216867469789305","5.4216867469789305","10.010010009977458","10.010010009977458","10.010010009977458"
"12895.256784548","41.10000000001037","41.10000000001037","41.10000000001037","59.95995995996638","59.95995995996638","59.95995995996638","2.0080321285211706","2.0080321285211706","2.0080321285211706","1.4028056112346445","1.4028056112346445","1.4028056112346445"
"12905.256478797","45.49999999998281","45.49999999998281","45.49999999998281","54.05405405405159","54.05405405405159","54.05405405405159","3.2064128256485267","3.2064128256485267","3.2064128256485267","1.0030090270849585","1.0030090270849585","1.0030090270849585"
"12915.256314943","48.448448448460354","48.448448448460354","48.448448448460354","60.5210420841615","60.5210420841615","60.5210420841615","6.406406406402995","6.406406406402995","6.406406406402995","1.803607214418183","1.803607214418183","1.803607214418183"
"12925.256278473","49.24924924925105","49.24924924925105","49.24924924925105","52.000000000007276","52.000000000007276","52.000000000007276","1.4056224899541183","1.4056224899541183","1.4056224899541183","1.3039117352156815","1.3039117352156815","1.3039117352156815"
"12935.256100971","19.600000000005892","19.600000000005892","19.600000000005892","81.41858141857938","81.41858141857938","81.41858141857938","1.803607214431853","1.803607214431853","1.803607214431853","1.2024048096090842","1.2024048096090842","1.2024048096090842"
"12945.256491403","9.980039920159246","9.980039920159246","9.980039920159246","53.09999999998638","53.09999999998638","53.09999999998638","1.3052208835442398","1.3052208835442398","1.3052208835442398","39.4394394394454","39.4394394394454","39.4394394394454"
"12955.256688393","36.27254509016674","36.27254509016674","36.27254509016674","55.555555555557575","55.555555555557575","55.555555555557575","5.120481927712548","5.120481927712548","5.120481927712548","21.342685370748736","21.342685370748736","21.342685370748736"
"12965.256928486","23.14629258518026","23.14629258518026","23.14629258518026","70.70000000000995","70.70000000000995","70.70000000000995","9.027081243728137","9.027081243728137","9.027081243728137","0.8024072216643179","0.8024072216643179","0.8024072216643179"
"12975.256204691","67.13286713285913","67.13286713285913","67.13286713285913","30.830830830825164","30.830830830825164","30.830830830825164","4.609218436882586","4.609218436882586","4.609218436882586","1.0020040080195387","1.0020040080195387","1.0020040080195387"
"12985.256807004","11.723446893788816","11.723446893788816","11.723446893788816","73.40000000000146","73.40000000000146","73.40000000000146","3.9117352055784878","3.9117352055784878","3.9117352055784878","28.68605817451828","28.68605817451828","28.68605817451828"
"12995.256558982","66.00000000001437","66.00000000001437","66.00000000001437","34.96503496503421","34.96503496503421","34.96503496503421","1.703406813628058","1.703406813628058","1.703406813628058","1.0020040080240953","1.0020040080240953","1.0020040080240953"
"13005.256661103","40.95904095903626","40.95904095903626","40.95904095903626","33.60000000000582","33.60000000000582","33.60000000000582","1.405622489971868","1.405622489971868","1.405622489971868","27.92792792793728","27.92792792793728","27.92792792793728"
"13015.257059579","87.92415169661164","87.92415169661164","87.92415169661164","13.313313313312877","13.313313313312877","13.313313313312877","8.84422110553723","8.84422110553723","8.84422110553723","8.116232464925112","8.116232464925112","8.116232464925112"
"13025.257133121","7.414829659316774","7.414829659316774","7.414829659316774","85.20000000000437","85.20000000000437","85.20000000000437","1.9057171514417","1.9057171514417","1.9057171514417","9.628886659988304","9.628886659988304","9.628886659988304"
"13035.257038424","1.0000000000216458","1.0000000000216458","1.0000000000216458","27.427427427412628","27.427427427412628","27.427427427412628","1.604814443328343","1.604814443328343","1.604814443328343","73.72627372626413","73.72627372626413","73.72627372626413"
"13045.25660635","56.099999999987624","56.099999999987624","56.099999999987624","45.00998003992038","45.00998003992038","45.00998003992038","5.326633165820315","5.326633165820315","5.326633165820315","11.947791164662613","11.947791164662613","11.947791164662613"
"13055.256500484","95.79999999999927","95.79999999999927","95.79999999999927","2.9000000000082036","2.9000000000082036","2.9000000000082036","4.308617234472043","4.308617234472043","4.308617234472043","1.301301301293555","1.301301301293555","1.301301301293555"
"13065.256455689","26.826826826817","26.826826826817","26.826826826817","74.27427427427664","74.27427427427664","74.27427427427664","1.4042126379282642","1.4042126379282642","1.4042126379282642","0.9018036071977","0.9018036071977","0.9018036071977"
"13075.256004316","33.10000000000707","33.10000000000707","33.10000000000707","48.29659318637194","48.29659318637194","48.29659318637194","6.7134268537072135","6.7134268537072135","6.7134268537072135","31.268731268740762","31.268731268740762","31.268731268740762"
"13085.256852339","1.201201201209239","1.201201201209239","1.201201201209239","90.90000000000146","90.90000000000146","90.90000000000146","1.7051153460389563","1.7051153460389563","1.7051153460389563","9.738955823287451","9.738955823287451","9.738955823287451"
"13095.256285928","1.2012012012090203","1.2012012012090203","1.2012012012090203","11.100000000012896","11.100000000012896","11.100000000012896","1.4070351758737012","1.4070351758737012","1.4070351758737012","89.89999999999966","89.89999999999966","89.89999999999966"
"13105.256700853","30.369630369625778","30.369630369625778","30.369630369625778","35.19999999999258","35.19999999999258","35.19999999999258","2.9029029028934983","2.9029029028934983","2.9029029028934983","50.15015015015343","50.15015015015343","50.15015015015343"
"13115.256228992","6.599999999998545","6.599999999998545","6.599999999998545","19.038076152316552","19.038076152316552","19.038076152316552","1.9076305220932857","1.9076305220932857","1.9076305220932857","76.299999999992","76.299999999992","76.299999999992"
"13125.256935464","34.96503496503421","34.96503496503421","34.96503496503421","22.14428857714653","22.14428857714653","22.14428857714653","1.807228915668014","1.807228915668014","1.807228915668014","44.68937875750824","44.68937875750824","44.68937875750824"
"13135.256765999","9.1091091091244","9.1091091091244","9.1091091091244","66.70000000000073","66.70000000000073","66.70000000000073","12.32464929859336","12.32464929859336","12.32464929859336","30.460921843696458","30.460921843696458","30.460921843696458"
"13145.256602996","7.0999999999743695","7.0999999999743695","7.0999999999743695","46.69338677354768","46.69338677354768","46.69338677354768","5.817452357069804","5.817452357069804","5.817452357069804","44.20000000000073","44.20000000000073","44.20000000000073"
"13155.257121233","6.006006006009779","6.006006006009779","6.006006006009779","93.19999999999833","93.19999999999833","93.19999999999833","1.6032064128421972","1.6032064128421972","1.6032064128421972","2.902902902911706","2.902902902911706","2.902902902911706"
"13165.256749776","5.105105105107401","5.105105105107401","5.105105105107401","80.78078078077964","80.78078078077964","80.78078078077964","2.309236947786984","2.309236947786984","2.309236947786984","20.561685055159547","20.561685055159547","20.561685055159547"
"13175.257089028","28.828828828834407","28.828828828834407","28.828828828834407","65.03496503495944","65.03496503495944","65.03496503495944","1.8072289156654011","1.8072289156654011","1.8072289156654011","17.399999999997817","17.399999999997817","17.399999999997817"
"13185.256736786","69.4000000000051","69.4000000000051","69.4000000000051","30.360721442906353","30.360721442906353","30.360721442906353","2.7081243731239146","2.7081243731239146","2.7081243731239146","1.0040160642605853","1.0040160642605853","1.0040160642605853"
"13195.256806369","1.299999999974043","1.299999999974043","1.299999999974043","100","100","100","1.8054162487512275","1.8054162487512275","1.8054162487512275","1.3026052104354247","1.3026052104354247","1.3026052104354247"
"13205.256130901","62.16216216217298","62.16216216217298","62.16216216217298","48.99799599198028","48.99799599198028","48.99799599198028","4.5045045044944985","4.5045045044944985","4.5045045044944985","2.2066198595723128","2.2066198595723128","2.2066198595723128"
"13215.256343091","42.20000000000397","42.20000000000397","42.20000000000397","59.14085914085858","59.14085914085858","59.14085914085858","1.4042126379077389","1.4042126379077389","1.4042126379077389","1.002004008019721","1.002004008019721","1.002004008019721"
"13225.256586092","20.44088176351847","20.44088176351847","20.44088176351847","65.13486513486808","65.13486513486808","65.13486513486808","2.5075225677032744","2.5075225677032744","2.5075225677032744","15.53106212422649","15.53106212422649","15.53106212422649"
"13235.256849038","12.774451097810369","12.774451097810369","12.774451097810369","60.160160160163656","60.160160160163656","60.160160160163656","10.330992978942172","10.330992978942172","10.330992978942172","34.302908726163274","34.302908726163274","34.302908726163274"
"13245.256305897","1.0020040080016774","1.0020040080016774","1.0020040080016774","10.300000000004674","10.300000000004674","10.300000000004674","1.8054162487492764","1.8054162487492764","1.8054162487492764","90.70000000001528","90.70000000001528","90.70000000001528"
"13255.257143758","1.7000000000231559","1.7000000000231559","1.7000000000231559","65.90000000000146","65.90000000000146","65.90000000000146","2.202202202195695","2.202202202195695","2.202202202195695","35.82834331337768","35.82834331337768","35.82834331337768"
"13265.256500738","11.79999999998472","11.79999999998472","11.79999999998472","88.60000000000375","88.60000000000375","88.60000000000375","8.232931726922189","8.232931726922189","8.232931726922189","9.337349397592396","9.337349397592396","9.337349397592396"
"13275.256790126","50.149850149853414","50.149850149853414","50.149850149853414","49.14914914915803","49.14914914915803","49.14914914915803","3.1093279839469514","3.1093279839469514","3.1093279839469514","1.2036108324873545","1.2036108324873545","1.2036108324873545"
"13285.255930575","25.37612838515907","25.37612838515907","25.37612838515907","37.562437562427576","37.562437562427576","37.562437562427576","5.231388329984004","5.231388329984004","5.231388329984004","35.27054108217025","35.27054108217025","35.27054108217025"
"13295.255891162","80.10000000000673","80.10000000000673","80.10000000000673","15.815815815815434","15.815815815815434","15.815815815815434","9.829488465392455","9.829488465392455","9.829488465392455","12.9258517033979","12.9258517033979","12.9258517033979"
"13305.256693978","0.9999999999856299","0.9999999999856299","0.9999999999856299","39.43943943943822","39.43943943943822","39.43943943943822","1.6048144433306235","1.6048144433306235","1.6048144433306235","61.66166166166853","61.66166166166853","61.66166166166853"
"13315.256496581","1.1999999999898137","1.1999999999898137","1.1999999999898137","63.02605210420169","63.02605210420169","63.02605210420169","1.8036072144139552","1.8036072144139552","1.8036072144139552","38.11434302908246","38.11434302908246","38.11434302908246"
"13325.256374261","37.03703703703366","37.03703703703366","37.03703703703366","35.86413586412488","35.86413586412488","35.86413586412488","3.31658291457189","3.31658291457189","3.31658291457189","42.74274274274805","42.74274274274805","42.74274274274805"
"13335.257397643","41.14114114114037","41.14114114114037","41.14114114114037","0.9018036072339884","0.9018036072339884","0.9018036072339884","1.7034068136303364","1.7034068136303364","1.7034068136303364","59.8598598598568","59.8598598598568","59.8598598598568"
"13345.256421337","81.20000000000458","81.20000000000458","81.20000000000458","1.399999999976244","1.399999999976244","1.399999999976244","1.809045226133446","1.809045226133446","1.809045226133446","19.69999999999345","19.69999999999345","19.69999999999345"
"13355.256993813","50.500000000001734","50.500000000001734","50.500000000001734","3.7000000000170985","3.7000000000170985","3.7000000000170985","2.5100401606427902","2.5100401606427902","2.5100401606427902","60.98294884655001","60.98294884655001","60.98294884655001"
"13365.256585708","56.65665665665644","56.65665665665644","56.65665665665644","33.3667334669346","33.3667334669346","33.3667334669346","2.0040080160390774","2.0040080160390774","2.0040080160390774","12.187812187805381","12.187812187805381","12.187812187805381"
"13375.256390683","19.919919919932752","19.919919919932752","19.919919919932752","39.739739739734055","39.739739739734055","39.739739739734055","2.8169014084393638","2.8169014084393638","2.8169014084393638","41.78356713427565","41.78356713427565","41.78356713427565"
"13385.257022063","8.999999999981446","8.999999999981446","8.999999999981446","42.79999999999876","42.79999999999876","42.79999999999876","3.8114343029184985","3.8114343029184985","3.8114343029184985","59.11823647294483","59.11823647294483","59.11823647294483"
"13395.256126478","4.495504495515392","4.495504495515392","4.495504495515392","63.76376376377317","63.76376376377317","63.76376376377317","1.509054325951997","1.509054325951997","1.509054325951997","37.2372372372315","37.2372372372315","37.2372372372315"
"13405.256644032","1.002004008019721","1.002004008019721","1.002004008019721","56.256256256255256","56.256256256255256","56.256256256255256","1.700000000003001","1.700000000003001","1.700000000003001","44.68937875751832","44.68937875751832","44.68937875751832"
"13415.256769731","1.3026052104308679","1.3026052104308679","1.3026052104308679","50.59999999999491","50.59999999999491","50.59999999999491","1.4056224899721246","1.4056224899721246","1.4056224899721246","50.400801603215186","50.400801603215186","50.400801603215186"
"13425.256040544","8.89999999999418","8.89999999999418","8.89999999999418","100","100","100","7.707707707695441","7.707707707695441","7.707707707695441","1.6016016016001797","1.6016016016001797","1.6016016016001797"
"13435.257024766","65.53446553447547","65.53446553447547","65.53446553447547","31.59999999999185","31.59999999999185","31.59999999999185","5.5165496489571435","5.5165496489571435","5.5165496489571435","1.4042126379077389","1.4042126379077389","1.4042126379077389"
"13445.256942616","13.026052104217548","13.026052104217548","13.026052104217548","87.98798798798045","87.98798798798045","87.98798798798045","1.705115346038645","1.705115346038645","1.705115346038645","1.002004008019721","1.002004008019721","1.002004008019721"
"13455.257196787","33.466933867720165","33.466933867720165","33.466933867720165","68.92430278884498","68.92430278884498","68.92430278884498","4.317269076310804","4.317269076310804","4.317269076310804","11.33400200601077","11.33400200601077","11.33400200601077"
"13465.256320958","51.00000000001255","51.00000000001255","51.00000000001255","50.15015015015343","50.15015015015343","50.15015015015343","1.2036108324873545","1.2036108324873545","1.2036108324873545","1.5045135406362855","1.5045135406362855","1.5045135406362855"
"13475.256513095","21.543086172341987","21.543086172341987","21.543086172341987","77.17717717717012","77.17717717717012","77.17717717717012","1.7051153460207116","1.7051153460207116","1.7051153460207116","3.799999999974498","3.799999999974498","3.799999999974498"
"13485.256524513","16.167664670635528","16.167664670635528","16.167664670635528","67.10000000000946","67.10000000000946","67.10000000000946","3.8114343029032294","3.8114343029032294","3.8114343029032294","31.093279839524246","31.093279839524246","31.093279839524246"
"13495.256622597","1.4014014014135583","1.4014014014135583","1.4014014014135583","52.700000000004366","52.700000000004366","52.700000000004366","1.9057171514595967","1.9057171514595967","1.9057171514595967","48.597194388783585","48.597194388783585","48.597194388783585"
"13505.256997267","64.9649649649642","64.9649649649642","64.9649649649642","33.3667334669346","33.3667334669346","33.3667334669346","4.11233701103191","4.11233701103191","4.11233701103191","1.3039117352156815","1.3039117352156815","1.3039117352156815"
"13515.257368282","13.700000000005511","13.700000000005511","13.700000000005511","90.79999999999927","90.79999999999927","90.79999999999927","11.033099297896042","11.033099297896042","11.033099297896042","3.4068136272385106","3.4068136272385106","3.4068136272385106"
"13525.256501346","53.953953953959136","53.953953953959136","53.953953953959136","45.79999999998942","45.79999999998942","45.79999999998942","3.109327983964629","3.109327983964629","3.109327983964629","1.3013013012933181","1.3013013012933181","1.3013013012933181"
"13535.256614627","45.654345654341746","45.654345654341746","45.654345654341746","55.41082164328546","55.41082164328546","55.41082164328546","1.701701701686845","1.701701701686845","1.701701701686845","1.4070351758917254","1.4070351758917254","1.4070351758917254"
"13545.257656068","42.01596806387987","42.01596806387987","42.01596806387987","26.200000000008007","26.200000000008007","26.200000000008007","10.420841683357713","10.420841683357713","10.420841683357713","41.28256513025212","41.28256513025212","41.28256513025212"
"13555.256358682","1.499999999996362","1.499999999996362","1.499999999996362","31.062124248496335","31.062124248496335","31.062124248496335","1.9076305220932857","1.9076305220932857","1.9076305220932857","70.39999999999054","70.39999999999054","70.39999999999054"
"13565.256484486","1.4014014013956055","1.4014014013956055","1.4014014013956055","95.69999999999709","95.69999999999709","95.69999999999709","1.5045135406183154","1.5045135406183154","1.5045135406183154","5.511022044099353","5.511022044099353","5.511022044099353"
"13575.256508189","27.454909819651512","27.454909819651512","27.454909819651512","9.127382146455037","9.127382146455037","9.127382146455037","3.9156626506167393","3.9156626506167393","3.9156626506167393","77.29999999999977","77.29999999999977","77.29999999999977"
"13585.256590504","7.592407592392815","7.592407592392815","7.592407592392815","87.41258741258551","87.41258741258551","87.41258741258551","1.604814443328343","1.604814443328343","1.604814443328343","7.630522088338012","7.630522088338012","7.630522088338012"
"13595.257027917","1.5015015014978927","1.5015015014978927","1.5015015014978927","47.09999999999984","47.09999999999984","47.09999999999984","2.309236947788125","2.309236947788125","2.309236947788125","54.254254254256175","54.254254254256175","54.254254254256175"
"13605.256657642","12.838515546644988","12.838515546644988","12.838515546644988","34.56913827653176","34.56913827653176","34.56913827653176","8.1243731193535","8.1243731193535","8.1243731193535","67.76776776777362","67.76776776777362","67.76776776777362"
"13615.256663397","1.8018018018047546","1.8018018018047546","1.8018018018047546","100","100","100","2.7190332326327153","2.7190332326327153","2.7190332326327153","1.803607214431524","1.803607214431524","1.803607214431524"
"13625.256732935","1.5045135406183154","1.5045135406183154","1.5045135406183154","38.29999999999927","38.29999999999927","38.29999999999927","1.606425702811914","1.606425702811914","1.606425702811914","62.562562562563926","62.562562562563926","62.562562562563926"
"13635.256281773","1.1999999999898137","1.1999999999898137","1.1999999999898137","84.69999999999345","84.69999999999345","84.69999999999345","1.703406813628058","1.703406813628058","1.703406813628058","16.733466933854018","16.733466933854018","16.733466933854018"
"13645.25727933","3.2967032967291567","3.2967032967291567","3.2967032967291567","60.52104208417973","60.52104208417973","60.52104208417973","13.540621865601137","13.540621865601137","13.540621865601137","41.52457372116038","41.52457372116038","41.52457372116038"
"13655.256120476","23.42342342342539","23.42342342342539","23.42342342342539","63.563563563557025","63.563563563557025","63.563563563557025","3.5175879397025342","3.5175879397025342","3.5175879397025342","13.986013986025677","13.986013986025677","13.986013986025677"
"13665.25646901","82.19999999999345","82.19999999999345","82.19999999999345","7.799999999989778","7.799999999989778","7.799999999989778","1.7102615694171435","1.7102615694171435","1.7102615694171435","12.637913741210753","12.637913741210753","12.637913741210753"
"13675.256481207","66.63336663337802","66.63336663337802","66.63336663337802","3.206412825666169","3.206412825666169","3.206412825666169","4.72361809044762","4.72361809044762","4.72361809044762","46.14614614614458","46.14614614614458","46.14614614614458"
"13685.256826363","30","30","30","1.5015015014978927","1.5015015014978927","1.5015015014978927","5.32128514056929","5.32128514056929","5.32128514056929","67.80000000000655","67.80000000000655","67.80000000000655"
"13695.256852347","78.39999999998719","78.39999999998719","78.39999999998719","1.2999999999919964","1.2999999999919964","1.2999999999919964","5.4216867469984855","5.4216867469984855","5.4216867469984855","19.000000000005457","19.000000000005457","19.000000000005457"
"13705.256848898","26.88064192578202","26.88064192578202","26.88064192578202","19.70000000001164","19.70000000001164","19.70000000001164","10.251256281410672","10.251256281410672","10.251256281410672","62.28686058174745","62.28686058174745","62.28686058174745"
"13715.257152591","35.16483516482698","35.16483516482698","35.16483516482698","65.63126252504568","65.63126252504568","65.63126252504568","2.1063189568619927","2.1063189568619927","2.1063189568619927","1.1033099297950777","1.1033099297950777","1.1033099297950777"
"13725.256611139","7.014028056118543","7.014028056118543","7.014028056118543","20.120120120119083","20.120120120119083","20.120120120119083","8.249496981873495","8.249496981873495","8.249496981873495","69.00000000000891","69.00000000000891","69.00000000000891"
"13735.25701955","57.2427572427594","57.2427572427594","57.2427572427594","46.238716148444404","46.238716148444404","46.238716148444404","2.9087261785263108","2.9087261785263108","2.9087261785263108","12.537612838514084","12.537612838514084","12.537612838514084"
"13745.257041217","53.65365365365221","53.65365365365221","53.65365365365221","47.752247752253254","47.752247752253254","47.752247752253254","2.0080321285211706","2.0080321285211706","2.0080321285211706","0.9018036072159265","0.9018036072159265","0.9018036072159265"
"13755.256851","1.0030090270847756","1.0030090270847756","1.0030090270847756","32.69809428284692","32.69809428284692","32.69809428284692","1.504513540620596","1.504513540620596","1.504513540620596","68.19999999999709","68.19999999999709","68.19999999999709"
"13765.257004733","10.70000000001528","10.70000000001528","10.70000000001528","50.10000000001128","50.10000000001128","50.10000000001128","5.923694779119647","5.923694779119647","5.923694779119647","52.15215215214455","52.15215215214455","52.15215215214455"
"13775.256955222","35.329341317342546","35.329341317342546","35.329341317342546","11.200000000005966","11.200000000005966","11.200000000005966","1.6096579476848647","1.6096579476848647","1.6096579476848647","56.12449799198227","56.12449799198227","56.12449799198227"
"13785.256287794","83.48348348348375","83.48348348348375","83.48348348348375","1.303911735197675","1.303911735197675","1.303911735197675","4.016064257042341","4.016064257042341","4.016064257042341","15.399999999990541","15.399999999990541","15.399999999990541"
"13795.255997115","29.60000000000946","29.60000000000946","29.60000000000946","79.07907907909537","79.07907907909537","79.07907907909537","5.6338028168959955","5.6338028168959955","5.6338028168959955","5.220883534140434","5.220883534140434","5.220883534140434"
"13805.256856916","46.55344655344408","46.55344655344408","46.55344655344408","1.3013013012933181","1.3013013012933181","1.3013013012933181","1.6064257028122075","1.6064257028122075","1.6064257028122075","54.60921843687515","54.60921843687515","54.60921843687515"
"13815.256265557","40.4404404404427","40.4404404404427","40.4404404404427","1.4028056112166738","1.4028056112166738","1.4028056112166738","2.5100401606245275","2.5100401606245275","2.5100401606245275","60.10000000000218","60.10000000000218","60.10000000000218"
"13825.257008692","99.4005994006045","99.4005994006045","99.4005994006045","3.3033033033026475","3.3033033033026475","3.3033033033026475","3.4102306920801926","3.4102306920801926","3.4102306920801926","13.326653306628877","13.326653306628877","13.326653306628877"
"13835.256845016","53.49999999999518","53.49999999999518","53.49999999999518","47.5","47.5","47.5","2.010050251263447","2.010050251263447","2.010050251263447","1.6032064128239714","1.6032064128239714","1.6032064128239714"
"13845.257248538","55.05505505504807","55.05505505504807","55.05505505504807","42.699999999986176","42.699999999986176","42.699999999986176","2.6130653266351684","2.6130653266351684","2.6130653266351684","3.3066132264523214","3.3066132264523214","3.3066132264523214"
"13855.257193375","76.97697697697393","76.97697697697393","76.97697697697393","25.374625374619985","25.374625374619985","25.374625374619985","2.91457286433017","2.91457286433017","2.91457286433017","2.206619859554471","2.206619859554471","2.206619859554471"
"13865.256861778","36.13613613613113","36.13613613613113","36.13613613613113","66.10000000001199","66.10000000001199","66.10000000001199","3.7111334001906284","3.7111334001906284","3.7111334001906284","9.4282848545677","9.4282848545677","9.4282848545677"
"13875.257121298","23.700000000003694","23.700000000003694","23.700000000003694","39.378757515014534","39.378757515014534","39.378757515014534","2.607823470414259","2.607823470414259","2.607823470414259","38.438438438440734","38.438438438440734","38.438438438440734"
"13885.257054803","1.4014014014226623","1.4014014014226623","1.4014014014226623","82.01798201798968","82.01798201798968","82.01798201798968","2.0060180541718315","2.0060180541718315","2.0060180541718315","19.358074222672194","19.358074222672194","19.358074222672194"
"13895.257482686","50.69999999998812","50.69999999998812","50.69999999998812","54.6546546546471","54.6546546546471","54.6546546546471","11.646586345367233","11.646586345367233","11.646586345367233","3.815261044169006","3.815261044169006","3.815261044169006"
"13905.256386734","11.000000000003638","11.000000000003638","11.000000000003638","89.51048951049701","89.51048951049701","89.51048951049701","2.708124373123421","2.708124373123421","2.708124373123421","1.6016016015998884","1.6016016015998884","1.6016016015998884"
"13915.256918955","69.76976976977024","69.76976976977024","69.76976976977024","30.93093093092743","30.93093093092743","30.93093093092743","2.409638554199347","2.409638554199347","2.409638554199347","1.7051153460480786","1.7051153460480786","1.7051153460480786"
"13925.256777288","22.845691382773094","22.845691382773094","22.845691382773094","38.438438438440734","38.438438438440734","38.438438438440734","5.421686746996203","5.421686746996203","5.421686746996203","52.75275275274866","52.75275275274866","52.75275275274866"
"13935.256200425","50.75075075074894","50.75075075074894","50.75075075074894","1.2024048096270916","1.2024048096270916","1.2024048096270916","1.7034068136303364","1.7034068136303364","1.7034068136303364","50.500000000010914","50.500000000010914","50.500000000010914"
"13945.256815415","5.105105105089193","5.105105105089193","5.105105105089193","52.747252747258145","52.747252747258145","52.747252747258145","1.7034068136277476","1.7034068136277476","1.7034068136277476","44.744744744739165","44.744744744739165","44.744744744739165"
"13955.25662001","13.741223671021968","13.741223671021968","13.741223671021968","50.601202404804546","50.601202404804546","50.601202404804546","2.8112449799259864","2.8112449799259864","2.8112449799259864","51.35135135134446","51.35135135134446","51.35135135134446"
"13965.25684294","1.3013013012933181","1.3013013012933181","1.3013013012933181","31.999999999994905","31.999999999994905","31.999999999994905","1.4070351758737012","1.4070351758737012","1.4070351758737012","69.46946946947052","69.46946946947052","69.46946946947052"
"13975.256821692","1.6048144433286358","1.6048144433286358","1.6048144433286358","41.58316633266351","41.58316633266351","41.58316633266351","2.010050251263447","2.010050251263447","2.010050251263447","59.50000000000728","59.50000000000728","59.50000000000728"
"13985.256465294","10.66799601196051","10.66799601196051","10.66799601196051","13.62725450902198","13.62725450902198","13.62725450902198","5.522088353409116","5.522088353409116","5.522088353409116","89.1999999999845","89.1999999999845","89.1999999999845"
"13995.256077643","92.70000000000437","92.70000000000437","92.70000000000437","1.102204408823516","1.102204408823516","1.102204408823516","1.7068273092375161","1.7068273092375161","1.7068273092375161","8.51703406814029","8.51703406814029","8.51703406814029"
"14005.256700622","47.4474474474463","47.4474474474463","47.4474474474463","1.102204408823315","1.102204408823315","1.102204408823315","2.0080321285234537","2.0080321285234537","2.0080321285234537","53.799999999991996","53.799999999991996","53.799999999991996"
"14015.257356339","54.909819639284805","54.909819639284805","54.909819639284805","32.199999999981124","32.199999999981124","32.199999999981124","5.432595573431844","5.432595573431844","5.432595573431844","28.128128128141856","28.128128128141856","28.128128128141856"
"14025.256934773","11.111111111115157","11.111111111115157","11.111111111115157","66.80000000000895","66.80000000000895","66.80000000000895","1.807228915665731","1.807228915665731","1.807228915665731","24.799196787144194","24.799196787144194","24.799196787144194"
"14035.257266263","1.499999999978718","1.499999999978718","1.499999999978718","25.65130260520644","25.65130260520644","25.65130260520644","2.1084337349330755","2.1084337349330755","2.1084337349330755","75.52447552447323","75.52447552447323","75.52447552447323"
"14045.257014464","12.224448897805562","12.224448897805562","12.224448897805562","42.14214214215254","42.14214214215254","42.14214214215254","3.9195979899443287","3.9195979899443287","3.9195979899443287","60.22044088176835","60.22044088176835","60.22044088176835"
"14055.256500549","1.3013013013112893","1.3013013013112893","1.3013013013112893","27.699999999986176","27.699999999986176","27.699999999986176","1.608040201021726","1.608040201021726","1.608040201021726","73.49999999998545","73.49999999998545","73.49999999998545"
"14065.256439465","1.0010010010046646","1.0010010010046646","1.0010010010046646","63.363363363370695","63.363363363370695","63.363363363370695","1.9076305220753713","1.9076305220753713","1.9076305220753713","37.837837837845214","37.837837837845214","37.837837837845214"
"14075.256628271","2.7027027026980277","2.7027027026980277","2.7027027026980277","17.535070140281327","17.535070140281327","17.535070140281327","3.209628886677211","3.209628886677211","3.209628886677211","84.68468468468059","84.68468468468059","84.68468468468059"
"14085.256429685","11.211211211219469","11.211211211219469","11.211211211219469","56.25625625624728","56.25625625624728","56.25625625624728","3.015075376876889","3.015075376876889","3.015075376876889","45.39078156311489","45.39078156311489","45.39078156311489"
"14095.256812075","1.7034068136277476","1.7034068136277476","1.7034068136277476","72.72727272727273","72.72727272727273","72.72727272727273","2.20883534137694","2.20883534137694","2.20883534137694","28.38515546639515","28.38515546639515","28.38515546639515"
"14105.256376038","1.1033099297772355","1.1033099297772355","1.1033099297772355","89.88988988988748","89.88988988988748","89.88988988988748","1.6064257028099247","1.6064257028099247","1.6064257028099247","11.011011011014894","11.011011011014894","11.011011011014894"
"14115.256067533","12.687312687316771","12.687312687316771","12.687312687316771","36.47294589179091","36.47294589179091","36.47294589179091","3.0060120240255372","3.0060120240255372","3.0060120240255372","65.83416583416584","65.83416583416584","65.83416583416584"
"14125.256473621","1.599999999998545","1.599999999998545","1.599999999998545","34.30000000000291","34.30000000000291","34.30000000000291","1.6096579477025756","1.6096579477025756","1.6096579477025756","66.800000000012","66.800000000012","66.800000000012"
"14135.256554863","1.4028056112346445","1.4028056112346445","1.4028056112346445","36.93693693693136","36.93693693693136","36.93693693693136","1.903807615217768","1.903807615217768","1.903807615217768","64.39317953860906","64.39317953860906","64.39317953860906"
"14145.256879406","12.612612612596866","12.612612612596866","12.612612612596866","45.4909819639303","45.4909819639303","45.4909819639303","3.5070140280592716","3.5070140280592716","3.5070140280592716","56.70000000000073","56.70000000000073","56.70000000000073"
"14155.256009305","83.2167832167958","83.2167832167958","83.2167832167958","17.21721721722611","17.21721721722611","17.21721721722611","2.808425275836003","2.808425275836003","2.808425275836003","1.303911735197675","1.303911735197675","1.303911735197675"
"14165.25714357","50.3503503503398","50.3503503503398","50.3503503503398","48.89779559117648","48.89779559117648","48.89779559117648","4.104104104102737","4.104104104102737","4.104104104102737","1.5045135406362855","1.5045135406362855","1.5045135406362855"
"14175.256012679","82.50000000000318","82.50000000000318","82.50000000000318","20.958083832323698","20.958083832323698","20.958083832323698","4.828973843072011","4.828973843072011","4.828973843072011","11.534603811431412","11.534603811431412","11.534603811431412"
"14185.256316744","25.39999999999516","25.39999999999516","25.39999999999516","75.57557557558815","75.57557557558815","75.57557557558815","1.6048144433286358","1.6048144433286358","1.6048144433286358","1.4014014013956055","1.4014014013956055","1.4014014013956055"
"14195.256698055","24.87512487512215","24.87512487512215","24.87512487512215","48.799999999991996","48.799999999991996","48.799999999991996","1.9076305220955687","1.9076305220955687","1.9076305220955687","28.456913827658013","28.456913827658013","28.456913827658013"
"14205.257035437","12.32464929859336","12.32464929859336","12.32464929859336","50.900000000001455","50.900000000001455","50.900000000001455","5.410821643260092","5.410821643260092","5.410821643260092","52.10420841683374","52.10420841683374","52.10420841683374"
"14215.256928566","1.3986013985776358","1.3986013985776358","1.3986013985776358","32.39719157474338","32.39719157474338","32.39719157474338","1.7085427135684454","1.7085427135684454","1.7085427135684454","69.26926926927152","69.26926926927152","69.26926926927152"
"14225.25640323","5.2104208417042965","5.2104208417042965","5.2104208417042965","54.400000000005086","54.400000000005086","54.400000000005086","1.9095477386987956","1.9095477386987956","1.9095477386987956","42.74274274272984","42.74274274272984","42.74274274272984"
"14235.256212669","23.123123123122742","23.123123123122742","23.123123123122742","44.74474474474923","44.74474474474923","44.74474474474923","3.6072144288477577","3.6072144288477577","3.6072144288477577","46.79358717435147","46.79358717435147","46.79358717435147"
"14245.257111984","46.30000000001086","46.30000000001086","46.30000000001086","1.399999999976244","1.399999999976244","1.399999999976244","1.3078470824870903","1.3078470824870903","1.3078470824870903","54.8548548548599","54.8548548548599","54.8548548548599"
"14255.256718729","73.700000000008","73.700000000008","73.700000000008","1.0050251256317235","1.0050251256317235","1.0050251256317235","2.9116465863538714","2.9116465863538714","2.9116465863538714","26.45290581163198","26.45290581163198","26.45290581163198"
"14265.256648534","12.899999999974698","12.899999999974698","12.899999999974698","15.699999999981756","15.699999999981756","15.699999999981756","5.416248746246842","5.416248746246842","5.416248746246842","86.9000000000027","86.9000000000027","86.9000000000027"
"14275.256659932","29.500000000007276","29.500000000007276","29.500000000007276","52.25225225225635","52.25225225225635","52.25225225225635","2.104208416827289","2.104208416827289","2.104208416827289","20.941883767523034","20.941883767523034","20.941883767523034"
"14285.256572269","1.3986013986134707","1.3986013986134707","1.3986013986134707","32.43243243244326","32.43243243244326","32.43243243244326","1.9095477386984465","1.9095477386984465","1.9095477386984465","68.53707414828855","68.53707414828855","68.53707414828855"
"14295.256909539","3.9039039038981627","3.9039039038981627","3.9039039038981627","16.31631631630866","16.31631631630866","16.31631631630866","2.2177419354772536","2.2177419354772536","2.2177419354772536","86.11388611389224","86.11388611389224","86.11388611389224"
"14305.257885358","8.717434869729654","8.717434869729654","8.717434869729654","61.66166166166853","61.66166166166853","61.66166166166853","4.513540621873191","4.513540621873191","4.513540621873191","39.57915831662406","39.57915831662406","39.57915831662406"
"14315.256421987","1.9000000000050932","1.9000000000050932","1.9000000000050932","47.69539078154917","47.69539078154917","47.69539078154917","1.504513540618041","1.504513540618041","1.504513540618041","53.20000000000677","53.20000000000677","53.20000000000677"
"14325.256434891","1.6983016983202512","1.6983016983202512","1.6983016983202512","78.67867867868623","78.67867867868623","78.67867867868623","1.8036072144162336","1.8036072144162336","1.8036072144162336","22.266800401208624","22.266800401208624","22.266800401208624"
"14335.257607175","13.0999999999791","13.0999999999791","13.0999999999791","36.63663663663355","36.63663663663355","36.63663663663355","3.420523138834287","3.420523138834287","3.420523138834287","66.06606606607114","66.06606606607114","66.06606606607114"
"14345.25653955","1.3026052104311054","1.3026052104311054","1.3026052104311054","78.09999999999889","78.09999999999889","78.09999999999889","1.4098690835986556","1.4098690835986556","1.4098690835986556","23.069207622862823","23.069207622862823","23.069207622862823"
"14355.257246954","1.5015015014978927","1.5015015014978927","1.5015015014978927","58.141858141853966","58.141858141853966","58.141858141853966","1.7085427135707307","1.7085427135707307","1.7085427135707307","42.68537074148702","42.68537074148702","42.68537074148702"
"14365.25619601","18.06387225548315","18.06387225548315","18.06387225548315","78.50000000000364","78.50000000000364","78.50000000000364","2.407221664994795","2.407221664994795","2.407221664994795","19.038076152301798","19.038076152301798","19.038076152301798"
"14375.256538181","85.57114228456341","85.57114228456341","85.57114228456341","13.713713713706314","13.713713713706314","13.713713713706314","3.8152610441865713","3.8152610441865713","3.8152610441865713","1.4014014014135583","1.4014014014135583","1.4014014014135583"
"14385.256155947","32.80000000001564","32.80000000001564","32.80000000001564","63.900000000000745","63.900000000000745","63.900000000000745","6.218655967895037","6.218655967895037","6.218655967895037","1.2036108325145018","1.2036108325145018","1.2036108325145018"
"14395.256194763","68.03196803196727","68.03196803196727","68.03196803196727","34.769539078151276","34.769539078151276","34.769539078151276","5.416248746229585","5.416248746229585","5.416248746229585","12.024048096181975","12.024048096181975","12.024048096181975"
"14405.256839455","65.10000000000218","65.10000000000218","65.10000000000218","3.6999999999898137","3.6999999999898137","3.6999999999898137","3.3132530120471473","3.3132530120471473","3.3132530120471473","32.46492985971867","32.46492985971867","32.46492985971867"
"14415.25596953","30.36963036963843","30.36963036963843","30.36963036963843","39.719157472429345","39.719157472429345","39.719157472429345","2.106318956882134","2.106318956882134","2.106318956882134","32.032032032040014","32.032032032040014","32.032032032040014"
"14425.256047026","15.399999999975153","15.399999999975153","15.399999999975153","62.69999999999296","62.69999999999296","62.69999999999296","5.917753259781186","5.917753259781186","5.917753259781186","34.26853707414428","34.26853707414428","34.26853707414428"
"14435.257180106","1.4028056112346445","1.4028056112346445","1.4028056112346445","65.30000000000024","65.30000000000024","65.30000000000024","1.5060240963820215","1.5060240963820215","1.5060240963820215","35.635635635637804","35.635635635637804","35.635635635637804"
"14445.257831667","1.499999999996362","1.499999999996362","1.499999999996362","31.695085255780388","31.695085255780388","31.695085255780388","1.705115346038645","1.705115346038645","1.705115346038645","69.2692692692589","69.2692692692589","69.2692692692589"
"14455.257074679","8.408408408410049","8.408408408410049","8.408408408410049","54.40881763526592","54.40881763526592","54.40881763526592","8.853118712283436","8.853118712283436","8.853118712283436","47.84784784785545","47.84784784785545","47.84784784785545"
"14465.256738383","15.515515515508572","15.515515515508572","15.515515515508572","57.357357357354246","57.357357357354246","57.357357357354246","1.706827309239799","1.706827309239799","1.706827309239799","29.65931863727992","29.65931863727992","29.65931863727992"
"14475.256011886","3.6072144288461367","3.6072144288461367","3.6072144288461367","50","50","50","2.106318956846413","2.106318956846413","2.106318956846413","51.299999999983136","51.299999999983136","51.299999999983136"
"14485.25640802","10.079840319346694","10.079840319346694","10.079840319346694","86.41358641358336","86.41358641358336","86.41358641358336","7.630522088358557","7.630522088358557","7.630522088358557","15.546639919737594","15.546639919737594","15.546639919737594"
"14495.2567391","0.9018036072339884","0.9018036072339884","0.9018036072339884","41.59999999999549","41.59999999999549","41.59999999999549","1.608040201003445","1.608040201003445","1.608040201003445","59.519038076160015","59.519038076160015","59.519038076160015"
"14505.256447911","1.2987012986932749","1.2987012986932749","1.2987012986932749","57.49999999999999","57.49999999999999","57.49999999999999","1.903807615237579","1.903807615237579","1.903807615237579","43.54354354354813","43.54354354354813","43.54354354354813"
"14515.257016227","2.9116465863630028","2.9116465863630028","2.9116465863630028","14.343029087247402","14.343029087247402","14.343029087247402","6.419257773314543","6.419257773314543","6.419257773314543","87.59999999998624","87.59999999998624","87.59999999998624"
"14525.256844573","8.391608391593016","8.391608391593016","8.391608391593016","71.200000000008","71.200000000008","71.200000000008","1.807228915665731","1.807228915665731","1.807228915665731","30.430430430439838","30.430430430439838","30.430430430439838"
"14535.256001973","1.1011011011249594","1.1011011011249594","1.1011011011249594","1.3026052104308679","1.3026052104308679","1.3026052104308679","1.705115346038645","1.705115346038645","1.705115346038645","100","100","100"
"14545.256361405","1.4042126379077389","1.4042126379077389","1.4042126379077389","86.51348651348317","86.51348651348317","86.51348651348317","2.0040080160417206","2.0040080160417206","2.0040080160417206","14.428857715433965","14.428857715433965","14.428857715433965"
"14555.256698446","88.1237524950214","88.1237524950214","88.1237524950214","11.311311311319695","11.311311311319695","11.311311311319695","6.72690763052218","6.72690763052218","6.72690763052218","11.959798994979119","11.959798994979119","11.959798994979119"
"14565.256028083","22.82282282282572","22.82282282282572","22.82282282282572","78.32167832167806","78.32167832167806","78.32167832167806","1.7051153460409256","1.7051153460409256","1.7051153460409256","1.0010010010046646","1.0010010010046646","1.0010010010046646"
"14575.256603691","40.09999999999129","40.09999999999129","40.09999999999129","61.69999999999376","61.69999999999376","61.69999999999376","2.3069207622826333","2.3069207622826333","2.3069207622826333","1.2036108325053796","1.2036108325053796","1.2036108325053796"
"14585.257110857","29.25851703407015","29.25851703407015","29.25851703407015","65.36536536536704","65.36536536536704","65.36536536536704","9.136546184722842","9.136546184722842","9.136546184722842","14.142427281845006","14.142427281845006","14.142427281845006"
"14595.256888492","91.29999999999357","91.29999999999357","91.29999999999357","9.509509509524374","9.509509509524374","9.509509509524374","2.0080321285234537","2.0080321285234537","2.0080321285234537","0.8032128514049623","0.8032128514049623","0.8032128514049623"
"14605.256321157","6.906906906912156","6.906906906912156","6.906906906912156","85.90000000000146","85.90000000000146","85.90000000000146","1.3052208835442398","1.3052208835442398","1.3052208835442398","9.709709709703366","9.709709709703366","9.709709709703366"
"14615.256651666","12.399999999997817","12.399999999997817","12.399999999997817","15.215215215219919","15.215215215219919","15.215215215219919","3.614457831313199","3.614457831313199","3.614457831313199","86.88688688687589","86.88688688687589","86.88688688687589"
"14625.256570406","0.9999999999856299","0.9999999999856299","0.9999999999856299","5.511022044098349","5.511022044098349","5.511022044098349","1.5075376884587355","1.5075376884587355","1.5075376884587355","95.6000000000123","95.6000000000123","95.6000000000123"
"14635.256598047","1.4014014014135583","1.4014014014135583","1.4014014014135583","38.97795591181952","38.97795591181952","38.97795591181952","2.309236947786984","2.309236947786984","2.309236947786984","62.362362362359356","62.362362362359356","62.362362362359356"
"14645.256501588","48.74874874874895","48.74874874874895","48.74874874874895","54.5454545454529","54.5454545454529","54.5454545454529","4.924623115576235","4.924623115576235","4.924623115576235","10.732196589792503","10.732196589792503","10.732196589792503"
"14655.256402089","19.539078156306104","19.539078156306104","19.539078156306104","1.1033099297772355","1.1033099297772355","1.1033099297772355","1.604814443328343","1.604814443328343","1.604814443328343","81.56312625250276","81.56312625250276","81.56312625250276"
"14665.256356076","61.69999999998951","61.69999999998951","61.69999999998951","13.213213213194786","13.213213213194786","13.213213213194786","7.422266800401782","7.422266800401782","7.422266800401782","22.022022022025777","22.022022022025777","22.022022022025777"
"14675.256971201","33.09929789368196","33.09929789368196","33.09929789368196","2.705410821647286","2.705410821647286","2.705410821647286","7.1356783919518065","7.1356783919518065","7.1356783919518065","76.49999999999636","76.49999999999636","76.49999999999636"
"14685.257095933","54.499999999997364","54.499999999997364","54.499999999997364","1.102204408823516","1.102204408823516","1.102204408823516","4.0080160320454405","4.0080160320454405","4.0080160320454405","44.74474474472911","44.74474474472911","44.74474474472911"
"14695.256404038","21.99999999999309","21.99999999999309","21.99999999999309","8.308308308306248","8.308308308306248","8.308308308306248","2.010050251263447","2.010050251263447","2.010050251263447","72.3723723723878","72.3723723723878","72.3723723723878"
"14705.256986232","19.519519519523676","19.519519519523676","19.519519519523676","80.48048048048743","80.48048048048743","80.48048048048743","3.309929789369269","3.309929789369269","3.309929789369269","15.330661322649727","15.330661322649727","15.330661322649727"
"14715.256441707","0.9009009009114813","0.9009009009114813","0.9009009009114813","59.259259259261285","59.259259259261285","59.259259259261285","1.9076305220936345","1.9076305220936345","1.9076305220936345","41.683366733467295","41.683366733467295","41.683366733467295"
"14725.257076384","1.4014014014135583","1.4014014014135583","1.4014014014135583","34.73473473472894","34.73473473472894","34.73473473472894","1.705115346038645","1.705115346038645","1.705115346038645","66.39919759277248","66.39919759277248","66.39919759277248"
"14735.256842266","9.709709709703366","9.709709709703366","9.709709709703366","75.47547547548122","75.47547547548122","75.47547547548122","4.604604604615611","4.604604604615611","4.604604604615611","26.379137412243846","26.379137412243846","26.379137412243846"
"14745.256970751","5.410821643277332","5.410821643277332","5.410821643277332","95","95","95","4.317269076291047","4.317269076291047","4.317269076291047","4.304304304307312","4.304304304307312","4.304304304307312"
"14755.25676263","56.34365634366747","56.34365634366747","56.34365634366747","44.14414414414365","44.14414414414365","44.14414414414365","2.409638554214447","2.409638554214447","2.409638554214447","1.3026052104128791","1.3026052104128791","1.3026052104128791"
"14765.256646533","40.28056112222151","40.28056112222151","40.28056112222151","60.69999999999709","60.69999999999709","60.69999999999709","1.9076305220959173","1.9076305220959173","1.9076305220959173","1.10441767068847","1.10441767068847","1.10441767068847"
"14775.257337111","8.383233532935218","8.383233532935218","8.383233532935218","9.500000000007276","9.500000000007276","9.500000000007276","10.441767068280868","10.441767068280868","10.441767068280868","91.29129129128309","91.29129129128309","91.29129129128309"
"14785.257116004","1.4028056112169296","1.4028056112169296","1.4028056112169296","53.353353353353796","53.353353353353796","53.353353353353796","1.706827309239799","1.706827309239799","1.706827309239799","47.700000000004366","47.700000000004366","47.700000000004366"
"14795.256261272","1.2024048096450988","1.2024048096450988","1.2024048096450988","57.8421578421548","57.8421578421548","57.8421578421548","1.8036072144338025","1.8036072144338025","1.8036072144338025","43.2865731463019","43.2865731463019","43.2865731463019"
"14805.25765181","78.89999999999034","78.89999999999034","78.89999999999034","16.19999999999276","16.19999999999276","16.19999999999276","3.2160804020074782","3.2160804020074782","3.2160804020074782","22.14428857714653","22.14428857714653","22.14428857714653"
"14815.257507078","37.60000000000218","37.60000000000218","37.60000000000218","62.03796203796323","62.03796203796323","62.03796203796323","4.308617234472043","4.308617234472043","4.308617234472043","1.2012012012003537","1.2012012012003537","1.2012012012003537"
"14825.257042863","18.655967903714792","18.655967903714792","18.655967903714792","59.41883767534538","59.41883767534538","59.41883767534538","1.809045226135731","1.809045226135731","1.809045226135731","24.42442442442561","24.42442442442561","24.42442442442561"
"14835.257926274","80.3980099502574","80.3980099502574","80.3980099502574","29.62962962963435","29.62962962963435","29.62962962963435","7.021063189575185","7.021063189575185","7.021063189575185","2.20883534137694","2.20883534137694","2.20883534137694"
"14845.256252859","41.34134134132355","41.34134134132355","41.34134134132355","51.90380761523565","51.90380761523565","51.90380761523565","1.9095477386827993","1.9095477386827993","1.9095477386827993","9.118236472944833","9.118236472944833","9.118236472944833"
"14855.256806567","85.91408591409676","85.91408591409676","85.91408591409676","2.6052104208439846","2.6052104208439846","2.6052104208439846","14.629258517025958","14.629258517025958","14.629258517025958","1.204819277116355","1.204819277116355","1.204819277116355"
"14865.256552827","24.14829659318597","24.14829659318597","24.14829659318597","66.66666666666062","66.66666666666062","66.66666666666062","3.819095477396893","3.819095477396893","3.819095477396893","24.473420260770816","24.473420260770816","24.473420260770816"
"14875.256749957","1.4014014014135583","1.4014014014135583","1.4014014014135583","52.5525525525537","52.5525525525537","52.5525525525537","2.0060180541516726","2.0060180541516726","2.0060180541516726","48.199999999978246","48.199999999978246","48.199999999978246"
"14885.25630328","9.699999999993452","9.699999999993452","9.699999999993452","71.67167167167177","71.67167167167177","71.67167167167177","1.8054162487336416","1.8054162487336416","1.8054162487336416","21.042084168341237","21.042084168341237","21.042084168341237"
"14895.256240855","12.800000000006548","12.800000000006548","12.800000000006548","44.54454454454469","44.54454454454469","44.54454454454469","4.527162977875751","4.527162977875751","4.527162977875751","58.316633266532705","58.316633266532705","58.316633266532705"
"14905.256652593","1.7982017982046665","1.7982017982046665","1.7982017982046665","77.1999999999976","77.1999999999976","77.1999999999976","1.807228915665731","1.807228915665731","1.807228915665731","23.723723723727936","23.723723723727936","23.723723723727936"
"14915.256513917","31.499999999996366","31.499999999996366","31.499999999996366","32.33233233233456","32.33233233233456","32.33233233233456","2.512562814070168","2.512562814070168","2.512562814070168","37.937937937936205","37.937937937936205","37.937937937936205"
"14925.257513278","14.729458917829755","14.729458917829755","14.729458917829755","77.077077077072","77.077077077072","77.077077077072","3.6072144288461367","3.6072144288461367","3.6072144288461367","25.02502502503467","25.02502502503467","25.02502502503467"
"14935.256570158","18.51851851850773","18.51851851850773","18.51851851850773","82.68268268268352","82.68268268268352","82.68268268268352","2.2066198595745936","2.2066198595745936","2.2066198595745936","1.6048144433286358","1.6048144433286358","1.6048144433286358"
"14945.256730925","15.900000000016753","15.900000000016753","15.900000000016753","56.89999999999474","56.89999999999474","56.89999999999474","1.9057171514592492","1.9057171514592492","1.9057171514592492","29.819277108429777","29.819277108429777","29.819277108429777"
"14955.258169467","18.299999999999272","18.299999999999272","18.299999999999272","62.03796203797013","62.03796203797013","62.03796203797013","5.917753259780106","5.917753259780106","5.917753259780106","28.028028028021357","28.028028028021357","28.028028028021357"
"14965.256523816","66.39999999999418","66.39999999999418","66.39999999999418","28.599999999992832","28.599999999992832","28.599999999992832","8.116232464942998","8.116232464942998","8.116232464942998","5.923694779135627","5.923694779135627","5.923694779135627"
"14975.256363208","24.67402206619146","24.67402206619146","24.67402206619146","76.67667667667689","76.67667667667689","76.67667667667689","1.5075376884387202","1.5075376884387202","1.5075376884387202","1.5045135406183154","1.5045135406183154","1.5045135406183154"
"14985.257296241","63.73626373626593","63.73626373626593","63.73626373626593","37.437437437436074","37.437437437436074","37.437437437436074","1.5030060120227469","1.5030060120227469","1.5030060120227469","1.2036108324873545","1.2036108324873545","1.2036108324873545"
"14995.256396626","23.123123123132526","23.123123123132526","23.123123123132526","78.37837837837937","78.37837837837937","78.37837837837937","7.429718875499111","7.429718875499111","7.429718875499111","10.531594784362776","10.531594784362776","10.531594784362776"
"15005.25712616","46.40000000000393","46.40000000000393","46.40000000000393","54.64535464535515","54.64535464535515","54.64535464535515","1.8018018018047546","1.8018018018047546","1.8018018018047546","1.201201201200135","1.201201201200135","1.201201201200135"
"15015.256707113","61.100000000005814","61.100000000005814","61.100000000005814","39.739739739745026","39.739739739745026","39.739739739745026","1.6048144433286358","1.6048144433286358","1.6048144433286358","1.10441767068847","1.10441767068847","1.10441767068847"
"15025.256438259","67.36736736736447","67.36736736736447","67.36736736736447","24.47552447550376","24.47552447550376","24.47552447550376","4.312938816454044","4.312938816454044","4.312938816454044","22.868605817460427","22.868605817460427","22.868605817460427"
"15035.257259302","22.4775224775079","22.4775224775079","22.4775224775079","18.318318318317992","18.318318318317992","18.318318318317992","2.3138832997947056","2.3138832997947056","2.3138832997947056","61.0999999999947","61.0999999999947","61.0999999999947"
"15045.257310995","1.4014014014226623","1.4014014014226623","1.4014014014226623","76.77677677677919","76.77677677677919","76.77677677677919","1.5075376884407297","1.5075376884407297","1.5075376884407297","24.624624624620907","24.624624624620907","24.624624624620907"
"15055.256048466","13.527054108220671","13.527054108220671","13.527054108220671","5.900000000018571","5.900000000018571","5.900000000018571","4.723618090463616","4.723618090463616","4.723618090463616","96.49649649649278","96.49649649649278","96.49649649649278"
"15065.256652969","1.701701701684569","1.701701701684569","1.701701701684569","39.979959919831956","39.979959919831956","39.979959919831956","1.7051153460409256","1.7051153460409256","1.7051153460409256","61.100000000005814","61.100000000005814","61.100000000005814"
"15075.25603468","1.6000000000161527","1.6000000000161527","1.6000000000161527","40.040040040040914","40.040040040040914","40.040040040040914","1.6064257028099247","1.6064257028099247","1.6064257028099247","61.04417670682789","61.04417670682789","61.04417670682789"
"15085.256911744","14.614614614608856","14.614614614608856","14.614614614608856","87.42514970059717","87.42514970059717","87.42514970059717","4.61384152458267","4.61384152458267","4.61384152458267","11.923847695364302","11.923847695364302","11.923847695364302"
"15095.25627802","8.708708708715324","8.708708708715324","8.708708708715324","92.5","92.5","92.5","1.7068273092042083","1.7068273092042083","1.7068273092042083","1.2024048096270916","1.2024048096270916","1.2024048096270916"
"15105.257123498","54.89999999998961","54.89999999998961","54.89999999998961","46.299999999990646","46.299999999990646","46.299999999990646","1.8054162487489471","1.8054162487489471","1.8054162487489471","0.9999999999856299","0.9999999999856299","0.9999999999856299"
"15115.256720529","20.299999999992053","20.299999999992053","20.299999999992053","85.38538538537826","85.38538538537826","85.38538538537826","5.929648241207059","5.929648241207059","5.929648241207059","7.939698492469055","7.939698492469055","7.939698492469055"
"15125.256713146","77.1543086172269","77.1543086172269","77.1543086172269","23.92392392393683","23.92392392393683","23.92392392393683","2.1063189568619927","2.1063189568619927","2.1063189568619927","1.2036108325055992","1.2036108325055992","1.2036108325055992"
"15135.256709701","21.00000000001801","21.00000000001801","21.00000000001801","75.49999999999272","75.49999999999272","75.49999999999272","1.8054162487515573","1.8054162487515573","1.8054162487515573","5.616850551650225","5.616850551650225","5.616850551650225"
"15145.256535786","52.547452547453574","52.547452547453574","52.547452547453574","51.70000000000983","51.70000000000983","51.70000000000983","3.822937625764579","3.822937625764579","3.822937625764579","11.823647294590458","11.823647294590458","11.823647294590458"
"15155.257332463","38.476953907818775","38.476953907818775","38.476953907818775","40.45954045954313","40.45954045954313","40.45954045954313","3.209628886658967","3.209628886658967","3.209628886658967","22.122122122128047","22.122122122128047","22.122122122128047"
"15165.255840725","44.20000000000073","44.20000000000073","44.20000000000073","19.83967935872854","19.83967935872854","19.83967935872854","2.50501002004019","2.50501002004019","2.50501002004019","37.47494989979906","37.47494989979906","37.47494989979906"
"15175.257823301","8.917835671337244","8.917835671337244","8.917835671337244","70.7707707707694","70.7707707707694","70.7707707707694","4.020100502509347","4.020100502509347","4.020100502509347","31.563126252502745","31.563126252502745","31.563126252502745"
"15185.256413552","26.700000000000728","26.700000000000728","26.700000000000728","16.499999999965983","16.499999999965983","16.499999999965983","2.512562814070168","2.512562814070168","2.512562814070168","63.663663663670874","63.663663663670874","63.663663663670874"
"15195.2567616","99.79999999999563","99.79999999999563","99.79999999999563","0.9018036072159265","0.9018036072159265","0.9018036072159265","1.8054162487512275","1.8054162487512275","1.8054162487512275","1.1022044088052896","1.1022044088052896","1.1022044088052896"
"15205.256803248","26.626626626625754","26.626626626625754","26.626626626625754","74.45109780439742","74.45109780439742","74.45109780439742","1.507537688459011","1.507537688459011","1.507537688459011","1.0000000000216458","1.0000000000216458","1.0000000000216458"
"15215.256517715","73.95209580837856","73.95209580837856","73.95209580837856","36.67334669338692","36.67334669338692","36.67334669338692","4.417670682700706","4.417670682700706","4.417670682700706","3.6108324974803083","3.6108324974803083","3.6108324974803083"
"15225.256384738","4.099999999998545","4.099999999998545","4.099999999998545","97.40259740259528","97.40259740259528","97.40259740259528","1.6064257028278943","1.6064257028278943","1.6064257028278943","1.3052208835442398","1.3052208835442398","1.3052208835442398"
"15235.256451572","1.4028056112437577","1.4028056112437577","1.4028056112437577","60.02004008016076","60.02004008016076","60.02004008016076","2.1084337349323192","2.1084337349323192","2.1084337349323192","40.96385542167882","40.96385542167882","40.96385542167882"
"15245.256403157","54.14585414585369","54.14585414585369","54.14585414585369","36.47294589179091","36.47294589179091","36.47294589179091","6.63316582914378","6.63316582914378","6.63316582914378","23.123123123132526","23.123123123132526","23.123123123132526"
"15255.257778127","58.5170340681403","58.5170340681403","58.5170340681403","40.15984015982547","40.15984015982547","40.15984015982547","4.6092184368848645","4.6092184368848645","4.6092184368848645","1.0040160642605853","1.0040160642605853","1.0040160642605853"
"15265.256188513","35.5644355644297","35.5644355644297","35.5644355644297","65.60000000000684","65.60000000000684","65.60000000000684","1.6048144433286358","1.6048144433286358","1.6048144433286358","1.2012012012003537","1.2012012012003537","1.2012012012003537"
"15275.256517471","39.33933933934311","39.33933933934311","39.33933933934311","66.03396603396749","66.03396603396749","66.03396603396749","7.437185929662425","7.437185929662425","7.437185929662425","5.31594784350199","5.31594784350199","5.31594784350199"
"15285.256834286","60.060060060061375","60.060060060061375","60.060060060061375","18.61861861862485","18.61861861862485","18.61861861862485","2.00400801600372","2.00400801600372","2.00400801600372","23.446893787573362","23.446893787573362","23.446893787573362"
"15295.256906533","45.25474525474086","45.25474525474086","45.25474525474086","1.5045135406183154","1.5045135406183154","1.5045135406183154","1.809045226135731","1.809045226135731","1.809045226135731","56.31262525051148","56.31262525051148","56.31262525051148"
"15305.256773906","36.43643643644298","36.43643643644298","36.43643643644298","53.10000000000343","53.10000000000343","53.10000000000343","5.905905905907492","5.905905905907492","5.905905905907492","23.847695390774586","23.847695390774586","23.847695390774586"
"15315.256675227","60.76076076075918","60.76076076075918","60.76076076075918","38.615847542615825","38.615847542615825","38.615847542615825","3.406813627255495","3.406813627255495","3.406813627255495","1.0020040080195387","1.0020040080195387","1.0020040080195387"
"15325.256108438","10.41041041040117","10.41041041040117","10.41041041040117","68.00000000000509","68.00000000000509","68.00000000000509","1.807228915665731","1.807228915665731","1.807228915665731","23.647294589185226","23.647294589185226","23.647294589185226"
"15335.257195532","42.95704295705292","42.95704295705292","42.95704295705292","31.831831831829643","31.831831831829643","31.831831831829643","11.122244488968326","11.122244488968326","11.122244488968326","34.669338677347476","34.669338677347476","34.669338677347476"
"15345.256872091","12.312312312308212","12.312312312308212","12.312312312308212","1.9019019019070418","1.9019019019070418","1.9019019019070418","1.7085427135684454","1.7085427135684454","1.7085427135684454","88.60000000000582","88.60000000000582","88.60000000000582"
"15355.256462273","54.400000000005086","54.400000000005086","54.400000000005086","19.819819819815883","19.819819819815883","19.819819819815883","1.9057171514595967","1.9057171514595967","1.9057171514595967","28.686058174526057","28.686058174526057","28.686058174526057"
"15365.256300451","47.795591182362486","47.795591182362486","47.795591182362486","12.512512512512785","12.512512512512785","12.512512512512785","3.31325301202949","3.31325301202949","3.31325301202949","54.8645937813493","54.8645937813493","54.8645937813493"
"15375.256397396","18.036072144267138","18.036072144267138","18.036072144267138","1.3026052104308679","1.3026052104308679","1.3026052104308679","1.4084507042377237","1.4084507042377237","1.4084507042377237","83.50000000000064","83.50000000000064","83.50000000000064"
"15385.256939041","67.30000000000157","67.30000000000157","67.30000000000157","1.3026052104128791","1.3026052104128791","1.3026052104128791","1.703406813628058","1.703406813628058","1.703406813628058","33.76753507013155","33.76753507013155","33.76753507013155"
"15395.256800041","10.789210789209827","10.789210789209827","10.789210789209827","7.3219658977060895","7.3219658977060895","7.3219658977060895","7.437185929645504","7.437185929645504","7.437185929645504","88.68868868869852","88.68868868869852","88.68868868869852"
"15405.256944859","5.4108216432955585","5.4108216432955585","5.4108216432955585","100","100","100","1.8054162487492764","1.8054162487492764","1.8054162487492764","1.104417670670409","1.104417670670409","1.104417670670409"
"15415.257138413","3.3966033965872215","3.3966033965872215","3.3966033965872215","94.79479479479126","94.79479479479126","94.79479479479126","5.115346038118216","5.115346038118216","5.115346038118216","1.803607214431524","1.803607214431524","1.803607214431524"
"15425.25631514","1.3026052104308679","1.3026052104308679","1.3026052104308679","50.650650650646654","50.650650650646654","50.650650650646654","1.803607214431853","1.803607214431853","1.803607214431853","50.85085085085124","50.85085085085124","50.85085085085124"
"15435.256212955","14.11411411412207","14.11411411412207","14.11411411412207","77.47747747747698","77.47747747747698","77.47747747747698","2.9116465863361403","2.9116465863361403","2.9116465863361403","24.196787148595035","24.196787148595035","24.196787148595035"
"15445.256857337","1.3999999999941792","1.3999999999941792","1.3999999999941792","71.10000000000582","71.10000000000582","71.10000000000582","1.7085427135684454","1.7085427135684454","1.7085427135684454","30.26052104207164","30.26052104207164","30.26052104207164"
"15455.256858825","60.900000000001455","60.900000000001455","60.900000000001455","39.89999999999782","39.89999999999782","39.89999999999782","1.903807615237579","1.903807615237579","1.903807615237579","1.504513540627438","1.504513540627438","1.504513540627438"
"15465.256970811","39.539539539540485","39.539539539540485","39.539539539540485","55.54445554445934","55.54445554445934","55.54445554445934","3.2999999999992724","3.2999999999992724","3.2999999999992724","21.90954773869479","21.90954773869479","21.90954773869479"
"15475.256733336","1.603206412806329","1.603206412806329","1.603206412806329","48.29659318637194","48.29659318637194","48.29659318637194","2.010050251263447","2.010050251263447","2.010050251263447","53.29999999999927","53.29999999999927","53.29999999999927"
"15485.256908764","35.83583583583589","35.83583583583589","35.83583583583589","65.29999999999467","65.29999999999467","65.29999999999467","1.5060240963820215","1.5060240963820215","1.5060240963820215","1.4056224899541183","1.4056224899541183","1.4056224899541183"
"15495.258191576","33.166833166829534","33.166833166829534","33.166833166829534","80.40000000000516","80.40000000000516","80.40000000000516","3.1031031030980727","3.1031031030980727","3.1031031030980727","2.7054108216477792","2.7054108216477792","2.7054108216477792"
"15505.25617041","67.00000000000728","67.00000000000728","67.00000000000728","32.46492985973098","32.46492985973098","32.46492985973098","3.406813627256116","3.406813627256116","3.406813627256116","1.204819277116355","1.204819277116355","1.204819277116355"
"15515.256916989","19.40000000000156","19.40000000000156","19.40000000000156","51.99600798403004","51.99600798403004","51.99600798403004","4.120603015073613","4.120603015073613","4.120603015073613","28.156312625246628","28.156312625246628","28.156312625246628"
"15525.256495082","93.7062937063007","93.7062937063007","93.7062937063007","5.399999999991524","5.399999999991524","5.399999999991524","8.800000000010186","8.800000000010186","8.800000000010186","10.22044088178285","10.22044088178285","10.22044088178285"
"15535.256697139","62.39999999999781","62.39999999999781","62.39999999999781","31.268731268735078","31.268731268735078","31.268731268735078","9.538152610433928","9.538152610433928","9.538152610433928","1.1055276381786447","1.1055276381786447","1.1055276381786447"
"15545.256518484","37.637637637640644","37.637637637640644","37.637637637640644","37.700000000004366","37.700000000004366","37.700000000004366","1.5060240964000096","1.5060240964000096","1.5060240964000096","27.52752752752813","27.52752752752813","27.52752752752813"
"15555.257225991","58.28343313373144","58.28343313373144","58.28343313373144","43.186372745477414","43.186372745477414","43.186372745477414","6.532663316561694","6.532663316561694","6.532663316561694","10.040160642571161","10.040160642571161","10.040160642571161"
"15565.256177026","14.10000000000764","14.10000000000764","14.10000000000764","87.18718718718267","87.18718718718267","87.18718718718267","2.004008016039442","2.004008016039442","2.004008016039442","1.6064257028096316","1.6064257028096316","1.6064257028096316"
"15575.256083913","61.23876123877008","61.23876123877008","61.23876123877008","39.96003996003909","39.96003996003909","39.96003996003909","2.0060180541516726","2.0060180541516726","2.0060180541516726","1.3000000000101863","1.3000000000101863","1.3000000000101863"
"15585.256251413","21.965897693067543","21.965897693067543","21.965897693067543","62.0620620620707","62.0620620620707","62.0620620620707","7.715430861729031","7.715430861729031","7.715430861729031","27.482447342020677","27.482447342020677","27.482447342020677"
"15595.257322817","73.52647352647293","73.52647352647293","73.52647352647293","27.68304914742809","27.68304914742809","27.68304914742809","2.211055276393448","2.211055276393448","2.211055276393448","1.6048144433286358","1.6048144433286358","1.6048144433286358"
"15605.256435785","27.22722722723452","27.22722722723452","27.22722722723452","43.54354354353786","43.54354354353786","43.54354354353786","1.9076305220932857","1.9076305220932857","1.9076305220932857","31.594784353057605","31.594784353057605","31.594784353057605"
"15615.256699002","47.19999999999345","47.19999999999345","47.19999999999345","41.700000000011336","41.700000000011336","41.700000000011336","7.931726907621721","7.931726907621721","7.931726907621721","19.619619619625944","19.619619619625944","19.619619619625944"
"15625.256808059","57.20000000001164","57.20000000001164","57.20000000001164","1.4028056112166738","1.4028056112166738","1.4028056112166738","1.9076305220955687","1.9076305220955687","1.9076305220955687","46.49298597194009","46.49298597194009","46.49298597194009"
"15635.256714033","40.59999999998411","40.59999999998411","40.59999999998411","11.923847695394233","11.923847695394233","11.923847695394233","1.4056224899541183","1.4056224899541183","1.4056224899541183","50.05005005005114","50.05005005005114","50.05005005005114"
"15645.256863935","16.633266533095792","16.633266533095792","16.633266533095792","80.41958041959509","80.41958041959509","80.41958041959509","5.522088353406834","5.522088353406834","5.522088353406834","1.3026052104128791","1.3026052104128791","1.3026052104128791"
"15655.256523307","83.59999999998763","83.59999999998763","83.59999999998763","20.420420420425888","20.420420420425888","20.420420420425888","12.512512512512785","12.512512512512785","12.512512512512785","2.2066198595901554","2.2066198595901554","2.2066198595901554"
"15665.256212632","1.2012012011912496","1.2012012011912496","1.2012012011912496","42.000000000007276","42.000000000007276","42.000000000007276","1.809045226133446","1.809045226133446","1.809045226133446","59.159159159151564","59.159159159151564","59.159159159151564"
"15675.256572416","72.9000000000004","72.9000000000004","72.9000000000004","1.2012012012090203","1.2012012012090203","1.2012012012090203","1.7051153460591704","1.7051153460591704","1.7051153460591704","28.05611222446906","28.05611222446906","28.05611222446906"
"15685.25635853","16.866267465044025","16.866267465044025","16.866267465044025","40.04004004002999","40.04004004002999","40.04004004002999","4.4221105527709","4.4221105527709","4.4221105527709","56.91382765531603","56.91382765531603","56.91382765531603"
"15695.257013194","45.09018036074343","45.09018036074343","45.09018036074343","55.91182364729631","55.91182364729631","55.91182364729631","2.106318956808412","2.106318956808412","2.106318956808412","1.0020040079927468","1.0020040079927468","1.0020040079927468"
"15705.256907331","41.15884115881939","41.15884115881939","41.15884115881939","59.44055944053987","59.44055944053987","59.44055944053987","2.211055276393448","2.211055276393448","2.211055276393448","1.3039117352156815","1.3039117352156815","1.3039117352156815"
"15715.256243634","73.7786640079715","73.7786640079715","73.7786640079715","27.955911823657264","27.955911823657264","27.955911823657264","6.720160481478316","6.720160481478316","6.720160481478316","11.634904714139608","11.634904714139608","11.634904714139608"
"15725.256679072","38.37675350703744","38.37675350703744","38.37675350703744","62.674650698601994","62.674650698601994","62.674650698601994","1.5075376884229996","1.5075376884229996","1.5075376884229996","1.4042126379259836","1.4042126379259836","1.4042126379259836"
"15735.256123201","81.41858141857263","81.41858141857263","81.41858141857263","17.617617617605188","17.617617617605188","17.617617617605188","3.9195979899458973","3.9195979899458973","3.9195979899458973","1.501501501479958","1.501501501479958","1.501501501479958"
"15745.256098434","36.03603603606121","36.03603603606121","36.03603603606121","30.430430430436274","30.430430430436274","30.430430430436274","12.864321608045842","12.864321608045842","12.864321608045842","41.200000000008004","41.200000000008004","41.200000000008004"
"15755.255908947","1.3026052104128791","1.3026052104128791","1.3026052104128791","55.711422845688716","55.711422845688716","55.711422845688716","1.9076305221134835","1.9076305221134835","1.9076305221134835","45.490981963900495","45.490981963900495","45.490981963900495"
"15765.256080803","1.3013013013112893","1.3013013013112893","1.3013013013112893","63.49999999999872","63.49999999999872","63.49999999999872","1.6064257027739857","1.6064257027739857","1.6064257027739857","37.3373373373452","37.3373373373452","37.3373373373452"
"15775.256552138","10.778443113771258","10.778443113771258","10.778443113771258","2.908726178508597","2.908726178508597","2.908726178508597","6.124497991992561","6.124497991992561","6.124497991992561","99.80019980019547","99.80019980019547","99.80019980019547"
"15785.257020905","1.3026052104488568","1.3026052104488568","1.3026052104488568","61.90000000000509","61.90000000000509","61.90000000000509","2.1105527638284474","2.1105527638284474","2.1105527638284474","39.17835671342711","39.17835671342711","39.17835671342711"
"15795.257082899","1.6032064127525267","1.6032064127525267","1.6032064127525267","68.06806806806809","68.06806806806809","68.06806806806809","1.8072289156486097","1.8072289156486097","1.8072289156486097","33.16633266532701","33.16633266532701","33.16633266532701"
"15805.256792351","12.287712287773648","12.287712287773648","12.287712287773648","2.3000000000138243","2.3000000000138243","2.3000000000138243","5.740181268897395","5.740181268897395","5.740181268897395","100","100","100"
"15815.256431302","3.1093279839110295","3.1093279839110295","3.1093279839110295","97.79559118235296","97.79559118235296","97.79559118235296","2.5100401606601364","2.5100401606601364","2.5100401606601364","3.803803803761537","3.803803803761537","3.803803803761537"
"15825.256682939","1.6016016016630334","1.6016016016630334","1.6016016016630334","48.20000000001593","48.20000000001593","48.20000000001593","1.6080402009857517","1.6080402009857517","1.6080402009857517","53.10621242486182","53.10621242486182","53.10621242486182"
"15835.25669123","6.224899598349641","6.224899598349641","6.224899598349641","90","90","90","8.416833667287163","8.416833667287163","8.416833667287163","11.634904714139608","11.634904714139608","11.634904714139608"
"15845.256894168","27.827827827848132","27.827827827848132","27.827827827848132","72.04408817636096","72.04408817636096","72.04408817636096","6.834170854273782","6.834170854273782","6.834170854273782","1.2012012011912496","1.2012012011912496","1.2012012011912496"
"15855.257560873","10.61061061062202","10.61061061062202","10.61061061062202","64.83516483515484","64.83516483515484","64.83516483515484","2.3115577889941656","2.3115577889941656","2.3115577889941656","27.827827827829925","27.827827827829925","27.827827827829925"
"15865.257113808","0.9027081243383136","0.9027081243383136","0.9027081243383136","53.46038114344156","53.46038114344156","53.46038114344156","1.7085427135325075","1.7085427135325075","1.7085427135325075","47.49498997997895","47.49498997997895","47.49498997997895"
"15875.256982921","67.70000000000437","67.70000000000437","67.70000000000437","31.031031031004584","31.031031031004584","31.031031031004584","8.11623246492739","8.11623246492739","8.11623246492739","12.851405622479398","12.851405622479398","12.851405622479398"
"15885.256658465","7.414829659316774","7.414829659316774","7.414829659316774","93.700000000008","93.700000000008","93.700000000008","2.106318956879853","2.106318956879853","2.106318956879853","1.6016016015913674","1.6016016015913674","1.6016016015913674"
"15895.256652004","5.905905905890359","5.905905905890359","5.905905905890359","67.80000000000655","67.80000000000655","67.80000000000655","2.00400801600372","2.00400801600372","2.00400801600372","28.786359077236362","28.786359077236362","28.786359077236362"
"15905.256301652","56.299999999992","56.299999999992","56.299999999992","27.600000000010333","27.600000000010333","27.600000000010333","2.7108433735181525","2.7108433735181525","2.7108433735181525","31.700000000000728","31.700000000000728","31.700000000000728"
"15915.256447118","69.79999999999563","69.79999999999563","69.79999999999563","31.199999999957946","31.199999999957946","31.199999999957946","2.0080321285390665","2.0080321285390665","2.0080321285390665","1.1033099297950777","1.1033099297950777","1.1033099297950777"
"15925.256699034","37.13713713715887","37.13713713715887","37.13713713715887","64.3000000000159","64.3000000000159","64.3000000000159","1.9057171514592492","1.9057171514592492","1.9057171514592492","1.1011011010889442","1.1011011010889442","1.1011011010889442"
"15935.256383529","61.51545363907248","61.51545363907248","61.51545363907248","46.392785571136294","46.392785571136294","46.392785571136294","4.924623115526378","4.924623115526378","4.924623115526378","6.412825651331168","6.412825651331168","6.412825651331168"
"15945.256847404","1.2024048096090842","1.2024048096090842","1.2024048096090842","46.70000000000073","46.70000000000073","46.70000000000073","1.7085427136043834","1.7085427136043834","1.7085427136043834","54.45445445443586","54.45445445443586","54.45445445443586"
"15955.257150816","1.101101101098048","1.101101101098048","1.101101101098048","13.326653306613082","13.326653306613082","13.326653306613082","2.30692076226481","2.30692076226481","2.30692076226481","87.98798798798263","87.98798798798263","87.98798798798263"
"15965.256865661","11.300000000024266","11.300000000024266","11.300000000024266","33.29999999999927","33.29999999999927","33.29999999999927","6.639839034220511","6.639839034220511","6.639839034220511","69.23847695390938","69.23847695390938","69.23847695390938"
"15975.256562226","13.026052104169992","13.026052104169992","13.026052104169992","66.00000000000364","66.00000000000364","66.00000000000364","1.7051153460591704","1.7051153460591704","1.7051153460591704","23.42342342341145","23.42342342341145","23.42342342341145"
"15985.256819232","50.50000000002892","50.50000000002892","50.50000000002892","1.002004008001495","1.002004008001495","1.002004008001495","2.006018054169551","2.006018054169551","2.006018054169551","50.84915084914227","50.84915084914227","50.84915084914227"
"15995.255946325","46.94082246739965","46.94082246739965","46.94082246739965","20.520520520508317","20.520520520508317","20.520520520508317","15.01501501499987","15.01501501499987","15.01501501499987","36.97394789580305","36.97394789580305","36.97394789580305"
"16005.257434969","7.807807807797746","7.807807807797746","7.807807807797746","93.286573146294","93.286573146294","93.286573146294","1.705115346023303","1.705115346023303","1.705115346023303","1.4014014014135583","1.4014014014135583","1.4014014014135583"
"16015.256820384","68.0957128614048","68.0957128614048","68.0957128614048","31.80000000000291","31.80000000000291","31.80000000000291","3.1124497992090725","3.1124497992090725","3.1124497992090725","1.4056224899541183","1.4056224899541183","1.4056224899541183"
"16025.25603294","18.33667334669346","18.33667334669346","18.33667334669346","79.57957957958487","79.57957957958487","79.57957957958487","9.018036072141038","9.018036072141038","9.018036072141038","11.334002005994593","11.334002005994593","11.334002005994593"
"16035.256590912","67.19999999999345","67.19999999999345","67.19999999999345","33.73373373373634","33.73373373373634","33.73373373373634","1.5060240963820215","1.5060240963820215","1.5060240963820215","0.9009009009295254","0.9009009009295254","0.9009009009295254"
"16045.256898383","10","10","10","50.69999999999709","50.69999999999709","50.69999999999709","1.9076305221134835","1.9076305221134835","1.9076305221134835","41.82547642928371","41.82547642928371","41.82547642928371"
"16055.256802634","66.49949849548891","66.49949849548891","66.49949849548891","18.218218218230593","18.218218218230593","18.218218218230593","6.41925777329747","6.41925777329747","6.41925777329747","25.525525525523445","25.525525525523445","25.525525525523445"
"16065.256974979","46.10778443116327","46.10778443116327","46.10778443116327","53.3999999999845","53.3999999999845","53.3999999999845","5.717151454377747","5.717151454377747","5.717151454377747","1.0030090270847756","1.0030090270847756","1.0030090270847756"
"16075.256929297","19.83967935871393","19.83967935871393","19.83967935871393","69.00000000000765","69.00000000000765","69.00000000000765","1.9019019019066954","1.9019019019066954","1.9019019019066954","14.128256512993909","14.128256512993909","14.128256512993909"
"16085.256396121","76.9000000000051","76.9000000000051","76.9000000000051","23.023023023002224","23.023023023002224","23.023023023002224","2.708124373108445","2.708124373108445","2.708124373108445","1.3013013013472317","1.3013013013472317","1.3013013013472317"
"16095.257506903","43.48697394786033","43.48697394786033","43.48697394786033","29.700000000011638","29.700000000011638","29.700000000011638","4.513540621872368","4.513540621872368","4.513540621872368","40.78156312625138","40.78156312625138","40.78156312625138"
"16105.256322532","66.73326673327423","66.73326673327423","66.73326673327423","0.9027081243383136","0.9027081243383136","0.9027081243383136","1.6080402009674704","1.6080402009674704","1.6080402009674704","34.403209628861624","34.403209628861624","34.403209628861624"
"16115.25678676","5.2104208416534155","5.2104208416534155","5.2104208416534155","33.33333333334547","33.33333333334547","33.33333333334547","1.611278952685486","1.611278952685486","1.611278952685486","63.63636363636363","63.63636363636363","63.63636363636363"
"16125.256600283","57.742257742286064","57.742257742286064","57.742257742286064","13.586413586434809","13.586413586434809","13.586413586434809","4.819277108413794","4.819277108413794","4.819277108413794","42.828485456389345","42.828485456389345","42.828485456389345"
"16135.257190914","88.49999999998545","88.49999999998545","88.49999999998545","1.3026052104128791","1.3026052104128791","1.3026052104128791","2.6078234703958256","2.6078234703958256","2.6078234703958256","12.324649298602472","12.324649298602472","12.324649298602472"
"16145.256626717","9.69030969033752","9.69030969033752","9.69030969033752","35.635635635643034","35.635635635643034","35.635635635643034","2.3092369478226664","2.3092369478226664","2.3092369478226664","57.157157157175675","57.157157157175675","57.157157157175675"
"16155.256712476","56.813627254512234","56.813627254512234","56.813627254512234","22.545090180361708","22.545090180361708","22.545090180361708","7.437185929645504","7.437185929645504","7.437185929645504","32.66533066130803","32.66533066130803","32.66533066130803"
"16165.256379613","28.471528471500317","28.471528471500317","28.471528471500317","41.541541541549456","41.541541541549456","41.541541541549456","1.807228915665731","1.807228915665731","1.807228915665731","32.83283283285234","32.83283283285234","32.83283283285234"
"16175.256522573","58.55855855855593","58.55855855855593","58.55855855855593","41.783567134271095","41.783567134271095","41.783567134271095","3.0060120240774335","3.0060120240774335","3.0060120240774335","1.2036108325053796","1.2036108325053796","1.2036108325053796"
"16185.257160013","30.069930069953386","30.069930069953386","30.069930069953386","66.299999999992","66.299999999992","66.299999999992","6.827309236933049","6.827309236933049","6.827309236933049","15.74724172515827","15.74724172515827","15.74724172515827"
"16195.257055556","57.31462925851298","57.31462925851298","57.31462925851298","1.203610832487574","1.203610832487574","1.203610832487574","1.907630522041825","1.907630522041825","1.907630522041825","44.0881763527037","44.0881763527037","44.0881763527037"
"16205.256229877","33.86613386613347","33.86613386613347","33.86613386613347","55.355355355336776","55.355355355336776","55.355355355336776","2.808425275869187","2.808425275869187","2.808425275869187","12.424849699397154","12.424849699397154","12.424849699397154"
"16215.258045317","8.90890890888669","8.90890890888669","8.90890890888669","81.31868131868622","81.31868131868622","81.31868131868622","7.236180904499867","7.236180904499867","7.236180904499867","21.79999999998472","21.79999999998472","21.79999999998472"
"16225.256815338","1.3013013013112893","1.3013013013112893","1.3013013013112893","82.90000000000873","82.90000000000873","82.90000000000873","1.6048144433465878","1.6048144433465878","1.6048144433465878","18.154463390181526","18.154463390181526","18.154463390181526"
"16235.257287678","1.6032064128601315","1.6032064128601315","1.6032064128601315","56.55655655654625","56.55655655654625","56.55655655654625","1.6048144433665275","1.6048144433665275","1.6048144433665275","44.63390170511548","44.63390170511548","44.63390170511548"
"16245.257844658","11.511511511524233","11.511511511524233","11.511511511524233","20.720720720732697","20.720720720732697","20.720720720732697","6.112224448903896","6.112224448903896","6.112224448903896","80.89999999998327","80.89999999998327","80.89999999998327"
"16255.257232521","1.8036072143420359","1.8036072143420359","1.8036072143420359","37.337337337322374","37.337337337322374","37.337337337322374","2.104208416789325","2.104208416789325","2.104208416789325","63.82765531063206","63.82765531063206","63.82765531063206"
"16265.256540612","72.97297297297838","72.97297297297838","72.97297297297838","17.400000000057915","17.400000000057915","17.400000000057915","2.8197381672123063","2.8197381672123063","2.8197381672123063","11.022044088194688","11.022044088194688","11.022044088194688"
"16275.256869534","37.82435129743925","37.82435129743925","37.82435129743925","3.607214428810342","3.607214428810342","3.607214428810342","5.115346038115935","5.115346038115935","5.115346038115935","71.071071071071","71.071071071071","71.071071071071"
"16285.256771802","2.202202202196096","2.202202202196096","2.202202202196096","96.9000000000051","96.9000000000051","96.9000000000051","4.112337011014415","4.112337011014415","4.112337011014415","1.2012012012090203","1.2012012012090203","1.2012012012090203"
"16295.257322956","15.584415584425496","15.584415584425496","15.584415584425496","76.67667667668114","76.67667667668114","76.67667667668114","4.8951048950530325","4.8951048950530325","4.8951048950530325","6.913827655282094","6.913827655282094","6.913827655282094"
"16305.256796615","16.183816183778134","16.183816183778134","16.183816183778134","85.51448551447592","85.51448551447592","85.51448551447592","1.9114688129002393","1.9114688129002393","1.9114688129002393","1.3026052104128791","1.3026052104128791","1.3026052104128791"
"16315.256723229","60.46046046047391","60.46046046047391","60.46046046047391","50.300601202411386","50.300601202411386","50.300601202411386","4.618473895611089","4.618473895611089","4.618473895611089","3.707414829649274","3.707414829649274","3.707414829649274"
"16325.257090107","8.099999999994907","8.099999999994907","8.099999999994907","54.54545454545454","54.54545454545454","54.54545454545454","1.6064257028099247","1.6064257028099247","1.6064257028099247","40.24024024025637","40.24024024025637","40.24024024025637"
"16335.257024071","1.5045135406003454","1.5045135406003454","1.5045135406003454","62.499999999990905","62.499999999990905","62.499999999990905","1.8072289156474681","1.8072289156474681","1.8072289156474681","38.33833833834967","38.33833833834967","38.33833833834967"
"16345.256549862","13.013013013030958","13.013013013030958","13.013013013030958","53.65365365365221","53.65365365365221","53.65365365365221","7.4371859296637854","7.4371859296637854","7.4371859296637854","44.93480441324834","44.93480441324834","44.93480441324834"
"16355.255968231","1.301301301293555","1.301301301293555","1.301301301293555","45.345345345364535","45.345345345364535","45.345345345364535","1.9114688129002393","1.9114688129002393","1.9114688129002393","55.811623246492516","55.811623246492516","55.811623246492516"
"16365.256497945","17.399999999997817","17.399999999997817","17.399999999997817","89.91008991008611","89.91008991008611","89.91008991008611","8.499999999954435","8.499999999954435","8.499999999954435","3.309929789340829","3.309929789340829","3.309929789340829"
"16375.257095816","4.814443329968541","4.814443329968541","4.814443329968541","46.192384769566544","46.192384769566544","46.192384769566544","12.85140562251123","12.85140562251123","12.85140562251123","56.813627254512234","56.813627254512234","56.813627254512234"
"16385.256798056","1.0020040080375823","1.0020040080375823","1.0020040080375823","41.08216432864453","41.08216432864453","41.08216432864453","1.9057171514439804","1.9057171514439804","1.9057171514439804","60.36036036035725","60.36036036035725","60.36036036035725"
"16395.257006887","1.1988011987912142","1.1988011987912142","1.1988011987912142","92.89289289290018","92.89289289290018","92.89289289290018","1.4056224899541183","1.4056224899541183","1.4056224899541183","8.116232464925112","8.116232464925112","8.116232464925112"
"16405.256160772","10.320641282586607","10.320641282586607","10.320641282586607","30.169830169846563","30.169830169846563","30.169830169846563","5.622489959853229","5.622489959853229","5.622489959853229","71.54308617236022","71.54308617236022","71.54308617236022"
"16415.256183794","1.2000000000080036","1.2000000000080036","1.2000000000080036","61.19999999998982","61.19999999998982","61.19999999998982","1.708542713550789","1.708542713550789","1.708542713550789","39.639639639620775","39.639639639620775","39.639639639620775"
"16425.257305483","1.6966067863921068","1.6966067863921068","1.6966067863921068","95.79999999999927","95.79999999999927","95.79999999999927","1.608040201003445","1.608040201003445","1.608040201003445","4.914744232713575","4.914744232713575","4.914744232713575"
"16435.256807787","81.78178178178761","81.78178178178761","81.78178178178761","20.420420420386137","20.420420420386137","20.420420420386137","6.0422960725454615","6.0422960725454615","6.0422960725454615","11.835506519560212","11.835506519560212","11.835506519560212"
"16445.256633569","45.29999999998836","45.29999999998836","45.29999999998836","54.10000000001525","54.10000000001525","54.10000000001525","3.41023069206029","3.41023069206029","3.41023069206029","1.3052208835622645","1.3052208835622645","1.3052208835622645"
"16455.256814087","48.448448448460354","48.448448448460354","48.448448448460354","50.35035035033075","50.35035035033075","50.35035035033075","4.116465863401713","4.116465863401713","4.116465863401713","1.002004008019721","1.002004008019721","1.002004008019721"
"16465.256726701","46.399999999974675","46.399999999974675","46.399999999974675","34.70000000001164","34.70000000001164","34.70000000001164","8.935742971882489","8.935742971882489","8.935742971882489","28.428428428399265","28.428428428399265","28.428428428399265"
"16475.256929103","1.3026052104311054","1.3026052104311054","1.3026052104311054","60.280842527577896","60.280842527577896","60.280842527577896","2.2022022022135026","2.2022022022135026","2.2022022022135026","41.000000000025096","41.000000000025096","41.000000000025096"
"16485.256121641","1.5015015015158273","1.5015015015158273","1.5015015015158273","45.79158316633175","45.79158316633175","45.79158316633175","1.507537688459011","1.507537688459011","1.507537688459011","55.210420841671635","55.210420841671635","55.210420841671635"
"16495.256953783","13.000000000024375","13.000000000024375","13.000000000024375","63.79999999999701","63.79999999999701","63.79999999999701","6.106106106097245","6.106106106097245","6.106106106097245","38.35341365462317","38.35341365462317","38.35341365462317"
"16505.255981389","1.1022044088052896","1.1022044088052896","1.1022044088052896","63.10000000000833","63.10000000000833","63.10000000000833","1.708542713586102","1.708542713586102","1.708542713586102","38.400000000001455","38.400000000001455","38.400000000001455"
"16515.257163043","1.5045135406003454","1.5045135406003454","1.5045135406003454","61.06106106107313","61.06106106107313","61.06106106107313","1.7051153460767927","1.7051153460767927","1.7051153460767927","40.18036072144683","40.18036072144683","40.18036072144683"
"16525.256206027","15.784215784208497","15.784215784208497","15.784215784208497","61.79999999997082","61.79999999997082","61.79999999997082","1.6048144432930251","1.6048144432930251","1.6048144432930251","25.02502502501192","25.02502502501192","25.02502502501192"
"16535.256765424","13.126252505037158","13.126252505037158","13.126252505037158","89.10000000000251","89.10000000000251","89.10000000000251","4.422110552785279","4.422110552785279","4.422110552785279","12.738214643934686","12.738214643934686","12.738214643934686"
"16545.256232679","4.7000000000116415","4.7000000000116415","4.7000000000116415","94.09999999999854","94.09999999999854","94.09999999999854","4.104104104087552","4.104104104087552","4.104104104087552","0.9018036072159265","0.9018036072159265","0.9018036072159265"
"16555.257044712","56.99999999998908","56.99999999998908","56.99999999998908","43.90000000001237","43.90000000001237","43.90000000001237","2.2110552763576936","2.2110552763576936","2.2110552763576936","1.4042126378900068","1.4042126378900068","1.4042126378900068"
"16565.256755761","95.20000000000437","95.20000000000437","95.20000000000437","8.400000000001455","8.400000000001455","8.400000000001455","2.510040160678399","2.510040160678399","2.510040160678399","12.324649298602472","12.324649298602472","12.324649298602472"
"16575.25699207","48.4999999999849","48.4999999999849","48.4999999999849","52.75275275274866","52.75275275274866","52.75275275274866","1.8036072144159045","1.8036072144159045","1.8036072144159045","0.8040201005379912","0.8040201005379912","0.8040201005379912"
"16585.257006527","70.40000000000131","70.40000000000131","70.40000000000131","30.66132264528682","30.66132264528682","30.66132264528682","2.006018054169551","2.006018054169551","2.006018054169551","1.1022044088052896","1.1022044088052896","1.1022044088052896"
"16595.256823532","14.228456913829007","14.228456913829007","14.228456913829007","91.50849150848651","91.50849150848651","91.50849150848651","5.6224899598370195","5.6224899598370195","5.6224899598370195","7.923771313949659","7.923771313949659","7.923771313949659"
"16605.256552054","40.54054054054497","40.54054054054497","40.54054054054497","60.6000000000131","60.6000000000131","60.6000000000131","1.9057171514417","1.9057171514417","1.9057171514417","1.5060240963820215","1.5060240963820215","1.5060240963820215"
"16615.256794018","32.16783216783077","32.16783216783077","32.16783216783077","48.09999999999491","48.09999999999491","48.09999999999491","3.219315895387995","3.219315895387995","3.219315895387995","21.543086172341987","21.543086172341987","21.543086172341987"
"16625.256418636","9.909909909891537","9.909909909891537","9.909909909891537","56.656656656664325","56.656656656664325","56.656656656664325","6.820461384141105","6.820461384141105","6.820461384141105","45.490981963940236","45.490981963940236","45.490981963940236"
"16635.256556659","1.1022044088413405","1.1022044088413405","1.1022044088413405","30.060120240465892","30.060120240465892","30.060120240465892","1.9057171514410043","1.9057171514410043","1.9057171514410043","70.87087087086638","70.87087087086638","70.87087087086638"
"16645.256114254","1.2024048096090842","1.2024048096090842","1.2024048096090842","58.61723446892586","58.61723446892586","58.61723446892586","1.9038076152538739","1.9038076152538739","1.9038076152538739","42.484969939900395","42.484969939900395","42.484969939900395"
"16655.256675448","39.520958083818094","39.520958083818094","39.520958083818094","5.622489959834737","5.622489959834737","5.622489959834737","7.035175879403783","7.035175879403783","7.035175879403783","68.53707414828958","68.53707414828958","68.53707414828958"
"16665.256998161","17.334669338703872","17.334669338703872","17.334669338703872","40.70000000001866","40.70000000001866","40.70000000001866","2.3092369477861405","2.3092369477861405","2.3092369477861405","43.75624375624503","43.75624375624503","43.75624375624503"
"16675.256555451","61.177644710572245","61.177644710572245","61.177644710572245","39.17835671342711","39.17835671342711","39.17835671342711","2.2044088176310837","2.2044088176310837","2.2044088176310837","1.5045135406003454","1.5045135406003454","1.5045135406003454"
"16685.256587303","27.300000000022084","27.300000000022084","27.300000000022084","81.99999999998909","81.99999999998909","81.99999999998909","5.7344064385951175","5.7344064385951175","5.7344064385951175","4.6092184368652","4.6092184368652","4.6092184368652"
"16695.256766344","29.90000000000691","29.90000000000691","29.90000000000691","71.17117117117331","71.17117117117331","71.17117117117331","1.7068273092554673","1.7068273092554673","1.7068273092554673","1.1033099298133222","1.1033099298133222","1.1033099298133222"
"16705.256643981","15.515515515493188","15.515515515493188","15.515515515493188","84.69999999999345","84.69999999999345","84.69999999999345","2.5050100200606944","2.5050100200606944","2.5050100200606944","1.2012012011370627","1.2012012011370627","1.2012012011370627"
"16715.256475439","12.099999999991269","12.099999999991269","12.099999999991269","98.60000000000582","98.60000000000582","98.60000000000582","5.817452357053683","5.817452357053683","5.817452357053683","1.6048144433465878","1.6048144433465878","1.6048144433465878"
"16725.256630003","56.51302605211907","56.51302605211907","56.51302605211907","44.44444444446063","44.44444444446063","44.44444444446063","1.9095477387160296","1.9095477387160296","1.9095477387160296","1.1022044088052896","1.1022044088052896","1.1022044088052896"
"16735.25648192","17.41741741740058","17.41741741740058","17.41741741740058","50.1501501501443","50.1501501501443","50.1501501501443","1.9076305221112007","1.9076305221112007","1.9076305221112007","35.03503503504763","35.03503503504763","35.03503503504763"
"16745.257085053","2.0020020020089646","2.0020020020089646","2.0020020020089646","89.02195608781722","89.02195608781722","89.02195608781722","2.1084337348954216","2.1084337348954216","2.1084337348954216","12.212212212221909","12.212212212221909","12.212212212221909"
"16755.257271403","39.47895791583849","39.47895791583849","39.47895791583849","71.77177177177921","71.77177177177921","71.77177177177921","2.8056112224333476","2.8056112224333476","2.8056112224333476","3.2064128256485267","3.2064128256485267","3.2064128256485267"
"16765.257293866","66.86686686684699","66.86686686684699","66.86686686684699","11.811811811798925","11.811811811798925","11.811811811798925","4.312938816472289","4.312938816472289","4.312938816472289","21.16349047141761","21.16349047141761","21.16349047141761"
"16775.25645572","60.939060939070345","60.939060939070345","60.939060939070345","1.4014014014494642","1.4014014014494642","1.4014014014494642","3.2128514056198494","3.2128514056198494","3.2128514056198494","38.43843843843863","38.43843843843863","38.43843843843863"
"16785.257411556","72.60000000001216","72.60000000001216","72.60000000001216","4.312938816400178","4.312938816400178","4.312938816400178","9.839357429715355","9.839357429715355","9.839357429715355","31.731731731745583","31.731731731745583","31.731731731745583"
"16795.256768143","14.614614614590646","14.614614614590646","14.614614614590646","6.519558676041918","6.519558676041918","6.519558676041918","2.2132796780438144","2.2132796780438144","2.2132796780438144","81.58158158158308","81.58158158158308","81.58158158158308"
"16805.256951348","57.04295704297305","57.04295704297305","57.04295704297305","16.41641641642617","16.41641641642617","16.41641641642617","2.2132796781001907","2.2132796781001907","2.2132796781001907","29.18756268805173","29.18756268805173","29.18756268805173"
"16815.256651866","35.135135135126276","35.135135135126276","35.135135135126276","41.18236472946977","41.18236472946977","41.18236472946977","8.442211055310702","8.442211055310702","8.442211055310702","35.06493506494828","35.06493506494828","35.06493506494828"
"16825.256830271","88.28828828828517","88.28828828828517","88.28828828828517","5.005005004953224","5.005005004953224","5.005005004953224","9.136546184705107","9.136546184705107","9.136546184705107","1.1033099297950777","1.1033099297950777","1.1033099297950777"
"16835.256392593","17.100000000021428","17.100000000021428","17.100000000021428","79.47947947949005","79.47947947949005","79.47947947949005","1.4056224899381382","1.4056224899381382","1.4056224899381382","5.900000000001455","5.900000000001455","5.900000000001455"
"16845.256271564","11.422845691409723","11.422845691409723","11.422845691409723","2.006018054169551","2.006018054169551","2.006018054169551","4.216867469897341","4.216867469897341","4.216867469897341","100","100","100"
"16855.256651462","29.1291291290896","29.1291291290896","29.1291291290896","70.5999999999949","70.5999999999949","70.5999999999949","1.8036072143960575","1.8036072143960575","1.8036072143960575","2.50501002004019","2.50501002004019","2.50501002004019"
"16865.256546274","90.3096903096953","90.3096903096953","90.3096903096953","9.809809809822076","9.809809809822076","9.809809809822076","2.407221665031284","2.407221665031284","2.407221665031284","1.1033099297950777","1.1033099297950777","1.1033099297950777"
"16875.255997201","75.15030060119653","75.15030060119653","75.15030060119653","20.95808383230935","20.95808383230935","20.95808383230935","11.055276381926635","11.055276381926635","11.055276381926635","10.899999999969042","10.899999999969042","10.899999999969042"
"16885.256340105","24.0279162512476","24.0279162512476","24.0279162512476","77.27727727728649","77.27727727728649","77.27727727728649","1.7051153460050583","1.7051153460050583","1.7051153460050583","0.7007007006797221","0.7007007006797221","0.7007007006797221"
"16895.256537923","28.156312625246628","28.156312625246628","28.156312625246628","67.16716716716587","67.16716716716587","67.16716716716587","7.2216649949957885","7.2216649949957885","7.2216649949957885","1.0030090271208987","1.0030090271208987","1.0030090271208987"
"16905.256599821","47.052947052956014","47.052947052956014","47.052947052956014","64.1000000000116","64.1000000000116","64.1000000000116","3.203203203220261","3.203203203220261","3.203203203220261","4.5180722891460645","4.5180722891460645","4.5180722891460645"
"16915.25670217","14.529058116240389","14.529058116240389","14.529058116240389","86.81318681318761","86.81318681318761","86.81318681318761","1.6096579476488546","1.6096579476488546","1.6096579476488546","1.3039117352156815","1.3039117352156815","1.3039117352156815"
"16925.256595333","76.07607607606752","76.07607607606752","76.07607607606752","24.924924924936953","24.924924924936953","24.924924924936953","2.010050251263447","2.010050251263447","2.010050251263447","1.701701701684569","1.701701701684569","1.701701701684569"
"16935.257490258","44.60000000000946","44.60000000000946","44.60000000000946","49.59999999997293","49.59999999997293","49.59999999997293","8.835341365489025","8.835341365489025","8.835341365489025","18.436873747497255","18.436873747497255","18.436873747497255"
"16945.255927915","1.696606786427798","1.696606786427798","1.696606786427798","62.124248497017796","62.124248497017796","62.124248497017796","1.706827309219565","1.706827309219565","1.706827309219565","39.55823293171722","39.55823293171722","39.55823293171722"
"16955.256274773","1.6064257027739857","1.6064257027739857","1.6064257027739857","69.59999999999127","69.59999999999127","69.59999999999127","1.7085427135707307","1.7085427135707307","1.7085427135707307","31.33133133136151","31.33133133136151","31.33133133136151"
"16965.257559651","3.3066132264693424","3.3066132264693424","3.3066132264693424","76.10000000000622","76.10000000000622","76.10000000000622","4.518072289129452","4.518072289129452","4.518072289129452","25.851703406787003","25.851703406787003","25.851703406787003"
"16975.256545994","8.40840840839337","8.40840840839337","8.40840840839337","5.0150451354402925","5.0150451354402925","5.0150451354402925","4.51354062190721","4.51354062190721","4.51354062190721","96.59999999999978","96.59999999999978","96.59999999999978"
"16985.256842136","1.4028056112166738","1.4028056112166738","1.4028056112166738","60.40000000000874","60.40000000000874","60.40000000000874","1.706827309240111","1.706827309240111","1.706827309240111","40.62186559677491","40.62186559677491","40.62186559677491"
"16995.257588866","1.4985014985515297","1.4985014985515297","1.4985014985515297","73.89999999998469","73.89999999998469","73.89999999998469","1.6064257028099247","1.6064257028099247","1.6064257028099247","27.51744765702522","27.51744765702522","27.51744765702522"
"17005.257239469","6.9069069068613045","6.9069069068613045","6.9069069068613045","45.99198396795903","45.99198396795903","45.99198396795903","11.457286432154117","11.457286432154117","11.457286432154117","56.91382765531603","56.91382765531603","56.91382765531603"
"17015.256620833","60","60","60","35.40621865597034","35.40621865597034","35.40621865597034","7.422266800400429","7.422266800400429","7.422266800400429","1.5045135406362855","1.5045135406362855","1.5045135406362855"
"17025.257557566","4.718875502036673","4.718875502036673","4.718875502036673","96.50349650349231","96.50349650349231","96.50349650349231","2.106318956862377","2.106318956862377","2.106318956862377","1.4056224899541183","1.4056224899541183","1.4056224899541183"
"17035.257945226","52.79441117763398","52.79441117763398","52.79441117763398","56.71342685370844","56.71342685370844","56.71342685370844","6.1244979919720155","6.1244979919720155","6.1244979919720155","3.8038038037783597","3.8038038037783597","3.8038038037783597"
"17045.256230989","6.306306306315493","6.306306306315493","6.306306306315493","95.00000000000182","95.00000000000182","95.00000000000182","1.8036072143960575","1.8036072143960575","1.8036072143960575","1.2036108325414296","1.2036108325414296","1.2036108325414296"
"17055.256713953","87.18718718718267","87.18718718718267","87.18718718718267","7.314629258512979","7.314629258512979","7.314629258512979","8.148893360172233","8.148893360172233","8.148893360172233","1.3013013013112893","1.3013013013112893","1.3013013013112893"
"17065.256755001","26.273726273704774","26.273726273704774","26.273726273704774","61.553784860541384","61.553784860541384","61.553784860541384","10.441767068282774","10.441767068282774","10.441767068282774","20.361083249742624","20.361083249742624","20.361083249742624"
"17075.256534368","42.742742742761116","42.742742742761116","42.742742742761116","58.15815815816195","58.15815815816195","58.15815815816195","2.40963855421717","2.40963855421717","2.40963855421717","1.0030090270847756","1.0030090270847756","1.0030090270847756"
"17085.256669519","24.724724724695797","24.724724724695797","24.724724724695797","42.85714285714026","42.85714285714026","42.85714285714026","1.4070351759094923","1.4070351759094923","1.4070351759094923","35.09999999997857","35.09999999997857","35.09999999997857"
"17095.256407124","45.754245754273605","45.754245754273605","45.754245754273605","32.43243243241865","32.43243243241865","32.43243243241865","2.309236947771004","2.309236947771004","2.309236947771004","38.25301204819101","38.25301204819101","38.25301204819101"
"17105.256555356","1.20240480957307","1.20240480957307","1.20240480957307","6.713426853674433","6.713426853674433","6.713426853674433","1.5060240964002845","1.5060240964002845","1.5060240964002845","94.49999999998909","94.49999999998909","94.49999999998909"
"17115.257111204","1.4014014014135583","1.4014014014135583","1.4014014014135583","71.37137137138055","71.37137137138055","71.37137137138055","1.706827309219565","1.706827309219565","1.706827309219565","29.75951903807089","29.75951903807089","29.75951903807089"
"17125.256316768","15.884115884132278","15.884115884132278","15.884115884132278","35.43543543543849","35.43543543543849","35.43543543543849","4.321608040203614","4.321608040203614","4.321608040203614","65.3614457831531","65.3614457831531","65.3614457831531"
"17135.256355036","11.688311688296112","11.688311688296112","11.688311688296112","89.3106893106905","89.3106893106905","89.3106893106905","1.5060240963637588","1.5060240963637588","1.5060240963637588","1.204819277098312","1.204819277098312","1.204819277098312"
"17145.257392763","44.34434434435836","44.34434434435836","44.34434434435836","54.76429287862249","54.76429287862249","54.76429287862249","3.216080402027457","3.216080402027457","3.216080402027457","1.0010010010226904","1.0010010010226904","1.0010010010226904"
"17155.256467421","28.500000000003638","28.500000000003638","28.500000000003638","77.82217782218888","77.82217782218888","77.82217782218888","9.949748743733954","9.949748743733954","9.949748743733954","3.8114343028834","3.8114343028834","3.8114343028834"
"17165.256536324","60.76076076076632","60.76076076076632","60.76076076076632","13.326653306581484","13.326653306581484","13.326653306581484","1.5090543259339737","1.5090543259339737","1.5090543259339737","28.62862862862987","28.62862862862987","28.62862862862987"
"17175.256441897","26.07823470408597","26.07823470408597","26.07823470408597","1.0030090271208987","1.0030090271208987","1.0030090271208987","1.7034068136303364","1.7034068136303364","1.7034068136303364","75.15030060120569","75.15030060120569","75.15030060120569"
"17185.256794423","40.35964035963737","40.35964035963737","40.35964035963737","2.2044088175931567","2.2044088175931567","2.2044088175931567","2.512562814070168","2.512562814070168","2.512562814070168","64.30000000000291","64.30000000000291","64.30000000000291"
"17195.256208493","22.322322322341687","22.322322322341687","22.322322322341687","34.50000000003111","34.50000000003111","34.50000000003111","5.51102204411557","5.51102204411557","5.51102204411557","51.151151151148774","51.151151151148774","51.151151151148774"
"17205.256914164","1.4014014014135583","1.4014014014135583","1.4014014014135583","99.59999999999127","99.59999999999127","99.59999999999127","1.5060240963643088","1.5060240963643088","1.5060240963643088","1.4014014013599547","1.4014014013599547","1.4014014013599547"
"17215.256918386","1.7000000000007276","1.7000000000007276","1.7000000000007276","16.148445335999625","16.148445335999625","16.148445335999625","1.9057171514410043","1.9057171514410043","1.9057171514410043","85.08508508507146","85.08508508507146","85.08508508507146"
"17225.257033761","45.29999999998836","45.29999999998836","45.29999999998836","43.41317365269635","43.41317365269635","43.41317365269635","7.9396984924574125","7.9396984924574125","7.9396984924574125","22.522522522537123","22.522522522537123","22.522522522537123"
"17235.257215499","19.119119119103352","19.119119119103352","19.119119119103352","81.88188188187168","81.88188188187168","81.88188188187168","2.1084337349311775","2.1084337349311775","2.1084337349311775","1.0040160642607687","1.0040160642607687","1.0040160642607687"
"17245.256327247","33.533533533525805","33.533533533525805","33.533533533525805","34.76523476526876","34.76523476526876","34.76523476526876","9.849246231167637","9.849246231167637","9.849246231167637","26.326326326332307","26.326326326332307","26.326326326332307"
"17255.256220883","8.800000000025175","8.800000000025175","8.800000000025175","77.79999999998836","77.79999999998836","77.79999999998836","9.437751004040267","9.437751004040267","9.437751004040267","23.8476953907837","23.8476953907837","23.8476953907837"
"17265.256228228","1.5060240963460458","1.5060240963460458","1.5060240963460458","32.032032032027644","32.032032032027644","32.032032032027644","1.807228915629205","1.807228915629205","1.807228915629205","68.89999999999418","68.89999999999418","68.89999999999418"
"17275.256669335","1.5015015015158273","1.5015015015158273","1.5015015015158273","74.37437437438358","74.37437437438358","74.37437437438358","1.8054162487694723","1.8054162487694723","1.8054162487694723","26.55310621244914","26.55310621244914","26.55310621244914"
"17285.257006034","7.485029940119434","7.485029940119434","7.485029940119434","59.159159159133345","59.159159159133345","59.159159159133345","9.729187562682641","9.729187562682641","9.729187562682641","42.5851703406623","42.5851703406623","42.5851703406623"
"17295.256423285","1.0030090270668968","1.0030090270668968","1.0030090270668968","37.937937937936205","37.937937937936205","37.937937937936205","1.8054162487694723","1.8054162487694723","1.8054162487694723","63.02605210420169","63.02605210420169","63.02605210420169"
"17305.256891546","1.1033099297950777","1.1033099297950777","1.1033099297950777","96.29999999999335","96.29999999999335","96.29999999999335","2.204408817611383","2.204408817611383","2.204408817611383","4.513540621837525","4.513540621837525","4.513540621837525"
"17315.256836925","13.486513486532548","13.486513486532548","13.486513486532548","28.657314629265603","28.657314629265603","28.657314629265603","3.21608040200689","3.21608040200689","3.21608040200689","73.82617382618933","73.82617382618933","73.82617382618933"
"17325.256164716","4.104104104120198","4.104104104120198","4.104104104120198","15.731462925849476","15.731462925849476","15.731462925849476","2.002002001993761","2.002002001993761","2.002002001993761","82.7827827827921","82.7827827827921","82.7827827827921"
"17335.25640729","66.13386613386068","66.13386613386068","66.13386613386068","35.39999999999054","35.39999999999054","35.39999999999054","1.9076305221112007","1.9076305221112007","1.9076305221112007","1.3026052104128791","1.3026052104128791","1.3026052104128791"
"17345.256702801","12.825651302612334","12.825651302612334","12.825651302612334","84.09999999999854","84.09999999999854","84.09999999999854","3.7148594377411026","3.7148594377411026","3.7148594377411026","18.737474949890412","18.737474949890412","18.737474949890412"
"17355.256781212","66.89999999999306","66.89999999999306","66.89999999999306","1.104417670670409","1.104417670670409","1.104417670670409","2.7081243731074567","2.7081243731074567","2.7081243731074567","33.23323323321889","33.23323323321889","33.23323323321889"
"17365.256649338","17.299999999995634","17.299999999995634","17.299999999995634","68.60000000000582","68.60000000000582","68.60000000000582","1.7051153460568895","1.7051153460568895","1.7051153460568895","16.332665330684517","16.332665330684517","16.332665330684517"
"17375.256102275","7.214428857709184","7.214428857709184","7.214428857709184","14.744232698073128","14.744232698073128","14.744232698073128","9.53815261046583","9.53815261046583","9.53815261046583","88.37675350701075","88.37675350701075","88.37675350701075"
"17385.25743451","43.95604395604955","43.95604395604955","43.95604395604955","55.75575575576212","55.75575575576212","55.75575575576212","3.2064128256485267","3.2064128256485267","3.2064128256485267","1.4014014014494642","1.4014014014494642","1.4014014014494642"
"17395.256706053","59.218436873763494","59.218436873763494","59.218436873763494","40.65934065934765","40.65934065934765","40.65934065934765","3.31325301202949","3.31325301202949","3.31325301202949","1.4028056112526153","1.4028056112526153","1.4028056112526153"
"17405.256482018","56.79999999999629","56.79999999999629","56.79999999999629","44.70000000001164","44.70000000001164","44.70000000001164","4.016064257027095","4.016064257027095","4.016064257027095","4.80961923843809","4.80961923843809","4.80961923843809"
"17415.257953545","31.43143143141381","31.43143143141381","31.43143143141381","64.5645645645615","64.5645645645615","64.5645645645615","14.156626506023876","14.156626506023876","14.156626506023876","1.3039117352156815","1.3039117352156815","1.3039117352156815"
"17425.256803021","12.41241241239455","12.41241241239455","12.41241241239455","89.01098901098362","89.01098901098362","89.01098901098362","1.6064257028099247","1.6064257028099247","1.6064257028099247","1.703406813628058","1.703406813628058","1.703406813628058"
"17435.256198308","69.89999999999782","69.89999999999782","69.89999999999782","22.622622622611214","22.622622622611214","22.622622622611214","10.32064128253797","10.32064128253797","10.32064128253797","1.4014014013776526","1.4014014013776526","1.4014014013776526"
"17445.256063062","8.308308308324456","8.308308308324456","8.308308308324456","98.80119880119105","98.80119880119105","98.80119880119105","8.032128514049623","8.032128514049623","8.032128514049623","3.1124497992273357","3.1124497992273357","3.1124497992273357"
"17455.256964565","81.10000000000582","81.10000000000582","81.10000000000582","15.130260521044933","15.130260521044933","15.130260521044933","7.128514056237305","7.128514056237305","7.128514056237305","1.4028056112166738","1.4028056112166738","1.4028056112166738"
"17465.256487684","1.2012012011730415","1.2012012011730415","1.2012012011730415","100","100","100","2.1042084168606965","2.1042084168606965","2.1042084168606965","1.5045135406003454","1.5045135406003454","1.5045135406003454"
"17475.25653337","33.26673326674394","33.26673326674394","33.26673326674394","75.90000000001022","75.90000000001022","75.90000000001022","6.024096385528086","6.024096385528086","6.024096385528086","3.2160804020514173","3.2160804020514173","3.2160804020514173"
"17485.256535877","24.02402402403474","24.02402402403474","24.02402402403474","77.22277722276704","77.22277722276704","77.22277722276704","1.8072289156497512","1.8072289156497512","1.8072289156497512","1.6032064127883952","1.6032064127883952","1.6032064127883952"
"17495.256660543","50.549450549453546","50.549450549453546","50.549450549453546","43.63089267803033","43.63089267803033","43.63089267803033","8.734939759060019","8.734939759060019","8.734939759060019","1.3052208835262151","1.3052208835262151","1.3052208835262151"
"17505.256184394","36.036036036033906","36.036036036033906","36.036036036033906","70.02997002997613","70.02997002997613","70.02997002997613","4.819277108395008","4.819277108395008","4.819277108395008","8.02407221665996","8.02407221665996","8.02407221665996"
"17515.256258329","75.87587587588119","75.87587587588119","75.87587587588119","24.82482482480731","24.82482482480731","24.82482482480731","2.6130653266178427","2.6130653266178427","2.6130653266178427","1.1044176707065314","1.1044176707065314","1.1044176707065314"
"17525.256616121","64.13586413586998","64.13586413586998","64.13586413586998","31.963927855733616","31.963927855733616","31.963927855733616","6.11835506525326","6.11835506525326","6.11835506525326","1.2999999999383727","1.2999999999383727","1.2999999999383727"
"17535.257386915","56.45645645646214","56.45645645646214","56.45645645646214","47.20558882236703","47.20558882236703","47.20558882236703","2.7108433734985966","2.7108433734985966","2.7108433734985966","11.445783132539363","11.445783132539363","11.445783132539363"
"17545.257252433","28.228228228239","28.228228228239","28.228228228239","72.79999999998836","72.79999999998836","72.79999999998836","2.1042084168098296","2.1042084168098296","2.1042084168098296","1.2012012012272284","1.2012012012272284","1.2012012012272284"
"17555.257152164","62.099999999991276","62.099999999991276","62.099999999991276","26.02602602601677","26.02602602601677","26.02602602601677","14.371859296499597","14.371859296499597","14.371859296499597","1.4042126379351059","1.4042126379351059","1.4042126379351059"
"17565.256489018","68.8688688688567","68.8688688688567","68.8688688688567","42.999999999992724","42.999999999992724","42.999999999992724","4.504504504511066","4.504504504511066","4.504504504511066","2.309236947768721","2.309236947768721","2.309236947768721"
"17575.256848108","13.899999999981047","13.899999999981047","13.899999999981047","86.78678678679181","86.78678678679181","86.78678678679181","2.8084252758165027","2.8084252758165027","2.8084252758165027","1.706827309237828","1.706827309237828","1.706827309237828"
"17585.256140593","39.13913913915357","39.13913913915357","39.13913913915357","61.13886113886075","61.13886113886075","61.13886113886075","2.8112449798932837","2.8112449798932837","2.8112449798932837","1.4014014014135583","1.4014014014135583","1.4014014014135583"
"17595.257001631","37.87575150301423","37.87575150301423","37.87575150301423","26.47943831492732","26.47943831492732","26.47943831492732","6.82046138415458","6.82046138415458","6.82046138415458","46.79358717435147","46.79358717435147","46.79358717435147"
"17605.256803908","62.63736263735884","62.63736263735884","62.63736263735884","1.0010010010044823","1.0010010010044823","1.0010010010044823","1.71026156943513","1.71026156943513","1.71026156943513","38.17635270540739","38.17635270540739","38.17635270540739"
"17615.256191768","10.61061061062202","10.61061061062202","10.61061061062202","3.1968031968359822","3.1968031968359822","3.1968031968359822","4.518072289164328","4.518072289164328","4.518072289164328","86.39999999999418","86.39999999999418","86.39999999999418"
"17625.257607289","21.721721721708672","21.721721721708672","21.721721721708672","46.59318637272442","46.59318637272442","46.59318637272442","5.516549648904422","5.516549648904422","5.516549648904422","41.84184184185626","41.84184184185626","41.84184184185626"
"17635.2566518","6.606606606622299","6.606606606622299","6.606606606622299","2.1042084168606965","2.1042084168606965","2.1042084168606965","1.9076305221112007","1.9076305221112007","1.9076305221112007","99.59999999999127","99.59999999999127","99.59999999999127"
"17645.256327966","1.498501498489018","1.498501498489018","1.498501498489018","54.609218436865206","54.609218436865206","54.609218436865206","1.8054162487336416","1.8054162487336416","1.8054162487336416","46.53961885657668","46.53961885657668","46.53961885657668"
"17655.255926319","1.2024048096090842","1.2024048096090842","1.2024048096090842","74.79999999999563","74.79999999999563","74.79999999999563","1.5060240963637588","1.5060240963637588","1.5060240963637588","26.000000000003638","26.000000000003638","26.000000000003638"
"17665.256213355","11.91191191193331","11.91191191193331","11.91191191193331","97.60000000000218","97.60000000000218","97.60000000000218","4.120603015108669","4.120603015108669","4.120603015108669","4.61384152458267","4.61384152458267","4.61384152458267"
"17675.256361274","8.208208208222189","8.208208208222189","8.208208208222189","89.20000000000073","89.20000000000073","89.20000000000073","3.203203203219123","3.203203203219123","3.203203203219123","3.6072144288454795","3.6072144288454795","3.6072144288454795"
"17685.256854993","18.89999999999418","18.89999999999418","18.89999999999418","82.38238238238303","82.38238238238303","82.38238238238303","1.9114688128643396","1.9114688128643396","1.9114688128643396","1.203610832487574","1.203610832487574","1.203610832487574"
"17695.256569598","34.96993987973516","34.96993987973516","34.96993987973516","34.29999999997901","34.29999999997901","34.29999999997901","3.919597989945045","3.919597989945045","3.919597989945045","47.394789579136834","47.394789579136834","47.394789579136834"
"17705.256803643","24.800000000022994","24.800000000022994","24.800000000022994","26.880641925795356","26.880641925795356","26.880641925795356","1.7068273092394874","1.7068273092394874","1.7068273092394874","50.9509509509621","50.9509509509621","50.9509509509621"
"17715.256477848","47.299999999995634","47.299999999995634","47.299999999995634","53.746253746245266","53.746253746245266","53.746253746245266","1.8072289156298653","1.8072289156298653","1.8072289156298653","1.1022044087965783","1.1022044087965783","1.1022044087965783"
"17725.257000894","15.715715715697801","15.715715715697801","15.715715715697801","45.84584584585598","45.84584584585598","45.84584584585598","3.106212424917651","3.106212424917651","3.106212424917651","54.90981963929302","54.90981963929302","54.90981963929302"
"17735.256718542","79.42057942058122","79.42057942058122","79.42057942058122","1.004016064278665","1.004016064278665","1.004016064278665","1.9095477386808632","1.9095477386808632","1.9095477386808632","21.442885771538194","21.442885771538194","21.442885771538194"
"17745.257227162","34.365634365650635","34.365634365650635","34.365634365650635","1.099999999969841","1.099999999969841","1.099999999969841","1.7102615693991567","1.7102615693991567","1.7102615693991567","67.16716716715392","67.16716716715392","67.16716716715392"
"17755.256846798","91.59159159158841","91.59159159158841","91.59159159158841","13.927855711448997","13.927855711448997","13.927855711448997","7.121364092267242","7.121364092267242","7.121364092267242","6.820461384188581","6.820461384188581","6.820461384188581"
"17765.256901848","26.30000000001881","26.30000000001881","26.30000000001881","1.303911735179668","1.303911735179668","1.303911735179668","5.12562814068893","5.12562814068893","5.12562814068893","71.40000000000197","71.40000000000197","71.40000000000197"
"17775.256808627","1.6048144433465878","1.6048144433465878","1.6048144433465878","88.7112887112949","88.7112887112949","88.7112887112949","1.8054162487694723","1.8054162487694723","1.8054162487694723","12.13640922769112","12.13640922769112","12.13640922769112"
"17785.256522456","34.16583416579826","34.16583416579826","34.16583416579826","15.900000000001455","15.900000000001455","15.900000000001455","6.118355065166454","6.118355065166454","6.118355065166454","63.00000000000618","63.00000000000618","63.00000000000618"
"17795.256615031","21.142284569145033","21.142284569145033","21.142284569145033","41.741741741757","41.741741741757","41.741741741757","1.7051153460568895","1.7051153460568895","1.7051153460568895","39.317953861576996","39.317953861576996","39.317953861576996"
"17805.257770399","63.536463536456424","63.536463536456424","63.536463536456424","11.033099297881822","11.033099297881822","11.033099297881822","2.607823470415399","2.607823470415399","2.607823470415399","27.254509018030703","27.254509018030703","27.254509018030703"
"17815.256620537","38.93893893894106","38.93893893894106","38.93893893894106","5.399999999990541","5.399999999990541","5.399999999990541","13.883299798831269","13.883299798831269","13.883299798831269","62.12424849699958","62.12424849699958","62.12424849699958"
"17825.256503238","52.75827482446945","52.75827482446945","52.75827482446945","10.341365461869357","10.341365461869357","10.341365461869357","1.809045226097545","1.809045226097545","1.809045226097545","39.49999999998526","39.49999999998526","39.49999999998526"
"17835.256232983","3.2000000000414004","3.2000000000414004","3.2000000000414004","52.05616850551633","52.05616850551633","52.05616850551633","1.9095477387167277","1.9095477387167277","1.9095477387167277","47.194388777548426","47.194388777548426","47.194388777548426"
"17845.256572506","6.499999999962347","6.499999999962347","6.499999999962347","73.97806580259284","73.97806580259284","73.97806580259284","5.722891566228204","5.722891566228204","5.722891566228204","27.327327327310325","27.327327327310325","27.327327327310325"
"17855.257314026","65.23046092184873","65.23046092184873","65.23046092184873","39.278557114208766","39.278557114208766","39.278557114208766","4.518072289162677","4.518072289162677","4.518072289162677","1.206030150797846","1.206030150797846","1.206030150797846"
"17865.256183938","65.10000000000218","65.10000000000218","65.10000000000218","28.8711288711095","28.8711288711095","28.8711288711095","8.853118712285056","8.853118712285056","8.853118712285056","1.1022044088052896","1.1022044088052896","1.1022044088052896"
"17875.256639516","5.799999999999272","5.799999999999272","5.799999999999272","96.00000000000509","96.00000000000509","96.00000000000509","2.108433734915198","2.108433734915198","2.108433734915198","1.2048192770804893","1.2048192770804893","1.2048192770804893"
"17885.256620961","18.618618618651098","18.618618618651098","18.618618618651098","86.70000000000073","86.70000000000073","86.70000000000073","4.024144869193862","4.024144869193862","4.024144869193862","9.118236472959735","9.118236472959735","9.118236472959735"
"17895.25772227","1.3026052103769012","1.3026052103769012","1.3026052103769012","91.00000000000364","91.00000000000364","91.00000000000364","2.0040080160751645","2.0040080160751645","2.0040080160751645","10.420841683343284","10.420841683343284","10.420841683343284"
"17905.256319202","81.00000000000364","81.00000000000364","81.00000000000364","19.438877755498748","19.438877755498748","19.438877755498748","2.51509054322421","2.51509054322421","2.51509054322421","1.4056224899541183","1.4056224899541183","1.4056224899541183"
"17915.256699331","30.961923847698202","30.961923847698202","30.961923847698202","78.0219780219854","78.0219780219854","78.0219780219854","6.913827655331733","6.913827655331733","6.913827655331733","2.1063189568441323","2.1063189568441323","2.1063189568441323"
"17925.257618388","30.8691308691533","30.8691308691533","30.8691308691533","69.83016983016064","69.83016983016064","69.83016983016064","2.3115577889758843","2.3115577889758843","2.3115577889758843","1.4014014014494642","1.4014014014494642","1.4014014014494642"
"17935.256303289","39.87975951905736","39.87975951905736","39.87975951905736","51.80360721443186","51.80360721443186","51.80360721443186","1.706827309219565","1.706827309219565","1.706827309219565","11.233701103316646","11.233701103316646","11.233701103316646"
"17945.257198479","51.79999999996784","51.79999999996784","51.79999999996784","2.106318956915574","2.106318956915574","2.106318956915574","16.76706827308243","16.76706827308243","16.76706827308243","48.14814814815354","48.14814814815354","48.14814814815354"
"17955.256726309","15.145436308958162","15.145436308958162","15.145436308958162","1.4014014014226623","1.4014014014226623","1.4014014014226623","1.8072289156650712","1.8072289156650712","1.8072289156650712","85.98598598598677","85.98598598598677","85.98598598598677"
"17965.257439347","30.761523046090616","30.761523046090616","30.761523046090616","27.783350050125232","27.783350050125232","27.783350050125232","2.006018054169551","2.006018054169551","2.006018054169551","43.64364364362196","43.64364364362196","43.64364364362196"
"17975.256996872","28.29999999999927","28.29999999999927","28.29999999999927","34.16833667334673","34.16833667334673","34.16833667334673","8.341708542730508","8.341708542730508","8.341708542730508","49.196787148613595","49.196787148613595","49.196787148613595"
"17985.257032867","1.3026052104128791","1.3026052104128791","1.3026052104128791","99.2007992007998","99.2007992007998","99.2007992007998","1.7051153460409256","1.7051153460409256","1.7051153460409256","2.404809619236395","2.404809619236395","2.404809619236395"
"17995.256962324","1.698301698284525","1.698301698284525","1.698301698284525","66.16616616616139","66.16616616616139","66.16616616616139","1.7085427135867268","1.7085427135867268","1.7085427135867268","35.105315947834","35.105315947834","35.105315947834"
"18005.257084098","31.494483450359784","31.494483450359784","31.494483450359784","43.743743743762955","43.743743743762955","43.743743743762955","3.403403403354445","3.403403403354445","3.403403403354445","42.226680040146","42.226680040146","42.226680040146"
"18015.258092527","32.39999999999782","32.39999999999782","32.39999999999782","67.5","67.5","67.5","3.417085427136891","3.417085427136891","3.417085427136891","0.9027081243744736","0.9027081243744736","0.9027081243744736"
"18025.256835619","5.300000000006548","5.300000000006548","5.300000000006548","95.99999999998691","95.99999999998691","95.99999999998691","1.708542713550789","1.708542713550789","1.708542713550789","1.604814443310684","1.604814443310684","1.604814443310684"
"18035.256190437","73.97397397396503","73.97397397396503","73.97397397396503","35.035035035023974","35.035035035023974","35.035035035023974","5.717151454380027","5.717151454380027","5.717151454380027","4.112337011058527","4.112337011058527","4.112337011058527"
"18045.257243056","39.960039960028176","39.960039960028176","39.960039960028176","61.23876123876304","61.23876123876304","61.23876123876304","1.7068273092554673","1.7068273092554673","1.7068273092554673","1.1011011010707359","1.1011011010707359","1.1011011010707359"
"18055.257008777","1.8981018981247717","1.8981018981247717","1.8981018981247717","70.77077077076407","70.77077077076407","70.77077077076407","2.1084337349311775","2.1084337349311775","2.1084337349311775","30.321285140576475","30.321285140576475","30.321285140576475"
"18065.256950218","8.917835671337244","8.917835671337244","8.917835671337244","22.0883534136456","22.0883534136456","22.0883534136456","2.6156941649741805","2.6156941649741805","2.6156941649741805","80.40000000000873","80.40000000000873","80.40000000000873"
"18075.256960159","7.11422845690539","7.11422845690539","7.11422845690539","6.2937062937333605","6.2937062937333605","6.2937062937333605","2.112676056329523","2.112676056329523","2.112676056329523","94.79999999999563","94.79999999999563","94.79999999999563"
"18085.25596532","2.293120638126163","2.293120638126163","2.293120638126163","54.10821643286445","54.10821643286445","54.10821643286445","4.208416833670526","4.208416833670526","4.208416833670526","47.84784784782696","47.84784784782696","47.84784784782696"
"18095.256186501","13.186813186762667","13.186813186762667","13.186813186762667","58.19999999999709","58.19999999999709","58.19999999999709","7.839195979920921","7.839195979920921","7.839195979920921","43.286573146312236","43.286573146312236","43.286573146312236"
"18105.256670791","17.853560682080598","17.853560682080598","17.853560682080598","33.366733466940666","33.366733466940666","33.366733466940666","4.627766599589411","4.627766599589411","4.627766599589411","69.73026973026934","69.73026973026934","69.73026973026934"
"18115.256519215","40.65934065934765","40.65934065934765","40.65934065934765","39.03903903902116","39.03903903902116","39.03903903902116","2.2066198595901554","2.2066198595901554","2.2066198595901554","23.092369477906367","23.092369477906367","23.092369477906367"
"18125.256518606","23.14629258516625","23.14629258516625","23.14629258516625","68.33166833166254","68.33166833166254","68.33166833166254","1.9095477386648672","1.9095477386648672","1.9095477386648672","11.133400200573917","11.133400200573917","11.133400200573917"
"18135.257160619","20.900000000001455","20.900000000001455","20.900000000001455","79.17917917918325","79.17917917918325","79.17917917918325","7.515030060154282","7.515030060154282","7.515030060154282","12.449799196818027","12.449799196818027","12.449799196818027"
"18145.256976871","1.3026052103769012","1.3026052103769012","1.3026052103769012","36.63663663662931","36.63663663662931","36.63663663662931","1.9095477387007316","1.9095477387007316","1.9095477387007316","64.63536463536312","64.63536463536312","64.63536463536312"
"18155.256847418","25.576730190579678","25.576730190579678","25.576730190579678","24.14829659318597","24.14829659318597","24.14829659318597","1.711983887192838","1.711983887192838","1.711983887192838","52.50501002002288","52.50501002002288","52.50501002002288"
"18165.256023449","45.24524524526058","45.24524524526058","45.24524524526058","2.3046092184326","2.3046092184326","2.3046092184326","5.231388329968948","5.231388329968948","5.231388329968948","66.200000000008","66.200000000008","66.200000000008"
"18175.257027121","68.06806806805645","68.06806806805645","68.06806806805645","1.6032064128242633","1.6032064128242633","1.6032064128242633","9.428284854585943","9.428284854585943","9.428284854585943","25.75150300601907","25.75150300601907","25.75150300601907"
"18185.257023203","1.3000000000101863","1.3000000000101863","1.3000000000101863","53.60000000000582","53.60000000000582","53.60000000000582","1.706827309219565","1.706827309219565","1.706827309219565","47.64764764764134","47.64764764764134","47.64764764764134"
"18195.256544172","41.49999999999636","41.49999999999636","41.49999999999636","52.60521042084303","52.60521042084303","52.60521042084303","12.52505010016906","12.52505010016906","12.52505010016906","11.847389558269091","11.847389558269091","11.847389558269091"
"18205.256661839","1.4042126378900068","1.4042126378900068","1.4042126378900068","75.62437562438481","75.62437562438481","75.62437562438481","1.7068273092760131","1.7068273092760131","1.7068273092760131","25.47642928784218","25.47642928784218","25.47642928784218"
"18215.257069052","29.80000000002117","29.80000000002117","29.80000000002117","17.85356068205062","17.85356068205062","17.85356068205062","4.325955734408353","4.325955734408353","4.325955734408353","52.39999999999782","52.39999999999782","52.39999999999782"
"18225.256933982","35.500000000010914","35.500000000010914","35.500000000010914","67.66467065868356","67.66467065868356","67.66467065868356","3.3099297893704764","3.3099297893704764","3.3099297893704764","12.036108324980816","12.036108324980816","12.036108324980816"
"18235.256322109","28.071928071935442","28.071928071935442","28.071928071935442","33.16633266532701","33.16633266532701","33.16633266532701","2.0100502512276193","2.0100502512276193","2.0100502512276193","41.58316633266351","41.58316633266351","41.58316633266351"
"18245.256384516","31.499999999996366","31.499999999996366","31.499999999996366","44.30000000000291","44.30000000000291","44.30000000000291","2.204408817665594","2.204408817665594","2.204408817665594","26.42642642640778","26.42642642640778","26.42642642640778"
"18255.257424048","4.799999999995634","4.799999999995634","4.799999999995634","30.130130130127487","30.130130130127487","30.130130130127487","12.63791374123802","12.63791374123802","12.63791374123802","72.41725175526902","72.41725175526902","72.41725175526902"
"18265.256999875","62.19999999999789","62.19999999999789","62.19999999999789","29.929929929941157","29.929929929941157","29.929929929941157","10.341365461840384","10.341365461840384","10.341365461840384","1.6032064128242633","1.6032064128242633","1.6032064128242633"
"18275.256954632","8.200000000006185","8.200000000006185","8.200000000006185","77.6776776776775","77.6776776776775","77.6776776776775","1.6080402009674704","1.6080402009674704","1.6080402009674704","16.649949849563487","16.649949849563487","16.649949849563487"
"18285.256036815","62.40000000001149","62.40000000001149","62.40000000001149","40.75924075924991","40.75924075924991","40.75924075924991","6.7134268537107165","6.7134268537107165","6.7134268537107165","1.6048144433465878","1.6048144433465878","1.6048144433465878"
"18295.256372058","41.182364729448324","41.182364729448324","41.182364729448324","63.400000000001455","63.400000000001455","63.400000000001455","5.120481927729877","5.120481927729877","5.120481927729877","1.606425702764854","1.606425702764854","1.606425702764854"
"18305.256313876","24.099999999998545","24.099999999998545","24.099999999998545","76.39999999999418","76.39999999999418","76.39999999999418","1.803607214431853","1.803607214431853","1.803607214431853","2.3023023023157716","2.3023023023157716","2.3023023023157716"
"18315.257165402","59.39999999999033","59.39999999999033","59.39999999999033","29.659318637259684","29.659318637259684","29.659318637259684","1.708542713586102","1.708542713586102","1.708542713586102","13.440320962875216","13.440320962875216","13.440320962875216"
"18325.256182133","58.85885885885962","58.85885885885962","58.85885885885962","25.574425574460502","25.574425574460502","25.574425574460502","7.622868605787324","7.622868605787324","7.622868605787324","27.354709418887456","27.354709418887456","27.354709418887456"
"18335.256197339","12.012012012003536","12.012012012003536","12.012012012003536","74.57457457456064","74.57457457456064","74.57457457456064","1.7085427135867268","1.7085427135867268","1.7085427135867268","15.931863727438838","15.931863727438838","15.931863727438838"
"18345.257145346","39.63963963964275","39.63963963964275","39.63963963964275","59.10000000001674","59.10000000001674","59.10000000001674","4.404404404411073","4.404404404411073","4.404404404411073","1.104417670670409","1.104417670670409","1.104417670670409"
"18355.256470823","76.24750499002899","76.24750499002899","76.24750499002899","29.52952952950642","29.52952952950642","29.52952952950642","10.921843687376684","10.921843687376684","10.921843687376684","3.618090452231652","3.618090452231652","3.618090452231652"
"18365.256805338","15.145436308927202","15.145436308927202","15.145436308927202","86.00000000000364","86.00000000000364","86.00000000000364","1.5075376884047182","1.5075376884047182","1.5075376884047182","1.6048144433465878","1.6048144433465878","1.6048144433465878"
"18375.25670744","72.30000000000375","72.30000000000375","72.30000000000375","28.85771543085497","28.85771543085497","28.85771543085497","1.6048144433289286","1.6048144433289286","1.6048144433289286","1.3039117352156815","1.3039117352156815","1.3039117352156815"
"18385.256904184","11.988011988016817","11.988011988016817","11.988011988016817","49.44944944946484","49.44944944946484","49.44944944946484","6.018054162526982","6.018054162526982","6.018054162526982","52.60521042084398","52.60521042084398","52.60521042084398"
"18395.256572241","24.34869739479356","24.34869739479356","24.34869739479356","76.09999999999633","76.09999999999633","76.09999999999633","2.00400801600372","2.00400801600372","2.00400801600372","2.104208416825011","2.104208416825011","2.104208416825011"
"18405.25671703","32.46753246754403","32.46753246754403","32.46753246754403","64.52905811622746","64.52905811622746","64.52905811622746","6.030150753788136","6.030150753788136","6.030150753788136","1.3052208835622645","1.3052208835622645","1.3052208835622645"
"18415.256333221","33.767535070155695","33.767535070155695","33.767535070155695","35.93593593594984","35.93593593594984","35.93593593594984","7.014028056103874","7.014028056103874","7.014028056103874","42.785571142249104","42.785571142249104","42.785571142249104"
"18425.257026278","70.9999999999931","70.9999999999931","70.9999999999931","26.026026026025495","26.026026026025495","26.026026026025495","3.911735205596019","3.911735205596019","3.911735205596019","3.106212424844732","3.106212424844732","3.106212424844732"
"18435.257127244","2.8028028028089085","2.8028028028089085","2.8028028028089085","98.50000000000364","98.50000000000364","98.50000000000364","2.208835341377344","2.208835341377344","2.208835341377344","0.9036144578507984","0.9036144578507984","0.9036144578507984"
"18445.256632194","73.94789579159661","73.94789579159661","73.94789579159661","4.413239719127187","4.413239719127187","4.413239719127187","6.519558676025955","6.519558676025955","6.519558676025955","34.034034034028224","34.034034034028224","34.034034034028224"
"18455.256248953","31.931931931931913","31.931931931931913","31.931931931931913","2.8028028027917213","2.8028028027917213","2.8028028027917213","2.40963855423227","2.40963855423227","2.40963855423227","67.80000000000655","67.80000000000655","67.80000000000655"
"18465.256530748","27.99999999998472","27.99999999998472","27.99999999998472","70.10000000000218","70.10000000000218","70.10000000000218","4.609218436850933","4.609218436850933","4.609218436850933","0.9036144578507984","0.9036144578507984","0.9036144578507984"
"18475.256362748","71.4714714714828","71.4714714714828","71.4714714714828","27.75551102205778","27.75551102205778","27.75551102205778","5.823293172706679","5.823293172706679","5.823293172706679","15.83166332665327","15.83166332665327","15.83166332665327"
"18485.256320536","20.179820179780585","20.179820179780585","20.179820179780585","80.2197802197886","80.2197802197886","80.2197802197886","2.407221664994533","2.407221664994533","2.407221664994533","1.6016016016180963","1.6016016016180963","1.6016016016180963"
"18495.256514946","41.74174174177521","41.74174174177521","41.74174174177521","27.227227227181515","27.227227227181515","27.227227227181515","1.5060240963477787","1.5060240963477787","1.5060240963477787","33.266533066130805","33.266533066130805","33.266533066130805"
"18505.256471928","66.76646706585836","66.76646706585836","66.76646706585836","2.1978021978315523","2.1978021978315523","2.1978021978315523","3.323262839896642","3.323262839896642","3.323262839896642","39.960039960028176","39.960039960028176","39.960039960028176"
"18515.256533415","19.438877755498748","19.438877755498748","19.438877755498748","62.299999999995634","62.299999999995634","62.299999999995634","4.208416833705445","4.208416833705445","4.208416833705445","24.598393574288387","24.598393574288387","24.598393574288387"
"18525.257005137","54.09999999999855","54.09999999999855","54.09999999999855","45.24524524526058","45.24524524526058","45.24524524526058","3.51758793968361","3.51758793968361","3.51758793968361","1.4014014014135583","1.4014014014135583","1.4014014014135583"
"18535.256603396","36.73673673674978","36.73673673674978","36.73673673674978","63.29999999998592","63.29999999998592","63.29999999998592","2.8112449798932837","2.8112449798932837","2.8112449798932837","1.104417670670409","1.104417670670409","1.104417670670409"
"18545.256502166","75.14970059880565","75.14970059880565","75.14970059880565","22.72272272275159","22.72272272275159","22.72272272275159","18.118118118128322","18.118118118128322","18.118118118128322","3.5105315947706286","3.5105315947706286","3.5105315947706286"
"18555.256433051","44.288577154311284","44.288577154311284","44.288577154311284","56.956956956955466","56.956956956955466","56.956956956955466","2.0080321285413496","2.0080321285413496","2.0080321285413496","1.2036108325053796","1.2036108325053796","1.2036108325053796"
"18565.256782129","37.07414829658387","37.07414829658387","37.07414829658387","64.09999999999854","64.09999999999854","64.09999999999854","2.0080321284857447","2.0080321284857447","2.0080321284857447","1.1044176707065314","1.1044176707065314","1.1044176707065314"
"18575.25670489","13.400000000001455","13.400000000001455","13.400000000001455","94.59999999999127","94.59999999999127","94.59999999999127","10.351758793977957","10.351758793977957","10.351758793977957","2.0080321285032747","2.0080321285032747","2.0080321285032747"
"18585.25614742","41.70000000000073","41.70000000000073","41.70000000000073","58.50000000000364","58.50000000000364","58.50000000000364","3.3099297893487436","3.3099297893487436","3.3099297893487436","1.7051153460210227","1.7051153460210227","1.7051153460210227"
"18595.256948044","51.45145145145559","51.45145145145559","51.45145145145559","28.728728728750347","28.728728728750347","28.728728728750347","2.510040160678399","2.510040160678399","2.510040160678399","22.622622622658465","22.622622622658465","22.622622622658465"
"18605.256552873","52.80561122241615","52.80561122241615","52.80561122241615","21.121121121094838","21.121121121094838","21.121121121094838","14.199395770359432","14.199395770359432","14.199395770359432","32.798395185575465","32.798395185575465","32.798395185575465"
"18615.256434191","46.54654654655365","46.54654654655365","46.54654654655365","52.852852852851974","52.852852852851974","52.852852852851974","3.7260825780725932","3.7260825780725932","3.7260825780725932","1.4014014013776526","1.4014014013776526","1.4014014013776526"
"18625.25630546","36.77354709419071","36.77354709419071","36.77354709419071","61.96196196197098","61.96196196197098","61.96196196197098","4.513540621837525","4.513540621837525","4.513540621837525","1.303911735179668","1.303911735179668","1.303911735179668"
"18635.256504578","43.15684315682898","43.15684315682898","43.15684315682898","55.39999999999251","55.39999999999251","55.39999999999251","8.116232464960884","8.116232464960884","8.116232464960884","11.211211211185093","11.211211211185093","11.211211211185093"
"18645.256232976","73.87387387388092","73.87387387388092","73.87387387388092","24.500000000016552","24.500000000016552","24.500000000016552","4.417670682753074","4.417670682753074","4.417670682753074","1.00300902710302","1.00300902710302","1.00300902710302"
"18655.25693102","32.96703296703716","32.96703296703716","32.96703296703716","67.26726726727443","67.26726726727443","67.26726726727443","3.7148594377059334","3.7148594377059334","3.7148594377059334","1.9057171514592492","1.9057171514592492","1.9057171514592492"
"18665.256274042","15.847542627899317","15.847542627899317","15.847542627899317","57.557557557548336","57.557557557548336","57.557557557548336","6.9416498994181755","6.9416498994181755","6.9416498994181755","38.89999999999418","38.89999999999418","38.89999999999418"
"18675.257377022","1.3999999999941792","1.3999999999941792","1.3999999999941792","71.80000000000291","71.80000000000291","71.80000000000291","2.010050251263447","2.010050251263447","2.010050251263447","29.0290290290131","29.0290290290131","29.0290290290131"
"18685.256362688","1.500000000005457","1.500000000005457","1.500000000005457","7.414829659292138","7.414829659292138","7.414829659292138","1.6064257028099247","1.6064257028099247","1.6064257028099247","93.69369369370042","93.69369369370042","93.69369369370042"
"18695.256297812","12.236710130369396","12.236710130369396","12.236710130369396","74.1516966067861","74.1516966067861","74.1516966067861","4.020100502475805","4.020100502475805","4.020100502475805","28.228228228239","28.228228228239","28.228228228239"
"18705.25620393","1.1000000000058208","1.1000000000058208","1.1000000000058208","53.95395395395769","53.95395395395769","53.95395395395769","2.1063189568973293","2.1063189568973293","2.1063189568973293","47.088353413664926","47.088353413664926","47.088353413664926"
"18715.257318608","1.6016016016180963","1.6016016016180963","1.6016016016180963","36.07214428858237","36.07214428858237","36.07214428858237","1.7068273092560908","1.7068273092560908","1.7068273092560908","65","65","65"
"18725.257008023","8.108108108119918","8.108108108119918","8.108108108119918","52.09999999999126","52.09999999999126","52.09999999999126","3.306613226434095","3.306613226434095","3.306613226434095","49.94994994993974","49.94994994993974","49.94994994993974"
"18735.257145132","6.799999999969004","6.799999999969004","6.799999999969004","85.52894211577998","85.52894211577998","85.52894211577998","1.6096579476488546","1.6096579476488546","1.6096579476488546","15.531062124272676","15.531062124272676","15.531062124272676"
"18745.256797568","1.0020040080736698","1.0020040080736698","1.0020040080736698","54.609218436865206","54.609218436865206","54.609218436865206","1.6048144433488682","1.6048144433488682","1.6048144433488682","46.7467467467388","46.7467467467388","46.7467467467388"
"18755.256163561","52.05205205203354","52.05205205203354","52.05205205203354","47.152847152848146","47.152847152848146","47.152847152848146","3.8114343028834","3.8114343028834","3.8114343028834","1.2024048096090842","1.2024048096090842","1.2024048096090842"
"18765.256269186","44.61077844312344","44.61077844312344","44.61077844312344","67.3673673673704","67.3673673673704","67.3673673673704","5.0200803213184395","5.0200803213184395","5.0200803213184395","2.1105527638284474","2.1105527638284474","2.1105527638284474"
"18775.257173962","1.5015015015158273","1.5015015015158273","1.5015015015158273","60.69999999999709","60.69999999999709","60.69999999999709","1.901901901909664","1.901901901909664","1.901901901909664","40.280561122272395","40.280561122272395","40.280561122272395"
"18785.256845344","36.39999999998014","36.39999999998014","36.39999999998014","35.7357357357219","35.7357357357219","35.7357357357219","2.311557788940167","2.311557788940167","2.311557788940167","30.130130130120254","30.130130130120254","30.130130130120254"
"18795.256433878","74.42557442558471","74.42557442558471","74.42557442558471","28.771228771233094","28.771228771233094","28.771228771233094","11.871227364185257","11.871227364185257","11.871227364185257","5.125628140705336","5.125628140705336","5.125628140705336"
"18805.256337725","19.739478957880877","19.739478957880877","19.739478957880877","54.10821643286445","54.10821643286445","54.10821643286445","1.80904522608221","1.80904522608221","1.80904522608221","28.657314629273383","28.657314629273383","28.657314629273383"
"18815.256851263","59.240759240768256","59.240759240768256","59.240759240768256","42.05794205794006","42.05794205794006","42.05794205794006","1.604814443328343","1.604814443328343","1.604814443328343","1.3013013012485088","1.3013013012485088","1.3013013012485088"
"18825.256311307","33.63363363365227","33.63363363365227","33.63363363365227","61.96196196197098","61.96196196197098","61.96196196197098","17.764471057938003","17.764471057938003","17.764471057938003","6.626506024095505","6.626506024095505","6.626506024095505"
"18835.256000849","20.900000000001455","20.900000000001455","20.900000000001455","79.10000000000913","79.10000000000913","79.10000000000913","1.5120967741718105","1.5120967741718105","1.5120967741718105","3.607214428880617","3.607214428880617","3.607214428880617"
"18845.256122118","1.303911735179668","1.303911735179668","1.303911735179668","47.147147147129814","47.147147147129814","47.147147147129814","1.8054162487489471","1.8054162487489471","1.8054162487489471","54.15415415416223","54.15415415416223","54.15415415416223"
"18855.25619655","52.40480961923639","52.40480961923639","52.40480961923639","1.8036072144494215","1.8036072144494215","1.8036072144494215","11.055276381898157","11.055276381898157","11.055276381898157","54.36308926779938","54.36308926779938","54.36308926779938"
"18865.256625671","69.50000000000018","69.50000000000018","69.50000000000018","31.69999999997588","31.69999999997588","31.69999999997588","1.6080402010593982","1.6080402010593982","1.6080402010593982","1.6032064128242633","1.6032064128242633","1.6032064128242633"
"18875.257072675","70.79999999999927","70.79999999999927","70.79999999999927","19.33867735471318","19.33867735471318","19.33867735471318","2.409638554197504","2.409638554197504","2.409638554197504","12.13640922769112","12.13640922769112","12.13640922769112"
"18885.256945377","54.23728813558646","54.23728813558646","54.23728813558646","13.786213786261575","13.786213786261575","13.786213786261575","6.425702811239699","6.425702811239699","6.425702811239699","46.79358717435147","46.79358717435147","46.79358717435147"
"18895.256185145","1.301301301293555","1.301301301293555","1.301301301293555","71.67167167166663","71.67167167166663","71.67167167166663","2.104208416825011","2.104208416825011","2.104208416825011","29.75951903807089","29.75951903807089","29.75951903807089"
"18905.25652442","75.60000000000379","75.60000000000379","75.60000000000379","17.31731731729827","17.31731731729827","17.31731731729827","1.507537688456726","1.507537688456726","1.507537688456726","8.917835671337244","8.917835671337244","8.917835671337244"
"18915.2559549","42.94294294292402","42.94294294292402","42.94294294292402","65.06986027944264","65.06986027944264","65.06986027944264","5.130784708234069","5.130784708234069","5.130784708234069","5.215646940826237","5.215646940826237","5.215646940826237"
"18925.257008833","62.700000000004366","62.700000000004366","62.700000000004366","38.63863863865648","38.63863863865648","38.63863863865648","1.9038076152372316","1.9038076152372316","1.9038076152372316","1.00300902710302","1.00300902710302","1.00300902710302"
"18935.257045431","40.900000000001455","40.900000000001455","40.900000000001455","49.0490490490372","49.0490490490372","49.0490490490372","2.816901408459951","2.816901408459951","2.816901408459951","11.3113113112874","11.3113113112874","11.3113113112874"
"18945.256597643","28.628628628603874","28.628628628603874","28.628628628603874","23.6526946107854","23.6526946107854","23.6526946107854","2.515090543258968","2.515090543258968","2.515090543258968","57.47241725176242","57.47241725176242","57.47241725176242"
"18955.255908452","69.80000000001382","69.80000000001382","69.80000000001382","30.130130130120254","30.130130130120254","30.130130130120254","4.914744232713575","4.914744232713575","4.914744232713575","6.506506506485983","6.506506506485983","6.506506506485983"
"18965.256224559","13.239719157467952","13.239719157467952","13.239719157467952","87.68768768767582","87.68768768767582","87.68768768767582","1.608040200952062","1.608040200952062","1.608040200952062","1.705115346038645","1.705115346038645","1.705115346038645"
"18975.256408057","48.04804804805056","48.04804804805056","48.04804804805056","53.05305305305548","53.05305305305548","53.05305305305548","2.208835341412256","2.208835341412256","2.208835341412256","1.002004008019721","1.002004008019721","1.002004008019721"
"18985.256801377","73.77377377376997","73.77377377376997","73.77377377376997","7.892107892133179","7.892107892133179","7.892107892133179","10.441767068250062","10.441767068250062","10.441767068250062","29.22922922924348","29.22922922924348","29.22922922924348"
"18995.256793884","2.4024024024180406","2.4024024024180406","2.4024024024180406","10.03009027079668","10.03009027079668","10.03009027079668","1.8072289156844754","1.8072289156844754","1.8072289156844754","90","90","90"
"19005.256606586","1.8999999999784993","1.8999999999784993","1.8999999999784993","55.39999999999055","55.39999999999055","55.39999999999055","1.5060240963637588","1.5060240963637588","1.5060240963637588","45.499999999992724","45.499999999992724","45.499999999992724"
"19015.257082611","10.100000000002183","10.100000000002183","10.100000000002183","61.82364729460653","61.82364729460653","61.82364729460653","8.625877632906674","8.625877632906674","8.625877632906674","40.36144578312219","40.36144578312219","40.36144578312219"
"19025.256641852","1.3039117352156815","1.3039117352156815","1.3039117352156815","8.316633266532701","8.316633266532701","8.316633266532701","1.9095477386801654","1.9095477386801654","1.9095477386801654","92.8071928072008","92.8071928072008","92.8071928072008"
"19035.256308359","1.5984015984179911","1.5984015984179911","1.5984015984179911","68.83116883115585","68.83116883115585","68.83116883115585","2.00803212855733","2.00803212855733","2.00803212855733","32.164328657332014","32.164328657332014","32.164328657332014"
"19045.256743396","12.024048096181975","12.024048096181975","12.024048096181975","5.31594784350199","5.31594784350199","5.31594784350199","4.016064256992036","4.016064256992036","4.016064256992036","96.70000000000073","96.70000000000073","96.70000000000073"
"19055.256294945","1.499999999996362","1.499999999996362","1.499999999996362","87.4125874125878","87.4125874125878","87.4125874125878","1.809045226133446","1.809045226133446","1.809045226133446","13.527054108189148","13.527054108189148","13.527054108189148"
"19065.257378098","1.6016016015822636","1.6016016015822636","1.6016016015822636","65.66566566567396","65.66566566567396","65.66566566567396","1.7102615693991567","1.7102615693991567","1.7102615693991567","35.4354354354476","35.4354354354476","35.4354354354476"
"19075.256509853","98.39679358717574","98.39679358717574","98.39679358717574","12.80000000002008","12.80000000002008","12.80000000002008","3.9117352056456176","3.9117352056456176","3.9117352056456176","5.110220440849584","5.110220440849584","5.110220440849584"
"19085.257166352","61.00000000000364","61.00000000000364","61.00000000000364","40.59999999999149","40.59999999999149","40.59999999999149","1.706827309219565","1.706827309219565","1.706827309219565","0.7028112449587963","0.7028112449587963","0.7028112449587963"
"19095.256665132","60.700000000011386","60.700000000011386","60.700000000011386","37.699999999986176","37.699999999986176","37.699999999986176","4.51354062185805","4.51354062185805","4.51354062185805","1.4028056112526153","1.4028056112526153","1.4028056112526153"
"19105.256835859","58.75875875874234","58.75875875874234","58.75875875874234","16.432865731457813","16.432865731457813","16.432865731457813","7.638190954793786","7.638190954793786","7.638190954793786","36.37274549097553","36.37274549097553","36.37274549097553"
"19115.256948354","14.81481481482628","14.81481481482628","14.81481481482628","48.90000000001237","48.90000000001237","48.90000000001237","2.208835341340818","2.208835341340818","2.208835341340818","38.97795591181952","38.97795591181952","38.97795591181952"
"19125.256957629","1.7000000000007276","1.7000000000007276","1.7000000000007276","73.87387387388175","73.87387387388175","73.87387387388175","1.7051153460568895","1.7051153460568895","1.7051153460568895","27.300000000013824","27.300000000013824","27.300000000013824"
"19135.256459331","13.799999999978827","13.799999999978827","13.799999999978827","67.0999999999975","67.0999999999975","67.0999999999975","3.012048192783489","3.012048192783489","3.012048192783489","35.40621865597034","35.40621865597034","35.40621865597034"
"19145.257061642","1.5968063872688312","1.5968063872688312","1.5968063872688312","67.39999999999782","67.39999999999782","67.39999999999782","1.4084507042196819","1.4084507042196819","1.4084507042196819","33.66733466932776","33.66733466932776","33.66733466932776"
"19155.256413102","1.1033099297589908","1.1033099297589908","1.1033099297589908","31.795386158472443","31.795386158472443","31.795386158472443","2.110552763810938","2.110552763810938","2.110552763810938","69.56956956957283","69.56956956957283","69.56956956957283"
"19165.256557435","8.19999999999709","8.19999999999709","8.19999999999709","46.246246246245484","46.246246246245484","46.246246246245484","3.31325301202949","3.31325301202949","3.31325301202949","56.199999999989814","56.199999999989814","56.199999999989814"
"19175.256411832","8.208208208222189","8.208208208222189","8.208208208222189","37.10000000001415","37.10000000001415","37.10000000001415","1.706827309240111","1.706827309240111","1.706827309240111","64.12825651303828","64.12825651303828","64.12825651303828"
"19185.25670703","1.301301301293555","1.301301301293555","1.301301301293555","43.48697394789915","43.48697394789915","43.48697394789915","1.706827309219565","1.706827309219565","1.706827309219565","57.69999999998898","57.69999999998898","57.69999999998898"
"19195.257085617","59.499999999989086","59.499999999989086","59.499999999989086","22.92292292289992","22.92292292289992","22.92292292289992","3.8114343029184985","3.8114343029184985","3.8114343029184985","18.637274549104845","18.637274549104845","18.637274549104845"
"19205.256761223","28.328328328315166","28.328328328315166","28.328328328315166","16.248746238722276","16.248746238722276","16.248746238722276","13.755020080327785","13.755020080327785","13.755020080327785","60.82164328656895","60.82164328656895","60.82164328656895"
"19215.256619551","1.1011011011249594","1.1011011011249594","1.1011011011249594","32.6326326326478","32.6326326326478","32.6326326326478","1.608040201004033","1.608040201004033","1.608040201004033","68.69999999999662","68.69999999999662","68.69999999999662"
"19225.256397174","64.2642642642547","64.2642642642547","64.2642642642547","30.630630630588307","30.630630630588307","30.630630630588307","7.600000000001692","7.600000000001692","7.600000000001692","1.2024048096090842","1.2024048096090842","1.2024048096090842"
"19235.256062223","16.516516516516244","16.516516516516244","16.516516516516244","94.9101796407166","94.9101796407166","94.9101796407166","4.216867469898881","4.216867469898881","4.216867469898881","3.5105315948058364","3.5105315948058364","3.5105315948058364"
"19245.256773574","27.02702702702998","27.02702702702998","27.02702702702998","72.67267267268143","72.67267267268143","72.67267267268143","2.917505030189187","2.917505030189187","2.917505030189187","1.1044176707065314","1.1044176707065314","1.1044176707065314"
"19255.256562187","30.430430430418063","30.430430430418063","30.430430430418063","9.300000000012005","9.300000000012005","9.300000000012005","2.208835341340818","2.208835341340818","2.208835341340818","63.36336336335735","63.36336336335735","63.36336336335735"
"19265.256734964","10.989010989030557","10.989010989030557","10.989010989030557","72.39999999999782","72.39999999999782","72.39999999999782","5.717151454380027","5.717151454380027","5.717151454380027","29.770229770211998","29.770229770211998","29.770229770211998"
"19275.25667323","1.4028056111807325","1.4028056111807325","1.4028056111807325","39.17835671344928","39.17835671344928","39.17835671344928","2.1084337349311775","2.1084337349311775","2.1084337349311775","61.82364729460653","61.82364729460653","61.82364729460653"
"19285.256652315","1.001001001058742","1.001001001058742","1.001001001058742","36.072144288564154","36.072144288564154","36.072144288564154","1.4056224899901308","1.4056224899901308","1.4056224899901308","64.76476476475321","64.76476476475321","64.76476476475321"
"19295.256189661","37.23723723724292","37.23723723724292","37.23723723724292","52.44755244757812","52.44755244757812","52.44755244757812","10.531594784332409","10.531594784332409","10.531594784332409","23.370110331007766","23.370110331007766","23.370110331007766"
"19305.256256864","1.3986013985958072","1.3986013985958072","1.3986013985958072","92.69999999998618","92.69999999998618","92.69999999998618","1.9057171514059061","1.9057171514059061","1.9057171514059061","8.817635270542562","8.817635270542562","8.817635270542562"
"19315.256918785","1.5984015983464661","1.5984015983464661","1.5984015983464661","22.622622622583037","22.622622622583037","22.622622622583037","1.71026156943513","1.71026156943513","1.71026156943513","78.95791583165877","78.95791583165877","78.95791583165877"
"19325.256919925","13.64092276834067","13.64092276834067","13.64092276834067","70.4000000000195","70.4000000000195","70.4000000000195","3.3132530120648056","3.3132530120648056","3.3132530120648056","31.86813186814864","31.86813186814864","31.86813186814864"
"19335.256095613","1.4970059880202562","1.4970059880202562","1.4970059880202562","88.29999999999927","88.29999999999927","88.29999999999927","1.7068273092042083","1.7068273092042083","1.7068273092042083","12.851405622479398","12.851405622479398","12.851405622479398"
"19345.256119145","1.6048144433465878","1.6048144433465878","1.6048144433465878","50.45045045043306","50.45045045043306","50.45045045043306","1.803607214467648","1.803607214467648","1.803607214467648","50.601202404804546","50.601202404804546","50.601202404804546"
"19355.257448445","12.337011033079735","12.337011033079735","12.337011033079735","38.484546360931695","38.484546360931695","38.484546360931695","4.522613065298706","4.522613065298706","4.522613065298706","64.20000000000073","64.20000000000073","64.20000000000073"
"19365.25791082","1.498501498515731","1.498501498515731","1.498501498515731","2.50501002004019","2.50501002004019","2.50501002004019","2.0080321285402083","2.0080321285402083","2.0080321285402083","98.79999999999244","98.79999999999244","98.79999999999244"
"19375.256617324","1.3013013013112893","1.3013013013112893","1.3013013013112893","69.89999999999782","69.89999999999782","69.89999999999782","2.010050251263447","2.010050251263447","2.010050251263447","31.262525050084534","31.262525050084534","31.262525050084534"
"19385.255943378","3.41023069206029","3.41023069206029","3.41023069206029","33.36663336662198","33.36663336662198","33.36663336662198","7.429718875516017","7.429718875516017","7.429718875516017","69.53907815631365","69.53907815631365","69.53907815631365"
"19395.256069919","4.99500499502215","4.99500499502215","4.99500499502215","5.120481927695221","5.120481927695221","5.120481927695221","2.814070351747917","2.814070351747917","2.814070351747917","95.9040959040982","95.9040959040982","95.9040959040982"
"19405.256653844","1.3026052103860144","1.3026052103860144","1.3026052103860144","57.30000000001383","57.30000000001383","57.30000000001383","1.9076305220593912","1.9076305220593912","1.9076305220593912","43.887775551075656","43.887775551075656","43.887775551075656"
"19415.256567223","25.300000000006552","25.300000000006552","25.300000000006552","41.04104104105958","41.04104104105958","41.04104104105958","2.5100401606427902","2.5100401606427902","2.5100401606427902","35.93593593594984","35.93593593594984","35.93593593594984"
"19425.25623486","18.61861861862146","18.61861861862146","18.61861861862146","43.5999999999853","43.5999999999853","43.5999999999853","4.604604604596804","4.604604604596804","4.604604604596804","52.65797392177739","52.65797392177739","52.65797392177739"
"19435.256868719","1.3013013013294974","1.3013013013294974","1.3013013013294974","32.26452905811108","32.26452905811108","32.26452905811108","1.8054162487489471","1.8054162487489471","1.8054162487489471","68.89999999999418","68.89999999999418","68.89999999999418"
"19445.256781888","1.2036108325053796","1.2036108325053796","1.2036108325053796","53.05305305305548","53.05305305305548","53.05305305305548","1.90380761525318","1.90380761525318","1.90380761525318","47.99599198396056","47.99599198396056","47.99599198396056"
"19455.256320387","46.7467467467388","46.7467467467388","46.7467467467388","11.823647294592613","11.823647294592613","11.823647294592613","5.817452357053683","5.817452357053683","5.817452357053683","54.25425425424783","54.25425425424783","54.25425425424783"
"19465.255902948","25.974025973997417","25.974025973997417","25.974025973997417","4.099999999963656","4.099999999963656","4.099999999963656","5.628140703530339","5.628140703530339","5.628140703530339","68.46846846846569","68.46846846846569","68.46846846846569"
"19475.257257968","1.3026052104311054","1.3026052104311054","1.3026052104311054","88.28828828828944","88.28828828828944","88.28828828828944","1.9019019018891798","1.9019019018891798","1.9019019018891798","12.825651302625884","12.825651302625884","12.825651302625884"
"19485.256748116","15.831663326665726","15.831663326665726","15.831663326665726","87.43768693918338","87.43768693918338","87.43768693918338","2.2110552764132057","2.2110552764132057","2.2110552764132057","12.124248497003997","12.124248497003997","12.124248497003997"
"19495.256305982","75.54890219561187","75.54890219561187","75.54890219561187","21.92192192191328","21.92192192191328","21.92192192191328","5.917753259780106","5.917753259780106","5.917753259780106","1.3026052104128791","1.3026052104128791","1.3026052104128791"
"19505.256239711","42.54254254253301","42.54254254253301","42.54254254253301","57.79999999998836","57.79999999998836","57.79999999998836","3.1062124248629583","3.1062124248629583","3.1062124248629583","1.104417670670409","1.104417670670409","1.104417670670409"
"19515.256949392","46.353646353649275","46.353646353649275","46.353646353649275","64.16416416417063","64.16416416417063","64.16416416417063","5.199999999969878","5.199999999969878","5.199999999969878","3.5035035034896516","3.5035035034896516","3.5035035034896516"
"19525.257259581","29.929929929915637","29.929929929915637","29.929929929915637","71.45708582833875","71.45708582833875","71.45708582833875","1.6096579476842756","1.6096579476842756","1.6096579476842756","1.1033099297950777","1.1033099297950777","1.1033099297950777"
"19535.256891649","6.513026052134927","6.513026052134927","6.513026052134927","31.563126252502745","31.563126252502745","31.563126252502745","2.004008016039442","2.004008016039442","2.004008016039442","64.42885771541837","64.42885771541837","64.42885771541837"
"19545.257103685","11.488511488523688","11.488511488523688","11.488511488523688","76.65330661322616","76.65330661322616","76.65330661322616","4.024144869193862","4.024144869193862","4.024144869193862","26.173826173847015","26.173826173847015","26.173826173847015"
"19555.256900005","1.5060240963460458","1.5060240963460458","1.5060240963460458","89.47895791583849","89.47895791583849","89.47895791583849","1.7068273092554673","1.7068273092554673","1.7068273092554673","12.324649298625319","12.324649298625319","12.324649298625319"
"19565.256227867","27.899999999999636","27.899999999999636","27.899999999999636","36.93693693693136","36.93693693693136","36.93693693693136","2.5125628140710865","2.5125628140710865","2.5125628140710865","37.174348697387664","37.174348697387664","37.174348697387664"
"19575.257424813","6.69330669332423","6.69330669332423","6.69330669332423","45.10978043912415","45.10978043912415","45.10978043912415","9.929789368115586","9.929789368115586","9.929789368115586","57.20000000000517","57.20000000000517","57.20000000000517"
"19585.257073853","1.5015015015158273","1.5015015015158273","1.5015015015158273","58.976930792380465","58.976930792380465","58.976930792380465","1.4070351758739585","1.4070351758739585","1.4070351758739585","42.04204204204259","42.04204204204259","42.04204204204259"
"19595.25665728","1.102204408823516","1.102204408823516","1.102204408823516","12.11211211211964","12.11211211211964","12.11211211211964","1.8054162487489471","1.8054162487489471","1.8054162487489471","88.99999999999636","88.99999999999636","88.99999999999636"
"19605.258350833","25","25","25","59.61923847694558","59.61923847694558","59.61923847694558","5.110220440865948","5.110220440865948","5.110220440865948","27.3547094188345","27.3547094188345","27.3547094188345"
"19615.257291347","24.248496993989765","24.248496993989765","24.248496993989765","78.49999999999582","78.49999999999582","78.49999999999582","1.8126888217551436","1.8126888217551436","1.8126888217551436","1.3052208835262151","1.3052208835262151","1.3052208835262151"
"19625.256732252","43.58717434868472","43.58717434868472","43.58717434868472","50.15015015016251","50.15015015016251","50.15015015016251","3.5105315948058364","3.5105315948058364","3.5105315948058364","6.713426853708437","6.713426853708437","6.713426853708437"
"19635.257397622","54.30000000000291","54.30000000000291","54.30000000000291","46.90000000000509","46.90000000000509","46.90000000000509","1.8036072143801096","1.8036072143801096","1.8036072143801096","1.3026052104488568","1.3026052104488568","1.3026052104488568"
"19645.256550656","15.83166332665327","15.83166332665327","15.83166332665327","11.658291457251817","11.658291457251817","11.658291457251817","2.70812437315991","2.70812437315991","2.70812437315991","88.57715430862257","88.57715430862257","88.57715430862257"
"19655.256324726","56.60000000001434","56.60000000001434","56.60000000001434","1.6016016016539296","1.6016016016539296","1.6016016016539296","1.7051153460204003","1.7051153460204003","1.7051153460204003","44.30000000000291","44.30000000000291","44.30000000000291"
"19665.256021133","48.59999999998712","48.59999999998712","48.59999999998712","1.3999999999941792","1.3999999999941792","1.3999999999941792","1.3052208835084291","1.3052208835084291","1.3052208835084291","52.452452452442756","52.452452452442756","52.452452452442756"
"19675.25699652","25.39999999999054","25.39999999999054","25.39999999999054","2.2022022022135026","2.2022022022135026","2.2022022022135026","3.7223340040336126","3.7223340040336126","3.7223340040336126","86.8999999999869","86.8999999999869","86.8999999999869"
"19685.257185583","47.00000000002656","47.00000000002656","47.00000000002656","16.38361638360097","16.38361638360097","16.38361638360097","2.208835341413063","2.208835341413063","2.208835341413063","38.71614844535557","38.71614844535557","38.71614844535557"
"19695.255918772","1.1011011010707359","1.1011011010707359","1.1011011010707359","15.631262525045681","15.631262525045681","15.631262525045681","1.5060240963637588","1.5060240963637588","1.5060240963637588","85.41458541457894","85.41458541457894","85.41458541457894"
"19705.256338575","39.043824701188576","39.043824701188576","39.043824701188576","33.93393393391682","33.93393393391682","33.93393393391682","16.566265060220502","16.566265060220502","16.566265060220502","28.957915831632864","28.957915831632864","28.957915831632864"
"19715.256977159","36.23623623623844","36.23623623623844","36.23623623623844","62.93706293707451","62.93706293707451","62.93706293707451","3.7111334002264407","3.7111334002264407","3.7111334002264407","1.4028056112166738","1.4028056112166738","1.4028056112166738"
"19725.256681538","84.79999999999563","84.79999999999563","84.79999999999563","16.416416416413938","16.416416416413938","16.416416416413938","2.409638554196624","2.409638554196624","2.409638554196624","1.2036108325053796","1.2036108325053796","1.2036108325053796"
"19735.256927272","55.88822355290448","55.88822355290448","55.88822355290448","44.38877755511712","44.38877755511712","44.38877755511712","9.609609609586897","9.609609609586897","9.609609609586897","4.623115577907757","4.623115577907757","4.623115577907757"
"19745.256164467","63.536463536465504","63.536463536465504","63.536463536465504","38.89999999997195","38.89999999997195","38.89999999997195","4.1123370110710695","4.1123370110710695","4.1123370110710695","2.8169014084302137","2.8169014084302137","2.8169014084302137"
"19755.256366165","84.78478478479552","84.78478478479552","84.78478478479552","10.510510510487164","10.510510510487164","10.510510510487164","7.414829659285303","7.414829659285303","7.414829659285303","1.2024048096090842","1.2024048096090842","1.2024048096090842"
"19765.256817429","97.79999999998836","97.79999999998836","97.79999999998836","11.322645290605964","11.322645290605964","11.322645290605964","4.9246231155918165","4.9246231155918165","4.9246231155918165","4.221105527656895","4.221105527656895","4.221105527656895"
"19775.256627843","97.69539078156824","97.69539078156824","97.69539078156824","1.002004008019721","1.002004008019721","1.002004008019721","3.7223340040496247","3.7223340040496247","3.7223340040496247","1.2036108324693295","1.2036108324693295","1.2036108324693295"
"19785.256988867","99.9000999000977","99.9000999000977","99.9000999000977","1.1011011011427665","1.1011011011427665","1.1011011011427665","1.9057171514417","1.9057171514417","1.9057171514417","1.002004008019721","1.002004008019721","1.002004008019721"
"19795.256491227","81.89999999999851","81.89999999999851","81.89999999999851","28.08425275824825","28.08425275824825","28.08425275824825","4.008016032061797","4.008016032061797","4.008016032061797","4.308617234488699","4.308617234488699","4.308617234488699"
"19805.256278318","90.00999000999205","90.00999000999205","90.00999000999205","10.721442885769097","10.721442885769097","10.721442885769097","1.2060301507795648","1.2060301507795648","1.2060301507795648","1.1033099297950777","1.1033099297950777","1.1033099297950777"
"19815.258019937","69.19999999998953","69.19999999998953","69.19999999998953","24.348697394821137","24.348697394821137","24.348697394821137","2.106318956862377","2.106318956862377","2.106318956862377","8.224674022080563","8.224674022080563","8.224674022080563"
"19825.256939717","16.633266533095792","16.633266533095792","16.633266533095792","94.70529470528732","94.70529470528732","94.70529470528732","2.3046092184166524","2.3046092184166524","2.3046092184166524","4.804804804792311","4.804804804792311","4.804804804792311"
"19835.256026067","95.89589589589801","95.89589589589801","95.89589589589801","1.3000000000279033","1.3000000000279033","1.3000000000279033","5.923694779118446","5.923694779118446","5.923694779118446","1.3039117352156815","1.3039117352156815","1.3039117352156815"
"19845.255844798","95.79579579579422","95.79579579579422","95.79579579579422","1.1044176706525493","1.1044176706525493","1.1044176706525493","5.72289156626264","5.72289156626264","5.72289156626264","1.002004008019721","1.002004008019721","1.002004008019721"
"20645.256537264","2.4983415317983404","2.4983415317983404","2.4983415317983404","1.936582251543023","1.936582251543023","1.936582251543023","2.053568074529476","2.053568074529476","2.053568074529476","2.380713838446671","2.380713838446671","2.380713838446671"
"21775.257206192","1.6773587580637135","1.6773587580637135","1.6773587580637135","2.1740479123642498","2.1740479123642498","2.1740479123642498","1.7251620109749244","1.7251620109749244","1.7251620109749244","1.9253612268416918","1.9253612268416918","1.9253612268416918"
"21785.256156647","100","100","100","1.6983016983202512","1.6983016983202512","1.6983016983202512","1.2036108325236243","1.2036108325236243","1.2036108325236243","0.702106318935881","0.702106318935881","0.702106318935881"
"21795.256154294","42.084168336661364","42.084168336661364","42.084168336661364","36.23623623621522","36.23623623621522","36.23623623621522","29.700000000020164","29.700000000020164","29.700000000020164","2.402402402435374","2.402402402435374","2.402402402435374"
"21805.255909325","41.48514851485657","41.48514851485657","41.48514851485657","33.46653346656663","33.46653346656663","33.46653346656663","43.931795386156786","43.931795386156786","43.931795386156786","61.90954773871012","61.90954773871012","61.90954773871012"