"Relative Time (Process)","StudyAbroadGPT-7B-continued - system/disk./.usageGB","StudyAbroadGPT-7B-continued - system/disk./.usageGB__MIN","StudyAbroadGPT-7B-continued - system/disk./.usageGB__MAX"
"15.25864416","6180.388488769531","6180.388488769531","6180.388488769531"
"25.257118192","6181.780540466309","6181.780540466309","6181.780540466309"
"35.256764108","6181.971187591553","6181.971187591553","6181.971187591553"
"45.257072777","6181.997562408447","6181.997562408447","6181.997562408447"
"55.257024609","6181.999755859375","6181.999755859375","6181.999755859375"
"65.256755739","6181.999893188477","6181.999893188477","6181.999893188477"
"75.256996476","6182.001605987549","6182.001605987549","6182.001605987549"
"85.257063331","6182.001697540283","6182.001697540283","6182.001697540283"
"95.25641391","6182.0017013549805","6182.0017013549805","6182.0017013549805"
"105.256862415","6182.001770019531","6182.001770019531","6182.001770019531"
"115.256831828","6182.002685546875","6182.002685546875","6182.002685546875"
"125.260466269","6182.002685546875","6182.002685546875","6182.002685546875"
"135.256911033","6182.002689361572","6182.002689361572","6182.002689361572"
"145.257009605","6182.0026931762695","6182.0026931762695","6182.0026931762695"
"155.256823766","6182.0026931762695","6182.0026931762695","6182.0026931762695"
"165.256124786","6182.002696990967","6182.002696990967","6182.002696990967"
"175.256302035","6182.002696990967","6182.002696990967","6182.002696990967"
"945.256445451","6182.002853393555","6182.002853393555","6182.002853393555"
"955.256357613","6180.70853805542","6180.70853805542","6180.70853805542"
"965.256305692","6182.057697296143","6182.057697296143","6182.057697296143"
"975.256663768","6182.272491455078","6182.272491455078","6182.272491455078"
"985.256521329","6182.5798988342285","6182.5798988342285","6182.5798988342285"
"995.257222246","6183.647075653076","6183.647075653076","6183.647075653076"
"1005.25647869","6184.801475524902","6184.801475524902","6184.801475524902"
"1015.256332759","6185.119274139404","6185.119274139404","6185.119274139404"
"1035.257806733","6183.581050872803","6183.581050872803","6183.581050872803"
"1045.256800184","6183.581050872803","6183.581050872803","6183.581050872803"
"1055.257094591","6183.5810546875","6183.5810546875","6183.5810546875"
"1065.257087815","6183.5810546875","6183.5810546875","6183.5810546875"
"1075.256573768","6183.581058502197","6183.581058502197","6183.581058502197"
"1085.25701107","6183.581058502197","6183.581058502197","6183.581058502197"
"1095.256649717","6183.5810623168945","6183.5810623168945","6183.5810623168945"
"1105.257201751","6183.581066131592","6183.581066131592","6183.581066131592"
"1115.256552135","6183.581066131592","6183.581066131592","6183.581066131592"
"1125.256529018","6183.581069946289","6183.581069946289","6183.581069946289"
"1135.256132906","6183.581069946289","6183.581069946289","6183.581069946289"
"1145.256492816","6183.581073760986","6183.581073760986","6183.581073760986"
"1155.257559843","6183.581073760986","6183.581073760986","6183.581073760986"
"1165.256545745","6183.581077575684","6183.581077575684","6183.581077575684"
"1175.256536528","6183.581077575684","6183.581077575684","6183.581077575684"
"1185.256831343","6183.581676483154","6183.581676483154","6183.581676483154"
"1195.256820557","6183.581676483154","6183.581676483154","6183.581676483154"
"1205.256648239","6183.581680297852","6183.581680297852","6183.581680297852"
"1215.256196975","6183.581680297852","6183.581680297852","6183.581680297852"
"1225.256600281","6183.581684112549","6183.581684112549","6183.581684112549"
"1235.256844207","6183.581684112549","6183.581684112549","6183.581684112549"
"1245.256621093","6183.581687927246","6183.581687927246","6183.581687927246"
"1255.257346003","6183.581687927246","6183.581687927246","6183.581687927246"
"1265.256281549","6183.581691741943","6183.581691741943","6183.581691741943"
"1275.256919439","6183.581691741943","6183.581691741943","6183.581691741943"
"1285.256765537","6183.581695556641","6183.581695556641","6183.581695556641"
"1295.256742878","6183.581695556641","6183.581695556641","6183.581695556641"
"1305.256702664","6183.581699371338","6183.581699371338","6183.581699371338"
"1315.257209458","6183.581699371338","6183.581699371338","6183.581699371338"
"1325.256638353","6183.581703186035","6183.581703186035","6183.581703186035"
"1335.256526266","6183.581707000732","6183.581707000732","6183.581707000732"
"1345.257199666","6183.581707000732","6183.581707000732","6183.581707000732"
"1355.256601207","6183.581707000732","6183.581707000732","6183.581707000732"
"1365.257010049","6183.58171081543","6183.58171081543","6183.58171081543"
"1375.256184659","6183.581714630127","6183.581714630127","6183.581714630127"
"1385.256681066","6183.581714630127","6183.581714630127","6183.581714630127"
"1395.257617358","6183.581718444824","6183.581718444824","6183.581718444824"
"1405.257049704","6183.581718444824","6183.581718444824","6183.581718444824"
"1415.256309252","6183.5817222595215","6183.5817222595215","6183.5817222595215"
"1425.256306659","6183.5817222595215","6183.5817222595215","6183.5817222595215"
"1435.256937102","6183.581726074219","6183.581726074219","6183.581726074219"
"1445.256659042","6183.581726074219","6183.581726074219","6183.581726074219"
"1455.257369367","6183.581844329834","6183.581844329834","6183.581844329834"
"1465.256595546","6183.581958770752","6183.581958770752","6183.581958770752"
"1475.256164502","6183.581962585449","6183.581962585449","6183.581962585449"
"1485.257313132","6183.581962585449","6183.581962585449","6183.581962585449"
"1495.256328146","6183.5819664001465","6183.5819664001465","6183.5819664001465"
"1505.257026264","6183.5819664001465","6183.5819664001465","6183.5819664001465"
"1515.256509179","6183.5819664001465","6183.5819664001465","6183.5819664001465"
"1525.256769179","6183.581970214844","6183.581970214844","6183.581970214844"
"1535.25659522","6183.581970214844","6183.581970214844","6183.581970214844"
"1545.256684374","6183.581974029541","6183.581974029541","6183.581974029541"
"1555.256808935","6183.581974029541","6183.581974029541","6183.581974029541"
"1565.257084932","6183.581977844238","6183.581977844238","6183.581977844238"
"1575.25627442","6183.581977844238","6183.581977844238","6183.581977844238"
"1585.25628353","6183.581981658936","6183.581981658936","6183.581981658936"
"1595.256888065","6183.581981658936","6183.581981658936","6183.581981658936"
"1605.257138459","6183.581985473633","6183.581985473633","6183.581985473633"
"1615.256291948","6183.581985473633","6183.581985473633","6183.581985473633"
"1625.256495347","6183.58198928833","6183.58198928833","6183.58198928833"
"1635.256314591","6183.58198928833","6183.58198928833","6183.58198928833"
"1645.257252999","6183.581993103027","6183.581993103027","6183.581993103027"
"1655.256813926","6183.581993103027","6183.581993103027","6183.581993103027"
"1665.256498126","6183.581996917725","6183.581996917725","6183.581996917725"
"1675.256581249","6183.581996917725","6183.581996917725","6183.581996917725"
"1685.256373649","6183.582000732422","6183.582000732422","6183.582000732422"
"1695.257191706","6183.582000732422","6183.582000732422","6183.582000732422"
"1705.256494593","6183.582004547119","6183.582004547119","6183.582004547119"
"1715.256293186","6183.582004547119","6183.582004547119","6183.582004547119"
"1725.25639375","6183.582004547119","6183.582004547119","6183.582004547119"
"1735.256571962","6183.582008361816","6183.582008361816","6183.582008361816"
"1745.256506327","6183.582012176514","6183.582012176514","6183.582012176514"
"1755.256056666","6183.582012176514","6183.582012176514","6183.582012176514"
"1765.256657373","6183.582012176514","6183.582012176514","6183.582012176514"
"1775.256236915","6183.582015991211","6183.582015991211","6183.582015991211"
"1785.257371249","6183.582015991211","6183.582015991211","6183.582015991211"
"1795.257030143","6183.582019805908","6183.582019805908","6183.582019805908"
"1805.257111592","6183.582019805908","6183.582019805908","6183.582019805908"
"1815.258021751","6183.5820236206055","6183.5820236206055","6183.5820236206055"
"1825.256113219","6183.5820236206055","6183.5820236206055","6183.5820236206055"
"1835.256573424","6183.582027435303","6183.582027435303","6183.582027435303"
"1845.257017091","6183.582027435303","6183.582027435303","6183.582027435303"
"1855.256555099","6183.58203125","6183.58203125","6183.58203125"
"1865.256817628","6183.58203125","6183.58203125","6183.58203125"
"1875.256672081","6183.582035064697","6183.582035064697","6183.582035064697"
"1885.256620725","6183.582035064697","6183.582035064697","6183.582035064697"
"1895.25665047","6183.5820388793945","6183.5820388793945","6183.5820388793945"
"1905.257606633","6183.5820388793945","6183.5820388793945","6183.5820388793945"
"1915.257386762","6183.582042694092","6183.582042694092","6183.582042694092"
"1925.257140232","6183.582042694092","6183.582042694092","6183.582042694092"
"1935.257166904","6183.582042694092","6183.582042694092","6183.582042694092"
"1945.256445355","6183.582046508789","6183.582046508789","6183.582046508789"
"1955.25692945","6183.588306427002","6183.588306427002","6183.588306427002"
"1965.256435056","6183.605121612549","6183.605121612549","6183.605121612549"
"1975.257169989","6183.605121612549","6183.605121612549","6183.605121612549"
"1985.256466586","6183.605125427246","6183.605125427246","6183.605125427246"
"1995.256997484","6183.605125427246","6183.605125427246","6183.605125427246"
"2005.25651435","6183.605129241943","6183.605129241943","6183.605129241943"
"2015.2567669","6183.605129241943","6183.605129241943","6183.605129241943"
"2025.257306965","6183.605133056641","6183.605133056641","6183.605133056641"
"2035.256804522","6183.605133056641","6183.605133056641","6183.605133056641"
"2045.256607794","6183.605136871338","6183.605136871338","6183.605136871338"
"2055.25759889","6183.605136871338","6183.605136871338","6183.605136871338"
"2065.257754205","6183.605140686035","6183.605140686035","6183.605140686035"
"2075.256249972","6183.605140686035","6183.605140686035","6183.605140686035"
"2085.25673672","6183.605144500732","6183.605144500732","6183.605144500732"
"2095.256609165","6183.605144500732","6183.605144500732","6183.605144500732"
"2105.257008899","6183.60514831543","6183.60514831543","6183.60514831543"
"2115.25736561","6183.60514831543","6183.60514831543","6183.60514831543"
"2125.256857933","6183.60514831543","6183.60514831543","6183.60514831543"
"2135.256983446","6183.605152130127","6183.605152130127","6183.605152130127"
"2145.257438296","6183.605152130127","6183.605152130127","6183.605152130127"
"2155.256547188","6183.605155944824","6183.605155944824","6183.605155944824"
"2165.256319716","6183.605155944824","6183.605155944824","6183.605155944824"
"2175.257554515","6183.6051597595215","6183.6051597595215","6183.6051597595215"
"2185.256108183","6183.6051597595215","6183.6051597595215","6183.6051597595215"
"2195.256699641","6183.605163574219","6183.605163574219","6183.605163574219"
"2205.256692698","6183.605163574219","6183.605163574219","6183.605163574219"
"2215.256955938","6183.605167388916","6183.605167388916","6183.605167388916"
"2225.256646455","6183.605167388916","6183.605167388916","6183.605167388916"
"2235.257045045","6183.605171203613","6183.605171203613","6183.605171203613"
"2245.25707223","6183.605171203613","6183.605171203613","6183.605171203613"
"2255.256704087","6183.605171203613","6183.605171203613","6183.605171203613"
"2265.256289999","6183.605175018311","6183.605175018311","6183.605175018311"
"2275.257027864","6183.605178833008","6183.605178833008","6183.605178833008"
"2285.256796188","6183.605178833008","6183.605178833008","6183.605178833008"
"2295.256790085","6183.605182647705","6183.605182647705","6183.605182647705"
"2305.256544113","6183.605182647705","6183.605182647705","6183.605182647705"
"2315.257161302","6183.605186462402","6183.605186462402","6183.605186462402"
"2325.25673348","6183.605186462402","6183.605186462402","6183.605186462402"
"2335.257113515","6183.6051902771","6183.6051902771","6183.6051902771"
"2345.257007295","6183.6051902771","6183.6051902771","6183.6051902771"
"2355.256134441","6183.605194091797","6183.605194091797","6183.605194091797"
"2365.256526787","6183.605194091797","6183.605194091797","6183.605194091797"
"2375.256645642","6183.605194091797","6183.605194091797","6183.605194091797"
"2385.256344606","6183.605197906494","6183.605197906494","6183.605197906494"
"2395.256731257","6183.605197906494","6183.605197906494","6183.605197906494"
"2405.256672126","6183.605201721191","6183.605201721191","6183.605201721191"
"2415.256257107","6183.605201721191","6183.605201721191","6183.605201721191"
"2425.256602876","6183.605205535889","6183.605205535889","6183.605205535889"
"2435.256738032","6183.605205535889","6183.605205535889","6183.605205535889"
"2445.256838726","6183.605209350586","6183.605209350586","6183.605209350586"
"2455.256652897","6183.605209350586","6183.605209350586","6183.605209350586"
"2465.256965879","6183.605213165283","6183.605213165283","6183.605213165283"
"2475.256762746","6183.605213165283","6183.605213165283","6183.605213165283"
"2485.256993125","6183.6052169799805","6183.6052169799805","6183.6052169799805"
"2495.25652204","6183.6052169799805","6183.6052169799805","6183.6052169799805"
"2505.257040027","6183.6052169799805","6183.6052169799805","6183.6052169799805"
"2515.256352186","6183.605220794678","6183.605220794678","6183.605220794678"
"2525.256674934","6183.605220794678","6183.605220794678","6183.605220794678"
"2535.256530188","6183.605224609375","6183.605224609375","6183.605224609375"
"2545.257129252","6183.605224609375","6183.605224609375","6183.605224609375"
"2555.256179718","6183.605228424072","6183.605228424072","6183.605228424072"
"2565.25658706","6183.605228424072","6183.605228424072","6183.605228424072"
"2575.25618176","6183.6052322387695","6183.6052322387695","6183.6052322387695"
"2585.257152767","6183.605236053467","6183.605236053467","6183.605236053467"
"2595.257265296","6183.605239868164","6183.605239868164","6183.605239868164"
"2605.256543352","6183.605239868164","6183.605239868164","6183.605239868164"
"2615.256845951","6183.605243682861","6183.605243682861","6183.605243682861"
"2625.256477303","6183.605243682861","6183.605243682861","6183.605243682861"
"2635.256971198","6183.605247497559","6183.605247497559","6183.605247497559"
"2645.256995649","6183.605247497559","6183.605247497559","6183.605247497559"
"2655.257365106","6183.605251312256","6183.605251312256","6183.605251312256"
"2665.256110604","6183.605251312256","6183.605251312256","6183.605251312256"
"2675.256684497","6183.605255126953","6183.605255126953","6183.605255126953"
"2685.256396816","6183.605255126953","6183.605255126953","6183.605255126953"
"2695.256716056","6183.60525894165","6183.60525894165","6183.60525894165"
"2705.256562486","6183.60525894165","6183.60525894165","6183.60525894165"
"2715.256941075","6183.605262756348","6183.605262756348","6183.605262756348"
"2725.256481358","6183.605262756348","6183.605262756348","6183.605262756348"
"2735.256512717","6183.605266571045","6183.605266571045","6183.605266571045"
"2745.256693422","6183.605266571045","6183.605266571045","6183.605266571045"
"2755.256343905","6183.605266571045","6183.605266571045","6183.605266571045"
"2765.256204808","6183.605270385742","6183.605270385742","6183.605270385742"
"2775.257118131","6183.605270385742","6183.605270385742","6183.605270385742"
"2785.256816479","6183.605274200439","6183.605274200439","6183.605274200439"
"2795.256713593","6183.605274200439","6183.605274200439","6183.605274200439"
"2805.256861855","6183.605274200439","6183.605274200439","6183.605274200439"
"2815.256419011","6183.605278015137","6183.605278015137","6183.605278015137"
"2825.256271301","6183.605285644531","6183.605285644531","6183.605285644531"
"2835.257246378","6183.6052894592285","6183.6052894592285","6183.6052894592285"
"2845.256447735","6183.6052894592285","6183.6052894592285","6183.6052894592285"
"2855.256459568","6183.605293273926","6183.605293273926","6183.605293273926"
"2865.256132469","6183.605312347412","6183.605312347412","6183.605312347412"
"2875.256847607","6183.605316162109","6183.605316162109","6183.605316162109"
"2885.2565893","6183.605316162109","6183.605316162109","6183.605316162109"
"2895.256549781","6183.605316162109","6183.605316162109","6183.605316162109"
"2905.25703526","6183.605319976807","6183.605319976807","6183.605319976807"
"2915.256314489","6183.605319976807","6183.605319976807","6183.605319976807"
"2925.256669417","6183.605319976807","6183.605319976807","6183.605319976807"
"2935.256748514","6183.605323791504","6183.605323791504","6183.605323791504"
"2945.256317951","6183.605323791504","6183.605323791504","6183.605323791504"
"2955.256795037","6183.605323791504","6183.605323791504","6183.605323791504"
"2965.256243149","6183.605327606201","6183.605327606201","6183.605327606201"
"2975.256761223","6183.605327606201","6183.605327606201","6183.605327606201"
"2985.256430522","6183.605327606201","6183.605327606201","6183.605327606201"
"2995.256990691","6183.605331420898","6183.605331420898","6183.605331420898"
"3005.256902329","6183.605331420898","6183.605331420898","6183.605331420898"
"3015.256059173","6183.605335235596","6183.605335235596","6183.605335235596"
"3025.256506535","6183.605339050293","6183.605339050293","6183.605339050293"
"3035.256445587","6183.607604980469","6183.607604980469","6183.607604980469"
"3045.256909723","6183.607608795166","6183.607608795166","6183.607608795166"
"3055.256700647","6183.607608795166","6183.607608795166","6183.607608795166"
"3065.256642154","6183.607608795166","6183.607608795166","6183.607608795166"
"3075.256982841","6183.607608795166","6183.607608795166","6183.607608795166"
"3085.256786246","6183.607612609863","6183.607612609863","6183.607612609863"
"3095.256765715","6183.607612609863","6183.607612609863","6183.607612609863"
"3105.257445741","6183.607616424561","6183.607616424561","6183.607616424561"
"3115.256801595","6183.607620239258","6183.607620239258","6183.607620239258"
"3125.25626859","6183.607624053955","6183.607624053955","6183.607624053955"
"3135.257019922","6183.607624053955","6183.607624053955","6183.607624053955"
"3145.256447194","6183.607627868652","6183.607627868652","6183.607627868652"
"3155.256844178","6183.607627868652","6183.607627868652","6183.607627868652"
"3165.256948776","6183.607627868652","6183.607627868652","6183.607627868652"
"3175.256905379","6183.60763168335","6183.60763168335","6183.60763168335"
"3185.256445137","6183.60763168335","6183.60763168335","6183.60763168335"
"3195.256736918","6183.60763168335","6183.60763168335","6183.60763168335"
"3205.256654688","6183.60763168335","6183.60763168335","6183.60763168335"
"3215.25601682","6183.60763168335","6183.60763168335","6183.60763168335"
"3225.259050145","6183.607635498047","6183.607635498047","6183.607635498047"
"3235.256340622","6183.607635498047","6183.607635498047","6183.607635498047"
"3245.256512421","6183.607635498047","6183.607635498047","6183.607635498047"
"3255.256279708","6183.607639312744","6183.607639312744","6183.607639312744"
"3265.256787046","6183.607639312744","6183.607639312744","6183.607639312744"
"3275.256518399","6183.607639312744","6183.607639312744","6183.607639312744"
"3285.256167562","6183.607643127441","6183.607643127441","6183.607643127441"
"3295.256702512","6183.607643127441","6183.607643127441","6183.607643127441"
"3305.256227165","6183.607643127441","6183.607643127441","6183.607643127441"
"3315.256299309","6183.607643127441","6183.607643127441","6183.607643127441"
"3325.256579439","6183.607646942139","6183.607646942139","6183.607646942139"
"3335.256310427","6183.607646942139","6183.607646942139","6183.607646942139"
"3345.256541486","6183.607646942139","6183.607646942139","6183.607646942139"
"3355.257104843","6183.607646942139","6183.607646942139","6183.607646942139"
"3365.256425497","6183.607650756836","6183.607650756836","6183.607650756836"
"3375.256742514","6183.607650756836","6183.607650756836","6183.607650756836"
"3385.256242987","6183.607650756836","6183.607650756836","6183.607650756836"
"3395.256410087","6183.607654571533","6183.607654571533","6183.607654571533"
"3405.256785397","6183.607654571533","6183.607654571533","6183.607654571533"
"3415.256806039","6183.607654571533","6183.607654571533","6183.607654571533"
"3425.256234924","6183.6076583862305","6183.6076583862305","6183.6076583862305"
"3435.256377684","6183.6076583862305","6183.6076583862305","6183.6076583862305"
"3445.256535252","6183.607982635498","6183.607982635498","6183.607982635498"
"3455.256557215","6183.607982635498","6183.607982635498","6183.607982635498"
"3465.257091614","6183.607986450195","6183.607986450195","6183.607986450195"
"3475.256470181","6183.607990264893","6183.607990264893","6183.607990264893"
"3485.256769733","6183.60799407959","6183.60799407959","6183.60799407959"
"3495.257061444","6183.60799407959","6183.60799407959","6183.60799407959"
"3505.256730594","6183.60799407959","6183.60799407959","6183.60799407959"
"3515.256748647","6183.607997894287","6183.607997894287","6183.607997894287"
"3525.256772789","6183.607997894287","6183.607997894287","6183.607997894287"
"3535.256195116","6183.607997894287","6183.607997894287","6183.607997894287"
"3545.256628295","6183.608001708984","6183.608001708984","6183.608001708984"
"3555.256274696","6183.608005523682","6183.608005523682","6183.608005523682"
"3565.256796922","6183.608005523682","6183.608005523682","6183.608005523682"
"3575.25671648","6183.608009338379","6183.608009338379","6183.608009338379"
"3585.256201725","6183.608009338379","6183.608009338379","6183.608009338379"
"3595.257422758","6183.608013153076","6183.608013153076","6183.608013153076"
"3605.25699342","6183.608016967773","6183.608016967773","6183.608016967773"
"3615.2570698","6183.608016967773","6183.608016967773","6183.608016967773"
"3625.257255936","6183.608020782471","6183.608020782471","6183.608020782471"
"3635.256607786","6183.608020782471","6183.608020782471","6183.608020782471"
"3645.257027398","6183.608024597168","6183.608024597168","6183.608024597168"
"3655.256621089","6183.608024597168","6183.608024597168","6183.608024597168"
"3665.256437136","6183.608028411865","6183.608028411865","6183.608028411865"
"3675.257040068","6183.608028411865","6183.608028411865","6183.608028411865"
"3685.25672297","6183.6080322265625","6183.6080322265625","6183.6080322265625"
"3695.256808106","6183.6080322265625","6183.6080322265625","6183.6080322265625"
"3705.257135958","6183.60803604126","6183.60803604126","6183.60803604126"
"3715.256761395","6183.60803604126","6183.60803604126","6183.60803604126"
"3725.257120855","6183.608039855957","6183.608039855957","6183.608039855957"
"3735.256769544","6183.608039855957","6183.608039855957","6183.608039855957"
"3745.257095858","6183.608043670654","6183.608043670654","6183.608043670654"
"3755.256258186","6183.608043670654","6183.608043670654","6183.608043670654"
"3765.256867289","6183.608043670654","6183.608043670654","6183.608043670654"
"3775.25669005","6183.608043670654","6183.608043670654","6183.608043670654"
"3785.256675026","6183.608047485352","6183.608047485352","6183.608047485352"
"3795.256692027","6183.608047485352","6183.608047485352","6183.608047485352"
"3805.256972402","6183.608047485352","6183.608047485352","6183.608047485352"
"3815.256314618","6183.608047485352","6183.608047485352","6183.608047485352"
"3825.256828666","6183.608051300049","6183.608051300049","6183.608051300049"
"3835.256593892","6183.608051300049","6183.608051300049","6183.608051300049"
"3845.256209614","6183.608055114746","6183.608055114746","6183.608055114746"
"3855.256549549","6183.608303070068","6183.608303070068","6183.608303070068"
"3865.256713389","6183.608303070068","6183.608303070068","6183.608303070068"
"3875.256495863","6183.608306884766","6183.608306884766","6183.608306884766"
"3885.25676961","6183.608306884766","6183.608306884766","6183.608306884766"
"3895.257031269","6183.608306884766","6183.608306884766","6183.608306884766"
"3905.257150569","6183.608310699463","6183.608310699463","6183.608310699463"
"3915.257863127","6183.608310699463","6183.608310699463","6183.608310699463"
"3925.257082929","6183.608310699463","6183.608310699463","6183.608310699463"
"3935.256486796","6183.608310699463","6183.608310699463","6183.608310699463"
"3945.256554565","6183.608310699463","6183.608310699463","6183.608310699463"
"3955.256860469","6183.60831451416","6183.60831451416","6183.60831451416"
"3965.256327275","6183.60831451416","6183.60831451416","6183.60831451416"
"3975.257017818","6183.608318328857","6183.608318328857","6183.608318328857"
"3985.256167824","6183.608318328857","6183.608318328857","6183.608318328857"
"3995.256108241","6183.608318328857","6183.608318328857","6183.608318328857"
"4005.256739077","6183.608322143555","6183.608322143555","6183.608322143555"
"4015.256384334","6183.608325958252","6183.608325958252","6183.608325958252"
"4025.256463947","6183.608325958252","6183.608325958252","6183.608325958252"
"4035.25720183","6183.608329772949","6183.608329772949","6183.608329772949"
"4045.256927651","6183.608329772949","6183.608329772949","6183.608329772949"
"4055.256275728","6183.6083335876465","6183.6083335876465","6183.6083335876465"
"4065.256784936","6183.6083335876465","6183.6083335876465","6183.6083335876465"
"4075.256988868","6183.608337402344","6183.608337402344","6183.608337402344"
"4085.25619198","6183.608337402344","6183.608337402344","6183.608337402344"
"4095.256813773","6183.608337402344","6183.608337402344","6183.608337402344"
"4105.256898506","6183.608341217041","6183.608341217041","6183.608341217041"
"4115.256345869","6183.608341217041","6183.608341217041","6183.608341217041"
"4125.256384154","6183.608345031738","6183.608345031738","6183.608345031738"
"4135.256485559","6183.608348846436","6183.608348846436","6183.608348846436"
"4145.256205545","6183.608348846436","6183.608348846436","6183.608348846436"
"4155.256294582","6183.608352661133","6183.608352661133","6183.608352661133"
"4165.256835631","6183.608352661133","6183.608352661133","6183.608352661133"
"4175.257198685","6183.608352661133","6183.608352661133","6183.608352661133"
"4185.257374569","6183.60835647583","6183.60835647583","6183.60835647583"
"4195.256798174","6183.60835647583","6183.60835647583","6183.60835647583"
"4205.256828179","6183.608360290527","6183.608360290527","6183.608360290527"
"4215.25654954","6183.608364105225","6183.608364105225","6183.608364105225"
"4225.256851642","6183.608364105225","6183.608364105225","6183.608364105225"
"4235.256330191","6183.608364105225","6183.608364105225","6183.608364105225"
"4245.257324179","6183.608367919922","6183.608367919922","6183.608367919922"
"4255.256898333","6183.608367919922","6183.608367919922","6183.608367919922"
"4265.256804405","6183.608371734619","6183.608371734619","6183.608371734619"
"4275.257058728","6183.608371734619","6183.608371734619","6183.608371734619"
"4285.256239629","6183.608375549316","6183.608375549316","6183.608375549316"
"4295.256318707","6183.608375549316","6183.608375549316","6183.608375549316"
"4305.256641244","6183.608375549316","6183.608375549316","6183.608375549316"
"4315.256659407","6183.608379364014","6183.608379364014","6183.608379364014"
"4325.25660272","6183.608379364014","6183.608379364014","6183.608379364014"
"4335.256728746","6183.608379364014","6183.608379364014","6183.608379364014"
"4345.256806531","6183.608383178711","6183.608383178711","6183.608383178711"
"4355.25611494","6183.608383178711","6183.608383178711","6183.608383178711"
"4365.25679195","6183.608383178711","6183.608383178711","6183.608383178711"
"4375.256338558","6183.608383178711","6183.608383178711","6183.608383178711"
"4385.257004735","6183.608386993408","6183.608386993408","6183.608386993408"
"4395.257252903","6183.608386993408","6183.608386993408","6183.608386993408"
"4405.256537335","6183.6083908081055","6183.6083908081055","6183.6083908081055"
"4415.256832685","6183.6083908081055","6183.6083908081055","6183.6083908081055"
"4425.25650118","6183.6083908081055","6183.6083908081055","6183.6083908081055"
"4435.256767726","6183.6083908081055","6183.6083908081055","6183.6083908081055"
"4445.256535485","6183.6083908081055","6183.6083908081055","6183.6083908081055"
"4455.257028468","6183.608394622803","6183.608394622803","6183.608394622803"
"4465.256930258","6183.608394622803","6183.608394622803","6183.608394622803"
"4475.256660104","6183.608394622803","6183.608394622803","6183.608394622803"
"4485.25665614","6183.6083984375","6183.6083984375","6183.6083984375"
"4495.256480793","6183.6083984375","6183.6083984375","6183.6083984375"
"4505.25618124","6183.6083984375","6183.6083984375","6183.6083984375"
"4515.256474857","6183.608402252197","6183.608402252197","6183.608402252197"
"4525.256600526","6183.608402252197","6183.608402252197","6183.608402252197"
"4535.256803848","6183.608402252197","6183.608402252197","6183.608402252197"
"4545.257663697","6183.608402252197","6183.608402252197","6183.608402252197"
"4555.256343288","6183.6084060668945","6183.6084060668945","6183.6084060668945"
"4565.256505079","6183.6084060668945","6183.6084060668945","6183.6084060668945"
"4575.257210351","6183.6084060668945","6183.6084060668945","6183.6084060668945"
"4585.256074459","6183.6084060668945","6183.6084060668945","6183.6084060668945"
"4595.256355246","6183.608409881592","6183.608409881592","6183.608409881592"
"4605.25879967","6183.608409881592","6183.608409881592","6183.608409881592"
"4615.25623841","6183.608409881592","6183.608409881592","6183.608409881592"
"4625.256853964","6183.608413696289","6183.608413696289","6183.608413696289"
"4635.256773785","6183.608413696289","6183.608413696289","6183.608413696289"
"4645.256631606","6183.608413696289","6183.608413696289","6183.608413696289"
"4655.256827396","6183.608417510986","6183.608417510986","6183.608417510986"
"4665.256899243","6183.608417510986","6183.608417510986","6183.608417510986"
"4675.256815205","6183.608417510986","6183.608417510986","6183.608417510986"
"4685.256923168","6183.608417510986","6183.608417510986","6183.608417510986"
"4695.256785196","6183.608421325684","6183.608421325684","6183.608421325684"
"4705.256708511","6183.608421325684","6183.608421325684","6183.608421325684"
"4715.257004913","6183.611293792725","6183.611293792725","6183.611293792725"
"4725.256944632","6183.611297607422","6183.611297607422","6183.611297607422"
"4735.256398491","6183.611301422119","6183.611301422119","6183.611301422119"
"4745.256817223","6183.611301422119","6183.611301422119","6183.611301422119"
"4755.256295881","6183.611305236816","6183.611305236816","6183.611305236816"
"4765.257125274","6183.611305236816","6183.611305236816","6183.611305236816"
"4775.256241433","6183.611309051514","6183.611309051514","6183.611309051514"
"4785.257143268","6183.611309051514","6183.611309051514","6183.611309051514"
"4795.256721568","6183.611309051514","6183.611309051514","6183.611309051514"
"4805.256064709","6183.611309051514","6183.611309051514","6183.611309051514"
"4815.256604977","6183.611312866211","6183.611312866211","6183.611312866211"
"4825.25669104","6183.611316680908","6183.611316680908","6183.611316680908"
"4835.256112305","6183.611316680908","6183.611316680908","6183.611316680908"
"4845.256827787","6183.6113204956055","6183.6113204956055","6183.6113204956055"
"4855.256603614","6183.6113204956055","6183.6113204956055","6183.6113204956055"
"4865.256391706","6183.611324310303","6183.611324310303","6183.611324310303"
"4875.256139617","6183.611324310303","6183.611324310303","6183.611324310303"
"4885.25682894","6183.611328125","6183.611328125","6183.611328125"
"4895.257118569","6183.611328125","6183.611328125","6183.611328125"
"4905.256057679","6183.611331939697","6183.611331939697","6183.611331939697"
"4915.256361091","6183.611331939697","6183.611331939697","6183.611331939697"
"4925.257061137","6183.611331939697","6183.611331939697","6183.611331939697"
"4935.257576025","6183.611331939697","6183.611331939697","6183.611331939697"
"4945.256163461","6183.6113357543945","6183.6113357543945","6183.6113357543945"
"4955.256218643","6183.6113357543945","6183.6113357543945","6183.6113357543945"
"4965.256967164","6183.6113357543945","6183.6113357543945","6183.6113357543945"
"4975.256243614","6183.611339569092","6183.611339569092","6183.611339569092"
"4985.256051045","6183.611339569092","6183.611339569092","6183.611339569092"
"4995.257216084","6183.611339569092","6183.611339569092","6183.611339569092"
"5005.256617388","6183.611343383789","6183.611343383789","6183.611343383789"
"5015.256296461","6183.611343383789","6183.611343383789","6183.611343383789"
"5025.256810881","6183.611343383789","6183.611343383789","6183.611343383789"
"5035.25646975","6183.611343383789","6183.611343383789","6183.611343383789"
"5045.256972752","6183.611347198486","6183.611347198486","6183.611347198486"
"5055.256952329","6183.611347198486","6183.611347198486","6183.611347198486"
"5065.256773586","6183.611347198486","6183.611347198486","6183.611347198486"
"5075.257064662","6183.611351013184","6183.611351013184","6183.611351013184"
"5085.256618886","6183.611351013184","6183.611351013184","6183.611351013184"
"5095.256330677","6183.611351013184","6183.611351013184","6183.611351013184"
"5105.257189095","6183.611351013184","6183.611351013184","6183.611351013184"
"5115.256642596","6183.611354827881","6183.611354827881","6183.611354827881"
"5125.257000145","6183.611354827881","6183.611354827881","6183.611354827881"
"5135.260214391","6183.611358642578","6183.611358642578","6183.611358642578"
"5145.256160263","6183.611358642578","6183.611358642578","6183.611358642578"
"5155.25649072","6183.611358642578","6183.611358642578","6183.611358642578"
"5165.256828152","6183.611358642578","6183.611358642578","6183.611358642578"
"5175.257016024","6183.611362457275","6183.611362457275","6183.611362457275"
"5185.256820938","6183.611362457275","6183.611362457275","6183.611362457275"
"5195.256163762","6183.611362457275","6183.611362457275","6183.611362457275"
"5205.256917986","6183.611362457275","6183.611362457275","6183.611362457275"
"5215.256633519","6183.611366271973","6183.611366271973","6183.611366271973"
"5225.256258961","6183.611366271973","6183.611366271973","6183.611366271973"
"5235.256222195","6183.611366271973","6183.611366271973","6183.611366271973"
"5245.256705237","6183.61137008667","6183.61137008667","6183.61137008667"
"5255.256257708","6183.61137008667","6183.61137008667","6183.61137008667"
"5265.256618842","6183.61137008667","6183.61137008667","6183.61137008667"
"5275.256559594","6183.611373901367","6183.611373901367","6183.611373901367"
"5285.256403149","6183.611373901367","6183.611373901367","6183.611373901367"
"5295.257292737","6183.611373901367","6183.611373901367","6183.611373901367"
"5305.256385102","6183.611373901367","6183.611373901367","6183.611373901367"
"5315.256187867","6183.611377716064","6183.611377716064","6183.611377716064"
"5325.257224506","6183.611377716064","6183.611377716064","6183.611377716064"
"5335.256512024","6183.611377716064","6183.611377716064","6183.611377716064"
"5345.256172957","6183.611377716064","6183.611377716064","6183.611377716064"
"5355.256753483","6183.611381530762","6183.611381530762","6183.611381530762"
"5365.25672825","6183.611381530762","6183.611381530762","6183.611381530762"
"5375.256677434","6183.611381530762","6183.611381530762","6183.611381530762"
"5385.25640943","6183.611385345459","6183.611385345459","6183.611385345459"
"5395.256774135","6183.611385345459","6183.611385345459","6183.611385345459"
"5405.256804188","6183.611385345459","6183.611385345459","6183.611385345459"
"5415.256446739","6183.611389160156","6183.611389160156","6183.611389160156"
"5425.256646806","6183.611389160156","6183.611389160156","6183.611389160156"
"5435.256093393","6183.611389160156","6183.611389160156","6183.611389160156"
"5445.256143802","6183.611389160156","6183.611389160156","6183.611389160156"
"5455.25672486","6183.6113929748535","6183.6113929748535","6183.6113929748535"
"5465.25677912","6183.6113929748535","6183.6113929748535","6183.6113929748535"
"5475.257191255","6183.6113929748535","6183.6113929748535","6183.6113929748535"
"5485.25664839","6183.611396789551","6183.611396789551","6183.611396789551"
"5495.256538467","6183.611396789551","6183.611396789551","6183.611396789551"
"5505.256295141","6183.611396789551","6183.611396789551","6183.611396789551"
"5515.256170761","6183.611400604248","6183.611400604248","6183.611400604248"
"5525.256755834","6183.611400604248","6183.611400604248","6183.611400604248"
"5535.256907724","6183.611400604248","6183.611400604248","6183.611400604248"
"5545.256676796","6183.611400604248","6183.611400604248","6183.611400604248"
"5555.256312341","6183.611404418945","6183.611404418945","6183.611404418945"
"5565.25690172","6183.611404418945","6183.611404418945","6183.611404418945"
"5575.258574319","6183.611404418945","6183.611404418945","6183.611404418945"
"5585.256343071","6183.611408233643","6183.611408233643","6183.611408233643"
"5595.25634783","6183.611408233643","6183.611408233643","6183.611408233643"
"5605.256544734","6183.611408233643","6183.611408233643","6183.611408233643"
"5615.257001913","6183.611408233643","6183.611408233643","6183.611408233643"
"5625.257352631","6183.61141204834","6183.61141204834","6183.61141204834"
"5635.256398995","6183.61141204834","6183.61141204834","6183.61141204834"
"5645.256717948","6183.61141204834","6183.61141204834","6183.61141204834"
"5655.256372354","6183.611415863037","6183.611415863037","6183.611415863037"
"5665.256093545","6183.611419677734","6183.611419677734","6183.611419677734"
"5675.257023676","6183.611423492432","6183.611423492432","6183.611423492432"
"5685.256607916","6183.611423492432","6183.611423492432","6183.611423492432"
"5695.256743775","6183.611427307129","6183.611427307129","6183.611427307129"
"5705.2570921","6183.611427307129","6183.611427307129","6183.611427307129"
"5715.257537213","6183.611431121826","6183.611431121826","6183.611431121826"
"5725.256935448","6183.611431121826","6183.611431121826","6183.611431121826"
"5735.25663364","6183.611434936523","6183.611434936523","6183.611434936523"
"5745.257041024","6183.611434936523","6183.611434936523","6183.611434936523"
"5755.25689921","6183.611438751221","6183.611438751221","6183.611438751221"
"5765.256676442","6183.611438751221","6183.611438751221","6183.611438751221"
"5775.257376179","6183.611442565918","6183.611442565918","6183.611442565918"
"5785.256739463","6183.611442565918","6183.611442565918","6183.611442565918"
"5795.256108166","6183.611442565918","6183.611442565918","6183.611442565918"
"5805.256492733","6183.611446380615","6183.611446380615","6183.611446380615"
"5815.257124713","6183.611446380615","6183.611446380615","6183.611446380615"
"5825.25627161","6183.6114501953125","6183.6114501953125","6183.6114501953125"
"5835.256710734","6183.6114501953125","6183.6114501953125","6183.6114501953125"
"5845.256932041","6183.6114501953125","6183.6114501953125","6183.6114501953125"
"5855.257194039","6183.6114501953125","6183.6114501953125","6183.6114501953125"
"5865.256168676","6183.61145401001","6183.61145401001","6183.61145401001"
"5875.257226469","6183.61145401001","6183.61145401001","6183.61145401001"
"5885.256196617","6183.61145401001","6183.61145401001","6183.61145401001"
"5895.256581817","6183.611457824707","6183.611457824707","6183.611457824707"
"5905.256142145","6183.611457824707","6183.611457824707","6183.611457824707"
"5915.256828074","6183.611457824707","6183.611457824707","6183.611457824707"
"5925.256101811","6183.611457824707","6183.611457824707","6183.611457824707"
"5935.256414525","6183.611461639404","6183.611461639404","6183.611461639404"
"5945.25646581","6183.611461639404","6183.611461639404","6183.611461639404"
"5955.257414234","6183.611461639404","6183.611461639404","6183.611461639404"
"5965.256590377","6183.611465454102","6183.611465454102","6183.611465454102"
"5975.256248802","6183.611465454102","6183.611465454102","6183.611465454102"
"5985.25713325","6183.611469268799","6183.611469268799","6183.611469268799"
"5995.25654478","6183.611473083496","6183.611473083496","6183.611473083496"
"6005.25622546","6183.611473083496","6183.611473083496","6183.611473083496"
"6015.256419582","6183.611476898193","6183.611476898193","6183.611476898193"
"6025.256262613","6183.611476898193","6183.611476898193","6183.611476898193"
"6035.257084853","6183.611476898193","6183.611476898193","6183.611476898193"
"6045.256709861","6183.611476898193","6183.611476898193","6183.611476898193"
"6055.256627113","6183.611476898193","6183.611476898193","6183.611476898193"
"6065.25713615","6183.611480712891","6183.611480712891","6183.611480712891"
"6075.256611595","6183.611480712891","6183.611480712891","6183.611480712891"
"6085.25613511","6183.611480712891","6183.611480712891","6183.611480712891"
"6095.256085137","6183.611480712891","6183.611480712891","6183.611480712891"
"6105.256754264","6183.611484527588","6183.611484527588","6183.611484527588"
"6115.25653844","6183.611484527588","6183.611484527588","6183.611484527588"
"6125.257161561","6183.611484527588","6183.611484527588","6183.611484527588"
"6135.257226929","6183.611488342285","6183.611488342285","6183.611488342285"
"6145.256441924","6183.611488342285","6183.611488342285","6183.611488342285"
"6155.256963663","6183.611488342285","6183.611488342285","6183.611488342285"
"6165.256439849","6183.611488342285","6183.611488342285","6183.611488342285"
"6175.256718957","6183.611492156982","6183.611492156982","6183.611492156982"
"6185.256830454","6183.611492156982","6183.611492156982","6183.611492156982"
"6195.256830158","6183.611492156982","6183.611492156982","6183.611492156982"
"6205.256414162","6183.61149597168","6183.61149597168","6183.61149597168"
"6215.256510415","6183.61149597168","6183.61149597168","6183.61149597168"
"6225.256474399","6183.61149597168","6183.61149597168","6183.61149597168"
"6235.256775826","6183.611499786377","6183.611499786377","6183.611499786377"
"6245.256759901","6183.611499786377","6183.611499786377","6183.611499786377"
"6255.256673213","6183.611499786377","6183.611499786377","6183.611499786377"
"6265.255961252","6183.611503601074","6183.611503601074","6183.611503601074"
"6275.256283481","6183.611503601074","6183.611503601074","6183.611503601074"
"6285.256537299","6183.611503601074","6183.611503601074","6183.611503601074"
"6295.256778695","6183.611503601074","6183.611503601074","6183.611503601074"
"6305.256796052","6183.611503601074","6183.611503601074","6183.611503601074"
"6315.256196801","6183.6115074157715","6183.6115074157715","6183.6115074157715"
"6325.256448876","6183.6115074157715","6183.6115074157715","6183.6115074157715"
"6335.256294767","6183.611511230469","6183.611511230469","6183.611511230469"
"6345.256602236","6183.611511230469","6183.611511230469","6183.611511230469"
"6355.257001092","6183.611511230469","6183.611511230469","6183.611511230469"
"6365.256505092","6183.611511230469","6183.611511230469","6183.611511230469"
"6375.2563309","6183.611515045166","6183.611515045166","6183.611515045166"
"6385.25712159","6183.611515045166","6183.611515045166","6183.611515045166"
"6395.256790958","6183.611515045166","6183.611515045166","6183.611515045166"
"6405.256262307","6183.611518859863","6183.611518859863","6183.611518859863"
"6415.256041572","6183.611518859863","6183.611518859863","6183.611518859863"
"6425.256801912","6183.611518859863","6183.611518859863","6183.611518859863"
"6435.257168963","6183.611522674561","6183.611522674561","6183.611522674561"
"6445.256580681","6183.611522674561","6183.611522674561","6183.611522674561"
"6455.256549633","6183.611522674561","6183.611522674561","6183.611522674561"
"6465.256278893","6183.611522674561","6183.611522674561","6183.611522674561"
"6475.256966399","6183.611526489258","6183.611526489258","6183.611526489258"
"6485.258309667","6183.611526489258","6183.611526489258","6183.611526489258"
"6495.25703329","6183.611526489258","6183.611526489258","6183.611526489258"
"6505.256262837","6183.611530303955","6183.611530303955","6183.611530303955"
"6515.256820008","6183.611530303955","6183.611530303955","6183.611530303955"
"6525.257335249","6183.611530303955","6183.611530303955","6183.611530303955"
"6535.256666925","6183.611530303955","6183.611530303955","6183.611530303955"
"6545.256768527","6183.611534118652","6183.611534118652","6183.611534118652"
"6555.256610635","6183.611534118652","6183.611534118652","6183.611534118652"
"6565.256868207","6183.611534118652","6183.611534118652","6183.611534118652"
"6575.256545073","6183.61153793335","6183.61153793335","6183.61153793335"
"6585.257376099","6183.61153793335","6183.61153793335","6183.61153793335"
"6595.25665077","6183.61153793335","6183.61153793335","6183.61153793335"
"6605.256819147","6183.61153793335","6183.61153793335","6183.61153793335"
"6615.256409235","6183.611541748047","6183.611541748047","6183.611541748047"
"6625.256967669","6183.611541748047","6183.611541748047","6183.611541748047"
"6635.256482109","6183.611541748047","6183.611541748047","6183.611541748047"
"6645.256163004","6183.611545562744","6183.611545562744","6183.611545562744"
"6655.256299545","6183.611545562744","6183.611545562744","6183.611545562744"
"6665.257254847","6183.611545562744","6183.611545562744","6183.611545562744"
"6675.257373864","6183.611549377441","6183.611549377441","6183.611549377441"
"6685.257359826","6183.611549377441","6183.611549377441","6183.611549377441"
"6695.256406919","6183.611549377441","6183.611549377441","6183.611549377441"
"6705.256755471","6183.611549377441","6183.611549377441","6183.611549377441"
"6715.256156231","6183.611549377441","6183.611549377441","6183.611549377441"
"6725.25690446","6183.611553192139","6183.611553192139","6183.611553192139"
"6735.256133199","6183.611553192139","6183.611553192139","6183.611553192139"
"6745.256895447","6183.611557006836","6183.611557006836","6183.611557006836"
"6755.256361342","6183.611557006836","6183.611557006836","6183.611557006836"
"6765.257237632","6183.611557006836","6183.611557006836","6183.611557006836"
"6775.256994187","6183.611557006836","6183.611557006836","6183.611557006836"
"6785.256665299","6183.611560821533","6183.611560821533","6183.611560821533"
"6795.257440667","6183.611560821533","6183.611560821533","6183.611560821533"
"6805.256966208","6183.611560821533","6183.611560821533","6183.611560821533"
"6815.256475847","6183.611560821533","6183.611560821533","6183.611560821533"
"6825.256703531","6183.6115646362305","6183.6115646362305","6183.6115646362305"
"6835.256301221","6183.6115646362305","6183.6115646362305","6183.6115646362305"
"6845.256487611","6183.6115646362305","6183.6115646362305","6183.6115646362305"
"6855.25679885","6183.611568450928","6183.611568450928","6183.611568450928"
"6865.257105611","6183.611568450928","6183.611568450928","6183.611568450928"
"6875.256531711","6183.611568450928","6183.611568450928","6183.611568450928"
"6885.256162863","6183.611572265625","6183.611572265625","6183.611572265625"
"6895.257214397","6183.611572265625","6183.611572265625","6183.611572265625"
"6905.256522559","6183.611576080322","6183.611576080322","6183.611576080322"
"6915.256985471","6183.6115798950195","6183.6115798950195","6183.6115798950195"
"6925.257309089","6183.6115798950195","6183.6115798950195","6183.6115798950195"
"6935.256927237","6183.6115798950195","6183.6115798950195","6183.6115798950195"
"6945.256246762","6183.611583709717","6183.611583709717","6183.611583709717"
"6955.256861448","6183.611583709717","6183.611583709717","6183.611583709717"
"6965.256845031","6183.611587524414","6183.611587524414","6183.611587524414"
"6975.257086016","6183.611587524414","6183.611587524414","6183.611587524414"
"6985.257100755","6183.611591339111","6183.611591339111","6183.611591339111"
"6995.256698392","6183.611595153809","6183.611595153809","6183.611595153809"
"7005.256506989","6183.611595153809","6183.611595153809","6183.611595153809"
"7015.256588757","6183.611598968506","6183.611598968506","6183.611598968506"
"7025.25682761","6183.611602783203","6183.611602783203","6183.611602783203"
"7035.256088424","6183.611602783203","6183.611602783203","6183.611602783203"
"7045.256713224","6183.6116065979","6183.6116065979","6183.6116065979"
"7055.256487217","6183.6116065979","6183.6116065979","6183.6116065979"
"7065.25629433","6183.611610412598","6183.611610412598","6183.611610412598"
"7075.256139385","6183.611610412598","6183.611610412598","6183.611610412598"
"7085.256341266","6183.611614227295","6183.611614227295","6183.611614227295"
"7095.256352439","6183.611614227295","6183.611614227295","6183.611614227295"
"7105.256551914","6183.611614227295","6183.611614227295","6183.611614227295"
"7115.256033731","6183.611618041992","6183.611618041992","6183.611618041992"
"7125.256432884","6183.611621856689","6183.611621856689","6183.611621856689"
"7135.257004482","6183.611621856689","6183.611621856689","6183.611621856689"
"7145.257019529","6183.611621856689","6183.611621856689","6183.611621856689"
"7155.256747043","6183.611625671387","6183.611625671387","6183.611625671387"
"7165.256838861","6183.611625671387","6183.611625671387","6183.611625671387"
"7175.256453453","6183.611629486084","6183.611629486084","6183.611629486084"
"7185.256858439","6183.611629486084","6183.611629486084","6183.611629486084"
"7195.257254519","6183.611629486084","6183.611629486084","6183.611629486084"
"7205.256988803","6183.611633300781","6183.611633300781","6183.611633300781"
"7215.256109073","6183.611633300781","6183.611633300781","6183.611633300781"
"7225.256514271","6183.6116371154785","6183.6116371154785","6183.6116371154785"
"7235.256758406","6183.6116371154785","6183.6116371154785","6183.6116371154785"
"7245.257364227","6183.611640930176","6183.611640930176","6183.611640930176"
"7255.257122871","6183.611640930176","6183.611640930176","6183.611640930176"
"7265.256383488","6183.611644744873","6183.611644744873","6183.611644744873"
"7275.256946141","6183.611644744873","6183.611644744873","6183.611644744873"
"7285.256401238","6183.61164855957","6183.61164855957","6183.61164855957"
"7295.25767101","6183.61164855957","6183.61164855957","6183.61164855957"
"7305.257049597","6183.611652374268","6183.611652374268","6183.611652374268"
"7315.256410281","6183.611652374268","6183.611652374268","6183.611652374268"
"7325.2569915","6183.611656188965","6183.611656188965","6183.611656188965"
"7335.256708065","6183.611656188965","6183.611656188965","6183.611656188965"
"7345.256606654","6183.611656188965","6183.611656188965","6183.611656188965"
"7355.256444515","6183.611660003662","6183.611660003662","6183.611660003662"
"7365.256813111","6183.611660003662","6183.611660003662","6183.611660003662"
"7375.25690772","6183.611663818359","6183.611663818359","6183.611663818359"
"7385.257074723","6183.611667633057","6183.611667633057","6183.611667633057"
"7395.256845698","6183.611667633057","6183.611667633057","6183.611667633057"
"7405.256916869","6183.611667633057","6183.611667633057","6183.611667633057"
"7415.256553963","6183.611671447754","6183.611671447754","6183.611671447754"
"7425.256508913","6183.611675262451","6183.611675262451","6183.611675262451"
"7435.256459196","6183.611675262451","6183.611675262451","6183.611675262451"
"7445.256317337","6183.611675262451","6183.611675262451","6183.611675262451"
"7455.256674516","6183.611679077148","6183.611679077148","6183.611679077148"
"7465.257197005","6183.611679077148","6183.611679077148","6183.611679077148"
"7475.256829593","6183.611682891846","6183.611682891846","6183.611682891846"
"7485.257258837","6183.611682891846","6183.611682891846","6183.611682891846"
"7495.256600016","6183.611686706543","6183.611686706543","6183.611686706543"
"7505.257123825","6183.611686706543","6183.611686706543","6183.611686706543"
"7515.256670649","6183.61169052124","6183.61169052124","6183.61169052124"
"7525.256211281","6183.61169052124","6183.61169052124","6183.61169052124"
"7535.256947908","6183.6116943359375","6183.6116943359375","6183.6116943359375"
"7545.257308962","6183.6116943359375","6183.6116943359375","6183.6116943359375"
"7555.257262829","6183.611698150635","6183.611698150635","6183.611698150635"
"7565.256283078","6183.611698150635","6183.611698150635","6183.611698150635"
"7575.256350485","6183.611701965332","6183.611701965332","6183.611701965332"
"7585.257127362","6183.611701965332","6183.611701965332","6183.611701965332"
"7595.257121542","6183.611705780029","6183.611705780029","6183.611705780029"
"7605.256189134","6183.611705780029","6183.611705780029","6183.611705780029"
"7615.256266327","6183.611709594727","6183.611709594727","6183.611709594727"
"7625.256148198","6183.611709594727","6183.611709594727","6183.611709594727"
"7635.256207573","6183.611709594727","6183.611709594727","6183.611709594727"
"7645.256332584","6183.611713409424","6183.611713409424","6183.611713409424"
"7655.257294989","6183.611713409424","6183.611713409424","6183.611713409424"
"7665.256681539","6183.611717224121","6183.611717224121","6183.611717224121"
"7675.256649037","6183.611717224121","6183.611717224121","6183.611717224121"
"7685.256930129","6183.611721038818","6183.611721038818","6183.611721038818"
"7695.257115639","6183.611721038818","6183.611721038818","6183.611721038818"
"7705.25665386","6183.611724853516","6183.611724853516","6183.611724853516"
"7715.256139488","6183.611724853516","6183.611724853516","6183.611724853516"
"7725.256857043","6183.611724853516","6183.611724853516","6183.611724853516"
"7735.256577953","6183.611728668213","6183.611728668213","6183.611728668213"
"7745.256949813","6183.61173248291","6183.61173248291","6183.61173248291"
"7755.256823543","6183.61173248291","6183.61173248291","6183.61173248291"
"7765.257049695","6183.611736297607","6183.611736297607","6183.611736297607"
"7775.256672309","6183.611736297607","6183.611736297607","6183.611736297607"
"7785.256194394","6183.611736297607","6183.611736297607","6183.611736297607"
"7795.256951428","6183.611740112305","6183.611740112305","6183.611740112305"
"7805.257283038","6183.611740112305","6183.611740112305","6183.611740112305"
"7815.256355315","6183.611743927002","6183.611743927002","6183.611743927002"
"7825.256551025","6183.611743927002","6183.611743927002","6183.611743927002"
"7835.256339829","6183.611743927002","6183.611743927002","6183.611743927002"
"7845.257032329","6183.611747741699","6183.611747741699","6183.611747741699"
"7855.256486246","6183.6117515563965","6183.6117515563965","6183.6117515563965"
"7865.256297972","6183.611755371094","6183.611755371094","6183.611755371094"
"7875.256449725","6183.611755371094","6183.611755371094","6183.611755371094"
"7885.256383593","6183.611759185791","6183.611759185791","6183.611759185791"
"7895.256429768","6183.611759185791","6183.611759185791","6183.611759185791"
"7905.257293359","6183.611759185791","6183.611759185791","6183.611759185791"
"7915.257007199","6183.611763000488","6183.611763000488","6183.611763000488"
"7925.25602875","6183.611766815186","6183.611766815186","6183.611766815186"
"7935.256464732","6183.611766815186","6183.611766815186","6183.611766815186"
"7945.256961692","6183.611770629883","6183.611770629883","6183.611770629883"
"7955.25644222","6183.611770629883","6183.611770629883","6183.611770629883"
"7965.256298046","6183.611770629883","6183.611770629883","6183.611770629883"
"7975.256095045","6183.61177444458","6183.61177444458","6183.61177444458"
"7985.256533768","6183.61177444458","6183.61177444458","6183.61177444458"
"7995.25695765","6183.611778259277","6183.611778259277","6183.611778259277"
"8005.256993556","6183.611778259277","6183.611778259277","6183.611778259277"
"8015.257109256","6183.611782073975","6183.611782073975","6183.611782073975"
"8025.256850751","6183.611782073975","6183.611782073975","6183.611782073975"
"8035.25655188","6183.611785888672","6183.611785888672","6183.611785888672"
"8045.256650069","6183.611785888672","6183.611785888672","6183.611785888672"
"8055.257173029","6183.611789703369","6183.611789703369","6183.611789703369"
"8065.257064893","6183.611789703369","6183.611789703369","6183.611789703369"
"8075.256827389","6183.611793518066","6183.611793518066","6183.611793518066"
"8085.256441517","6183.611793518066","6183.611793518066","6183.611793518066"
"8095.256528747","6183.611793518066","6183.611793518066","6183.611793518066"
"8105.256534984","6183.611797332764","6183.611797332764","6183.611797332764"
"8115.257163725","6183.611797332764","6183.611797332764","6183.611797332764"
"8125.256745612","6183.611801147461","6183.611801147461","6183.611801147461"
"8135.256290518","6183.611801147461","6183.611801147461","6183.611801147461"
"8145.258400532","6183.611804962158","6183.611804962158","6183.611804962158"
"8155.256433831","6183.611804962158","6183.611804962158","6183.611804962158"
"8165.256398272","6183.6118087768555","6183.6118087768555","6183.6118087768555"
"8175.257155909","6183.6118087768555","6183.6118087768555","6183.6118087768555"
"8185.256408874","6183.611812591553","6183.611812591553","6183.611812591553"
"8195.256397182","6183.611812591553","6183.611812591553","6183.611812591553"
"8205.256805568","6183.61181640625","6183.61181640625","6183.61181640625"
"8215.25681967","6183.61181640625","6183.61181640625","6183.61181640625"
"8225.256531386","6183.611820220947","6183.611820220947","6183.611820220947"
"8235.257301949","6183.611820220947","6183.611820220947","6183.611820220947"
"8245.256596356","6183.6118240356445","6183.6118240356445","6183.6118240356445"
"8255.256792852","6183.6118240356445","6183.6118240356445","6183.6118240356445"
"8265.256649506","6183.611827850342","6183.611827850342","6183.611827850342"
"8275.256753166","6183.611827850342","6183.611827850342","6183.611827850342"
"8285.256619097","6183.611831665039","6183.611831665039","6183.611831665039"
"8295.256477884","6183.611831665039","6183.611831665039","6183.611831665039"
"8305.256858105","6183.611835479736","6183.611835479736","6183.611835479736"
"8315.256318485","6183.611835479736","6183.611835479736","6183.611835479736"
"8325.256584151","6183.611839294434","6183.611839294434","6183.611839294434"
"8335.256942232","6183.611839294434","6183.611839294434","6183.611839294434"
"8345.256643073","6183.611843109131","6183.611843109131","6183.611843109131"
"8355.257345168","6183.611846923828","6183.611846923828","6183.611846923828"
"8365.25616577","6183.611846923828","6183.611846923828","6183.611846923828"
"8375.256689305","6183.611846923828","6183.611846923828","6183.611846923828"
"8385.257279406","6183.611850738525","6183.611850738525","6183.611850738525"
"8395.256841172","6183.611850738525","6183.611850738525","6183.611850738525"
"8405.257053555","6183.611854553223","6183.611854553223","6183.611854553223"
"8415.256952387","6183.611854553223","6183.611854553223","6183.611854553223"
"8425.257349379","6183.611854553223","6183.611854553223","6183.611854553223"
"8435.257041094","6183.61185836792","6183.61185836792","6183.61185836792"
"8445.256987656","6183.61185836792","6183.61185836792","6183.61185836792"
"8455.25622795","6183.61185836792","6183.61185836792","6183.61185836792"
"8465.257087709","6183.611862182617","6183.611862182617","6183.611862182617"
"8475.256153667","6183.611862182617","6183.611862182617","6183.611862182617"
"8485.256247828","6183.611862182617","6183.611862182617","6183.611862182617"
"8495.256712262","6183.611865997314","6183.611865997314","6183.611865997314"
"8505.257720455","6183.611865997314","6183.611865997314","6183.611865997314"
"8515.256523895","6183.611865997314","6183.611865997314","6183.611865997314"
"8525.256139577","6183.611865997314","6183.611865997314","6183.611865997314"
"8535.256839098","6183.611869812012","6183.611869812012","6183.611869812012"
"8545.256808753","6183.611869812012","6183.611869812012","6183.611869812012"
"8555.256966959","6183.611869812012","6183.611869812012","6183.611869812012"
"8565.256288415","6183.611869812012","6183.611869812012","6183.611869812012"
"8575.256895394","6183.611873626709","6183.611873626709","6183.611873626709"
"8585.257410355","6183.611873626709","6183.611873626709","6183.611873626709"
"8595.257040173","6183.611873626709","6183.611873626709","6183.611873626709"
"8605.256341604","6183.611877441406","6183.611877441406","6183.611877441406"
"8615.256482554","6183.611877441406","6183.611877441406","6183.611877441406"
"8625.25713835","6183.611877441406","6183.611877441406","6183.611877441406"
"8635.256434225","6183.611877441406","6183.611877441406","6183.611877441406"
"8645.257098036","6183.6118812561035","6183.6118812561035","6183.6118812561035"
"8655.257367834","6183.6118812561035","6183.6118812561035","6183.6118812561035"
"8665.256325128","6183.6118812561035","6183.6118812561035","6183.6118812561035"
"8675.256199924","6183.611885070801","6183.611885070801","6183.611885070801"
"8685.256975543","6183.611885070801","6183.611885070801","6183.611885070801"
"8695.25645931","6183.611885070801","6183.611885070801","6183.611885070801"
"8705.257003583","6183.611885070801","6183.611885070801","6183.611885070801"
"8715.256865608","6183.611888885498","6183.611888885498","6183.611888885498"
"8725.256762957","6183.611888885498","6183.611888885498","6183.611888885498"
"8735.256723198","6183.611888885498","6183.611888885498","6183.611888885498"
"8745.256310021","6183.611892700195","6183.611892700195","6183.611892700195"
"8755.256740522","6183.611892700195","6183.611892700195","6183.611892700195"
"8765.256518411","6183.611892700195","6183.611892700195","6183.611892700195"
"8775.256571876","6183.611896514893","6183.611896514893","6183.611896514893"
"8785.256482239","6183.611896514893","6183.611896514893","6183.611896514893"
"8795.256418864","6183.61190032959","6183.61190032959","6183.61190032959"
"8805.256832902","6183.61190032959","6183.61190032959","6183.61190032959"
"8815.257153967","6183.611904144287","6183.611904144287","6183.611904144287"
"8825.257066142","6183.611904144287","6183.611904144287","6183.611904144287"
"8835.256853707","6183.611907958984","6183.611907958984","6183.611907958984"
"8845.256477425","6183.611907958984","6183.611907958984","6183.611907958984"
"8855.256940192","6183.611911773682","6183.611911773682","6183.611911773682"
"8865.257281123","6183.611911773682","6183.611911773682","6183.611911773682"
"8875.25703435","6183.611915588379","6183.611915588379","6183.611915588379"
"8885.256679247","6183.611915588379","6183.611915588379","6183.611915588379"
"8895.256658375","6183.611915588379","6183.611915588379","6183.611915588379"
"8905.25676578","6183.611919403076","6183.611919403076","6183.611919403076"
"8915.256278042","6183.611919403076","6183.611919403076","6183.611919403076"
"8925.256586088","6183.611923217773","6183.611923217773","6183.611923217773"
"8935.256813269","6183.611923217773","6183.611923217773","6183.611923217773"
"8945.256194903","6183.611927032471","6183.611927032471","6183.611927032471"
"8955.256562868","6183.611927032471","6183.611927032471","6183.611927032471"
"8965.256665105","6183.611930847168","6183.611930847168","6183.611930847168"
"8975.256570818","6183.611930847168","6183.611930847168","6183.611930847168"
"8985.257118108","6183.611934661865","6183.611934661865","6183.611934661865"
"8995.256355595","6183.6119384765625","6183.6119384765625","6183.6119384765625"
"9005.25618342","6183.61194229126","6183.61194229126","6183.61194229126"
"9015.256164831","6183.611946105957","6183.611946105957","6183.611946105957"
"9025.25667796","6183.611949920654","6183.611949920654","6183.611949920654"
"9035.256837261","6183.611949920654","6183.611949920654","6183.611949920654"
"9045.257038664","6183.611949920654","6183.611949920654","6183.611949920654"
"9055.257180951","6183.611953735352","6183.611953735352","6183.611953735352"
"9065.256954633","6183.611957550049","6183.611957550049","6183.611957550049"
"9075.256271374","6183.611957550049","6183.611957550049","6183.611957550049"
"9085.25730621","6183.611961364746","6183.611961364746","6183.611961364746"
"9095.256469226","6183.611965179443","6183.611965179443","6183.611965179443"
"9105.256966973","6183.611965179443","6183.611965179443","6183.611965179443"
"9115.256982819","6183.611968994141","6183.611968994141","6183.611968994141"
"9125.256384053","6183.611968994141","6183.611968994141","6183.611968994141"
"9135.256409419","6183.611972808838","6183.611972808838","6183.611972808838"
"9145.256714715","6183.611972808838","6183.611972808838","6183.611972808838"
"9155.256797755","6183.611976623535","6183.611976623535","6183.611976623535"
"9165.256636125","6183.611976623535","6183.611976623535","6183.611976623535"
"9175.25732042","6183.611980438232","6183.611980438232","6183.611980438232"
"9185.256758992","6183.611980438232","6183.611980438232","6183.611980438232"
"9195.257217653","6183.61198425293","6183.61198425293","6183.61198425293"
"9205.256074915","6183.61198425293","6183.61198425293","6183.61198425293"
"9215.25703894","6183.61198425293","6183.61198425293","6183.61198425293"
"9225.256288506","6183.611988067627","6183.611988067627","6183.611988067627"
"9235.256609042","6183.611988067627","6183.611988067627","6183.611988067627"
"9245.256910265","6183.611991882324","6183.611991882324","6183.611991882324"
"9255.257514798","6183.611991882324","6183.611991882324","6183.611991882324"
"9265.257259573","6183.6119956970215","6183.6119956970215","6183.6119956970215"
"9275.256347476","6183.6119956970215","6183.6119956970215","6183.6119956970215"
"9285.257047421","6183.611999511719","6183.611999511719","6183.611999511719"
"9295.256267851","6183.611999511719","6183.611999511719","6183.611999511719"
"9305.25700569","6183.612003326416","6183.612003326416","6183.612003326416"
"9315.257002572","6183.612003326416","6183.612003326416","6183.612003326416"
"9325.257264901","6183.612007141113","6183.612007141113","6183.612007141113"
"9335.256518084","6183.612010955811","6183.612010955811","6183.612010955811"
"9345.25685465","6183.612010955811","6183.612010955811","6183.612010955811"
"9355.256849749","6183.612014770508","6183.612014770508","6183.612014770508"
"9365.256424931","6183.612014770508","6183.612014770508","6183.612014770508"
"9375.256761881","6183.612018585205","6183.612018585205","6183.612018585205"
"9385.256419859","6183.612018585205","6183.612018585205","6183.612018585205"
"9395.25700421","6183.612022399902","6183.612022399902","6183.612022399902"
"9405.257484917","6183.612022399902","6183.612022399902","6183.612022399902"
"9415.257069341","6183.612022399902","6183.612022399902","6183.612022399902"
"9425.256745332","6183.6120262146","6183.6120262146","6183.6120262146"
"9435.25696242","6183.6120262146","6183.6120262146","6183.6120262146"
"9445.256960733","6183.612030029297","6183.612030029297","6183.612030029297"
"9455.257334198","6183.612030029297","6183.612030029297","6183.612030029297"
"9465.256506236","6183.612033843994","6183.612033843994","6183.612033843994"
"9475.25642173","6183.612033843994","6183.612033843994","6183.612033843994"
"9485.257109194","6183.612037658691","6183.612037658691","6183.612037658691"
"9495.257266754","6183.612037658691","6183.612037658691","6183.612037658691"
"9505.256343773","6183.612037658691","6183.612037658691","6183.612037658691"
"9515.256725893","6183.612041473389","6183.612041473389","6183.612041473389"
"9525.256945087","6183.612041473389","6183.612041473389","6183.612041473389"
"9535.256510768","6183.612041473389","6183.612041473389","6183.612041473389"
"9545.25663237","6183.612045288086","6183.612045288086","6183.612045288086"
"9555.257569199","6183.612045288086","6183.612045288086","6183.612045288086"
"9565.25678969","6183.612045288086","6183.612045288086","6183.612045288086"
"9575.256580995","6183.612045288086","6183.612045288086","6183.612045288086"
"9585.256459552","6183.612049102783","6183.612049102783","6183.612049102783"
"9595.256854834","6183.612049102783","6183.612049102783","6183.612049102783"
"9605.256999196","6183.612049102783","6183.612049102783","6183.612049102783"
"9615.257412608","6183.6120529174805","6183.6120529174805","6183.6120529174805"
"9625.256666467","6183.6120529174805","6183.6120529174805","6183.6120529174805"
"9635.256362576","6183.6120529174805","6183.6120529174805","6183.6120529174805"
"9645.257425743","6183.612056732178","6183.612056732178","6183.612056732178"
"9655.25677573","6183.612056732178","6183.612056732178","6183.612056732178"
"9665.257224972","6183.612056732178","6183.612056732178","6183.612056732178"
"9675.257075222","6183.612056732178","6183.612056732178","6183.612056732178"
"9685.25673618","6183.612060546875","6183.612060546875","6183.612060546875"
"9695.256291207","6183.612060546875","6183.612060546875","6183.612060546875"
"9705.256426797","6183.612060546875","6183.612060546875","6183.612060546875"
"9715.256561105","6183.612064361572","6183.612064361572","6183.612064361572"
"9725.256317756","6183.612064361572","6183.612064361572","6183.612064361572"
"9735.257502581","6183.612064361572","6183.612064361572","6183.612064361572"
"9745.256710262","6183.612064361572","6183.612064361572","6183.612064361572"
"9755.256344806","6183.6120681762695","6183.6120681762695","6183.6120681762695"
"9765.257229694","6183.612071990967","6183.612071990967","6183.612071990967"
"9775.256608301","6183.612075805664","6183.612075805664","6183.612075805664"
"9785.256521365","6183.612075805664","6183.612075805664","6183.612075805664"
"9795.257766042","6183.612079620361","6183.612079620361","6183.612079620361"
"9805.256111825","6183.612079620361","6183.612079620361","6183.612079620361"
"9815.256866142","6183.612079620361","6183.612079620361","6183.612079620361"
"9825.256949996","6183.612083435059","6183.612083435059","6183.612083435059"
"9835.256220376","6183.612087249756","6183.612087249756","6183.612087249756"
"9845.257331375","6183.612087249756","6183.612087249756","6183.612087249756"
"9855.257027396","6183.612091064453","6183.612091064453","6183.612091064453"
"9865.256764725","6183.612091064453","6183.612091064453","6183.612091064453"
"9875.257203844","6183.612091064453","6183.612091064453","6183.612091064453"
"9885.256508307","6183.61209487915","6183.61209487915","6183.61209487915"
"9895.256384795","6183.61209487915","6183.61209487915","6183.61209487915"
"9905.256651956","6183.612098693848","6183.612098693848","6183.612098693848"
"9915.257466784","6183.612098693848","6183.612098693848","6183.612098693848"
"9925.257044214","6183.612098693848","6183.612098693848","6183.612098693848"
"9935.256767932","6183.612102508545","6183.612102508545","6183.612102508545"
"9945.257290701","6183.612102508545","6183.612102508545","6183.612102508545"
"9955.256874006","6183.612106323242","6183.612106323242","6183.612106323242"
"9965.256528712","6183.612110137939","6183.612110137939","6183.612110137939"
"9975.256023254","6183.612110137939","6183.612110137939","6183.612110137939"
"9985.256291143","6183.612110137939","6183.612110137939","6183.612110137939"
"9995.256457515","6183.612113952637","6183.612113952637","6183.612113952637"
"10005.256983955","6183.612113952637","6183.612113952637","6183.612113952637"
"10015.256903626","6183.612117767334","6183.612117767334","6183.612117767334"
"10025.256699996","6183.612117767334","6183.612117767334","6183.612117767334"
"10035.25648934","6183.612117767334","6183.612117767334","6183.612117767334"
"10045.256553381","6183.612121582031","6183.612121582031","6183.612121582031"
"10055.256070674","6183.6121253967285","6183.6121253967285","6183.6121253967285"
"10065.25631994","6183.6121253967285","6183.6121253967285","6183.6121253967285"
"10075.256786813","6183.612129211426","6183.612129211426","6183.612129211426"
"10085.256405845","6183.612133026123","6183.612133026123","6183.612133026123"
"10095.257088635","6183.612133026123","6183.612133026123","6183.612133026123"
"10105.257330328","6183.612133026123","6183.612133026123","6183.612133026123"
"10115.256938999","6183.61213684082","6183.61213684082","6183.61213684082"
"10125.256609509","6183.61213684082","6183.61213684082","6183.61213684082"
"10135.256014897","6183.61213684082","6183.61213684082","6183.61213684082"
"10145.257197834","6183.612140655518","6183.612140655518","6183.612140655518"
"10155.257640657","6183.612140655518","6183.612140655518","6183.612140655518"
"10165.256663819","6183.612140655518","6183.612140655518","6183.612140655518"
"10175.256540223","6183.612140655518","6183.612140655518","6183.612140655518"
"10185.256887996","6183.612144470215","6183.612144470215","6183.612144470215"
"10195.256577656","6183.612144470215","6183.612144470215","6183.612144470215"
"10205.256495898","6183.612144470215","6183.612144470215","6183.612144470215"
"10215.257262099","6183.612148284912","6183.612148284912","6183.612148284912"
"10225.257113207","6183.612148284912","6183.612148284912","6183.612148284912"
"10235.256978667","6183.612152099609","6183.612152099609","6183.612152099609"
"10245.256772443","6183.612152099609","6183.612152099609","6183.612152099609"
"10255.2566129","6183.612155914307","6183.612155914307","6183.612155914307"
"10265.257116266","6183.612159729004","6183.612159729004","6183.612159729004"
"10275.257408472","6183.612159729004","6183.612159729004","6183.612159729004"
"10285.257189406","6183.612163543701","6183.612163543701","6183.612163543701"
"10295.25668297","6183.612167358398","6183.612167358398","6183.612167358398"
"10305.256386734","6183.612167358398","6183.612167358398","6183.612167358398"
"10315.257368625","6183.612171173096","6183.612171173096","6183.612171173096"
"10325.256275887","6183.612174987793","6183.612174987793","6183.612174987793"
"10335.256503114","6183.612174987793","6183.612174987793","6183.612174987793"
"10345.256491501","6183.61217880249","6183.61217880249","6183.61217880249"
"10355.256746312","6183.6121826171875","6183.6121826171875","6183.6121826171875"
"10365.256228525","6183.6121826171875","6183.6121826171875","6183.6121826171875"
"10375.256599206","6183.6121826171875","6183.6121826171875","6183.6121826171875"
"10385.256681796","6183.612186431885","6183.612186431885","6183.612186431885"
"10395.256716201","6183.612186431885","6183.612186431885","6183.612186431885"
"10405.256710658","6183.612186431885","6183.612186431885","6183.612186431885"
"10415.256467154","6183.612186431885","6183.612186431885","6183.612186431885"
"10425.256854286","6183.612190246582","6183.612190246582","6183.612190246582"
"10435.256721842","6183.612194061279","6183.612194061279","6183.612194061279"
"10445.256964905","6183.612194061279","6183.612194061279","6183.612194061279"
"10455.256295831","6183.612197875977","6183.612197875977","6183.612197875977"
"10465.256470855","6183.612201690674","6183.612201690674","6183.612201690674"
"10475.256714645","6183.612205505371","6183.612205505371","6183.612205505371"
"10485.256274062","6183.612205505371","6183.612205505371","6183.612205505371"
"10495.257025131","6183.612209320068","6183.612209320068","6183.612209320068"
"10505.257043188","6183.612209320068","6183.612209320068","6183.612209320068"
"10515.256941394","6183.612213134766","6183.612213134766","6183.612213134766"
"10525.256621355","6183.612213134766","6183.612213134766","6183.612213134766"
"10535.25632275","6183.612216949463","6183.612216949463","6183.612216949463"
"10545.256455005","6183.612216949463","6183.612216949463","6183.612216949463"
"10555.257218744","6183.61222076416","6183.61222076416","6183.61222076416"
"10565.257166897","6183.61222076416","6183.61222076416","6183.61222076416"
"10575.256631863","6183.612224578857","6183.612224578857","6183.612224578857"
"10585.256221438","6183.612224578857","6183.612224578857","6183.612224578857"
"10595.25649432","6183.612224578857","6183.612224578857","6183.612224578857"
"10605.256238706","6183.613208770752","6183.613208770752","6183.613208770752"
"10615.256914499","6183.613212585449","6183.613212585449","6183.613212585449"
"10625.256602691","6183.613212585449","6183.613212585449","6183.613212585449"
"10635.25666858","6183.613212585449","6183.613212585449","6183.613212585449"
"10645.256642246","6183.6132164001465","6183.6132164001465","6183.6132164001465"
"10655.256973658","6183.6132164001465","6183.6132164001465","6183.6132164001465"
"10665.257099276","6183.613220214844","6183.613220214844","6183.613220214844"
"10675.2569599","6183.613220214844","6183.613220214844","6183.613220214844"
"10685.256715788","6183.613224029541","6183.613224029541","6183.613224029541"
"10695.257091849","6183.613224029541","6183.613224029541","6183.613224029541"
"10705.256740555","6183.613227844238","6183.613227844238","6183.613227844238"
"10715.257323427","6183.613227844238","6183.613227844238","6183.613227844238"
"10725.256156331","6183.613231658936","6183.613231658936","6183.613231658936"
"10735.256472792","6183.613231658936","6183.613231658936","6183.613231658936"
"10745.25700724","6183.613231658936","6183.613231658936","6183.613231658936"
"10755.256679598","6183.613235473633","6183.613235473633","6183.613235473633"
"10765.25650272","6183.61323928833","6183.61323928833","6183.61323928833"
"10775.257008237","6183.61323928833","6183.61323928833","6183.61323928833"
"10785.256801144","6183.61323928833","6183.61323928833","6183.61323928833"
"10795.256153029","6183.613243103027","6183.613243103027","6183.613243103027"
"10805.25744977","6183.613243103027","6183.613243103027","6183.613243103027"
"10815.256955436","6183.613246917725","6183.613246917725","6183.613246917725"
"10825.256848365","6183.613246917725","6183.613246917725","6183.613246917725"
"10835.256391387","6183.613250732422","6183.613250732422","6183.613250732422"
"10845.256664496","6183.613250732422","6183.613250732422","6183.613250732422"
"10855.256724917","6183.613254547119","6183.613254547119","6183.613254547119"
"10865.25717625","6183.613254547119","6183.613254547119","6183.613254547119"
"10875.256749613","6183.613258361816","6183.613258361816","6183.613258361816"
"10885.25681975","6183.613258361816","6183.613258361816","6183.613258361816"
"10895.256400414","6183.613258361816","6183.613258361816","6183.613258361816"
"10905.257274394","6183.613262176514","6183.613262176514","6183.613262176514"
"10915.257079649","6183.613262176514","6183.613262176514","6183.613262176514"
"10925.257089387","6183.613265991211","6183.613265991211","6183.613265991211"
"10935.256955467","6183.613265991211","6183.613265991211","6183.613265991211"
"10945.256982431","6183.613269805908","6183.613269805908","6183.613269805908"
"10955.256575097","6183.613269805908","6183.613269805908","6183.613269805908"
"10965.257203504","6183.6132736206055","6183.6132736206055","6183.6132736206055"
"10975.256935962","6183.6132736206055","6183.6132736206055","6183.6132736206055"
"10985.256867699","6183.613277435303","6183.613277435303","6183.613277435303"
"10995.256340297","6183.613277435303","6183.613277435303","6183.613277435303"
"11005.25603714","6183.61328125","6183.61328125","6183.61328125"
"11015.256724237","6183.61328125","6183.61328125","6183.61328125"
"11025.25678154","6183.613285064697","6183.613285064697","6183.613285064697"
"11035.256413044","6183.613285064697","6183.613285064697","6183.613285064697"
"11045.256548529","6183.6132888793945","6183.6132888793945","6183.6132888793945"
"11055.25724116","6183.6132888793945","6183.6132888793945","6183.6132888793945"
"11065.256726446","6183.613292694092","6183.613292694092","6183.613292694092"
"11075.257006853","6183.613292694092","6183.613292694092","6183.613292694092"
"11085.257337235","6183.613296508789","6183.613296508789","6183.613296508789"
"11095.259030333","6183.613296508789","6183.613296508789","6183.613296508789"
"11105.256832456","6183.613300323486","6183.613300323486","6183.613300323486"
"11115.256205874","6183.613300323486","6183.613300323486","6183.613300323486"
"11125.256919348","6183.613300323486","6183.613300323486","6183.613300323486"
"11135.256327252","6183.613304138184","6183.613304138184","6183.613304138184"
"11145.256870595","6183.613304138184","6183.613304138184","6183.613304138184"
"11155.257045424","6183.613307952881","6183.613307952881","6183.613307952881"
"11165.257013336","6183.613311767578","6183.613311767578","6183.613311767578"
"11175.257453679","6183.613311767578","6183.613311767578","6183.613311767578"
"11185.256722069","6183.613311767578","6183.613311767578","6183.613311767578"
"11195.257030814","6183.613315582275","6183.613315582275","6183.613315582275"
"11205.257706009","6183.613315582275","6183.613315582275","6183.613315582275"
"11215.256349855","6183.613319396973","6183.613319396973","6183.613319396973"
"11225.256558401","6183.613319396973","6183.613319396973","6183.613319396973"
"11235.25694051","6183.61332321167","6183.61332321167","6183.61332321167"
"11245.257025145","6183.61332321167","6183.61332321167","6183.61332321167"
"11255.256939406","6183.613327026367","6183.613327026367","6183.613327026367"
"11265.256418854","6183.613327026367","6183.613327026367","6183.613327026367"
"11275.257114247","6183.613330841064","6183.613330841064","6183.613330841064"
"11285.256697657","6183.613330841064","6183.613330841064","6183.613330841064"
"11295.256650718","6183.613334655762","6183.613334655762","6183.613334655762"
"11305.256490862","6183.613334655762","6183.613334655762","6183.613334655762"
"11315.256776373","6183.613338470459","6183.613338470459","6183.613338470459"
"11325.25644587","6183.613338470459","6183.613338470459","6183.613338470459"
"11335.256131589","6183.613342285156","6183.613342285156","6183.613342285156"
"11345.257204021","6183.613342285156","6183.613342285156","6183.613342285156"
"11355.256094986","6183.6133460998535","6183.6133460998535","6183.6133460998535"
"11365.25656326","6183.6133460998535","6183.6133460998535","6183.6133460998535"
"11375.257118394","6183.613349914551","6183.613349914551","6183.613349914551"
"11385.256996537","6183.613349914551","6183.613349914551","6183.613349914551"
"11395.256671705","6183.613349914551","6183.613349914551","6183.613349914551"
"11405.256184872","6183.613353729248","6183.613353729248","6183.613353729248"
"11415.256571776","6183.613353729248","6183.613353729248","6183.613353729248"
"11425.2561284","6183.613357543945","6183.613357543945","6183.613357543945"
"11435.25652502","6183.613361358643","6183.613361358643","6183.613361358643"
"11445.257077416","6183.613361358643","6183.613361358643","6183.613361358643"
"11455.25704907","6183.61336517334","6183.61336517334","6183.61336517334"
"11465.257171294","6183.61336517334","6183.61336517334","6183.61336517334"
"11475.256359703","6183.613368988037","6183.613368988037","6183.613368988037"
"11485.256222953","6183.613368988037","6183.613368988037","6183.613368988037"
"11495.256424416","6183.613372802734","6183.613372802734","6183.613372802734"
"11505.256732744","6183.613372802734","6183.613372802734","6183.613372802734"
"11515.25707485","6183.613376617432","6183.613376617432","6183.613376617432"
"11525.256837625","6183.613376617432","6183.613376617432","6183.613376617432"
"11535.256753008","6183.613376617432","6183.613376617432","6183.613376617432"
"11545.256976","6183.613380432129","6183.613380432129","6183.613380432129"
"11555.256566491","6183.613380432129","6183.613380432129","6183.613380432129"
"11565.258496333","6183.613384246826","6183.613384246826","6183.613384246826"
"11575.256852993","6183.613384246826","6183.613384246826","6183.613384246826"
"11585.256856924","6183.613388061523","6183.613388061523","6183.613388061523"
"11595.256208527","6183.613388061523","6183.613388061523","6183.613388061523"
"11605.257015472","6183.613388061523","6183.613388061523","6183.613388061523"
"11615.257086081","6183.613391876221","6183.613391876221","6183.613391876221"
"11625.257044411","6183.613391876221","6183.613391876221","6183.613391876221"
"11635.256968762","6183.613395690918","6183.613395690918","6183.613395690918"
"11645.256461039","6183.613399505615","6183.613399505615","6183.613399505615"
"11655.257495808","6183.613399505615","6183.613399505615","6183.613399505615"
"11665.256829581","6183.613399505615","6183.613399505615","6183.613399505615"
"11675.256584323","6183.613399505615","6183.613399505615","6183.613399505615"
"11685.256768906","6183.6134033203125","6183.6134033203125","6183.6134033203125"
"11695.256332133","6183.61340713501","6183.61340713501","6183.61340713501"
"11705.256749198","6183.61340713501","6183.61340713501","6183.61340713501"
"11715.256683788","6183.613410949707","6183.613410949707","6183.613410949707"
"11725.25635823","6183.613410949707","6183.613410949707","6183.613410949707"
"11735.256936577","6183.613414764404","6183.613414764404","6183.613414764404"
"11745.256807409","6183.613414764404","6183.613414764404","6183.613414764404"
"11755.256791909","6183.613418579102","6183.613418579102","6183.613418579102"
"11765.257040064","6183.613418579102","6183.613418579102","6183.613418579102"
"11775.256738594","6183.613422393799","6183.613422393799","6183.613422393799"
"11785.256759618","6183.613422393799","6183.613422393799","6183.613422393799"
"11795.256652724","6183.613422393799","6183.613422393799","6183.613422393799"
"11805.257170378","6183.613426208496","6183.613426208496","6183.613426208496"
"11815.257405793","6183.613437652588","6183.613437652588","6183.613437652588"
"11825.256863744","6183.613441467285","6183.613441467285","6183.613441467285"
"11835.256642816","6183.613441467285","6183.613441467285","6183.613441467285"
"11845.257110041","6183.613441467285","6183.613441467285","6183.613441467285"
"11855.256589128","6183.613445281982","6183.613445281982","6183.613445281982"
"11865.256387456","6183.613445281982","6183.613445281982","6183.613445281982"
"11875.257003215","6183.613445281982","6183.613445281982","6183.613445281982"
"11885.256252798","6183.61344909668","6183.61344909668","6183.61344909668"
"11895.25683246","6183.61344909668","6183.61344909668","6183.61344909668"
"11905.256510521","6183.61344909668","6183.61344909668","6183.61344909668"
"11915.257034083","6183.613452911377","6183.613452911377","6183.613452911377"
"11925.257108339","6183.613452911377","6183.613452911377","6183.613452911377"
"11935.257266749","6183.613452911377","6183.613452911377","6183.613452911377"
"11945.256557678","6183.613452911377","6183.613452911377","6183.613452911377"
"11955.257049163","6183.613452911377","6183.613452911377","6183.613452911377"
"11965.256364868","6183.613456726074","6183.613456726074","6183.613456726074"
"11975.257218654","6183.613456726074","6183.613456726074","6183.613456726074"
"11985.256949268","6183.613456726074","6183.613456726074","6183.613456726074"
"11995.256320451","6183.613456726074","6183.613456726074","6183.613456726074"
"12005.257070986","6183.6134605407715","6183.6134605407715","6183.6134605407715"
"12015.256056113","6183.6134605407715","6183.6134605407715","6183.6134605407715"
"12025.256066478","6183.6134605407715","6183.6134605407715","6183.6134605407715"
"12035.256401352","6183.613464355469","6183.613464355469","6183.613464355469"
"12045.256673832","6183.613464355469","6183.613464355469","6183.613464355469"
"12055.256782657","6183.613468170166","6183.613468170166","6183.613468170166"
"12065.257077493","6183.613471984863","6183.613471984863","6183.613471984863"
"12075.256365657","6183.613471984863","6183.613471984863","6183.613471984863"
"12085.256669195","6183.613475799561","6183.613475799561","6183.613475799561"
"12095.256663499","6183.613475799561","6183.613475799561","6183.613475799561"
"12105.256444176","6183.613475799561","6183.613475799561","6183.613475799561"
"12115.257181024","6183.613479614258","6183.613479614258","6183.613479614258"
"12125.256327976","6183.613483428955","6183.613483428955","6183.613483428955"
"12135.256839986","6183.613487243652","6183.613487243652","6183.613487243652"
"12145.256888645","6183.61349105835","6183.61349105835","6183.61349105835"
"12155.256247844","6183.61349105835","6183.61349105835","6183.61349105835"
"12165.25673828","6183.613494873047","6183.613494873047","6183.613494873047"
"12175.256570397","6183.613494873047","6183.613494873047","6183.613494873047"
"12185.257008917","6183.613498687744","6183.613498687744","6183.613498687744"
"12195.256736904","6183.613498687744","6183.613498687744","6183.613498687744"
"12205.25650354","6183.613502502441","6183.613502502441","6183.613502502441"
"12215.256309135","6183.613502502441","6183.613502502441","6183.613502502441"
"12225.257105522","6183.613502502441","6183.613502502441","6183.613502502441"
"12235.256503367","6183.613506317139","6183.613506317139","6183.613506317139"
"12245.256832062","6183.613510131836","6183.613510131836","6183.613510131836"
"12255.258575043","6183.613510131836","6183.613510131836","6183.613510131836"
"12265.256281401","6183.613510131836","6183.613510131836","6183.613510131836"
"12275.256402184","6183.613513946533","6183.613513946533","6183.613513946533"
"12285.256352747","6183.613513946533","6183.613513946533","6183.613513946533"
"12295.257039902","6183.6135177612305","6183.6135177612305","6183.6135177612305"
"12305.256961735","6183.6135177612305","6183.6135177612305","6183.6135177612305"
"12315.256513265","6183.613521575928","6183.613521575928","6183.613521575928"
"12325.256550568","6183.613521575928","6183.613521575928","6183.613521575928"
"12335.256911158","6183.613521575928","6183.613521575928","6183.613521575928"
"12345.256399014","6183.613525390625","6183.613525390625","6183.613525390625"
"12355.256990923","6183.613529205322","6183.613529205322","6183.613529205322"
"12365.256720087","6183.613529205322","6183.613529205322","6183.613529205322"
"12375.256563326","6183.613529205322","6183.613529205322","6183.613529205322"
"12385.256633016","6183.6135330200195","6183.6135330200195","6183.6135330200195"
"12395.257127016","6183.6135330200195","6183.6135330200195","6183.6135330200195"
"12405.257499978","6183.613536834717","6183.613536834717","6183.613536834717"
"12415.25649584","6183.613536834717","6183.613536834717","6183.613536834717"
"12425.25610655","6183.613540649414","6183.613540649414","6183.613540649414"
"12435.257456155","6183.613544464111","6183.613544464111","6183.613544464111"
"12445.257079619","6183.613544464111","6183.613544464111","6183.613544464111"
"12455.256410119","6183.613544464111","6183.613544464111","6183.613544464111"
"12465.256920885","6183.613548278809","6183.613548278809","6183.613548278809"
"12475.256992393","6183.613548278809","6183.613548278809","6183.613548278809"
"12485.25735485","6183.613552093506","6183.613552093506","6183.613552093506"
"12495.256049019","6183.613552093506","6183.613552093506","6183.613552093506"
"12505.256305319","6183.613555908203","6183.613555908203","6183.613555908203"
"12515.256442329","6183.613555908203","6183.613555908203","6183.613555908203"
"12525.256186921","6183.613555908203","6183.613555908203","6183.613555908203"
"12535.256076823","6183.6135597229","6183.6135597229","6183.6135597229"
"12545.256548584","6183.6135597229","6183.6135597229","6183.6135597229"
"12555.256688957","6183.613563537598","6183.613563537598","6183.613563537598"
"12565.257142765","6183.613567352295","6183.613567352295","6183.613567352295"
"12575.256252797","6183.613567352295","6183.613567352295","6183.613567352295"
"12585.256196473","6183.613571166992","6183.613571166992","6183.613571166992"
"12595.256756479","6183.613571166992","6183.613571166992","6183.613571166992"
"12605.25669147","6183.613574981689","6183.613574981689","6183.613574981689"
"12615.257020079","6183.613571166992","6183.613571166992","6183.613571166992"
"12625.256821878","6183.613571166992","6183.613571166992","6183.613571166992"
"12635.256702738","6183.613574981689","6183.613574981689","6183.613574981689"
"12645.257438343","6183.613574981689","6183.613574981689","6183.613574981689"
"12655.257101722","6183.613578796387","6183.613578796387","6183.613578796387"
"12665.256464277","6183.613578796387","6183.613578796387","6183.613578796387"
"12675.256634143","6183.613582611084","6183.613582611084","6183.613582611084"
"12685.25679638","6183.613582611084","6183.613582611084","6183.613582611084"
"12695.256278116","6183.613586425781","6183.613586425781","6183.613586425781"
"12705.257078868","6183.613586425781","6183.613586425781","6183.613586425781"
"12715.256995728","6183.6135902404785","6183.6135902404785","6183.6135902404785"
"12725.256530308","6183.6135902404785","6183.6135902404785","6183.6135902404785"
"12735.256481545","6183.613594055176","6183.613594055176","6183.613594055176"
"12745.256034608","6183.613594055176","6183.613594055176","6183.613594055176"
"12755.25689221","6183.613597869873","6183.613597869873","6183.613597869873"
"12765.256648323","6183.613597869873","6183.613597869873","6183.613597869873"
"12775.257210872","6183.613597869873","6183.613597869873","6183.613597869873"
"12785.256527137","6183.61360168457","6183.61360168457","6183.61360168457"
"12795.257092844","6183.61360168457","6183.61360168457","6183.61360168457"
"12805.256876719","6183.61360168457","6183.61360168457","6183.61360168457"
"12815.256555777","6183.613605499268","6183.613605499268","6183.613605499268"
"12825.258098929","6183.613605499268","6183.613605499268","6183.613605499268"
"12835.256907465","6183.613609313965","6183.613609313965","6183.613609313965"
"12845.257198082","6183.617427825928","6183.617427825928","6183.617427825928"
"12855.256085799","6183.617431640625","6183.617431640625","6183.617431640625"
"12865.256564242","6183.617431640625","6183.617431640625","6183.617431640625"
"12875.256660605","6183.617431640625","6183.617431640625","6183.617431640625"
"12885.257099485","6183.617435455322","6183.617435455322","6183.617435455322"
"12895.257150061","6183.617435455322","6183.617435455322","6183.617435455322"
"12905.256662744","6183.6174392700195","6183.6174392700195","6183.6174392700195"
"12915.259227785","6183.6174392700195","6183.6174392700195","6183.6174392700195"
"12925.256428366","6183.617443084717","6183.617443084717","6183.617443084717"
"12935.256250828","6183.617443084717","6183.617443084717","6183.617443084717"
"12945.256944302","6183.617446899414","6183.617446899414","6183.617446899414"
"12955.256939356","6183.617446899414","6183.617446899414","6183.617446899414"
"12965.257059145","6183.617446899414","6183.617446899414","6183.617446899414"
"12975.256279686","6183.617450714111","6183.617450714111","6183.617450714111"
"12985.257205586","6183.617454528809","6183.617454528809","6183.617454528809"
"12995.256708422","6183.617454528809","6183.617454528809","6183.617454528809"
"13005.256686837","6183.617458343506","6183.617458343506","6183.617458343506"
"13015.257190988","6183.617458343506","6183.617458343506","6183.617458343506"
"13025.256910613","6183.617462158203","6183.617462158203","6183.617462158203"
"13035.256818771","6183.617462158203","6183.617462158203","6183.617462158203"
"13045.256636322","6183.617462158203","6183.617462158203","6183.617462158203"
"13055.256373986","6183.6174659729","6183.6174659729","6183.6174659729"
"13065.257026134","6183.6174659729","6183.6174659729","6183.6174659729"
"13075.256357634","6183.617469787598","6183.617469787598","6183.617469787598"
"13085.257032011","6183.617469787598","6183.617469787598","6183.617469787598"
"13095.256383787","6183.617473602295","6183.617473602295","6183.617473602295"
"13105.25719478","6183.617473602295","6183.617473602295","6183.617473602295"
"13115.256308566","6183.617477416992","6183.617477416992","6183.617477416992"
"13125.256809537","6183.617477416992","6183.617477416992","6183.617477416992"
"13135.25694674","6183.617477416992","6183.617477416992","6183.617477416992"
"13145.256702928","6183.617481231689","6183.617481231689","6183.617481231689"
"13155.257543685","6183.617481231689","6183.617481231689","6183.617481231689"
"13165.257045778","6183.617485046387","6183.617485046387","6183.617485046387"
"13175.257003592","6183.617485046387","6183.617485046387","6183.617485046387"
"13185.256831359","6183.617485046387","6183.617485046387","6183.617485046387"
"13195.257105347","6183.617488861084","6183.617488861084","6183.617488861084"
"13205.256363054","6183.617488861084","6183.617488861084","6183.617488861084"
"13215.256753048","6183.617492675781","6183.617492675781","6183.617492675781"
"13225.256673461","6183.617492675781","6183.617492675781","6183.617492675781"
"13235.25667045","6183.6174964904785","6183.6174964904785","6183.6174964904785"
"13245.256259609","6183.6174964904785","6183.6174964904785","6183.6174964904785"
"13255.256844188","6183.617500305176","6183.617500305176","6183.617500305176"
"13265.256790744","6183.617500305176","6183.617500305176","6183.617500305176"
"13275.256601604","6183.617504119873","6183.617504119873","6183.617504119873"
"13285.256077629","6183.617504119873","6183.617504119873","6183.617504119873"
"13295.256192319","6183.617504119873","6183.617504119873","6183.617504119873"
"13305.256543312","6183.617504119873","6183.617504119873","6183.617504119873"
"13315.256517514","6183.61750793457","6183.61750793457","6183.61750793457"
"13325.256529893","6183.617511749268","6183.617511749268","6183.617511749268"
"13335.256971266","6183.617511749268","6183.617511749268","6183.617511749268"
"13345.256424986","6183.617515563965","6183.617515563965","6183.617515563965"
"13355.260234622","6183.617515563965","6183.617515563965","6183.617515563965"
"13365.256266565","6183.617519378662","6183.617519378662","6183.617519378662"
"13375.256734059","6183.617519378662","6183.617519378662","6183.617519378662"
"13385.256646574","6183.617523193359","6183.617523193359","6183.617523193359"
"13395.256389511","6183.617523193359","6183.617523193359","6183.617523193359"
"13405.256706905","6183.617523193359","6183.617523193359","6183.617523193359"
"13415.256571779","6183.617527008057","6183.617527008057","6183.617527008057"
"13425.256150297","6183.617530822754","6183.617530822754","6183.617530822754"
"13435.257124268","6183.617530822754","6183.617530822754","6183.617530822754"
"13445.257109051","6183.617530822754","6183.617530822754","6183.617530822754"
"13455.257544764","6183.617534637451","6183.617534637451","6183.617534637451"
"13465.256588164","6183.617534637451","6183.617534637451","6183.617534637451"
"13475.257108022","6183.617538452148","6183.617538452148","6183.617538452148"
"13485.256317322","6183.617538452148","6183.617538452148","6183.617538452148"
"13495.257002885","6183.617542266846","6183.617542266846","6183.617542266846"
"13505.257142997","6183.617542266846","6183.617542266846","6183.617542266846"
"13515.256678021","6183.617546081543","6183.617546081543","6183.617546081543"
"13525.256449713","6183.617546081543","6183.617546081543","6183.617546081543"
"13535.256696382","6183.61754989624","6183.61754989624","6183.61754989624"
"13545.25715981","6183.61754989624","6183.61754989624","6183.61754989624"
"13555.256268712","6183.6175537109375","6183.6175537109375","6183.6175537109375"
"13565.25662445","6183.6175537109375","6183.6175537109375","6183.6175537109375"
"13575.256789275","6183.617557525635","6183.617557525635","6183.617557525635"
"13585.256865623","6183.617557525635","6183.617557525635","6183.617557525635"
"13595.257239182","6183.617557525635","6183.617557525635","6183.617557525635"
"13605.256995713","6183.617561340332","6183.617561340332","6183.617561340332"
"13615.256730669","6183.617561340332","6183.617561340332","6183.617561340332"
"13625.257125564","6183.617565155029","6183.617565155029","6183.617565155029"
"13635.256602656","6183.617565155029","6183.617565155029","6183.617565155029"
"13645.25678276","6183.617568969727","6183.617568969727","6183.617568969727"
"13655.25613136","6183.617568969727","6183.617568969727","6183.617568969727"
"13665.256855195","6183.617572784424","6183.617572784424","6183.617572784424"
"13675.25683984","6183.617576599121","6183.617576599121","6183.617576599121"
"13685.25716098","6183.617580413818","6183.617580413818","6183.617580413818"
"13695.25754141","6183.617580413818","6183.617580413818","6183.617580413818"
"13705.256584525","6183.617580413818","6183.617580413818","6183.617580413818"
"13715.256805947","6183.617584228516","6183.617584228516","6183.617584228516"
"13725.257286902","6183.617584228516","6183.617584228516","6183.617584228516"
"13735.257173952","6183.617588043213","6183.617588043213","6183.617588043213"
"13745.257003917","6183.617588043213","6183.617588043213","6183.617588043213"
"13755.257031372","6183.61759185791","6183.61759185791","6183.61759185791"
"13765.257327656","6183.61759185791","6183.61759185791","6183.61759185791"
"13775.256888542","6183.61759185791","6183.61759185791","6183.61759185791"
"13785.256682847","6183.617595672607","6183.617595672607","6183.617595672607"
"13795.256262539","6183.617599487305","6183.617599487305","6183.617599487305"
"13805.257347515","6183.617599487305","6183.617599487305","6183.617599487305"
"13815.256407892","6183.617599487305","6183.617599487305","6183.617599487305"
"13825.257063528","6183.617603302002","6183.617603302002","6183.617603302002"
"13835.257183339","6183.617603302002","6183.617603302002","6183.617603302002"
"13845.257093912","6183.617607116699","6183.617607116699","6183.617607116699"
"13855.256574764","6183.617607116699","6183.617607116699","6183.617607116699"
"13865.257091467","6183.6176109313965","6183.6176109313965","6183.6176109313965"
"13875.257652054","6183.6176109313965","6183.6176109313965","6183.6176109313965"
"13885.25724879","6183.617614746094","6183.617614746094","6183.617614746094"
"13895.256972846","6183.617614746094","6183.617614746094","6183.617614746094"
"13905.256498843","6183.617618560791","6183.617618560791","6183.617618560791"
"13915.257136277","6183.617622375488","6183.617622375488","6183.617622375488"
"13925.257004277","6183.617622375488","6183.617622375488","6183.617622375488"
"13935.257145313","6183.617626190186","6183.617626190186","6183.617626190186"
"13945.256761463","6183.617626190186","6183.617626190186","6183.617626190186"
"13955.256533722","6183.617626190186","6183.617626190186","6183.617626190186"
"13965.256629263","6183.617630004883","6183.617630004883","6183.617630004883"
"13975.256794085","6183.617630004883","6183.617630004883","6183.617630004883"
"13985.256334695","6183.61763381958","6183.61763381958","6183.61763381958"
"13995.256150906","6183.61763381958","6183.61763381958","6183.61763381958"
"14005.257141784","6183.617637634277","6183.617637634277","6183.617637634277"
"14015.257082921","6183.617637634277","6183.617637634277","6183.617637634277"
"14025.256240519","6183.617641448975","6183.617641448975","6183.617641448975"
"14035.257613263","6183.617641448975","6183.617641448975","6183.617641448975"
"14045.257042674","6183.617645263672","6183.617645263672","6183.617645263672"
"14055.256366765","6183.617645263672","6183.617645263672","6183.617645263672"
"14065.256516037","6183.617645263672","6183.617645263672","6183.617645263672"
"14075.257310427","6183.617649078369","6183.617649078369","6183.617649078369"
"14085.256710598","6183.617649078369","6183.617649078369","6183.617649078369"
"14095.257163828","6183.617652893066","6183.617652893066","6183.617652893066"
"14105.256486289","6183.617652893066","6183.617652893066","6183.617652893066"
"14115.25632562","6183.617656707764","6183.617656707764","6183.617656707764"
"14125.256645062","6183.617656707764","6183.617656707764","6183.617656707764"
"14135.256668589","6183.617656707764","6183.617656707764","6183.617656707764"
"14145.257641287","6183.617660522461","6183.617660522461","6183.617660522461"
"14155.256089718","6183.617664337158","6183.617664337158","6183.617664337158"
"14165.257265789","6183.6176681518555","6183.6176681518555","6183.6176681518555"
"14175.256322217","6183.6176681518555","6183.6176681518555","6183.6176681518555"
"14185.256773498","6183.6176681518555","6183.6176681518555","6183.6176681518555"
"14195.257163184","6183.617671966553","6183.617671966553","6183.617671966553"
"14205.257629313","6183.61767578125","6183.61767578125","6183.61767578125"
"14215.257183453","6183.61767578125","6183.61767578125","6183.61767578125"
"14225.256581362","6183.617679595947","6183.617679595947","6183.617679595947"
"14235.256268587","6183.617679595947","6183.617679595947","6183.617679595947"
"14245.256826149","6183.6176834106445","6183.6176834106445","6183.6176834106445"
"14255.256671924","6183.617687225342","6183.617687225342","6183.617687225342"
"14265.256507212","6183.617687225342","6183.617687225342","6183.617687225342"
"14275.256945858","6183.617691040039","6183.617691040039","6183.617691040039"
"14285.256851322","6183.617691040039","6183.617691040039","6183.617691040039"
"14295.256221992","6183.617694854736","6183.617694854736","6183.617694854736"
"14305.257152214","6183.617694854736","6183.617694854736","6183.617694854736"
"14315.256647836","6183.617698669434","6183.617698669434","6183.617698669434"
"14325.25647976","6183.617698669434","6183.617698669434","6183.617698669434"
"14335.257138161","6183.617698669434","6183.617698669434","6183.617698669434"
"14345.256790909","6183.617702484131","6183.617702484131","6183.617702484131"
"14355.256507918","6183.617706298828","6183.617706298828","6183.617706298828"
"14365.256300424","6183.617706298828","6183.617706298828","6183.617706298828"
"14375.256894903","6183.617706298828","6183.617706298828","6183.617706298828"
"14385.257109768","6183.617710113525","6183.617710113525","6183.617710113525"
"14395.256395993","6183.617710113525","6183.617710113525","6183.617710113525"
"14405.256803682","6183.617713928223","6183.617713928223","6183.617713928223"
"14415.256142899","6183.617713928223","6183.617713928223","6183.617713928223"
"14425.256332681","6183.61771774292","6183.61771774292","6183.61771774292"
"14435.257066303","6183.61771774292","6183.61771774292","6183.61771774292"
"14445.258499698","6183.617721557617","6183.617721557617","6183.617721557617"
"14455.257217652","6183.617721557617","6183.617721557617","6183.617721557617"
"14465.256866705","6183.618320465088","6183.618320465088","6183.618320465088"
"14475.256842787","6183.618320465088","6183.618320465088","6183.618320465088"
"14485.256282368","6183.618324279785","6183.618324279785","6183.618324279785"
"14495.256994583","6183.618324279785","6183.618324279785","6183.618324279785"
"14505.257134426","6183.618328094482","6183.618328094482","6183.618328094482"
"14515.257587055","6183.618328094482","6183.618328094482","6183.618328094482"
"14525.256832203","6183.61833190918","6183.61833190918","6183.61833190918"
"14535.256347564","6183.61833190918","6183.61833190918","6183.61833190918"
"14545.256652592","6183.618335723877","6183.618335723877","6183.618335723877"
"14555.256452846","6183.618339538574","6183.618339538574","6183.618339538574"
"14565.256324446","6183.618339538574","6183.618339538574","6183.618339538574"
"14575.256637708","6183.6183433532715","6183.6183433532715","6183.6183433532715"
"14585.25691107","6183.6183433532715","6183.6183433532715","6183.6183433532715"
"14595.256849014","6183.6183433532715","6183.6183433532715","6183.6183433532715"
"14605.256366798","6183.618347167969","6183.618347167969","6183.618347167969"
"14615.256659522","6183.618347167969","6183.618347167969","6183.618347167969"
"14625.256619101","6183.618350982666","6183.618350982666","6183.618350982666"
"14635.256785561","6183.618350982666","6183.618350982666","6183.618350982666"
"14645.256630549","6183.618354797363","6183.618354797363","6183.618354797363"
"14655.256195643","6183.618354797363","6183.618354797363","6183.618354797363"
"14665.256508999","6183.618358612061","6183.618358612061","6183.618358612061"
"14675.256603206","6183.618362426758","6183.618362426758","6183.618362426758"
"14685.257051478","6183.618362426758","6183.618362426758","6183.618362426758"
"14695.256685592","6183.618366241455","6183.618366241455","6183.618366241455"
"14705.257310814","6183.618370056152","6183.618370056152","6183.618370056152"
"14715.257170477","6183.618370056152","6183.618370056152","6183.618370056152"
"14725.257302249","6183.618370056152","6183.618370056152","6183.618370056152"
"14735.257155356","6183.61837387085","6183.61837387085","6183.61837387085"
"14745.257136371","6183.618377685547","6183.618377685547","6183.618377685547"
"14755.256841059","6183.618377685547","6183.618377685547","6183.618377685547"
"14765.257075784","6183.618381500244","6183.618381500244","6183.618381500244"
"14775.257569592","6183.618381500244","6183.618381500244","6183.618381500244"
"14785.257287595","6183.618385314941","6183.618385314941","6183.618385314941"
"14795.256613166","6183.618385314941","6183.618385314941","6183.618385314941"
"14805.25837279","6183.618389129639","6183.618389129639","6183.618389129639"
"14815.257314144","6183.618389129639","6183.618389129639","6183.618389129639"
"14825.257078345","6183.618392944336","6183.618392944336","6183.618392944336"
"14835.257491182","6183.618396759033","6183.618396759033","6183.618396759033"
"14845.256048105","6183.618396759033","6183.618396759033","6183.618396759033"
"14855.257113163","6183.6184005737305","6183.6184005737305","6183.6184005737305"
"14865.257085537","6183.6184005737305","6183.6184005737305","6183.6184005737305"
"14875.256643284","6183.618404388428","6183.618404388428","6183.618404388428"
"14885.256359568","6183.618404388428","6183.618404388428","6183.618404388428"
"14895.256499626","6183.618404388428","6183.618404388428","6183.618404388428"
"14905.256571678","6183.618408203125","6183.618408203125","6183.618408203125"
"14915.256641887","6183.618412017822","6183.618412017822","6183.618412017822"
"14925.257484033","6183.618412017822","6183.618412017822","6183.618412017822"
"14935.25651012","6183.6184158325195","6183.6184158325195","6183.6184158325195"
"14945.256624813","6183.6184158325195","6183.6184158325195","6183.6184158325195"
"14955.256862722","6183.618419647217","6183.618419647217","6183.618419647217"
"14965.256455417","6183.618419647217","6183.618419647217","6183.618419647217"
"14975.256499504","6183.618423461914","6183.618423461914","6183.618423461914"
"14985.257515222","6183.618423461914","6183.618423461914","6183.618423461914"
"14995.25655927","6183.618423461914","6183.618423461914","6183.618423461914"
"15005.256955207","6183.618427276611","6183.618427276611","6183.618427276611"
"15015.256666714","6183.618427276611","6183.618427276611","6183.618427276611"
"15025.256404569","6183.618427276611","6183.618427276611","6183.618427276611"
"15035.256991051","6183.618431091309","6183.618431091309","6183.618431091309"
"15045.257919339","6183.618431091309","6183.618431091309","6183.618431091309"
"15055.256315172","6183.618434906006","6183.618434906006","6183.618434906006"
"15065.256839491","6183.618438720703","6183.618438720703","6183.618438720703"
"15075.25622004","6183.618438720703","6183.618438720703","6183.618438720703"
"15085.256941167","6183.618438720703","6183.618438720703","6183.618438720703"
"15095.256141359","6183.6184425354","6183.6184425354","6183.6184425354"
"15105.257232154","6183.6184425354","6183.6184425354","6183.6184425354"
"15115.256289378","6183.618446350098","6183.618446350098","6183.618446350098"
"15125.256386474","6183.618446350098","6183.618446350098","6183.618446350098"
"15135.257184152","6183.618450164795","6183.618450164795","6183.618450164795"
"15145.256831624","6183.618450164795","6183.618450164795","6183.618450164795"
"15155.257103395","6183.618453979492","6183.618453979492","6183.618453979492"
"15165.256363823","6183.618453979492","6183.618453979492","6183.618453979492"
"15175.257690323","6183.618457794189","6183.618457794189","6183.618457794189"
"15185.256831893","6183.618457794189","6183.618457794189","6183.618457794189"
"15195.256851517","6183.618457794189","6183.618457794189","6183.618457794189"
"15205.256788803","6183.618461608887","6183.618461608887","6183.618461608887"
"15215.256630984","6183.618465423584","6183.618465423584","6183.618465423584"
"15225.256162307","6183.618465423584","6183.618465423584","6183.618465423584"
"15235.256497941","6183.618465423584","6183.618465423584","6183.618465423584"
"15245.256574323","6183.618469238281","6183.618469238281","6183.618469238281"
"15255.257076403","6183.618469238281","6183.618469238281","6183.618469238281"
"15265.256355868","6183.6184730529785","6183.6184730529785","6183.6184730529785"
"15275.256647766","6183.618476867676","6183.618476867676","6183.618476867676"
"15285.256778282","6183.618476867676","6183.618476867676","6183.618476867676"
"15295.256850259","6183.618480682373","6183.618480682373","6183.618480682373"
"15305.257163657","6183.61848449707","6183.61848449707","6183.61848449707"
"15315.257370418","6183.61848449707","6183.61848449707","6183.61848449707"
"15325.256143448","6183.618488311768","6183.618488311768","6183.618488311768"
"15335.257562279","6183.618488311768","6183.618488311768","6183.618488311768"
"15345.2575488","6183.618488311768","6183.618488311768","6183.618488311768"
"15355.25664202","6183.618492126465","6183.618492126465","6183.618492126465"
"15365.256408069","6183.618492126465","6183.618492126465","6183.618492126465"
"15375.257171643","6183.618495941162","6183.618495941162","6183.618495941162"
"15385.257529553","6183.618495941162","6183.618495941162","6183.618495941162"
"15395.257047959","6183.618499755859","6183.618499755859","6183.618499755859"
"15405.256814233","6183.618499755859","6183.618499755859","6183.618499755859"
"15415.257077747","6183.618503570557","6183.618503570557","6183.618503570557"
"15425.256771146","6183.618503570557","6183.618503570557","6183.618503570557"
"15435.25702595","6183.618507385254","6183.618507385254","6183.618507385254"
"15445.257060078","6183.618507385254","6183.618507385254","6183.618507385254"
"15455.256938943","6183.618507385254","6183.618507385254","6183.618507385254"
"15465.257781013","6183.618511199951","6183.618511199951","6183.618511199951"
"15475.25686719","6183.618511199951","6183.618511199951","6183.618511199951"
"15485.256962037","6183.618515014648","6183.618515014648","6183.618515014648"
"15495.257214834","6183.618515014648","6183.618515014648","6183.618515014648"
"15505.256167473","6183.618518829346","6183.618518829346","6183.618518829346"
"15515.256895163","6183.618518829346","6183.618518829346","6183.618518829346"
"15525.256504909","6183.618522644043","6183.618522644043","6183.618522644043"
"15535.257022816","6183.618522644043","6183.618522644043","6183.618522644043"
"15545.256683274","6183.61852645874","6183.61852645874","6183.61852645874"
"15555.257426985","6183.61852645874","6183.61852645874","6183.61852645874"
"15565.256265337","6183.61852645874","6183.61852645874","6183.61852645874"
"15575.256062016","6183.6185302734375","6183.6185302734375","6183.6185302734375"
"15585.257367723","6183.6185302734375","6183.6185302734375","6183.6185302734375"
"15595.258019999","6183.618534088135","6183.618534088135","6183.618534088135"
"15605.256573459","6183.618534088135","6183.618534088135","6183.618534088135"
"15615.256733181","6183.618537902832","6183.618537902832","6183.618537902832"
"15625.256580431","6183.618537902832","6183.618537902832","6183.618537902832"
"15635.256787306","6183.618541717529","6183.618541717529","6183.618541717529"
"15645.256813358","6183.618541717529","6183.618541717529","6183.618541717529"
"15655.256755568","6183.618545532227","6183.618545532227","6183.618545532227"
"15665.256409844","6183.618545532227","6183.618545532227","6183.618545532227"
"15675.257265075","6183.618549346924","6183.618549346924","6183.618549346924"
"15685.256505602","6183.618549346924","6183.618549346924","6183.618549346924"
"15695.257267965","6183.618553161621","6183.618553161621","6183.618553161621"
"15705.256987625","6183.618553161621","6183.618553161621","6183.618553161621"
"15715.256549701","6183.618556976318","6183.618556976318","6183.618556976318"
"15725.257005675","6183.618556976318","6183.618556976318","6183.618556976318"
"15735.256166313","6183.618560791016","6183.618560791016","6183.618560791016"
"15745.256125815","6183.618560791016","6183.618560791016","6183.618560791016"
"15755.256177418","6183.618564605713","6183.618564605713","6183.618564605713"
"15765.256111553","6183.618564605713","6183.618564605713","6183.618564605713"
"15775.256511253","6183.61856842041","6183.61856842041","6183.61856842041"
"15785.256812502","6183.61856842041","6183.61856842041","6183.61856842041"
"15795.257153449","6183.61856842041","6183.61856842041","6183.61856842041"
"15805.257100932","6183.618572235107","6183.618572235107","6183.618572235107"
"15815.256740734","6183.618572235107","6183.618572235107","6183.618572235107"
"15825.256667761","6183.618576049805","6183.618576049805","6183.618576049805"
"15835.256938512","6183.618579864502","6183.618579864502","6183.618579864502"
"15845.257314828","6183.618579864502","6183.618579864502","6183.618579864502"
"15855.256523851","6183.618579864502","6183.618579864502","6183.618579864502"
"15865.256899908","6183.618583679199","6183.618583679199","6183.618583679199"
"15875.257075125","6183.618583679199","6183.618583679199","6183.618583679199"
"15885.256661665","6183.618583679199","6183.618583679199","6183.618583679199"
"15895.256525588","6183.6185874938965","6183.6185874938965","6183.6185874938965"
"15905.256127767","6183.6185874938965","6183.6185874938965","6183.6185874938965"
"15915.257146872","6183.618591308594","6183.618591308594","6183.618591308594"
"15925.257053257","6183.618591308594","6183.618591308594","6183.618591308594"
"15935.256231963","6183.618595123291","6183.618595123291","6183.618595123291"
"15945.256724466","6183.618595123291","6183.618595123291","6183.618595123291"
"15955.257160878","6183.618598937988","6183.618598937988","6183.618598937988"
"15965.256705383","6183.618598937988","6183.618598937988","6183.618598937988"
"15975.256489816","6183.618598937988","6183.618598937988","6183.618598937988"
"15985.256803201","6183.618602752686","6183.618602752686","6183.618602752686"
"15995.256061881","6183.618606567383","6183.618606567383","6183.618606567383"
"16005.256843566","6183.618606567383","6183.618606567383","6183.618606567383"
"16015.25683953","6183.618606567383","6183.618606567383","6183.618606567383"
"16025.256183556","6183.61861038208","6183.61861038208","6183.61861038208"
"16035.256713324","6183.61861038208","6183.61861038208","6183.61861038208"
"16045.256995142","6183.618614196777","6183.618614196777","6183.618614196777"
"16055.256388418","6183.618614196777","6183.618614196777","6183.618614196777"
"16065.256061565","6183.618618011475","6183.618618011475","6183.618618011475"
"16075.257376147","6183.618621826172","6183.618621826172","6183.618621826172"
"16085.256494289","6183.618621826172","6183.618621826172","6183.618621826172"
"16095.257299275","6183.618625640869","6183.618625640869","6183.618625640869"
"16105.256510749","6183.618625640869","6183.618625640869","6183.618625640869"
"16115.256994896","6183.618629455566","6183.618629455566","6183.618629455566"
"16125.256545894","6183.618629455566","6183.618629455566","6183.618629455566"
"16135.257149142","6183.618633270264","6183.618633270264","6183.618633270264"
"16145.256641675","6183.618633270264","6183.618633270264","6183.618633270264"
"16155.257011168","6183.618633270264","6183.618633270264","6183.618633270264"
"16165.256714818","6183.618637084961","6183.618637084961","6183.618637084961"
"16175.256711486","6183.618637084961","6183.618637084961","6183.618637084961"
"16185.257183715","6183.618640899658","6183.618640899658","6183.618640899658"
"16195.257161881","6183.618640899658","6183.618640899658","6183.618640899658"
"16205.256544796","6183.6186447143555","6183.6186447143555","6183.6186447143555"
"16215.257112619","6183.6186447143555","6183.6186447143555","6183.6186447143555"
"16225.256823512","6183.6186447143555","6183.6186447143555","6183.6186447143555"
"16235.257239475","6183.618648529053","6183.618648529053","6183.618648529053"
"16245.257828978","6183.618648529053","6183.618648529053","6183.618648529053"
"16255.257260561","6183.61865234375","6183.61865234375","6183.61865234375"
"16265.256453609","6183.61865234375","6183.61865234375","6183.61865234375"
"16275.257710636","6183.618656158447","6183.618656158447","6183.618656158447"
"16285.256835727","6183.618656158447","6183.618656158447","6183.618656158447"
"16295.257341796","6183.6186599731445","6183.6186599731445","6183.6186599731445"
"16305.256648935","6183.6186599731445","6183.6186599731445","6183.6186599731445"
"16315.256714174","6183.618663787842","6183.618663787842","6183.618663787842"
"16325.257447508","6183.618663787842","6183.618663787842","6183.618663787842"
"16335.256389198","6183.618667602539","6183.618667602539","6183.618667602539"
"16345.256383847","6183.618667602539","6183.618667602539","6183.618667602539"
"16355.25603866","6183.618671417236","6183.618671417236","6183.618671417236"
"16365.256418737","6183.618679046631","6183.618679046631","6183.618679046631"
"16375.256780968","6183.618682861328","6183.618682861328","6183.618682861328"
"16385.25693663","6183.618682861328","6183.618682861328","6183.618682861328"
"16395.257727091","6183.618682861328","6183.618682861328","6183.618682861328"
"16405.256273003","6183.618686676025","6183.618686676025","6183.618686676025"
"16415.256884341","6183.618686676025","6183.618686676025","6183.618686676025"
"16425.257392303","6183.618690490723","6183.618690490723","6183.618690490723"
"16435.256938566","6183.618690490723","6183.618690490723","6183.618690490723"
"16445.256982246","6183.618690490723","6183.618690490723","6183.618690490723"
"16455.257722175","6183.61869430542","6183.61869430542","6183.61869430542"
"16465.257072838","6183.61869430542","6183.61869430542","6183.61869430542"
"16475.25726281","6183.61869430542","6183.61869430542","6183.61869430542"
"16485.25639379","6183.61869430542","6183.61869430542","6183.61869430542"
"16495.25696311","6183.618698120117","6183.618698120117","6183.618698120117"
"16505.256549905","6183.618698120117","6183.618698120117","6183.618698120117"
"16515.256818648","6183.618698120117","6183.618698120117","6183.618698120117"
"16525.256615766","6183.618701934814","6183.618701934814","6183.618701934814"
"16535.256602115","6183.618705749512","6183.618705749512","6183.618705749512"
"16545.256177921","6183.618709564209","6183.618709564209","6183.618709564209"
"16555.256997099","6183.618709564209","6183.618709564209","6183.618709564209"
"16565.256957964","6183.618713378906","6183.618713378906","6183.618713378906"
"16575.257814263","6183.618713378906","6183.618713378906","6183.618713378906"
"16585.257027307","6183.618713378906","6183.618713378906","6183.618713378906"
"16595.256290638","6183.6187171936035","6183.6187171936035","6183.6187171936035"
"16605.256529127","6183.6187171936035","6183.6187171936035","6183.6187171936035"
"16615.256772238","6183.618721008301","6183.618721008301","6183.618721008301"
"16625.256317882","6183.618721008301","6183.618721008301","6183.618721008301"
"16635.256918998","6183.618724822998","6183.618724822998","6183.618724822998"
"16645.25639501","6183.618724822998","6183.618724822998","6183.618724822998"
"16655.257268423","6183.618728637695","6183.618728637695","6183.618728637695"
"16665.256542212","6183.618728637695","6183.618728637695","6183.618728637695"
"16675.257045926","6183.618732452393","6183.618732452393","6183.618732452393"
"16685.256868171","6183.618732452393","6183.618732452393","6183.618732452393"
"16695.257260568","6183.61873626709","6183.61873626709","6183.61873626709"
"16705.257103794","6183.61873626709","6183.61873626709","6183.61873626709"
"16715.256448098","6183.618740081787","6183.618740081787","6183.618740081787"
"16725.256148377","6183.618740081787","6183.618740081787","6183.618740081787"
"16735.256296236","6183.618743896484","6183.618743896484","6183.618743896484"
"16745.257458075","6183.618743896484","6183.618743896484","6183.618743896484"
"16755.25706585","6183.618747711182","6183.618747711182","6183.618747711182"
"16765.256672709","6183.618747711182","6183.618747711182","6183.618747711182"
"16775.256586583","6183.618751525879","6183.618751525879","6183.618751525879"
"16785.256839581","6183.618751525879","6183.618751525879","6183.618751525879"
"16795.256721615","6183.618755340576","6183.618755340576","6183.618755340576"
"16805.256866236","6183.618755340576","6183.618755340576","6183.618755340576"
"16815.256774917","6183.618755340576","6183.618755340576","6183.618755340576"
"16825.257092156","6183.618759155273","6183.618759155273","6183.618759155273"
"16835.256699791","6183.618759155273","6183.618759155273","6183.618759155273"
"16845.256323787","6183.618762969971","6183.618762969971","6183.618762969971"
"16855.25669761","6183.618766784668","6183.618766784668","6183.618766784668"
"16865.25662465","6183.618766784668","6183.618766784668","6183.618766784668"
"16875.256345626","6183.618770599365","6183.618770599365","6183.618770599365"
"16885.256357835","6183.618770599365","6183.618770599365","6183.618770599365"
"16895.256686197","6183.6187744140625","6183.6187744140625","6183.6187744140625"
"16905.256478698","6183.6187744140625","6183.6187744140625","6183.6187744140625"
"16915.2567513","6183.61877822876","6183.61877822876","6183.61877822876"
"16925.256422943","6183.61877822876","6183.61877822876","6183.61877822876"
"16935.256909357","6183.61877822876","6183.61877822876","6183.61877822876"
"16945.256123499","6183.61877822876","6183.61877822876","6183.61877822876"
"16955.256571461","6183.61877822876","6183.61877822876","6183.61877822876"
"16965.257612737","6183.618782043457","6183.618782043457","6183.618782043457"
"16975.257140111","6183.618785858154","6183.618785858154","6183.618785858154"
"16985.256995885","6183.618785858154","6183.618785858154","6183.618785858154"
"16995.257026284","6183.618789672852","6183.618789672852","6183.618789672852"
"17005.257141776","6183.618789672852","6183.618789672852","6183.618789672852"
"17015.257034811","6183.618789672852","6183.618789672852","6183.618789672852"
"17025.257126991","6183.618793487549","6183.618793487549","6183.618793487549"
"17035.256760512","6183.618793487549","6183.618793487549","6183.618793487549"
"17045.256547954","6183.618797302246","6183.618797302246","6183.618797302246"
"17055.256901926","6183.618797302246","6183.618797302246","6183.618797302246"
"17065.257186272","6183.618801116943","6183.618801116943","6183.618801116943"
"17075.256617855","6183.618801116943","6183.618801116943","6183.618801116943"
"17085.256552026","6183.618801116943","6183.618801116943","6183.618801116943"
"17095.256544045","6183.618804931641","6183.618804931641","6183.618804931641"
"17105.256809798","6183.618808746338","6183.618808746338","6183.618808746338"
"17115.257813041","6183.618808746338","6183.618808746338","6183.618808746338"
"17125.256210354","6183.618808746338","6183.618808746338","6183.618808746338"
"17135.256361652","6183.618812561035","6183.618812561035","6183.618812561035"
"17145.257481689","6183.618812561035","6183.618812561035","6183.618812561035"
"17155.25656622","6183.618816375732","6183.618816375732","6183.618816375732"
"17165.256995569","6183.618816375732","6183.618816375732","6183.618816375732"
"17175.256417327","6183.61882019043","6183.61882019043","6183.61882019043"
"17185.256653707","6183.61882019043","6183.61882019043","6183.61882019043"
"17195.25645322","6183.61882019043","6183.61882019043","6183.61882019043"
"17205.256340017","6183.618824005127","6183.618824005127","6183.618824005127"
"17215.257234073","6183.618827819824","6183.618827819824","6183.618827819824"
"17225.25686352","6183.618827819824","6183.618827819824","6183.618827819824"
"17235.25779345","6183.6188316345215","6183.6188316345215","6183.6188316345215"
"17245.256553165","6183.6188316345215","6183.6188316345215","6183.6188316345215"
"17255.256250592","6183.6188316345215","6183.6188316345215","6183.6188316345215"
"17265.25646035","6183.618835449219","6183.618835449219","6183.618835449219"
"17275.256733848","6183.618839263916","6183.618839263916","6183.618839263916"
"17285.257035811","6183.618839263916","6183.618839263916","6183.618839263916"
"17295.256571139","6183.618839263916","6183.618839263916","6183.618839263916"
"17305.256976832","6183.618843078613","6183.618843078613","6183.618843078613"
"17315.257219352","6183.618843078613","6183.618843078613","6183.618843078613"
"17325.256354618","6183.618843078613","6183.618843078613","6183.618843078613"
"17335.256562347","6183.618846893311","6183.618846893311","6183.618846893311"
"17345.256906816","6183.618850708008","6183.618850708008","6183.618850708008"
"17355.25764116","6183.618850708008","6183.618850708008","6183.618850708008"
"17365.256725029","6183.618854522705","6183.618854522705","6183.618854522705"
"17375.256427429","6183.618854522705","6183.618854522705","6183.618854522705"
"17385.257057672","6183.618858337402","6183.618858337402","6183.618858337402"
"17395.256954472","6183.618858337402","6183.618858337402","6183.618858337402"
"17405.256766647","6183.6188621521","6183.6188621521","6183.6188621521"
"17415.257336888","6183.6188621521","6183.6188621521","6183.6188621521"
"17425.257060682","6183.6188621521","6183.6188621521","6183.6188621521"
"17435.256512112","6183.618865966797","6183.618865966797","6183.618865966797"
"17445.256395503","6183.618865966797","6183.618865966797","6183.618865966797"
"17455.256628828","6183.618869781494","6183.618869781494","6183.618869781494"
"17465.256793695","6183.618869781494","6183.618869781494","6183.618869781494"
"17475.256387087","6183.618873596191","6183.618873596191","6183.618873596191"
"17485.2566582","6183.618873596191","6183.618873596191","6183.618873596191"
"17495.256999146","6183.618877410889","6183.618877410889","6183.618877410889"
"17505.256366368","6183.618877410889","6183.618877410889","6183.618877410889"
"17515.256675","6183.618881225586","6183.618881225586","6183.618881225586"
"17525.256615912","6183.618881225586","6183.618881225586","6183.618881225586"
"17535.25700391","6183.618885040283","6183.618885040283","6183.618885040283"
"17545.256572509","6183.618885040283","6183.618885040283","6183.618885040283"
"17555.257444842","6183.618885040283","6183.618885040283","6183.618885040283"
"17565.256963402","6183.6188888549805","6183.6188888549805","6183.6188888549805"
"17575.257160898","6183.6188888549805","6183.6188888549805","6183.6188888549805"
"17585.256457399","6183.618892669678","6183.618892669678","6183.618892669678"
"17595.257514367","6183.618892669678","6183.618892669678","6183.618892669678"
"17605.256370366","6183.618896484375","6183.618896484375","6183.618896484375"
"17615.256154863","6183.618896484375","6183.618896484375","6183.618896484375"
"17625.258797458","6183.618900299072","6183.618900299072","6183.618900299072"
"17635.256780515","6183.618900299072","6183.618900299072","6183.618900299072"
"17645.256703073","6183.6189041137695","6183.6189041137695","6183.6189041137695"
"17655.256211323","6183.6189041137695","6183.6189041137695","6183.6189041137695"
"17665.256441447","6183.618907928467","6183.618907928467","6183.618907928467"
"17675.256769219","6183.618907928467","6183.618907928467","6183.618907928467"
"17685.256811706","6183.618907928467","6183.618907928467","6183.618907928467"
"17695.256641155","6183.618911743164","6183.618911743164","6183.618911743164"
"17705.257110137","6183.618911743164","6183.618911743164","6183.618911743164"
"17715.257179396","6183.618915557861","6183.618915557861","6183.618915557861"
"17725.25678318","6183.618915557861","6183.618915557861","6183.618915557861"
"17735.256524225","6183.618919372559","6183.618919372559","6183.618919372559"
"17745.257014678","6183.618919372559","6183.618919372559","6183.618919372559"
"17755.25786488","6183.618923187256","6183.618923187256","6183.618923187256"
"17765.257030011","6183.618923187256","6183.618923187256","6183.618923187256"
"17775.257293325","6183.618927001953","6183.618927001953","6183.618927001953"
"17785.256758693","6183.618927001953","6183.618927001953","6183.618927001953"
"17795.257005839","6183.618927001953","6183.618927001953","6183.618927001953"
"17805.256850094","6183.61893081665","6183.61893081665","6183.61893081665"
"17815.257090479","6183.61893081665","6183.61893081665","6183.61893081665"
"17825.256866202","6183.618934631348","6183.618934631348","6183.618934631348"
"17835.256246718","6183.618934631348","6183.618934631348","6183.618934631348"
"17845.256754122","6183.618938446045","6183.618938446045","6183.618938446045"
"17855.257195527","6183.618938446045","6183.618938446045","6183.618938446045"
"17865.256277801","6183.618942260742","6183.618942260742","6183.618942260742"
"17875.256957948","6183.618942260742","6183.618942260742","6183.618942260742"
"17885.256820062","6183.618946075439","6183.618946075439","6183.618946075439"
"17895.256977195","6183.618949890137","6183.618949890137","6183.618949890137"
"17905.256605475","6183.618949890137","6183.618949890137","6183.618949890137"
"17915.256958743","6183.618949890137","6183.618949890137","6183.618949890137"
"17925.257833049","6183.618953704834","6183.618953704834","6183.618953704834"
"17935.2564982","6183.618953704834","6183.618953704834","6183.618953704834"
"17945.257143806","6183.618957519531","6183.618957519531","6183.618957519531"
"17955.256530165","6183.618957519531","6183.618957519531","6183.618957519531"
"17965.257522805","6183.6189613342285","6183.6189613342285","6183.6189613342285"
"17975.257282136","6183.6189613342285","6183.6189613342285","6183.6189613342285"
"17985.257106741","6183.6189613342285","6183.6189613342285","6183.6189613342285"
"17995.256655057","6183.618965148926","6183.618965148926","6183.618965148926"
"18005.258174177","6183.618965148926","6183.618965148926","6183.618965148926"
"18015.258086912","6183.618968963623","6183.618968963623","6183.618968963623"
"18025.25710046","6183.618968963623","6183.618968963623","6183.618968963623"
"18035.256421015","6183.61897277832","6183.61897277832","6183.61897277832"
"18045.258064033","6183.61897277832","6183.61897277832","6183.61897277832"
"18055.256844954","6183.618976593018","6183.618976593018","6183.618976593018"
"18065.256496721","6183.618976593018","6183.618976593018","6183.618976593018"
"18075.257056841","6183.618976593018","6183.618976593018","6183.618976593018"
"18085.256268768","6183.618980407715","6183.618980407715","6183.618980407715"
"18095.256476234","6183.618984222412","6183.618984222412","6183.618984222412"
"18105.257000273","6183.618984222412","6183.618984222412","6183.618984222412"
"18115.256521644","6183.618988037109","6183.618988037109","6183.618988037109"
"18125.25658189","6183.618988037109","6183.618988037109","6183.618988037109"
"18135.256734554","6183.618991851807","6183.618991851807","6183.618991851807"
"18145.256745005","6183.618991851807","6183.618991851807","6183.618991851807"
"18155.256703251","6183.618995666504","6183.618995666504","6183.618995666504"
"18165.256188383","6183.618995666504","6183.618995666504","6183.618995666504"
"18175.257127719","6183.618995666504","6183.618995666504","6183.618995666504"
"18185.256784283","6183.618999481201","6183.618999481201","6183.618999481201"
"18195.256556344","6183.618999481201","6183.618999481201","6183.618999481201"
"18205.256546795","6183.619003295898","6183.619003295898","6183.619003295898"
"18215.256752587","6183.619003295898","6183.619003295898","6183.619003295898"
"18225.257585771","6183.619003295898","6183.619003295898","6183.619003295898"
"18235.256471152","6183.619007110596","6183.619007110596","6183.619007110596"
"18245.256518709","6183.619007110596","6183.619007110596","6183.619007110596"
"18255.256783957","6183.619010925293","6183.619010925293","6183.619010925293"
"18265.257486985","6183.61901473999","6183.61901473999","6183.61901473999"
"18275.256826406","6183.6190185546875","6183.6190185546875","6183.6190185546875"
"18285.25615559","6183.6190185546875","6183.6190185546875","6183.6190185546875"
"18295.256533392","6183.619022369385","6183.619022369385","6183.619022369385"
"18305.256474972","6183.619022369385","6183.619022369385","6183.619022369385"
"18315.256398536","6183.619026184082","6183.619026184082","6183.619026184082"
"18325.256402735","6183.619026184082","6183.619026184082","6183.619026184082"
"18335.256314718","6183.619029998779","6183.619029998779","6183.619029998779"
"18345.257860671","6183.619029998779","6183.619029998779","6183.619029998779"
"18355.256771151","6183.619033813477","6183.619033813477","6183.619033813477"
"18365.256659263","6183.619033813477","6183.619033813477","6183.619033813477"
"18375.257596975","6183.619033813477","6183.619033813477","6183.619033813477"
"18385.257039565","6183.619037628174","6183.619037628174","6183.619037628174"
"18395.256683029","6183.619041442871","6183.619041442871","6183.619041442871"
"18405.257015678","6183.619041442871","6183.619041442871","6183.619041442871"
"18415.256731246","6183.619041442871","6183.619041442871","6183.619041442871"
"18425.257182904","6183.619045257568","6183.619045257568","6183.619045257568"
"18435.257053853","6183.619045257568","6183.619045257568","6183.619045257568"
"18445.257025608","6183.619049072266","6183.619049072266","6183.619049072266"
"18455.256623342","6183.619049072266","6183.619049072266","6183.619049072266"
"18465.257100881","6183.619052886963","6183.619052886963","6183.619052886963"
"18475.256746119","6183.619052886963","6183.619052886963","6183.619052886963"
"18485.256713809","6183.61905670166","6183.61905670166","6183.61905670166"
"18495.257473226","6183.61905670166","6183.61905670166","6183.61905670166"
"18505.25672609","6183.61905670166","6183.61905670166","6183.61905670166"
"18515.256437365","6183.619060516357","6183.619060516357","6183.619060516357"
"18525.256800289","6183.619064331055","6183.619064331055","6183.619064331055"
"18535.256356346","6183.619064331055","6183.619064331055","6183.619064331055"
"18545.256795795","6183.619064331055","6183.619064331055","6183.619064331055"
"18555.257168871","6183.619068145752","6183.619068145752","6183.619068145752"
"18565.25923791","6183.619068145752","6183.619068145752","6183.619068145752"
"18575.256584129","6183.619071960449","6183.619071960449","6183.619071960449"
"18585.256539844","6183.619071960449","6183.619071960449","6183.619071960449"
"18595.256985026","6183.6190757751465","6183.6190757751465","6183.6190757751465"
"18605.257072371","6183.6190757751465","6183.6190757751465","6183.6190757751465"
"18615.256632664","6183.619079589844","6183.619079589844","6183.619079589844"
"18625.256682869","6183.619079589844","6183.619079589844","6183.619079589844"
"18635.256589027","6183.619083404541","6183.619083404541","6183.619083404541"
"18645.256355503","6183.619083404541","6183.619083404541","6183.619083404541"
"18655.257217823","6183.619087219238","6183.619087219238","6183.619087219238"
"18665.256398182","6183.619087219238","6183.619087219238","6183.619087219238"
"18675.256763177","6183.619087219238","6183.619087219238","6183.619087219238"
"18685.256442223","6183.619091033936","6183.619091033936","6183.619091033936"
"18695.256214153","6183.619094848633","6183.619094848633","6183.619094848633"
"18705.257166267","6183.619094848633","6183.619094848633","6183.619094848633"
"18715.256942989","6183.61909866333","6183.61909866333","6183.61909866333"
"18725.257836741","6183.61909866333","6183.61909866333","6183.61909866333"
"18735.257720543","6183.619102478027","6183.619102478027","6183.619102478027"
"18745.25664216","6183.619102478027","6183.619102478027","6183.619102478027"
"18755.256494242","6183.619102478027","6183.619102478027","6183.619102478027"
"18765.256117391","6183.619106292725","6183.619106292725","6183.619106292725"
"18775.256981008","6183.619110107422","6183.619110107422","6183.619110107422"
"18785.256987376","6183.619110107422","6183.619110107422","6183.619110107422"
"18795.257323467","6183.619110107422","6183.619110107422","6183.619110107422"
"18805.256355117","6183.619113922119","6183.619113922119","6183.619113922119"
"18815.256686468","6183.619113922119","6183.619113922119","6183.619113922119"
"18825.256897443","6183.619113922119","6183.619113922119","6183.619113922119"
"18835.25626735","6183.619117736816","6183.619117736816","6183.619117736816"
"18845.256548453","6183.619117736816","6183.619117736816","6183.619117736816"
"18855.256446726","6183.619121551514","6183.619121551514","6183.619121551514"
"18865.256638905","6183.619121551514","6183.619121551514","6183.619121551514"
"18875.257234384","6183.619121551514","6183.619121551514","6183.619121551514"
"18885.257189585","6183.619125366211","6183.619125366211","6183.619125366211"
"18895.255970821","6183.619125366211","6183.619125366211","6183.619125366211"
"18905.256554598","6183.619129180908","6183.619129180908","6183.619129180908"
"18915.25606576","6183.619129180908","6183.619129180908","6183.619129180908"
"18925.257228666","6183.619129180908","6183.619129180908","6183.619129180908"
"18935.257374709","6183.6191329956055","6183.6191329956055","6183.6191329956055"
"18945.257033593","6183.6191329956055","6183.6191329956055","6183.6191329956055"
"18955.256248951","6183.619136810303","6183.619136810303","6183.619136810303"
"18965.256219342","6183.619136810303","6183.619136810303","6183.619136810303"
"18975.257111469","6183.619136810303","6183.619136810303","6183.619136810303"
"18985.256680542","6183.619140625","6183.619140625","6183.619140625"
"18995.257076843","6183.619140625","6183.619140625","6183.619140625"
"19005.256809092","6183.619140625","6183.619140625","6183.619140625"
"19015.256707078","6183.619144439697","6183.619144439697","6183.619144439697"
"19025.256911206","6183.619144439697","6183.619144439697","6183.619144439697"
"19035.256617665","6183.6191482543945","6183.6191482543945","6183.6191482543945"
"19045.257036328","6183.6191482543945","6183.6191482543945","6183.6191482543945"
"19055.256589944","6183.619152069092","6183.619152069092","6183.619152069092"
"19065.258004281","6183.619155883789","6183.619155883789","6183.619155883789"
"19075.256775324","6183.619155883789","6183.619155883789","6183.619155883789"
"19085.257005491","6183.619159698486","6183.619159698486","6183.619159698486"
"19095.257367568","6183.619159698486","6183.619159698486","6183.619159698486"
"19105.257263519","6183.619163513184","6183.619163513184","6183.619163513184"
"19115.256810359","6183.619163513184","6183.619163513184","6183.619163513184"
"19125.257014345","6183.619167327881","6183.619167327881","6183.619167327881"
"19135.256462845","6183.619167327881","6183.619167327881","6183.619167327881"
"19145.257543999","6183.619167327881","6183.619167327881","6183.619167327881"
"19155.256607128","6183.619171142578","6183.619171142578","6183.619171142578"
"19165.256650147","6183.619174957275","6183.619174957275","6183.619174957275"
"19175.256553671","6183.619174957275","6183.619174957275","6183.619174957275"
"19185.256754768","6183.619178771973","6183.619178771973","6183.619178771973"
"19195.257061811","6183.619178771973","6183.619178771973","6183.619178771973"
"19205.256802802","6183.61918258667","6183.61918258667","6183.61918258667"
"19215.256644615","6183.61918258667","6183.61918258667","6183.61918258667"
"19225.256179335","6183.61918258667","6183.61918258667","6183.61918258667"
"19235.256228803","6183.619186401367","6183.619186401367","6183.619186401367"
"19245.256716113","6183.619186401367","6183.619186401367","6183.619186401367"
"19255.256633159","6183.619190216064","6183.619190216064","6183.619190216064"
"19265.257145132","6183.619190216064","6183.619190216064","6183.619190216064"
"19275.257469534","6183.619194030762","6183.619194030762","6183.619194030762"
"19285.256668944","6183.619194030762","6183.619194030762","6183.619194030762"
"19295.256284593","6183.619850158691","6183.619850158691","6183.619850158691"
"19305.256433734","6183.619850158691","6183.619850158691","6183.619850158691"
"19315.257012429","6183.619853973389","6183.619853973389","6183.619853973389"
"19325.257212949","6183.619853973389","6183.619853973389","6183.619853973389"
"19335.256737626","6183.619853973389","6183.619853973389","6183.619853973389"
"19345.256461544","6183.619857788086","6183.619857788086","6183.619857788086"
"19355.258373451","6183.619857788086","6183.619857788086","6183.619857788086"
"19365.25708808","6183.619857788086","6183.619857788086","6183.619857788086"
"19375.256927013","6183.619857788086","6183.619857788086","6183.619857788086"
"19385.256939286","6183.619861602783","6183.619861602783","6183.619861602783"
"19395.256309962","6183.619861602783","6183.619861602783","6183.619861602783"
"19405.256700401","6183.619861602783","6183.619861602783","6183.619861602783"
"19415.256824178","6183.6198654174805","6183.6198654174805","6183.6198654174805"
"19425.256302642","6183.6198654174805","6183.6198654174805","6183.6198654174805"
"19435.256755632","6183.6198654174805","6183.6198654174805","6183.6198654174805"
"19445.25730182","6183.6198654174805","6183.6198654174805","6183.6198654174805"
"19455.256205199","6183.619869232178","6183.619869232178","6183.619869232178"
"19465.256210228","6183.619869232178","6183.619869232178","6183.619869232178"
"19475.257097862","6183.619869232178","6183.619869232178","6183.619869232178"
"19485.256940704","6183.619869232178","6183.619869232178","6183.619869232178"
"19495.256518246","6183.619873046875","6183.619873046875","6183.619873046875"
"19505.256135207","6183.619873046875","6183.619873046875","6183.619873046875"
"19515.257257745","6183.619873046875","6183.619873046875","6183.619873046875"
"19525.257146534","6183.619876861572","6183.619876861572","6183.619876861572"
"19535.256826945","6183.619876861572","6183.619876861572","6183.619876861572"
"19545.257051589","6183.619876861572","6183.619876861572","6183.619876861572"
"19555.2565281","6183.619876861572","6183.619876861572","6183.619876861572"
"19565.256567802","6183.619876861572","6183.619876861572","6183.619876861572"
"19575.257233639","6183.6198806762695","6183.6198806762695","6183.6198806762695"
"19585.257106534","6183.6198806762695","6183.6198806762695","6183.6198806762695"
"19595.256662951","6183.619884490967","6183.619884490967","6183.619884490967"
"19605.257823071","6183.619884490967","6183.619884490967","6183.619884490967"
"19615.257204761","6183.619884490967","6183.619884490967","6183.619884490967"
"19625.256674983","6183.619884490967","6183.619884490967","6183.619884490967"
"19635.256581459","6183.619888305664","6183.619888305664","6183.619888305664"
"19645.256358192","6183.619888305664","6183.619888305664","6183.619888305664"
"19655.256436259","6183.619888305664","6183.619888305664","6183.619888305664"
"19665.256647002","6183.619888305664","6183.619888305664","6183.619888305664"
"19675.257107465","6183.619892120361","6183.619892120361","6183.619892120361"
"19685.256982943","6183.619892120361","6183.619892120361","6183.619892120361"
"19695.256224402","6183.619892120361","6183.619892120361","6183.619892120361"
"19705.256581961","6183.619892120361","6183.619892120361","6183.619892120361"
"19715.25749237","6183.619895935059","6183.619895935059","6183.619895935059"
"19725.256458903","6183.619899749756","6183.619899749756","6183.619899749756"
"19735.256821158","6183.61990737915","6183.61990737915","6183.61990737915"
"19745.256454742","6183.619911193848","6183.619911193848","6183.619911193848"
"19755.256231577","6183.619915008545","6183.619915008545","6183.619915008545"
"19765.257135479","6183.619915008545","6183.619915008545","6183.619915008545"
"19775.25649372","6183.619918823242","6183.619918823242","6183.619918823242"
"19785.256768811","6183.619918823242","6183.619918823242","6183.619918823242"
"19795.256334243","6183.619922637939","6183.619922637939","6183.619922637939"
"19805.25648815","6183.619922637939","6183.619922637939","6183.619922637939"
"19815.257221448","6183.619926452637","6183.619926452637","6183.619926452637"
"19825.256893956","6183.619926452637","6183.619926452637","6183.619926452637"
"19835.256068106","6183.619930267334","6183.619930267334","6183.619930267334"
"19845.256096858","6183.619930267334","6183.619930267334","6183.619930267334"
"20645.256718706","6183.62239074707","6183.62239074707","6183.62239074707"
"21775.257091122","6183.62260055542","6183.62260055542","6183.62260055542"
"21785.256234172","6183.622604370117","6183.622604370117","6183.622604370117"
"21795.256396582","6183.622604370117","6183.622604370117","6183.622604370117"
"21805.25622252","6183.622608184814","6183.622608184814","6183.622608184814"