"Relative Time (Process)","StudyAbroadGPT-7B-continued - system/gpu.0.smClock","StudyAbroadGPT-7B-continued - system/gpu.0.smClock__MIN","StudyAbroadGPT-7B-continued - system/gpu.0.smClock__MAX","StudyAbroadGPT-7B-continued - system/gpu.1.smClock","StudyAbroadGPT-7B-continued - system/gpu.1.smClock__MIN","StudyAbroadGPT-7B-continued - system/gpu.1.smClock__MAX"
"15.282726015","585","585","585","585","585","585"
"25.265648523","585","585","585","585","585","585"
"35.268134699","585","585","585","585","585","585"
"45.276054403","735","735","735","585","585","585"
"55.269090567","1545","1545","1545","585","585","585"
"65.271829729","660","660","660","585","585","585"
"75.268575932","585","585","585","585","585","585"
"85.276529561","630","630","630","585","585","585"
"95.267709641","615","615","615","585","585","585"
"105.26622235","1575","1575","1575","585","585","585"
"115.265448016","585","585","585","585","585","585"
"125.268289862","855","855","855","585","585","585"
"135.268787834","645","645","645","585","585","585"
"145.267607564","855","855","855","585","585","585"
"155.266615147","585","585","585","585","585","585"
"165.273888851","450","450","450","585","585","585"
"175.266194678","555","555","555","585","585","585"
"945.267685732","585","585","585","585","585","585"
"955.265614151","585","585","585","585","585","585"
"965.266567442","585","585","585","585","585","585"
"975.267032727","585","585","585","585","585","585"
"985.267835171","585","585","585","585","585","585"
"995.265477487","585","585","585","585","585","585"
"1005.267035756","585","585","585","585","585","585"
"1015.265546242","585","585","585","585","585","585"
"1035.2668394","585","585","585","585","585","585"
"1045.266411634","720","720","720","585","585","585"
"1055.265837761","615","615","615","585","585","585"
"1065.271039921","600","600","600","585","585","585"
"1075.268876502","495","495","495","585","585","585"
"1085.273139789","615","615","615","585","585","585"
"1095.267500395","615","615","615","585","585","585"
"1105.265939952","615","615","615","585","585","585"
"1115.26547951","660","660","660","585","585","585"
"1125.268191527","495","495","495","585","585","585"
"1135.267267404","630","630","630","585","585","585"
"1145.265542271","480","480","480","585","585","585"
"1155.270195255","600","600","600","585","585","585"
"1165.265521817","630","630","630","585","585","585"
"1175.26691707","690","690","690","585","585","585"
"1185.272515968","1020","1020","1020","585","585","585"
"1195.266001313","630","630","630","585","585","585"
"1205.265507775","525","525","525","585","585","585"
"1215.273814613","495","495","495","585","585","585"
"1225.265528457","615","615","615","585","585","585"
"1235.265692333","495","495","495","585","585","585"
"1245.274446643","660","660","660","585","585","585"
"1255.275641964","750","750","750","585","585","585"
"1265.265354113","675","675","675","585","585","585"
"1275.270426836","960","960","960","585","585","585"
"1285.265503381","555","555","555","585","585","585"
"1295.268258961","600","600","600","585","585","585"
"1305.271934497","735","735","735","585","585","585"
"1315.265738672","585","585","585","585","585","585"
"1325.272673178","720","720","720","585","585","585"
"1335.275614913","570","570","570","585","585","585"
"1345.267954801","615","615","615","585","585","585"
"1355.265229372","480","480","480","585","585","585"
"1365.268519901","600","600","600","585","585","585"
"1375.267413549","555","555","555","585","585","585"
"1385.272998202","570","570","570","585","585","585"
"1395.268350244","705","705","705","585","585","585"
"1405.268613342","600","600","600","585","585","585"
"1415.267982808","585","585","585","585","585","585"
"1425.267386786","600","600","600","585","585","585"
"1435.26550606","555","555","555","585","585","585"
"1445.277250061","495","495","495","585","585","585"
"1455.266123245","630","630","630","585","585","585"
"1465.267954251","780","780","780","585","585","585"
"1475.271793395","600","600","600","585","585","585"
"1485.278676568","600","600","600","585","585","585"
"1495.266083721","585","585","585","585","585","585"
"1505.269389895","945","945","945","585","585","585"
"1515.26953179","765","765","765","585","585","585"
"1525.266012213","900","900","900","585","585","585"
"1535.266745837","630","630","630","585","585","585"
"1545.275819445","600","600","600","585","585","585"
"1555.271631822","600","600","600","585","585","585"
"1565.266599464","600","600","600","585","585","585"
"1575.265281584","840","840","840","585","585","585"
"1585.269237838","630","630","630","585","585","585"
"1595.26853866","600","600","600","585","585","585"
"1605.267992268","600","600","600","585","585","585"
"1615.267880841","750","750","750","585","585","585"
"1625.271129483","645","645","645","585","585","585"
"1635.276349915","615","615","615","585","585","585"
"1645.270105984","585","585","585","585","585","585"
"1655.265537282","645","645","645","585","585","585"
"1665.27384965","855","855","855","585","585","585"
"1675.26928571","600","600","600","585","585","585"
"1685.277326669","555","555","555","585","585","585"
"1695.268443525","465","465","465","585","585","585"
"1705.267053081","570","570","570","585","585","585"
"1715.269343698","480","480","480","585","585","585"
"1725.273265352","645","645","645","585","585","585"
"1735.268585195","480","480","480","585","585","585"
"1745.267097476","795","795","795","585","585","585"
"1755.265345918","615","615","615","585","585","585"
"1765.269911679","495","495","495","585","585","585"
"1775.266144078","450","450","450","585","585","585"
"1785.266635934","510","510","510","585","585","585"
"1795.267275418","765","765","765","585","585","585"
"1805.267045778","585","585","585","585","585","585"
"1815.26689334","600","600","600","585","585","585"
"1825.26683354","570","570","570","585","585","585"
"1835.271801952","675","675","675","585","585","585"
"1845.269770361","585","585","585","585","585","585"
"1855.27610869","615","615","615","585","585","585"
"1865.278790661","585","585","585","585","585","585"
"1875.266656143","525","525","525","585","585","585"
"1885.276794145","630","630","630","585","585","585"
"1895.271543898","555","555","555","585","585","585"
"1905.269028552","615","615","615","585","585","585"
"1915.270332614","840","840","840","585","585","585"
"1925.265761443","435","435","435","585","585","585"
"1935.272480052","630","630","630","585","585","585"
"1945.266799366","585","585","585","585","585","585"
"1955.271863979","585","585","585","585","585","585"
"1965.267282401","630","630","630","585","585","585"
"1975.267491962","585","585","585","585","585","585"
"1985.265093311","600","600","600","585","585","585"
"1995.268007845","525","525","525","585","585","585"
"2005.266706374","615","615","615","585","585","585"
"2015.266817986","855","855","855","585","585","585"
"2025.266251374","555","555","555","585","585","585"
"2035.265732348","615","615","615","585","585","585"
"2045.267223778","540","540","540","585","585","585"
"2055.274725907","600","600","600","585","585","585"
"2065.27115954","525","525","525","585","585","585"
"2075.26774375","435","435","435","585","585","585"
"2085.265976736","600","600","600","585","585","585"
"2095.270005366","600","600","600","585","585","585"
"2105.276182641","585","585","585","585","585","585"
"2115.268211421","630","630","630","585","585","585"
"2125.267017844","435","435","435","585","585","585"
"2135.266607762","615","615","615","585","585","585"
"2145.267921145","630","630","630","585","585","585"
"2155.269618332","570","570","570","585","585","585"
"2165.267561466","585","585","585","585","585","585"
"2175.266147109","615","615","615","585","585","585"
"2185.266571834","435","435","435","585","585","585"
"2195.269245093","615","615","615","585","585","585"
"2205.27263517","510","510","510","585","585","585"
"2215.265277177","975","975","975","585","585","585"
"2225.272642469","1005","1005","1005","585","585","585"
"2235.267314278","555","555","555","585","585","585"
"2245.267459558","645","645","645","585","585","585"
"2255.274675387","810","810","810","585","585","585"
"2265.270022487","840","840","840","585","585","585"
"2275.281602606","750","750","750","585","585","585"
"2285.270281626","570","570","570","585","585","585"
"2295.27745621","570","570","570","585","585","585"
"2305.269133449","1020","1020","1020","585","585","585"
"2315.268426861","825","825","825","585","585","585"
"2325.269286617","600","600","600","585","585","585"
"2335.269805861","510","510","510","585","585","585"
"2345.268670194","570","570","570","585","585","585"
"2355.268776163","465","465","465","585","585","585"
"2365.269933866","585","585","585","585","585","585"
"2375.270735103","615","615","615","585","585","585"
"2385.278791673","615","615","615","585","585","585"
"2395.26693152","615","615","615","585","585","585"
"2405.268414341","585","585","585","585","585","585"
"2415.268109819","660","660","660","585","585","585"
"2425.267155547","765","765","765","585","585","585"
"2435.266346117","540","540","540","585","585","585"
"2445.266166085","630","630","630","585","585","585"
"2455.273274064","510","510","510","585","585","585"
"2465.267590452","930","930","930","585","585","585"
"2475.266043811","525","525","525","585","585","585"
"2485.265839923","570","570","570","585","585","585"
"2495.266739408","630","630","630","585","585","585"
"2505.267934602","600","600","600","585","585","585"
"2515.271041929","585","585","585","585","585","585"
"2525.267353795","600","600","600","585","585","585"
"2535.26976709","525","525","525","585","585","585"
"2545.27037988","615","615","615","585","585","585"
"2555.267816106","600","600","600","585","585","585"
"2565.267601776","630","630","630","585","585","585"
"2575.265118334","585","585","585","585","585","585"
"2585.265934865","525","525","525","585","585","585"
"2595.268348133","615","615","615","585","585","585"
"2605.265436982","660","660","660","585","585","585"
"2615.271201909","615","615","615","585","585","585"
"2625.269559732","660","660","660","585","585","585"
"2635.273707077","600","600","600","585","585","585"
"2645.268105033","645","645","645","585","585","585"
"2655.267836099","630","630","630","585","585","585"
"2665.266293895","525","525","525","585","585","585"
"2675.278267345","570","570","570","585","585","585"
"2685.265511633","750","750","750","585","585","585"
"2695.266600786","585","585","585","585","585","585"
"2705.272781807","465","465","465","585","585","585"
"2715.269744156","615","615","615","585","585","585"
"2725.265505364","540","540","540","585","585","585"
"2735.270146616","540","540","540","585","585","585"
"2745.280402169","1170","1170","1170","585","585","585"
"2755.276097714","540","540","540","585","585","585"
"2765.268603386","585","585","585","585","585","585"
"2775.268015315","600","600","600","585","585","585"
"2785.267317265","990","990","990","585","585","585"
"2795.267111057","510","510","510","585","585","585"
"2805.266532622","600","600","600","585","585","585"
"2815.270501722","585","585","585","585","585","585"
"2825.266518576","525","525","525","585","585","585"
"2835.267824103","615","615","615","585","585","585"
"2845.265712586","465","465","465","585","585","585"
"2855.265060446","765","765","765","585","585","585"
"2865.266951665","645","645","645","585","585","585"
"2875.267031396","600","600","600","585","585","585"
"2885.268632402","600","600","600","585","585","585"
"2895.265928464","735","735","735","585","585","585"
"2905.267130844","465","465","465","585","585","585"
"2915.269853103","615","615","615","585","585","585"
"2925.278221941","510","510","510","585","585","585"
"2935.276070701","600","600","600","585","585","585"
"2945.265646511","555","555","555","585","585","585"
"2955.272268848","435","435","435","585","585","585"
"2965.265286886","660","660","660","585","585","585"
"2975.26700083","990","990","990","585","585","585"
"2985.2660491","630","630","630","585","585","585"
"2995.268222264","570","570","570","585","585","585"
"3005.269070349","960","960","960","585","585","585"
"3015.265623971","495","495","495","585","585","585"
"3025.269203756","720","720","720","585","585","585"
"3035.269152952","615","615","615","585","585","585"
"3045.269588767","615","615","615","585","585","585"
"3055.269526513","675","675","675","585","585","585"
"3065.267139719","555","555","555","585","585","585"
"3075.279191049","450","450","450","585","585","585"
"3085.270902954","630","630","630","585","585","585"
"3095.270076773","705","705","705","585","585","585"
"3105.274963408","600","600","600","585","585","585"
"3115.270393832","600","600","600","585","585","585"
"3125.26795194","930","930","930","585","585","585"
"3135.268784579","975","975","975","585","585","585"
"3145.266816525","615","615","615","585","585","585"
"3155.27051942","585","585","585","585","585","585"
"3165.268498837","600","600","600","585","585","585"
"3175.267251274","555","555","555","585","585","585"
"3185.265566903","750","750","750","585","585","585"
"3195.275283592","1005","1005","1005","585","585","585"
"3205.266435502","615","615","615","585","585","585"
"3215.268662772","525","525","525","585","585","585"
"3225.268206969","615","615","615","585","585","585"
"3235.273724345","810","810","810","585","585","585"
"3245.268435264","600","600","600","585","585","585"
"3255.271103186","585","585","585","585","585","585"
"3265.267122801","810","810","810","585","585","585"
"3275.265538709","615","615","615","585","585","585"
"3285.266646826","525","525","525","585","585","585"
"3295.267352692","600","600","600","585","585","585"
"3305.264893953","630","630","630","585","585","585"
"3315.268723197","750","750","750","585","585","585"
"3325.266827672","1005","1005","1005","585","585","585"
"3335.276772017","840","840","840","585","585","585"
"3345.268926769","675","675","675","585","585","585"
"3355.268556798","795","795","795","585","585","585"
"3365.26710819","495","495","495","585","585","585"
"3375.267515237","615","615","615","585","585","585"
"3385.267909624","555","555","555","585","585","585"
"3395.265377318","525","525","525","585","585","585"
"3405.274094482","690","690","690","585","585","585"
"3415.272278842","615","615","615","585","585","585"
"3425.26842753","735","735","735","585","585","585"
"3435.270209751","900","900","900","585","585","585"
"3445.270338098","450","450","450","585","585","585"
"3455.2669032","750","750","750","585","585","585"
"3465.273420404","495","495","495","585","585","585"
"3475.269653671","570","570","570","585","585","585"
"3485.269522908","735","735","735","585","585","585"
"3495.26729341","615","615","615","585","585","585"
"3505.267397557","600","600","600","585","585","585"
"3515.267857542","930","930","930","585","585","585"
"3525.27032725","720","720","720","585","585","585"
"3535.268625025","600","600","600","585","585","585"
"3545.265003903","600","600","600","585","585","585"
"3555.26997253","645","645","645","585","585","585"
"3565.273418996","795","795","795","585","585","585"
"3575.268195737","795","795","795","585","585","585"
"3585.26582559","585","585","585","585","585","585"
"3595.268121905","675","675","675","585","585","585"
"3605.267472908","615","615","615","585","585","585"
"3615.273141294","600","600","600","585","585","585"
"3625.266851376","600","600","600","585","585","585"
"3635.26565782","480","480","480","585","585","585"
"3645.267749578","690","690","690","585","585","585"
"3655.272397374","570","570","570","585","585","585"
"3665.269606543","555","555","555","585","585","585"
"3675.270597783","630","630","630","585","585","585"
"3685.267994311","585","585","585","585","585","585"
"3695.268590445","615","615","615","585","585","585"
"3705.266582141","600","600","600","585","585","585"
"3715.268723163","480","480","480","585","585","585"
"3725.269654647","600","600","600","585","585","585"
"3735.269984925","510","510","510","585","585","585"
"3745.265890704","600","600","600","585","585","585"
"3755.267749161","645","645","645","585","585","585"
"3765.266643494","600","600","600","585","585","585"
"3775.265299793","780","780","780","585","585","585"
"3785.268005147","675","675","675","585","585","585"
"3795.267068091","480","480","480","585","585","585"
"3805.267598656","600","600","600","585","585","585"
"3815.267139402","660","660","660","585","585","585"
"3825.267305784","630","630","630","585","585","585"
"3835.265849396","600","600","600","585","585","585"
"3845.271409916","585","585","585","585","585","585"
"3855.267823007","540","540","540","585","585","585"
"3865.270247847","690","690","690","585","585","585"
"3875.266918617","555","555","555","585","585","585"
"3885.272401969","630","630","630","585","585","585"
"3895.27121305","720","720","720","585","585","585"
"3905.267759192","585","585","585","585","585","585"
"3915.272368051","630","630","630","585","585","585"
"3925.266281319","900","900","900","585","585","585"
"3935.268206974","585","585","585","585","585","585"
"3945.267196585","705","705","705","585","585","585"
"3955.265771097","945","945","945","585","585","585"
"3965.268397943","480","480","480","585","585","585"
"3975.267625979","615","615","615","585","585","585"
"3985.271219111","600","600","600","585","585","585"
"3995.266610805","630","630","630","585","585","585"
"4005.273735553","585","585","585","585","585","585"
"4015.266686821","600","600","600","585","585","585"
"4025.267165875","660","660","660","585","585","585"
"4035.276413417","720","720","720","585","585","585"
"4045.267300774","600","600","600","585","585","585"
"4055.264957835","660","660","660","585","585","585"
"4065.267786781","780","780","780","585","585","585"
"4075.275773729","720","720","720","585","585","585"
"4085.267142924","585","585","585","585","585","585"
"4095.266520784","585","585","585","585","585","585"
"4105.275108667","645","645","645","585","585","585"
"4115.276663836","765","765","765","585","585","585"
"4125.265455144","615","615","615","585","585","585"
"4135.26946361","510","510","510","585","585","585"
"4145.276639446","615","615","615","585","585","585"
"4155.267319856","585","585","585","585","585","585"
"4165.274283927","765","765","765","585","585","585"
"4175.26712252","630","630","630","585","585","585"
"4185.266233895","900","900","900","585","585","585"
"4195.26635952","630","630","630","585","585","585"
"4205.269411148","630","630","630","585","585","585"
"4215.26673456","870","870","870","585","585","585"
"4225.26550228","540","540","540","585","585","585"
"4235.267328264","435","435","435","585","585","585"
"4245.266318214","615","615","615","585","585","585"
"4255.266614958","600","600","600","585","585","585"
"4265.265517181","720","720","720","585","585","585"
"4275.272976763","615","615","615","585","585","585"
"4285.273362119","735","735","735","585","585","585"
"4295.265061183","540","540","540","585","585","585"
"4305.267671354","585","585","585","585","585","585"
"4315.265926034","525","525","525","585","585","585"
"4325.267251009","630","630","630","585","585","585"
"4335.269224025","615","615","615","585","585","585"
"4345.26694564","600","600","600","585","585","585"
"4355.270572955","435","435","435","585","585","585"
"4365.266378654","510","510","510","585","585","585"
"4375.265651501","615","615","615","585","585","585"
"4385.268049793","510","510","510","585","585","585"
"4395.268211414","570","570","570","585","585","585"
"4405.267714614","690","690","690","585","585","585"
"4415.271363374","585","585","585","585","585","585"
"4425.268786165","510","510","510","585","585","585"
"4435.267331869","645","645","645","585","585","585"
"4445.26683265","525","525","525","585","585","585"
"4455.26782635","555","555","555","585","585","585"
"4465.267118286","600","600","600","585","585","585"
"4475.268633217","585","585","585","585","585","585"
"4485.26775339","795","795","795","585","585","585"
"4495.266762529","615","615","615","585","585","585"
"4505.274477632","840","840","840","585","585","585"
"4515.274520474","600","600","600","585","585","585"
"4525.266903626","585","585","585","585","585","585"
"4535.265560312","1020","1020","1020","585","585","585"
"4545.273385161","840","840","840","585","585","585"
"4555.26721518","540","540","540","585","585","585"
"4565.265499896","495","495","495","585","585","585"
"4575.269778184","600","600","600","585","585","585"
"4585.266883774","870","870","870","585","585","585"
"4595.265222364","465","465","465","585","585","585"
"4605.269847287","585","585","585","585","585","585"
"4615.267013194","510","510","510","585","585","585"
"4625.267484232","450","450","450","585","585","585"
"4635.267860473","510","510","510","585","585","585"
"4645.267600478","585","585","585","585","585","585"
"4655.271608586","570","570","570","585","585","585"
"4665.268299989","555","555","555","585","585","585"
"4675.26751027","540","540","540","585","585","585"
"4685.266286575","600","600","600","585","585","585"
"4695.269020222","810","810","810","585","585","585"
"4705.26771586","555","555","555","585","585","585"
"4715.266606133","450","450","450","585","585","585"
"4725.265748255","630","630","630","585","585","585"
"4735.270064113","585","585","585","585","585","585"
"4745.267499407","480","480","480","585","585","585"
"4755.266979495","555","555","555","585","585","585"
"4765.267470766","480","480","480","585","585","585"
"4775.266436876","975","975","975","585","585","585"
"4785.267799305","615","615","615","585","585","585"
"4795.265684789","570","570","570","585","585","585"
"4805.265177495","585","585","585","585","585","585"
"4815.266807389","585","585","585","585","585","585"
"4825.270000143","600","600","600","585","585","585"
"4835.265750418","615","615","615","585","585","585"
"4845.274690517","570","570","570","585","585","585"
"4855.269076041","540","540","540","585","585","585"
"4865.276600762","810","810","810","585","585","585"
"4875.266924693","630","630","630","585","585","585"
"4885.268453481","615","615","615","585","585","585"
"4895.268693889","885","885","885","585","585","585"
"4905.275992369","705","705","705","585","585","585"
"4915.268371933","930","930","930","585","585","585"
"4925.267113892","600","600","600","585","585","585"
"4935.27919284","435","435","435","585","585","585"
"4945.266736385","600","600","600","585","585","585"
"4955.264933407","570","570","570","585","585","585"
"4965.267596265","525","525","525","585","585","585"
"4975.267483481","765","765","765","585","585","585"
"4985.266788367","570","570","570","585","585","585"
"4995.267532653","600","600","600","585","585","585"
"5005.265115437","600","600","600","585","585","585"
"5015.27153468","630","630","630","585","585","585"
"5025.272049529","690","690","690","585","585","585"
"5035.268537376","720","720","720","585","585","585"
"5045.26741715","705","705","705","585","585","585"
"5055.267841617","750","750","750","585","585","585"
"5065.26559602","540","540","540","585","585","585"
"5075.267271604","630","630","630","585","585","585"
"5085.269293544","600","600","600","585","585","585"
"5095.267006693","855","855","855","585","585","585"
"5105.267314922","450","450","450","585","585","585"
"5115.266291201","540","540","540","585","585","585"
"5125.265724615","885","885","885","585","585","585"
"5135.266187905","660","660","660","585","585","585"
"5145.267763353","480","480","480","585","585","585"
"5155.273462842","420","420","420","585","585","585"
"5165.276403101","780","780","780","585","585","585"
"5175.271563312","570","570","570","585","585","585"
"5185.267206336","600","600","600","585","585","585"
"5195.265589683","720","720","720","585","585","585"
"5205.267792648","600","600","600","585","585","585"
"5215.270969732","660","660","660","585","585","585"
"5225.268759099","435","435","435","585","585","585"
"5235.265610403","765","765","765","585","585","585"
"5245.271084424","540","540","540","585","585","585"
"5255.269715935","525","525","525","585","585","585"
"5265.27437571","645","645","645","585","585","585"
"5275.268382728","495","495","495","585","585","585"
"5285.267564397","570","570","570","585","585","585"
"5295.276783446","585","585","585","585","585","585"
"5305.269612032","600","600","600","585","585","585"
"5315.274516796","630","630","630","585","585","585"
"5325.284928808","930","930","930","585","585","585"
"5335.265507851","615","615","615","585","585","585"
"5345.267073313","615","615","615","585","585","585"
"5355.266314418","615","615","615","585","585","585"
"5365.267197447","615","615","615","585","585","585"
"5375.266294043","615","615","615","585","585","585"
"5385.266353087","600","600","600","585","585","585"
"5395.267773171","615","615","615","585","585","585"
"5405.265548585","600","600","600","585","585","585"
"5415.268658984","615","615","615","585","585","585"
"5425.26856957","690","690","690","585","585","585"
"5435.265833728","615","615","615","585","585","585"
"5445.266763277","600","600","600","585","585","585"
"5455.267821483","705","705","705","585","585","585"
"5465.265281319","600","600","600","585","585","585"
"5475.269933096","480","480","480","585","585","585"
"5485.275016494","585","585","585","585","585","585"
"5495.275487052","540","540","540","585","585","585"
"5505.275937652","615","615","615","585","585","585"
"5515.27613732","840","840","840","585","585","585"
"5525.268709063","585","585","585","585","585","585"
"5535.265588392","780","780","780","585","585","585"
"5545.266375728","600","600","600","585","585","585"
"5555.274225934","585","585","585","585","585","585"
"5565.266261212","600","600","600","585","585","585"
"5575.268900167","585","585","585","585","585","585"
"5585.264945965","465","465","465","585","585","585"
"5595.265300676","495","495","495","585","585","585"
"5605.267850455","810","810","810","585","585","585"
"5615.267553434","585","585","585","585","585","585"
"5625.270299357","600","600","600","585","585","585"
"5635.267216317","630","630","630","585","585","585"
"5645.267517139","855","855","855","585","585","585"
"5655.268127221","570","570","570","585","585","585"
"5665.274790712","570","570","570","585","585","585"
"5675.26996395","615","615","615","585","585","585"
"5685.26583713","765","765","765","585","585","585"
"5695.268494597","915","915","915","585","585","585"
"5705.26754324","690","690","690","585","585","585"
"5715.266630139","555","555","555","585","585","585"
"5725.266980088","555","555","555","585","585","585"
"5735.267281439","495","495","495","585","585","585"
"5745.266848198","840","840","840","585","585","585"
"5755.269077492","465","465","465","585","585","585"
"5765.266697905","585","585","585","585","585","585"
"5775.267668704","615","615","615","585","585","585"
"5785.268586364","585","585","585","585","585","585"
"5795.274239431","675","675","675","585","585","585"
"5805.272994608","750","750","750","585","585","585"
"5815.268130037","525","525","525","585","585","585"
"5825.267222938","630","630","630","585","585","585"
"5835.266150224","585","585","585","585","585","585"
"5845.266233999","585","585","585","585","585","585"
"5855.26735575","600","600","600","585","585","585"
"5865.265848487","585","585","585","585","585","585"
"5875.268683511","555","555","555","585","585","585"
"5885.266616603","450","450","450","585","585","585"
"5895.26607862","675","675","675","585","585","585"
"5905.266242639","540","540","540","585","585","585"
"5915.267273191","510","510","510","585","585","585"
"5925.268047209","495","495","495","585","585","585"
"5935.273666155","600","600","600","585","585","585"
"5945.274342229","600","600","600","585","585","585"
"5955.268847884","435","435","435","585","585","585"
"5965.271374737","840","840","840","585","585","585"
"5975.271199327","735","735","735","585","585","585"
"5985.267929389","495","495","495","585","585","585"
"5995.265582978","540","540","540","585","585","585"
"6005.265023539","585","585","585","585","585","585"
"6015.271016868","510","510","510","585","585","585"
"6025.275186198","795","795","795","585","585","585"
"6035.267221564","630","630","630","585","585","585"
"6045.276702736","915","915","915","585","585","585"
"6055.275606555","1005","1005","1005","585","585","585"
"6065.265721934","495","495","495","585","585","585"
"6075.267693803","480","480","480","585","585","585"
"6085.271742501","585","585","585","585","585","585"
"6095.275981395","870","870","870","585","585","585"
"6105.274769634","885","885","885","585","585","585"
"6115.267056885","900","900","900","585","585","585"
"6125.268451437","540","540","540","585","585","585"
"6135.268369822","615","615","615","585","585","585"
"6145.267553346","600","600","600","585","585","585"
"6155.269519362","615","615","615","585","585","585"
"6165.277378796","480","480","480","585","585","585"
"6175.26903679","720","720","720","585","585","585"
"6185.265467123","570","570","570","585","585","585"
"6195.274305167","510","510","510","585","585","585"
"6205.268079926","1005","1005","1005","585","585","585"
"6215.268737001","915","915","915","585","585","585"
"6225.2660367","915","915","915","585","585","585"
"6235.268565539","600","600","600","585","585","585"
"6245.26642663","480","480","480","585","585","585"
"6255.267623485","930","930","930","585","585","585"
"6265.267818046","510","510","510","585","585","585"
"6275.26917742","600","600","600","585","585","585"
"6285.267225709","720","720","720","585","585","585"
"6295.272194858","645","645","645","585","585","585"
"6305.268300583","1005","1005","1005","585","585","585"
"6315.268093415","1065","1065","1065","585","585","585"
"6325.270108898","870","870","870","585","585","585"
"6335.265033828","570","570","570","585","585","585"
"6345.268498901","555","555","555","585","585","585"
"6355.266392848","585","585","585","585","585","585"
"6365.268633069","615","615","615","585","585","585"
"6375.267425707","450","450","450","585","585","585"
"6385.271801035","615","615","615","585","585","585"
"6395.271626093","435","435","435","585","585","585"
"6405.265698111","615","615","615","585","585","585"
"6415.27540635","810","810","810","585","585","585"
"6425.269061306","645","645","645","585","585","585"
"6435.267782121","585","585","585","585","585","585"
"6445.270612672","795","795","795","585","585","585"
"6455.267347696","990","990","990","585","585","585"
"6465.275207677","585","585","585","585","585","585"
"6475.274585848","510","510","510","585","585","585"
"6485.278296682","840","840","840","585","585","585"
"6495.269740958","600","600","600","585","585","585"
"6505.276111694","765","765","765","585","585","585"
"6515.268265732","615","615","615","585","585","585"
"6525.274278702","885","885","885","585","585","585"
"6535.270680161","855","855","855","585","585","585"
"6545.273087391","555","555","555","585","585","585"
"6555.277248723","525","525","525","585","585","585"
"6565.26728664","630","630","630","585","585","585"
"6575.268910592","525","525","525","585","585","585"
"6585.27318068","870","870","870","585","585","585"
"6595.266668499","990","990","990","585","585","585"
"6605.268957463","600","600","600","585","585","585"
"6615.266056867","615","615","615","585","585","585"
"6625.266957279","600","600","600","585","585","585"
"6635.265473202","990","990","990","585","585","585"
"6645.275069982","570","570","570","585","585","585"
"6655.266185363","660","660","660","585","585","585"
"6665.272476164","510","510","510","585","585","585"
"6675.27379124","600","600","600","585","585","585"
"6685.265847748","600","600","600","585","585","585"
"6695.267210123","450","450","450","585","585","585"
"6705.266051453","840","840","840","585","585","585"
"6715.266638701","465","465","465","585","585","585"
"6725.26536817","615","615","615","585","585","585"
"6735.266781159","705","705","705","585","585","585"
"6745.265794792","615","615","615","585","585","585"
"6755.265247524","600","600","600","585","585","585"
"6765.27254652","600","600","600","585","585","585"
"6775.274140466","675","675","675","585","585","585"
"6785.276503779","510","510","510","585","585","585"
"6795.267739525","600","600","600","585","585","585"
"6805.268997297","630","630","630","585","585","585"
"6815.266827316","600","600","600","585","585","585"
"6825.27073043","480","480","480","585","585","585"
"6835.266803449","525","525","525","585","585","585"
"6845.26717991","645","645","645","585","585","585"
"6855.265820758","855","855","855","585","585","585"
"6865.26973258","495","495","495","585","585","585"
"6875.271815064","495","495","495","585","585","585"
"6885.270234538","555","555","555","585","585","585"
"6895.271394991","810","810","810","585","585","585"
"6905.276211751","690","690","690","585","585","585"
"6915.271879911","465","465","465","585","585","585"
"6925.265851547","600","600","600","585","585","585"
"6935.270209841","525","525","525","585","585","585"
"6945.266836505","600","600","600","585","585","585"
"6955.281024488","690","690","690","585","585","585"
"6965.267114641","600","600","600","585","585","585"
"6975.269447562","600","600","600","585","585","585"
"6985.266076322","585","585","585","585","585","585"
"6995.268032843","585","585","585","585","585","585"
"7005.269211666","615","615","615","585","585","585"
"7015.275973268","510","510","510","585","585","585"
"7025.266663436","555","555","555","585","585","585"
"7035.275966887","510","510","510","585","585","585"
"7045.266856179","615","615","615","585","585","585"
"7055.273738355","795","795","795","585","585","585"
"7065.27536408","630","630","630","585","585","585"
"7075.270250738","600","600","600","585","585","585"
"7085.268842805","585","585","585","585","585","585"
"7095.27530527","480","480","480","585","585","585"
"7105.26739402","480","480","480","585","585","585"
"7115.269227128","540","540","540","585","585","585"
"7125.268434927","645","645","645","585","585","585"
"7135.267049822","510","510","510","585","585","585"
"7145.268309409","1005","1005","1005","585","585","585"
"7155.271621196","510","510","510","585","585","585"
"7165.276411092","465","465","465","585","585","585"
"7175.27169243","765","765","765","585","585","585"
"7185.269609123","585","585","585","585","585","585"
"7195.267688967","615","615","615","585","585","585"
"7205.273443367","480","480","480","585","585","585"
"7215.268201523","630","630","630","585","585","585"
"7225.274729161","555","555","555","585","585","585"
"7235.267122906","480","480","480","585","585","585"
"7245.268250767","675","675","675","585","585","585"
"7255.266945083","840","840","840","585","585","585"
"7265.268025972","615","615","615","585","585","585"
"7275.266990506","525","525","525","585","585","585"
"7285.268288821","840","840","840","585","585","585"
"7295.271218815","615","615","615","585","585","585"
"7305.267316563","615","615","615","585","585","585"
"7315.275952994","510","510","510","585","585","585"
"7325.276754874","465","465","465","585","585","585"
"7335.26584027","705","705","705","585","585","585"
"7345.26973949","600","600","600","585","585","585"
"7355.267208853","525","525","525","585","585","585"
"7365.272405433","525","525","525","585","585","585"
"7375.267501486","660","660","660","585","585","585"
"7385.267184918","495","495","495","585","585","585"
"7395.268658993","690","690","690","585","585","585"
"7405.268187202","630","630","630","585","585","585"
"7415.271778622","540","540","540","585","585","585"
"7425.269521687","570","570","570","585","585","585"
"7435.267732106","555","555","555","585","585","585"
"7445.269841448","615","615","615","585","585","585"
"7455.268043542","585","585","585","585","585","585"
"7465.267290735","615","615","615","585","585","585"
"7475.265605866","600","600","600","585","585","585"
"7485.275522122","525","525","525","585","585","585"
"7495.267926875","870","870","870","585","585","585"
"7505.268156785","720","720","720","585","585","585"
"7515.267006019","540","540","540","585","585","585"
"7525.265817928","585","585","585","585","585","585"
"7535.269340155","780","780","780","585","585","585"
"7545.267848139","660","660","660","585","585","585"
"7555.26651911","615","615","615","585","585","585"
"7565.266729548","645","645","645","585","585","585"
"7575.268433576","765","765","765","585","585","585"
"7585.268014819","675","675","675","585","585","585"
"7595.266647835","555","555","555","585","585","585"
"7605.269019198","615","615","615","585","585","585"
"7615.275087414","540","540","540","585","585","585"
"7625.269495016","840","840","840","585","585","585"
"7635.266044262","615","615","615","585","585","585"
"7645.265143907","645","645","645","585","585","585"
"7655.277921309","600","600","600","585","585","585"
"7665.266522874","540","540","540","585","585","585"
"7675.267885473","615","615","615","585","585","585"
"7685.275161061","945","945","945","585","585","585"
"7695.271766802","615","615","615","585","585","585"
"7705.266417373","615","615","615","585","585","585"
"7715.275600026","510","510","510","585","585","585"
"7725.267828934","780","780","780","585","585","585"
"7735.266397064","465","465","465","585","585","585"
"7745.266627238","570","570","570","585","585","585"
"7755.267746496","600","600","600","585","585","585"
"7765.268902114","600","600","600","585","585","585"
"7775.275217284","675","675","675","585","585","585"
"7785.266388161","555","555","555","585","585","585"
"7795.275377311","525","525","525","585","585","585"
"7805.268452872","570","570","570","585","585","585"
"7815.267062358","885","885","885","585","585","585"
"7825.266807005","615","615","615","585","585","585"
"7835.265294444","510","510","510","585","585","585"
"7845.267664299","585","585","585","585","585","585"
"7855.272770023","540","540","540","585","585","585"
"7865.269935167","570","570","570","585","585","585"
"7875.266498156","585","585","585","585","585","585"
"7885.265273881","570","570","570","585","585","585"
"7895.27022877","945","945","945","585","585","585"
"7905.266345841","915","915","915","585","585","585"
"7915.276220111","555","555","555","585","585","585"
"7925.272496546","585","585","585","585","585","585"
"7935.26792506","435","435","435","585","585","585"
"7945.272976741","600","600","600","585","585","585"
"7955.265820771","585","585","585","585","585","585"
"7965.268185421","495","495","495","585","585","585"
"7975.26763435","570","570","570","585","585","585"
"7985.267074625","615","615","615","585","585","585"
"7995.277509251","600","600","600","585","585","585"
"8005.266427183","630","630","630","585","585","585"
"8015.269814234","825","825","825","585","585","585"
"8025.27158616","465","465","465","585","585","585"
"8035.275325862","585","585","585","585","585","585"
"8045.268843485","465","465","465","585","585","585"
"8055.266481915","600","600","600","585","585","585"
"8065.267674196","435","435","435","585","585","585"
"8075.268127008","615","615","615","585","585","585"
"8085.266431397","585","585","585","585","585","585"
"8095.27480162","495","495","495","585","585","585"
"8105.273339241","765","765","765","585","585","585"
"8115.269563651","585","585","585","585","585","585"
"8125.267104395","615","615","615","585","585","585"
"8135.2686717","495","495","495","585","585","585"
"8145.269789294","645","645","645","585","585","585"
"8155.266340802","900","900","900","585","585","585"
"8165.267592278","645","645","645","585","585","585"
"8175.271068852","585","585","585","585","585","585"
"8185.276717066","435","435","435","585","585","585"
"8195.268802094","615","615","615","585","585","585"
"8205.267729504","615","615","615","585","585","585"
"8215.268193634","495","495","495","585","585","585"
"8225.270518576","555","555","555","585","585","585"
"8235.267365274","495","495","495","585","585","585"
"8245.274156326","495","495","495","585","585","585"
"8255.273009137","495","495","495","585","585","585"
"8265.274999011","600","600","600","585","585","585"
"8275.265605066","480","480","480","585","585","585"
"8285.268252333","510","510","510","585","585","585"
"8295.269829436","510","510","510","585","585","585"
"8305.266998827","465","465","465","585","585","585"
"8315.265139827","600","600","600","585","585","585"
"8325.269405514","600","600","600","585","585","585"
"8335.274539372","810","810","810","585","585","585"
"8345.265611752","630","630","630","585","585","585"
"8355.267793384","585","585","585","585","585","585"
"8365.268409953","630","630","630","585","585","585"
"8375.276332272","510","510","510","585","585","585"
"8385.266576488","630","630","630","585","585","585"
"8395.266200728","570","570","570","585","585","585"
"8405.268607634","600","600","600","585","585","585"
"8415.276418391","930","930","930","585","585","585"
"8425.265950247","600","600","600","585","585","585"
"8435.272815348","555","555","555","585","585","585"
"8445.270626781","600","600","600","585","585","585"
"8455.267598784","585","585","585","585","585","585"
"8465.266206648","540","540","540","585","585","585"
"8475.268470184","555","555","555","585","585","585"
"8485.266612965","630","630","630","585","585","585"
"8495.26869236","480","480","480","585","585","585"
"8505.268440931","660","660","660","585","585","585"
"8515.27836093","615","615","615","585","585","585"
"8525.269459114","510","510","510","585","585","585"
"8535.267885106","570","570","570","585","585","585"
"8545.267454357","735","735","735","585","585","585"
"8555.26898574","615","615","615","585","585","585"
"8565.267413992","615","615","615","585","585","585"
"8575.276947969","510","510","510","585","585","585"
"8585.26742504","720","720","720","585","585","585"
"8595.267452625","585","585","585","585","585","585"
"8605.26826857","570","570","570","585","585","585"
"8615.265246389","555","555","555","585","585","585"
"8625.267366157","570","570","570","585","585","585"
"8635.265257041","555","555","555","585","585","585"
"8645.26585124","525","525","525","585","585","585"
"8655.273018165","540","540","540","585","585","585"
"8665.271073848","585","585","585","585","585","585"
"8675.268754561","735","735","735","585","585","585"
"8685.276414871","525","525","525","585","585","585"
"8695.268722379","645","645","645","585","585","585"
"8705.266311138","615","615","615","585","585","585"
"8715.276038951","600","600","600","585","585","585"
"8725.273343637","645","645","645","585","585","585"
"8735.265695031","675","675","675","585","585","585"
"8745.267935587","705","705","705","585","585","585"
"8755.269133347","795","795","795","585","585","585"
"8765.2715031","600","600","600","585","585","585"
"8775.270426213","480","480","480","585","585","585"
"8785.268191937","615","615","615","585","585","585"
"8795.265617615","600","600","600","585","585","585"
"8805.267776307","855","855","855","585","585","585"
"8815.274644143","945","945","945","585","585","585"
"8825.274660978","675","675","675","585","585","585"
"8835.278396458","480","480","480","585","585","585"
"8845.2654304","585","585","585","585","585","585"
"8855.267890467","840","840","840","585","585","585"
"8865.266228091","600","600","600","585","585","585"
"8875.269123862","510","510","510","585","585","585"
"8885.269069715","660","660","660","585","585","585"
"8895.267536322","615","615","615","585","585","585"
"8905.265244871","615","615","615","585","585","585"
"8915.271250323","585","585","585","585","585","585"
"8925.276096093","810","810","810","585","585","585"
"8935.276339074","555","555","555","585","585","585"
"8945.272748088","585","585","585","585","585","585"
"8955.269456822","525","525","525","585","585","585"
"8965.265281538","495","495","495","585","585","585"
"8975.271515029","450","450","450","585","585","585"
"8985.269014141","615","615","615","585","585","585"
"8995.265411324","615","615","615","585","585","585"
"9005.268323305","615","615","615","585","585","585"
"9015.265721188","600","600","600","585","585","585"
"9025.268935439","585","585","585","585","585","585"
"9035.266917739","870","870","870","585","585","585"
"9045.2719885","615","615","615","585","585","585"
"9055.274689111","600","600","600","585","585","585"
"9065.266909936","510","510","510","585","585","585"
"9075.270381377","600","600","600","585","585","585"
"9085.273346033","495","495","495","585","585","585"
"9095.269162505","615","615","615","585","585","585"
"9105.277780919","735","735","735","585","585","585"
"9115.277108299","555","555","555","585","585","585"
"9125.274484144","525","525","525","585","585","585"
"9135.271302515","945","945","945","585","585","585"
"9145.267071038","915","915","915","585","585","585"
"9155.266665828","615","615","615","585","585","585"
"9165.27909498","570","570","570","585","585","585"
"9175.266830065","690","690","690","585","585","585"
"9185.265888464","435","435","435","585","585","585"
"9195.274581797","615","615","615","585","585","585"
"9205.26662533","600","600","600","585","585","585"
"9215.267609008","705","705","705","585","585","585"
"9225.267113125","600","600","600","585","585","585"
"9235.26572732","555","555","555","585","585","585"
"9245.267498435","600","600","600","585","585","585"
"9255.26835974","885","885","885","585","585","585"
"9265.268277893","615","615","615","585","585","585"
"9275.270864159","510","510","510","585","585","585"
"9285.266752477","600","600","600","585","585","585"
"9295.273911527","510","510","510","585","585","585"
"9305.278531191","765","765","765","585","585","585"
"9315.270658917","615","615","615","585","585","585"
"9325.269537607","630","630","630","585","585","585"
"9335.265170431","465","465","465","585","585","585"
"9345.266301986","450","450","450","585","585","585"
"9355.266016364","885","885","885","585","585","585"
"9365.269590554","570","570","570","585","585","585"
"9375.267738864","600","600","600","585","585","585"
"9385.265588342","600","600","600","585","585","585"
"9395.265890702","615","615","615","585","585","585"
"9405.265575858","525","525","525","585","585","585"
"9415.267240293","900","900","900","585","585","585"
"9425.266128459","600","600","600","585","585","585"
"9435.268379195","600","600","600","585","585","585"
"9445.271881495","840","840","840","585","585","585"
"9455.266401686","555","555","555","585","585","585"
"9465.267981138","480","480","480","585","585","585"
"9475.273011463","450","450","450","585","585","585"
"9485.266715943","600","600","600","585","585","585"
"9495.269697907","615","615","615","585","585","585"
"9505.265893114","615","615","615","585","585","585"
"9515.272278192","615","615","615","585","585","585"
"9525.270337106","615","615","615","585","585","585"
"9535.268401599","645","645","645","585","585","585"
"9545.265462722","465","465","465","585","585","585"
"9555.267834371","630","630","630","585","585","585"
"9565.267606317","585","585","585","585","585","585"
"9575.267019192","615","615","615","585","585","585"
"9585.270231227","600","600","600","585","585","585"
"9595.26696636","810","810","810","585","585","585"
"9605.265903156","600","600","600","585","585","585"
"9615.26774542","540","540","540","585","585","585"
"9625.269185254","555","555","555","585","585","585"
"9635.267727176","465","465","465","585","585","585"
"9645.266396759","600","600","600","585","585","585"
"9655.272515105","960","960","960","585","585","585"
"9665.268029718","600","600","600","585","585","585"
"9675.269545992","615","615","615","585","585","585"
"9685.266314763","630","630","630","585","585","585"
"9695.269770489","660","660","660","585","585","585"
"9705.273319382","540","540","540","585","585","585"
"9715.275284489","570","570","570","585","585","585"
"9725.275064875","525","525","525","585","585","585"
"9735.26697469","600","600","600","585","585","585"
"9745.26799186","615","615","615","585","585","585"
"9755.26767202","585","585","585","585","585","585"
"9765.268969869","450","450","450","585","585","585"
"9775.269105248","525","525","525","585","585","585"
"9785.26546911","480","480","480","585","585","585"
"9795.267035891","600","600","600","585","585","585"
"9805.267757588","630","630","630","585","585","585"
"9815.267301091","450","450","450","585","585","585"
"9825.268523093","540","540","540","585","585","585"
"9835.266586706","540","540","540","585","585","585"
"9845.267572181","600","600","600","585","585","585"
"9855.269326867","570","570","570","585","585","585"
"9865.26583842","570","570","570","585","585","585"
"9875.2674505","615","615","615","585","585","585"
"9885.277146634","510","510","510","585","585","585"
"9895.276915435","600","600","600","585","585","585"
"9905.268414401","525","525","525","585","585","585"
"9915.268494173","495","495","495","585","585","585"
"9925.268094982","585","585","585","585","585","585"
"9935.267883178","510","510","510","585","585","585"
"9945.267173253","555","555","555","585","585","585"
"9955.266417081","540","540","540","585","585","585"
"9965.268176628","1005","1005","1005","585","585","585"
"9975.27028202","495","495","495","585","585","585"
"9985.275231515","555","555","555","585","585","585"
"9995.26710852","630","630","630","585","585","585"
"10005.266592913","510","510","510","585","585","585"
"10015.265942395","630","630","630","585","585","585"
"10025.266882367","555","555","555","585","585","585"
"10035.274240376","600","600","600","585","585","585"
"10045.266489421","510","510","510","585","585","585"
"10055.265271964","525","525","525","585","585","585"
"10065.266477145","510","510","510","585","585","585"
"10075.274032717","450","450","450","585","585","585"
"10085.270606121","1005","1005","1005","585","585","585"
"10095.26805613","960","960","960","585","585","585"
"10105.266613224","600","600","600","585","585","585"
"10115.27366137","750","750","750","585","585","585"
"10125.267492647","600","600","600","585","585","585"
"10135.26632014","585","585","585","585","585","585"
"10145.275637772","870","870","870","585","585","585"
"10155.274389073","720","720","720","585","585","585"
"10165.271681037","420","420","420","585","585","585"
"10175.266929476","975","975","975","585","585","585"
"10185.27601364","870","870","870","585","585","585"
"10195.273921894","555","555","555","585","585","585"
"10205.266713278","690","690","690","585","585","585"
"10215.267529133","615","615","615","585","585","585"
"10225.267328462","690","690","690","585","585","585"
"10235.27131089","450","450","450","585","585","585"
"10245.273430352","510","510","510","585","585","585"
"10255.267188324","660","660","660","585","585","585"
"10265.270369132","600","600","600","585","585","585"
"10275.270676559","675","675","675","585","585","585"
"10285.268403167","480","480","480","585","585","585"
"10295.265949616","600","600","600","585","585","585"
"10305.268664659","615","615","615","585","585","585"
"10315.276636771","600","600","600","585","585","585"
"10325.265237176","600","600","600","585","585","585"
"10335.266270359","570","570","570","585","585","585"
"10345.266861708","615","615","615","585","585","585"
"10355.267100542","780","780","780","585","585","585"
"10365.275138559","585","585","585","585","585","585"
"10375.268321371","585","585","585","585","585","585"
"10385.272617733","600","600","600","585","585","585"
"10395.269447646","690","690","690","585","585","585"
"10405.268120934","495","495","495","585","585","585"
"10415.266327655","585","585","585","585","585","585"
"10425.268122194","645","645","645","585","585","585"
"10435.265821154","495","495","495","585","585","585"
"10445.268195629","480","480","480","585","585","585"
"10455.268367537","840","840","840","585","585","585"
"10465.273575112","510","510","510","585","585","585"
"10475.270161828","600","600","600","585","585","585"
"10485.268941863","540","540","540","585","585","585"
"10495.270851705","615","615","615","585","585","585"
"10505.267744754","570","570","570","585","585","585"
"10515.266745681","615","615","615","585","585","585"
"10525.27314148","750","750","750","585","585","585"
"10535.272423582","930","930","930","585","585","585"
"10545.277069862","615","615","615","585","585","585"
"10555.266217128","600","600","600","585","585","585"
"10565.267360402","915","915","915","585","585","585"
"10575.269752817","630","630","630","585","585","585"
"10585.26718195","570","570","570","585","585","585"
"10595.271510357","525","525","525","585","585","585"
"10605.270729018","600","600","600","585","585","585"
"10615.268672148","600","600","600","585","585","585"
"10625.269184481","630","630","630","585","585","585"
"10635.2742625","645","645","645","585","585","585"
"10645.268982781","510","510","510","585","585","585"
"10655.267762667","600","600","600","585","585","585"
"10665.266145121","480","480","480","585","585","585"
"10675.269845119","660","660","660","585","585","585"
"10685.267648117","885","885","885","585","585","585"
"10695.265595034","600","600","600","585","585","585"
"10705.267160422","615","615","615","585","585","585"
"10715.277297908","510","510","510","585","585","585"
"10725.269593704","615","615","615","585","585","585"
"10735.265542756","915","915","915","585","585","585"
"10745.275053239","750","750","750","585","585","585"
"10755.266120147","600","600","600","585","585","585"
"10765.266424015","465","465","465","585","585","585"
"10775.269341847","570","570","570","585","585","585"
"10785.26654148","615","615","615","585","585","585"
"10795.267407098","495","495","495","585","585","585"
"10805.268069518","1005","1005","1005","585","585","585"
"10815.275896005","735","735","735","585","585","585"
"10825.27051549","570","570","570","585","585","585"
"10835.267405828","555","555","555","585","585","585"
"10845.268449971","675","675","675","585","585","585"
"10855.266159456","600","600","600","585","585","585"
"10865.267026153","900","900","900","585","585","585"
"10875.269204538","555","555","555","585","585","585"
"10885.267271872","585","585","585","585","585","585"
"10895.268760155","930","930","930","585","585","585"
"10905.266133112","555","555","555","585","585","585"
"10915.266576658","825","825","825","585","585","585"
"10925.273243576","600","600","600","585","585","585"
"10935.276969204","615","615","615","585","585","585"
"10945.269022399","480","480","480","585","585","585"
"10955.265258336","630","630","630","585","585","585"
"10965.267129206","540","540","540","585","585","585"
"10975.265564529","555","555","555","585","585","585"
"10985.270181721","630","630","630","585","585","585"
"10995.267611034","840","840","840","585","585","585"
"11005.271347643","630","630","630","585","585","585"
"11015.265777065","525","525","525","585","585","585"
"11025.267009504","555","555","555","585","585","585"
"11035.268057168","675","675","675","585","585","585"
"11045.271569455","765","765","765","585","585","585"
"11055.266576665","585","585","585","585","585","585"
"11065.266721744","630","630","630","585","585","585"
"11075.265969225","600","600","600","585","585","585"
"11085.268079755","600","600","600","585","585","585"
"11095.267429576","630","630","630","585","585","585"
"11105.269010686","630","630","630","585","585","585"
"11115.265910048","630","630","630","585","585","585"
"11125.268098988","930","930","930","585","585","585"
"11135.265105005","690","690","690","585","585","585"
"11145.281379656","735","735","735","585","585","585"
"11155.267441517","420","420","420","585","585","585"
"11165.267428142","570","570","570","585","585","585"
"11175.268502918","705","705","705","585","585","585"
"11185.265655758","645","645","645","585","585","585"
"11195.267227589","750","750","750","585","585","585"
"11205.270754276","600","600","600","585","585","585"
"11215.270189063","795","795","795","585","585","585"
"11225.266849414","870","870","870","585","585","585"
"11235.269388101","585","585","585","585","585","585"
"11245.269857195","750","750","750","585","585","585"
"11255.266106521","540","540","540","585","585","585"
"11265.269849527","660","660","660","585","585","585"
"11275.265838888","600","600","600","585","585","585"
"11285.279343117","780","780","780","585","585","585"
"11295.266258346","570","570","570","585","585","585"
"11305.274984812","465","465","465","585","585","585"
"11315.269899843","630","630","630","585","585","585"
"11325.266134502","795","795","795","585","585","585"
"11335.269309369","600","600","600","585","585","585"
"11345.268794346","615","615","615","585","585","585"
"11355.268207606","555","555","555","585","585","585"
"11365.276864589","705","705","705","585","585","585"
"11375.267108886","525","525","525","585","585","585"
"11385.26631145","615","615","615","585","585","585"
"11395.265792404","540","540","540","585","585","585"
"11405.26562448","480","480","480","585","585","585"
"11415.269370685","615","615","615","585","585","585"
"11425.266978692","510","510","510","585","585","585"
"11435.268469647","465","465","465","585","585","585"
"11445.269196826","600","600","600","585","585","585"
"11455.26861219","600","600","600","585","585","585"
"11465.269520704","660","660","660","585","585","585"
"11475.271248197","495","495","495","585","585","585"
"11485.271791869","480","480","480","585","585","585"
"11495.270200963","810","810","810","585","585","585"
"11505.275170661","525","525","525","585","585","585"
"11515.275757952","495","495","495","585","585","585"
"11525.27374778","570","570","570","585","585","585"
"11535.271108855","585","585","585","585","585","585"
"11545.275835937","555","555","555","585","585","585"
"11555.272683491","750","750","750","585","585","585"
"11565.275117109","510","510","510","585","585","585"
"11575.265494234","735","735","735","585","585","585"
"11585.265688503","615","615","615","585","585","585"
"11595.275947864","465","465","465","585","585","585"
"11605.276168739","900","900","900","585","585","585"
"11615.266974412","615","615","615","585","585","585"
"11625.269454221","750","750","750","585","585","585"
"11635.267408474","585","585","585","585","585","585"
"11645.271363075","975","975","975","585","585","585"
"11655.271374483","465","465","465","585","585","585"
"11665.265630965","645","645","645","585","585","585"
"11675.274043697","1020","1020","1020","585","585","585"
"11685.269174239","570","570","570","585","585","585"
"11695.2754325","585","585","585","585","585","585"
"11705.270687622","870","870","870","585","585","585"
"11715.268272857","585","585","585","585","585","585"
"11725.266327501","720","720","720","585","585","585"
"11735.267466078","615","615","615","585","585","585"
"11745.266788337","435","435","435","585","585","585"
"11755.269390328","600","600","600","585","585","585"
"11765.268177158","570","570","570","585","585","585"
"11775.268597701","720","720","720","585","585","585"
"11785.269040545","615","615","615","585","585","585"
"11795.265701444","570","570","570","585","585","585"
"11805.267634503","600","600","600","585","585","585"
"11815.267393265","660","660","660","585","585","585"
"11825.265837074","615","615","615","585","585","585"
"11835.266121312","600","600","600","585","585","585"
"11845.27008683","570","570","570","585","585","585"
"11855.267172017","960","960","960","585","585","585"
"11865.269616657","615","615","615","585","585","585"
"11875.267773727","525","525","525","585","585","585"
"11885.274528276","840","840","840","585","585","585"
"11895.273283695","600","600","600","585","585","585"
"11905.267725231","495","495","495","585","585","585"
"11915.271377549","645","645","645","585","585","585"
"11925.273590003","540","540","540","585","585","585"
"11935.271757615","570","570","570","585","585","585"
"11945.267005046","615","615","615","585","585","585"
"11955.268064745","705","705","705","585","585","585"
"11965.275713815","705","705","705","585","585","585"
"11975.270746359","870","870","870","585","585","585"
"11985.266436403","600","600","600","585","585","585"
"11995.275325648","690","690","690","585","585","585"
"12005.266862467","630","630","630","585","585","585"
"12015.267884114","615","615","615","585","585","585"
"12025.27071965","615","615","615","585","585","585"
"12035.265251765","510","510","510","585","585","585"
"12045.269853346","615","615","615","585","585","585"
"12055.267491079","600","600","600","585","585","585"
"12065.267327754","615","615","615","585","585","585"
"12075.274363218","600","600","600","585","585","585"
"12085.268323544","600","600","600","585","585","585"
"12095.271937996","705","705","705","585","585","585"
"12105.271363841","525","525","525","585","585","585"
"12115.267397436","585","585","585","585","585","585"
"12125.274496153","705","705","705","585","585","585"
"12135.267907072","570","570","570","585","585","585"
"12145.267700611","615","615","615","585","585","585"
"12155.266227418","615","615","615","585","585","585"
"12165.266290599","645","645","645","585","585","585"
"12175.265630587","435","435","435","585","585","585"
"12185.266845295","600","600","600","585","585","585"
"12195.274661728","450","450","450","585","585","585"
"12205.271740414","510","510","510","585","585","585"
"12215.271000064","675","675","675","585","585","585"
"12225.276562369","645","645","645","585","585","585"
"12235.265264339","630","630","630","585","585","585"
"12245.266400752","495","495","495","585","585","585"
"12255.269627388","720","720","720","585","585","585"
"12265.272898991","675","675","675","585","585","585"
"12275.272731171","480","480","480","585","585","585"
"12285.272573181","420","420","420","585","585","585"
"12295.266767254","600","600","600","585","585","585"
"12305.267928064","735","735","735","585","585","585"
"12315.266969221","600","600","600","585","585","585"
"12325.268725579","615","615","615","585","585","585"
"12335.268846955","585","585","585","585","585","585"
"12345.265592148","660","660","660","585","585","585"
"12355.269216502","525","525","525","585","585","585"
"12365.272045079","495","495","495","585","585","585"
"12375.269285387","630","630","630","585","585","585"
"12385.272099657","600","600","600","585","585","585"
"12395.280495319","840","840","840","585","585","585"
"12405.267933802","690","690","690","585","585","585"
"12415.267278289","600","600","600","585","585","585"
"12425.266731581","570","570","570","585","585","585"
"12435.279259321","750","750","750","585","585","585"
"12445.272354694","615","615","615","585","585","585"
"12455.265696145","435","435","435","585","585","585"
"12465.274214987","555","555","555","585","585","585"
"12475.268474355","945","945","945","585","585","585"
"12485.26626747","630","630","630","585","585","585"
"12495.266951018","570","570","570","585","585","585"
"12505.268865841","585","585","585","585","585","585"
"12515.265760342","600","600","600","585","585","585"
"12525.26939346","615","615","615","585","585","585"
"12535.276647872","840","840","840","585","585","585"
"12545.267361241","510","510","510","585","585","585"
"12555.266749886","450","450","450","585","585","585"
"12565.276502009","495","495","495","585","585","585"
"12575.266539019","600","600","600","585","585","585"
"12585.269629984","630","630","630","585","585","585"
"12595.27073349","615","615","615","585","585","585"
"12605.274351484","495","495","495","585","585","585"
"12615.268866744","615","615","615","585","585","585"
"12625.265510852","465","465","465","585","585","585"
"12635.266951617","615","615","615","585","585","585"
"12645.269524736","630","630","630","585","585","585"
"12655.266093784","600","600","600","585","585","585"
"12665.267245065","600","600","600","585","585","585"
"12675.273632815","600","600","600","585","585","585"
"12685.266992428","615","615","615","585","585","585"
"12695.26689422","570","570","570","585","585","585"
"12705.268311872","480","480","480","585","585","585"
"12715.265901968","675","675","675","585","585","585"
"12725.265735418","870","870","870","585","585","585"
"12735.268173582","495","495","495","585","585","585"
"12745.265150377","510","510","510","585","585","585"
"12755.265354609","960","960","960","585","585","585"
"12765.266105652","990","990","990","585","585","585"
"12775.271698672","510","510","510","585","585","585"
"12785.265342144","630","630","630","585","585","585"
"12795.270426017","1050","1050","1050","585","585","585"
"12805.269276446","615","615","615","585","585","585"
"12815.267384355","960","960","960","585","585","585"
"12825.269622485","765","765","765","585","585","585"
"12835.276390595","510","510","510","585","585","585"
"12845.269732581","540","540","540","585","585","585"
"12855.269584015","615","615","615","585","585","585"
"12865.269063744","750","750","750","585","585","585"
"12875.268205567","840","840","840","585","585","585"
"12885.266551482","720","720","720","585","585","585"
"12895.268356317","720","720","720","585","585","585"
"12905.267753647","630","630","630","585","585","585"
"12915.276278731","585","585","585","585","585","585"
"12925.266310371","675","675","675","585","585","585"
"12935.269160322","525","525","525","585","585","585"
"12945.272159906","630","630","630","585","585","585"
"12955.275733197","615","615","615","585","585","585"
"12965.270380553","735","735","735","585","585","585"
"12975.271294877","600","600","600","585","585","585"
"12985.267631093","525","525","525","585","585","585"
"12995.26563779","615","615","615","585","585","585"
"13005.266320517","630","630","630","585","585","585"
"13015.267496005","615","615","615","585","585","585"
"13025.275591635","765","765","765","585","585","585"
"13035.268013426","600","600","600","585","585","585"
"13045.2736964","555","555","555","585","585","585"
"13055.267475757","675","675","675","585","585","585"
"13065.266218994","735","735","735","585","585","585"
"13075.269669946","480","480","480","585","585","585"
"13085.268362479","465","465","465","585","585","585"
"13095.266070308","525","525","525","585","585","585"
"13105.269353336","990","990","990","585","585","585"
"13115.277540591","810","810","810","585","585","585"
"13125.277641284","615","615","615","585","585","585"
"13135.267784994","570","570","570","585","585","585"
"13145.276122155","765","765","765","585","585","585"
"13155.27359626","780","780","780","585","585","585"
"13165.26846478","585","585","585","585","585","585"
"13175.268964853","525","525","525","585","585","585"
"13185.277128387","750","750","750","585","585","585"
"13195.267379563","555","555","555","585","585","585"
"13205.265400955","705","705","705","585","585","585"
"13215.26740156","585","585","585","585","585","585"
"13225.267285194","630","630","630","585","585","585"
"13235.268127691","600","600","600","585","585","585"
"13245.266620334","960","960","960","585","585","585"
"13255.272848807","915","915","915","585","585","585"
"13265.26826921","615","615","615","585","585","585"
"13275.280801906","855","855","855","585","585","585"
"13285.268534915","600","600","600","585","585","585"
"13295.269740741","570","570","570","585","585","585"
"13305.269088486","735","735","735","585","585","585"
"13315.267522259","615","615","615","585","585","585"
"13325.267215017","510","510","510","585","585","585"
"13335.268073319","765","765","765","585","585","585"
"13345.26564311","600","600","600","585","585","585"
"13355.272553054","525","525","525","585","585","585"
"13365.266792107","570","570","570","585","585","585"
"13375.273049343","735","735","735","585","585","585"
"13385.267999428","615","615","615","585","585","585"
"13395.267425644","780","780","780","585","585","585"
"13405.267124142","525","525","525","585","585","585"
"13415.265516166","585","585","585","585","585","585"
"13425.271498278","600","600","600","585","585","585"
"13435.273240948","570","570","570","585","585","585"
"13445.276299375","480","480","480","585","585","585"
"13455.270926914","930","930","930","585","585","585"
"13465.269596076","615","615","615","585","585","585"
"13475.277436541","720","720","720","585","585","585"
"13485.269702326","615","615","615","585","585","585"
"13495.26575536","615","615","615","585","585","585"
"13505.26765581","600","600","600","585","585","585"
"13515.276295325","465","465","465","585","585","585"
"13525.276022136","540","540","540","585","585","585"
"13535.27627935","675","675","675","585","585","585"
"13545.267688516","570","570","570","585","585","585"
"13555.266298328","600","600","600","585","585","585"
"13565.276373667","870","870","870","585","585","585"
"13575.266317798","615","615","615","585","585","585"
"13585.265857983","555","555","555","585","585","585"
"13595.271291391","510","510","510","585","585","585"
"13605.269277043","525","525","525","585","585","585"
"13615.270262396","585","585","585","585","585","585"
"13625.273849432","630","630","630","585","585","585"
"13635.267313588","945","945","945","585","585","585"
"13645.266825115","630","630","630","585","585","585"
"13655.265170602","615","615","615","585","585","585"
"13665.266173332","540","540","540","585","585","585"
"13675.267185317","465","465","465","585","585","585"
"13685.266664427","615","615","615","585","585","585"
"13695.269700089","675","675","675","585","585","585"
"13705.272052584","525","525","525","585","585","585"
"13715.266624303","615","615","615","585","585","585"
"13725.266326191","645","645","645","585","585","585"
"13735.268025369","630","630","630","585","585","585"
"13745.27085077","630","630","630","585","585","585"
"13755.271365516","615","615","615","585","585","585"
"13765.276503647","900","900","900","585","585","585"
"13775.268787699","495","495","495","585","585","585"
"13785.265842741","645","645","645","585","585","585"
"13795.265196294","555","555","555","585","585","585"
"13805.26651527","600","600","600","585","585","585"
"13815.265840167","600","600","600","585","585","585"
"13825.266013531","615","615","615","585","585","585"
"13835.270484096","795","795","795","585","585","585"
"13845.269808457","705","705","705","585","585","585"
"13855.268822154","930","930","930","585","585","585"
"13865.267711011","600","600","600","585","585","585"
"13875.269110898","645","645","645","585","585","585"
"13885.268493689","450","450","450","585","585","585"
"13895.267771328","615","615","615","585","585","585"
"13905.267700194","495","495","495","585","585","585"
"13915.275521495","585","585","585","585","585","585"
"13925.267300761","630","630","630","585","585","585"
"13935.267302446","825","825","825","585","585","585"
"13945.267001672","705","705","705","585","585","585"
"13955.265188173","615","615","615","585","585","585"
"13965.270215628","510","510","510","585","585","585"
"13975.265990456","690","690","690","585","585","585"
"13985.265504628","585","585","585","585","585","585"
"13995.267852072","615","615","615","585","585","585"
"14005.272851055","555","555","555","585","585","585"
"14015.280789529","525","525","525","585","585","585"
"14025.268132628","675","675","675","585","585","585"
"14035.268329493","795","795","795","585","585","585"
"14045.271255687","630","630","630","585","585","585"
"14055.283387048","585","585","585","585","585","585"
"14065.268166009","525","525","525","585","585","585"
"14075.27799069","885","885","885","585","585","585"
"14085.270883463","630","630","630","585","585","585"
"14095.266368827","615","615","615","585","585","585"
"14105.266394786","795","795","795","585","585","585"
"14115.26843246","735","735","735","585","585","585"
"14125.265740162","645","645","645","585","585","585"
"14135.269055079","525","525","525","585","585","585"
"14145.26730688","615","615","615","585","585","585"
"14155.270968103","1335","1335","1335","585","585","585"
"14165.269838095","510","510","510","585","585","585"
"14175.267936164","630","630","630","585","585","585"
"14185.27483906","525","525","525","585","585","585"
"14195.266114426","510","510","510","585","585","585"
"14205.270091246","615","615","615","585","585","585"
"14215.266579938","600","600","600","585","585","585"
"14225.270122539","495","495","495","585","585","585"
"14235.266055328","555","555","555","585","585","585"
"14245.274256541","735","735","735","585","585","585"
"14255.267119151","735","735","735","585","585","585"
"14265.266301658","540","540","540","585","585","585"
"14275.265623413","510","510","510","585","585","585"
"14285.271538621","645","645","645","585","585","585"
"14295.285433962","510","510","510","585","585","585"
"14305.278564321","735","735","735","585","585","585"
"14315.265603642","660","660","660","585","585","585"
"14325.267814348","585","585","585","585","585","585"
"14335.267961075","690","690","690","585","585","585"
"14345.265742273","705","705","705","585","585","585"
"14355.270102395","570","570","570","585","585","585"
"14365.266115105","615","615","615","585","585","585"
"14375.270732565","870","870","870","585","585","585"
"14385.27568783","540","540","540","585","585","585"
"14395.266652234","735","735","735","585","585","585"
"14405.275039852","435","435","435","585","585","585"
"14415.266643388","585","585","585","585","585","585"
"14425.265899921","615","615","615","585","585","585"
"14435.267525062","600","600","600","585","585","585"
"14445.272019727","675","675","675","585","585","585"
"14455.269457223","600","600","600","585","585","585"
"14465.274536939","615","615","615","585","585","585"
"14475.265473467","630","630","630","585","585","585"
"14485.26520935","510","510","510","585","585","585"
"14495.267797593","600","600","600","585","585","585"
"14505.268631443","585","585","585","585","585","585"
"14515.269797401","450","450","450","585","585","585"
"14525.267247547","870","870","870","585","585","585"
"14535.267057434","855","855","855","585","585","585"
"14545.268232064","765","765","765","585","585","585"
"14555.268497093","495","495","495","585","585","585"
"14565.278783151","690","690","690","585","585","585"
"14575.26933475","525","525","525","585","585","585"
"14585.268153618","555","555","555","585","585","585"
"14595.270702146","525","525","525","585","585","585"
"14605.265022005","555","555","555","585","585","585"
"14615.266524231","600","600","600","585","585","585"
"14625.268044768","585","585","585","585","585","585"
"14635.268742676","600","600","600","585","585","585"
"14645.273750457","660","660","660","585","585","585"
"14655.267652631","495","495","495","585","585","585"
"14665.268010571","525","525","525","585","585","585"
"14675.265590035","600","600","600","585","585","585"
"14685.272265332","540","540","540","585","585","585"
"14695.266147858","660","660","660","585","585","585"
"14705.266365829","585","585","585","585","585","585"
"14715.268837929","570","570","570","585","585","585"
"14725.268356439","510","510","510","585","585","585"
"14735.266944043","630","630","630","585","585","585"
"14745.276647089","480","480","480","585","585","585"
"14755.267330248","525","525","525","585","585","585"
"14765.266156141","585","585","585","585","585","585"
"14775.267663537","705","705","705","585","585","585"
"14785.270430042","735","735","735","585","585","585"
"14795.269586772","585","585","585","585","585","585"
"14805.267986548","990","990","990","585","585","585"
"14815.267440146","780","780","780","585","585","585"
"14825.270575942","600","600","600","585","585","585"
"14835.278815471","525","525","525","585","585","585"
"14845.270363798","930","930","930","585","585","585"
"14855.265987438","615","615","615","585","585","585"
"14865.275627417","585","585","585","585","585","585"
"14875.272344081","615","615","615","585","585","585"
"14885.269759778","615","615","615","585","585","585"
"14895.272780099","555","555","555","585","585","585"
"14905.27677227","615","615","615","585","585","585"
"14915.2682258","825","825","825","585","585","585"
"14925.268442494","600","600","600","585","585","585"
"14935.277036265","660","660","660","585","585","585"
"14945.267431979","855","855","855","585","585","585"
"14955.267197981","465","465","465","585","585","585"
"14965.265526825","600","600","600","585","585","585"
"14975.265472468","495","495","495","585","585","585"
"14985.267234722","600","600","600","585","585","585"
"14995.267517258","615","615","615","585","585","585"
"15005.266545503","540","540","540","585","585","585"
"15015.268323536","570","570","570","585","585","585"
"15025.266187","450","450","450","585","585","585"
"15035.268180459","495","495","495","585","585","585"
"15045.268422305","735","735","735","585","585","585"
"15055.273708669","570","570","570","585","585","585"
"15065.27484945","600","600","600","585","585","585"
"15075.275100741","480","480","480","585","585","585"
"15085.269355434","675","675","675","585","585","585"
"15095.267858538","540","540","540","585","585","585"
"15105.266941493","540","540","540","585","585","585"
"15115.265485707","615","615","615","585","585","585"
"15125.266802243","615","615","615","585","585","585"
"15135.266220885","615","615","615","585","585","585"
"15145.267124144","615","615","615","585","585","585"
"15155.271248864","570","570","570","585","585","585"
"15165.265461368","630","630","630","585","585","585"
"15175.275123767","540","540","540","585","585","585"
"15185.26810798","1020","1020","1020","585","585","585"
"15195.266092617","645","645","645","585","585","585"
"15205.272033522","600","600","600","585","585","585"
"15215.271160934","585","585","585","585","585","585"
"15225.273208284","570","570","570","585","585","585"
"15235.273439707","510","510","510","585","585","585"
"15245.26710676","600","600","600","585","585","585"
"15255.268912026","885","885","885","585","585","585"
"15265.266160236","600","600","600","585","585","585"
"15275.269300646","585","585","585","585","585","585"
"15285.269497969","600","600","600","585","585","585"
"15295.275518919","645","645","645","585","585","585"
"15305.270763321","510","510","510","585","585","585"
"15315.266282112","585","585","585","585","585","585"
"15325.2650208","885","885","885","585","585","585"
"15335.273612786","960","960","960","585","585","585"
"15345.275816906","945","945","945","585","585","585"
"15355.267806282","540","540","540","585","585","585"
"15365.267858398","585","585","585","585","585","585"
"15375.267756093","765","765","765","585","585","585"
"15385.267136701","570","570","570","585","585","585"
"15395.277738152","885","885","885","585","585","585"
"15405.28034082","480","480","480","585","585","585"
"15415.275969129","510","510","510","585","585","585"
"15425.267067124","690","690","690","585","585","585"
"15435.265565009","615","615","615","585","585","585"
"15445.27005325","510","510","510","585","585","585"
"15455.266626205","960","960","960","585","585","585"
"15465.268288629","615","615","615","585","585","585"
"15475.272493022","570","570","570","585","585","585"
"15485.266259897","615","615","615","585","585","585"
"15495.268494652","615","615","615","585","585","585"
"15505.267718332","645","645","645","585","585","585"
"15515.26601148","720","720","720","585","585","585"
"15525.270340627","600","600","600","585","585","585"
"15535.2670479","570","570","570","585","585","585"
"15545.265635858","555","555","555","585","585","585"
"15555.273283609","825","825","825","585","585","585"
"15565.267248421","810","810","810","585","585","585"
"15575.266355113","585","585","585","585","585","585"
"15585.269938082","540","540","540","585","585","585"
"15595.278816598","510","510","510","585","585","585"
"15605.267089317","615","615","615","585","585","585"
"15615.270279286","870","870","870","585","585","585"
"15625.267941521","765","765","765","585","585","585"
"15635.27343026","615","615","615","585","585","585"
"15645.26837953","465","465","465","585","585","585"
"15655.27648345","975","975","975","585","585","585"
"15665.270236393","600","600","600","585","585","585"
"15675.270094647","585","585","585","585","585","585"
"15685.266787609","540","540","540","585","585","585"
"15695.268563569","540","540","540","585","585","585"
"15705.267664861","585","585","585","585","585","585"
"15715.278308602","885","885","885","585","585","585"
"15725.268727632","600","600","600","585","585","585"
"15735.271632743","960","960","960","585","585","585"
"15745.264856407","810","810","810","585","585","585"
"15755.268171439","885","885","885","585","585","585"
"15765.265691571","600","600","600","585","585","585"
"15775.269479389","615","615","615","585","585","585"
"15785.272183351","510","510","510","585","585","585"
"15795.269957938","585","585","585","585","585","585"
"15805.270164704","540","540","540","585","585","585"
"15815.267438706","735","735","735","585","585","585"
"15825.267091052","615","615","615","585","585","585"
"15835.268344722","600","600","600","585","585","585"
"15845.266382565","510","510","510","585","585","585"
"15855.26780523","855","855","855","585","585","585"
"15865.269361553","735","735","735","585","585","585"
"15875.26684416","615","615","615","585","585","585"
"15885.26819769","825","825","825","585","585","585"
"15895.267574888","615","615","615","585","585","585"
"15905.269667757","615","615","615","585","585","585"
"15915.270914582","840","840","840","585","585","585"
"15925.267816206","585","585","585","585","585","585"
"15935.268415561","615","615","615","585","585","585"
"15945.267000972","615","615","615","585","585","585"
"15955.266347742","615","615","615","585","585","585"
"15965.268086898","885","885","885","585","585","585"
"15975.267104798","495","495","495","585","585","585"
"15985.268400497","510","510","510","585","585","585"
"15995.276855766","600","600","600","585","585","585"
"16005.266809427","615","615","615","585","585","585"
"16015.267629075","465","465","465","585","585","585"
"16025.26533252","555","555","555","585","585","585"
"16035.270016975","435","435","435","585","585","585"
"16045.266977528","870","870","870","585","585","585"
"16055.267819803","540","540","540","585","585","585"
"16065.267149459","585","585","585","585","585","585"
"16075.266827419","810","810","810","585","585","585"
"16085.265455251","675","675","675","585","585","585"
"16095.269731301","510","510","510","585","585","585"
"16105.269101191","600","600","600","585","585","585"
"16115.268168675","840","840","840","585","585","585"
"16125.26904326","675","675","675","585","585","585"
"16135.270340154","450","450","450","585","585","585"
"16145.267500972","810","810","810","585","585","585"
"16155.26879724","630","630","630","585","585","585"
"16165.265410686","870","870","870","585","585","585"
"16175.268066374","600","600","600","585","585","585"
"16185.26931498","570","570","570","585","585","585"
"16195.266075711","600","600","600","585","585","585"
"16205.269393219","615","615","615","585","585","585"
"16215.271060782","615","615","615","585","585","585"
"16225.270780227","630","630","630","585","585","585"
"16235.267777123","945","945","945","585","585","585"
"16245.272170641","570","570","570","585","585","585"
"16255.267573451","690","690","690","585","585","585"
"16265.265327896","495","495","495","585","585","585"
"16275.268042279","975","975","975","585","585","585"
"16285.267229413","600","600","600","585","585","585"
"16295.276866746","465","465","465","585","585","585"
"16305.27506272","525","525","525","585","585","585"
"16315.266550279","795","795","795","585","585","585"
"16325.267828065","660","660","660","585","585","585"
"16335.270663444","795","795","795","585","585","585"
"16345.266907607","900","900","900","585","585","585"
"16355.26758267","585","585","585","585","585","585"
"16365.26790762","840","840","840","585","585","585"
"16375.270842069","615","615","615","585","585","585"
"16385.269269743","615","615","615","585","585","585"
"16395.276909449","510","510","510","585","585","585"
"16405.273405023","600","600","600","585","585","585"
"16415.278377172","450","450","450","585","585","585"
"16425.276114448","720","720","720","585","585","585"
"16435.266764401","615","615","615","585","585","585"
"16445.267026031","480","480","480","585","585","585"
"16455.266670442","600","600","600","585","585","585"
"16465.266630345","495","495","495","585","585","585"
"16475.274845752","615","615","615","585","585","585"
"16485.268300032","555","555","555","585","585","585"
"16495.268309289","570","570","570","585","585","585"
"16505.271673358","645","645","645","585","585","585"
"16515.274677258","495","495","495","585","585","585"
"16525.277882634","615","615","615","585","585","585"
"16535.26763649","525","525","525","585","585","585"
"16545.26851679","555","555","555","585","585","585"
"16555.266225545","615","615","615","585","585","585"
"16565.274232234","495","495","495","585","585","585"
"16575.274600319","885","885","885","585","585","585"
"16585.267648908","660","660","660","585","585","585"
"16595.268079939","480","480","480","585","585","585"
"16605.271912356","630","630","630","585","585","585"
"16615.278343979","525","525","525","585","585","585"
"16625.266007832","600","600","600","585","585","585"
"16635.268516869","465","465","465","585","585","585"
"16645.265275281","585","585","585","585","585","585"
"16655.271711917","645","645","645","585","585","585"
"16665.271796875","600","600","600","585","585","585"
"16675.267635438","615","615","615","585","585","585"
"16685.267859044","615","615","615","585","585","585"
"16695.266222829","585","585","585","585","585","585"
"16705.267630082","495","495","495","585","585","585"
"16715.265913333","585","585","585","585","585","585"
"16725.267712214","600","600","600","585","585","585"
"16735.277437782","615","615","615","585","585","585"
"16745.268086755","600","600","600","585","585","585"
"16755.267429573","945","945","945","585","585","585"
"16765.267705101","615","615","615","585","585","585"
"16775.274730936","510","510","510","585","585","585"
"16785.277513281","630","630","630","585","585","585"
"16795.266815992","510","510","510","585","585","585"
"16805.26791484","720","720","720","585","585","585"
"16815.271266225","615","615","615","585","585","585"
"16825.271361966","540","540","540","585","585","585"
"16835.266624054","1005","1005","1005","585","585","585"
"16845.26810389","675","675","675","585","585","585"
"16855.267465426","510","510","510","585","585","585"
"16865.267116266","600","600","600","585","585","585"
"16875.268396428","735","735","735","585","585","585"
"16885.266113919","570","570","570","585","585","585"
"16895.266856584","690","690","690","585","585","585"
"16905.267199516","525","525","525","585","585","585"
"16915.277479899","480","480","480","585","585","585"
"16925.266418879","615","615","615","585","585","585"
"16935.270480032","540","540","540","585","585","585"
"16945.265988632","615","615","615","585","585","585"
"16955.276396878","570","570","570","585","585","585"
"16965.275233045","630","630","630","585","585","585"
"16975.273733658","585","585","585","585","585","585"
"16985.270988757","915","915","915","585","585","585"
"16995.27041825","615","615","615","585","585","585"
"17005.266365269","585","585","585","585","585","585"
"17015.265749854","615","615","615","585","585","585"
"17025.26652776","600","600","600","585","585","585"
"17035.271809925","585","585","585","585","585","585"
"17045.267520505","660","660","660","585","585","585"
"17055.267542232","435","435","435","585","585","585"
"17065.266381814","780","780","780","585","585","585"
"17075.265854354","615","615","615","585","585","585"
"17085.26764254","615","615","615","585","585","585"
"17095.266886506","555","555","555","585","585","585"
"17105.268292629","480","480","480","585","585","585"
"17115.267400394","600","600","600","585","585","585"
"17125.273721878","915","915","915","585","585","585"
"17135.269207574","615","615","615","585","585","585"
"17145.266985293","600","600","600","585","585","585"
"17155.266730958","600","600","600","585","585","585"
"17165.27448226","615","615","615","585","585","585"
"17175.272359785","615","615","615","585","585","585"
"17185.269398818","525","525","525","585","585","585"
"17195.271419732","1005","1005","1005","585","585","585"
"17205.27161842","780","780","780","585","585","585"
"17215.265827659","555","555","555","585","585","585"
"17225.266828393","570","570","570","585","585","585"
"17235.26744937","585","585","585","585","585","585"
"17245.272881689","540","540","540","585","585","585"
"17255.267158734","990","990","990","585","585","585"
"17265.265956664","525","525","525","585","585","585"
"17275.26617967","570","570","570","585","585","585"
"17285.26778534","540","540","540","585","585","585"
"17295.27063506","615","615","615","585","585","585"
"17305.267730595","495","495","495","585","585","585"
"17315.267349426","570","570","570","585","585","585"
"17325.268378118","510","510","510","585","585","585"
"17335.267402136","420","420","420","585","585","585"
"17345.266780663","570","570","570","585","585","585"
"17355.270233454","750","750","750","585","585","585"
"17365.265643144","450","450","450","585","585","585"
"17375.271250894","420","420","420","585","585","585"
"17385.272061748","885","885","885","585","585","585"
"17395.268697767","600","600","600","585","585","585"
"17405.269637208","420","420","420","585","585","585"
"17415.277929885","510","510","510","585","585","585"
"17425.268160463","705","705","705","585","585","585"
"17435.268400166","645","645","645","585","585","585"
"17445.267440765","450","450","450","585","585","585"
"17455.27121072","690","690","690","585","585","585"
"17465.267162014","480","480","480","585","585","585"
"17475.268585868","555","555","555","585","585","585"
"17485.282270923","615","615","615","585","585","585"
"17495.273576078","600","600","600","585","585","585"
"17505.268171168","600","600","600","585","585","585"
"17515.26515908","555","555","555","585","585","585"
"17525.268951401","705","705","705","585","585","585"
"17535.269452793","570","570","570","585","585","585"
"17545.266533594","585","585","585","585","585","585"
"17555.275919265","435","435","435","585","585","585"
"17565.268650228","645","645","645","585","585","585"
"17575.272761354","585","585","585","585","585","585"
"17585.268196801","600","600","600","585","585","585"
"17595.274957016","435","435","435","585","585","585"
"17605.266960683","615","615","615","585","585","585"
"17615.274020368","450","450","450","585","585","585"
"17625.269712483","450","450","450","585","585","585"
"17635.27506175","585","585","585","585","585","585"
"17645.265432946","570","570","570","585","585","585"
"17655.266257626","555","555","555","585","585","585"
"17665.270654035","585","585","585","585","585","585"
"17675.273184513","600","600","600","585","585","585"
"17685.267795064","645","645","645","585","585","585"
"17695.269475745","600","600","600","585","585","585"
"17705.269087141","555","555","555","585","585","585"
"17715.2678203","420","420","420","585","585","585"
"17725.266156326","600","600","600","585","585","585"
"17735.266457633","900","900","900","585","585","585"
"17745.27004891","855","855","855","585","585","585"
"17755.266823324","585","585","585","585","585","585"
"17765.277649124","1050","1050","1050","585","585","585"
"17775.278195545","600","600","600","585","585","585"
"17785.266930754","615","615","615","585","585","585"
"17795.267971756","630","630","630","585","585","585"
"17805.279514047","705","705","705","585","585","585"
"17815.269591019","510","510","510","585","585","585"
"17825.270061996","585","585","585","585","585","585"
"17835.271824163","510","510","510","585","585","585"
"17845.26803061","630","630","630","585","585","585"
"17855.267670073","885","885","885","585","585","585"
"17865.269790215","720","720","720","585","585","585"
"17875.26741898","915","915","915","585","585","585"
"17885.273603884","510","510","510","585","585","585"
"17895.268801065","630","630","630","585","585","585"
"17905.267190954","870","870","870","585","585","585"
"17915.266183838","570","570","570","585","585","585"
"17925.273795371","585","585","585","585","585","585"
"17935.272437891","975","975","975","585","585","585"
"17945.267300383","630","630","630","585","585","585"
"17955.267904232","555","555","555","585","585","585"
"17965.269052908","495","495","495","585","585","585"
"17975.266330067","615","615","615","585","585","585"
"17985.269110924","885","885","885","585","585","585"
"17995.266145279","570","570","570","585","585","585"
"18005.273910511","615","615","615","585","585","585"
"18015.271839535","495","495","495","585","585","585"
"18025.266356255","705","705","705","585","585","585"
"18035.265080369","435","435","435","585","585","585"
"18045.273935694","675","675","675","585","585","585"
"18055.266782883","630","630","630","585","585","585"
"18065.27586016","615","615","615","585","585","585"
"18075.270207904","570","570","570","585","585","585"
"18085.265237079","495","495","495","585","585","585"
"18095.274436704","615","615","615","585","585","585"
"18105.28035631","630","630","630","585","585","585"
"18115.266027006","555","555","555","585","585","585"
"18125.270061676","630","630","630","585","585","585"
"18135.272021064","705","705","705","585","585","585"
"18145.279368302","420","420","420","585","585","585"
"18155.26698681","600","600","600","585","585","585"
"18165.267423983","540","540","540","585","585","585"
"18175.270756687","615","615","615","585","585","585"
"18185.267282018","705","705","705","585","585","585"
"18195.266100812","510","510","510","585","585","585"
"18205.26701551","540","540","540","585","585","585"
"18215.271504333","600","600","600","585","585","585"
"18225.267486552","585","585","585","585","585","585"
"18235.265482844","465","465","465","585","585","585"
"18245.266710183","600","600","600","585","585","585"
"18255.267767778","735","735","735","585","585","585"
"18265.267328932","555","555","555","585","585","585"
"18275.266077447","630","630","630","585","585","585"
"18285.276480207","585","585","585","585","585","585"
"18295.271579858","630","630","630","585","585","585"
"18305.266790475","525","525","525","585","585","585"
"18315.267231524","585","585","585","585","585","585"
"18325.271618059","645","645","645","585","585","585"
"18335.277495081","825","825","825","585","585","585"
"18345.27480356","600","600","600","585","585","585"
"18355.276915403","600","600","600","585","585","585"
"18365.274037109","495","495","495","585","585","585"
"18375.269240431","975","975","975","585","585","585"
"18385.273895017","720","720","720","585","585","585"
"18395.272742187","495","495","495","585","585","585"
"18405.276071668","660","660","660","585","585","585"
"18415.266060888","600","600","600","585","585","585"
"18425.268418275","420","420","420","585","585","585"
"18435.270287948","630","630","630","585","585","585"
"18445.27354475","600","600","600","585","585","585"
"18455.267122418","585","585","585","585","585","585"
"18465.271811288","615","615","615","585","585","585"
"18475.27081905","510","510","510","585","585","585"
"18485.26541244","615","615","615","585","585","585"
"18495.271555324","870","870","870","585","585","585"
"18505.267832353","600","600","600","585","585","585"
"18515.266732412","480","480","480","585","585","585"
"18525.266355675","585","585","585","585","585","585"
"18535.270500174","570","570","570","585","585","585"
"18545.273563592","540","540","540","585","585","585"
"18555.269769418","615","615","615","585","585","585"
"18565.267785226","555","555","555","585","585","585"
"18575.267475876","450","450","450","585","585","585"
"18585.275880229","660","660","660","585","585","585"
"18595.269194884","600","600","600","585","585","585"
"18605.266042408","660","660","660","585","585","585"
"18615.27605467","735","735","735","585","585","585"
"18625.268696211","600","600","600","585","585","585"
"18635.273787376","630","630","630","585","585","585"
"18645.268659872","600","600","600","585","585","585"
"18655.269623654","840","840","840","585","585","585"
"18665.266096033","915","915","915","585","585","585"
"18675.268245932","480","480","480","585","585","585"
"18685.267688686","540","540","540","585","585","585"
"18695.268959173","795","795","795","585","585","585"
"18705.267492369","615","615","615","585","585","585"
"18715.273139311","630","630","630","585","585","585"
"18725.267585609","630","630","630","585","585","585"
"18735.268802949","525","525","525","585","585","585"
"18745.266922048","705","705","705","585","585","585"
"18755.266907934","555","555","555","585","585","585"
"18765.272459815","615","615","615","585","585","585"
"18775.269118368","615","615","615","585","585","585"
"18785.277821136","510","510","510","585","585","585"
"18795.273333176","630","630","630","585","585","585"
"18805.267034245","480","480","480","585","585","585"
"18815.271389003","540","540","540","585","585","585"
"18825.267896317","615","615","615","585","585","585"
"18835.266384935","540","540","540","585","585","585"
"18845.271046046","525","525","525","585","585","585"
"18855.267490844","615","615","615","585","585","585"
"18865.266265951","660","660","660","585","585","585"
"18875.266054863","615","615","615","585","585","585"
"18885.268327089","615","615","615","585","585","585"
"18895.268509146","540","540","540","585","585","585"
"18905.267378832","600","600","600","585","585","585"
"18915.273659872","915","915","915","585","585","585"
"18925.266288228","600","600","600","585","585","585"
"18935.266467973","600","600","600","585","585","585"
"18945.267974705","435","435","435","585","585","585"
"18955.265913147","555","555","555","585","585","585"
"18965.266265118","435","435","435","585","585","585"
"18975.275199161","570","570","570","585","585","585"
"18985.275328832","750","750","750","585","585","585"
"18995.269108308","525","525","525","585","585","585"
"19005.266414887","450","450","450","585","585","585"
"19015.267211739","585","585","585","585","585","585"
"19025.276098937","495","495","495","585","585","585"
"19035.26585234","630","630","630","585","585","585"
"19045.269912025","540","540","540","585","585","585"
"19055.28117832","900","900","900","585","585","585"
"19065.267851011","1185","1185","1185","585","585","585"
"19075.267422994","855","855","855","585","585","585"
"19085.269721692","750","750","750","585","585","585"
"19095.271279965","555","555","555","585","585","585"
"19105.268389166","705","705","705","585","585","585"
"19115.268018127","510","510","510","585","585","585"
"19125.269935355","870","870","870","585","585","585"
"19135.267790748","525","525","525","585","585","585"
"19145.267543858","615","615","615","585","585","585"
"19155.269145969","615","615","615","585","585","585"
"19165.270048711","615","615","615","585","585","585"
"19175.267828042","615","615","615","585","585","585"
"19185.268115385","615","615","615","585","585","585"
"19195.267564221","465","465","465","585","585","585"
"19205.267801383","555","555","555","585","585","585"
"19215.268777592","750","750","750","585","585","585"
"19225.267099193","450","450","450","585","585","585"
"19235.273727586","525","525","525","585","585","585"
"19245.268638825","540","540","540","585","585","585"
"19255.267406841","945","945","945","585","585","585"
"19265.271735897","585","585","585","585","585","585"
"19275.269903163","1020","1020","1020","585","585","585"
"19285.265540874","555","555","555","585","585","585"
"19295.266968222","915","915","915","585","585","585"
"19305.267115978","630","630","630","585","585","585"
"19315.266656057","525","525","525","585","585","585"
"19325.27093873","825","825","825","585","585","585"
"19335.277933246","540","540","540","585","585","585"
"19345.266667019","630","630","630","585","585","585"
"19355.268659089","600","600","600","585","585","585"
"19365.277687197","495","495","495","585","585","585"
"19375.268581658","600","600","600","585","585","585"
"19385.266324726","585","585","585","585","585","585"
"19395.274102665","525","525","525","585","585","585"
"19405.270526973","750","750","750","585","585","585"
"19415.265966053","615","615","615","585","585","585"
"19425.266768985","600","600","600","585","585","585"
"19435.267897158","825","825","825","585","585","585"
"19445.269688371","465","465","465","585","585","585"
"19455.26933315","540","540","540","585","585","585"
"19465.26963784","570","570","570","585","585","585"
"19475.267519043","600","600","600","585","585","585"
"19485.267813907","675","675","675","585","585","585"
"19495.267403955","600","600","600","585","585","585"
"19505.280413686","555","555","555","585","585","585"
"19515.26764924","615","615","615","585","585","585"
"19525.269813851","735","735","735","585","585","585"
"19535.267458014","615","615","615","585","585","585"
"19545.274397443","495","495","495","585","585","585"
"19555.276986685","510","510","510","585","585","585"
"19565.267381545","630","630","630","585","585","585"
"19575.266617954","540","540","540","585","585","585"
"19585.265977942","585","585","585","585","585","585"
"19595.266903305","600","600","600","585","585","585"
"19605.2739174","630","630","630","585","585","585"
"19615.26859333","600","600","600","585","585","585"
"19625.265692785","585","585","585","585","585","585"
"19635.268219081","630","630","630","585","585","585"
"19645.273191445","465","465","465","585","585","585"
"19655.26680192","495","495","495","585","585","585"
"19665.275435698","735","735","735","585","585","585"
"19675.269243177","570","570","570","585","585","585"
"19685.268825351","570","570","570","585","585","585"
"19695.26692255","705","705","705","585","585","585"
"19705.266034451","525","525","525","585","585","585"
"19715.266304412","645","645","645","585","585","585"
"19725.26777561","555","555","555","585","585","585"
"19735.265830155","1320","1320","1320","585","585","585"
"19745.275418375","1305","1305","1305","585","585","585"
"19755.267863838","1410","1410","1410","585","585","585"
"19765.265842439","1170","1170","1170","585","585","585"
"19775.267780258","1380","1380","1380","585","585","585"
"19785.267570961","1320","1320","1320","585","585","585"
"19795.268287175","1140","1140","1140","585","585","585"
"19805.266074941","1110","1110","1110","585","585","585"
"19815.274512532","1395","1395","1395","585","585","585"
"19825.26960977","1200","1200","1200","585","585","585"
"19835.267077515","1245","1245","1245","585","585","585"
"19845.265638707","1245","1245","1245","585","585","585"
"20645.267958144","585","585","585","585","585","585"
"21775.267899982","585","585","585","585","585","585"
"21785.267030066","585","585","585","585","585","585"
"21795.266270352","585","585","585","585","585","585"
"21805.266304699","585","585","585","585","585","585"