"Relative Time (Process)","StudyAbroadGPT-7B-continued - system/gpu.0.powerPercent","StudyAbroadGPT-7B-continued - system/gpu.0.powerPercent__MIN","StudyAbroadGPT-7B-continued - system/gpu.0.powerPercent__MAX","StudyAbroadGPT-7B-continued - system/gpu.1.powerPercent","StudyAbroadGPT-7B-continued - system/gpu.1.powerPercent__MIN","StudyAbroadGPT-7B-continued - system/gpu.1.powerPercent__MAX"
"15.282726015","37.112857142857145","37.112857142857145","37.112857142857145","36.53","36.53","36.53"
"25.265648523","37.252857142857145","37.252857142857145","37.252857142857145","36.67","36.67","36.67"
"35.268134699","37.252857142857145","37.252857142857145","37.252857142857145","36.951428571428565","36.951428571428565","36.951428571428565"
"45.276054403","98.65285714285714","98.65285714285714","98.65285714285714","37.07142857142857","37.07142857142857","37.07142857142857"
"55.269090567","41.43142857142857","41.43142857142857","41.43142857142857","37.09285714285714","37.09285714285714","37.09285714285714"
"65.271829729","93.2757142857143","93.2757142857143","93.2757142857143","37.21285714285714","37.21285714285714","37.21285714285714"
"75.268575932","39.06285714285714","39.06285714285714","39.06285714285714","37.35285714285715","37.35285714285715","37.35285714285715"
"85.276529561","100.18428571428572","100.18428571428572","100.18428571428572","37.494285714285716","37.494285714285716","37.494285714285716"
"95.267709641","90.57000000000001","90.57000000000001","90.57000000000001","37.63428571428572","37.63428571428572","37.63428571428572"
"105.26622235","53.010000000000005","53.010000000000005","53.010000000000005","37.91571428571429","37.91571428571429","37.91571428571429"
"115.265448016","104.51428571428572","104.51428571428572","104.51428571428572","37.91571428571429","37.91571428571429","37.91571428571429"
"125.268289862","98.67","98.67","98.67","37.91571428571429","37.91571428571429","37.91571428571429"
"135.268787834","99.7057142857143","99.7057142857143","99.7057142857143","38.05571428571429","38.05571428571429","38.05571428571429"
"145.267607564","86.77571428571429","86.77571428571429","86.77571428571429","38.19714285714286","38.19714285714286","38.19714285714286"
"155.266615147","95.58714285714287","95.58714285714287","95.58714285714287","38.33714285714285","38.33714285714285","38.33714285714285"
"165.273888851","90.34714285714286","90.34714285714286","90.34714285714286","38.315714285714286","38.315714285714286","38.315714285714286"
"175.266194678","98.0342857142857","98.0342857142857","98.0342857142857","38.33714285714285","38.33714285714285","38.33714285714285"
"945.267685732","43.09428571428571","43.09428571428571","43.09428571428571","41.54857142857143","41.54857142857143","41.54857142857143"
"955.265614151","42.95428571428572","42.95428571428572","42.95428571428572","41.54857142857143","41.54857142857143","41.54857142857143"
"965.266567442","43.09428571428571","43.09428571428571","43.09428571428571","41.52571428571429","41.52571428571429","41.52571428571429"
"975.267032727","43.09428571428571","43.09428571428571","43.09428571428571","41.66571428571429","41.66571428571429","41.66571428571429"
"985.267835171","43.09428571428571","43.09428571428571","43.09428571428571","41.66571428571429","41.66571428571429","41.66571428571429"
"995.265477487","43.09428571428571","43.09428571428571","43.09428571428571","41.54857142857143","41.54857142857143","41.54857142857143"
"1005.267035756","43.09428571428571","43.09428571428571","43.09428571428571","41.54857142857143","41.54857142857143","41.54857142857143"
"1015.265546242","43.09428571428571","43.09428571428571","43.09428571428571","41.68857142857142","41.68857142857142","41.68857142857142"
"1035.2668394","43.23428571428571","43.23428571428571","43.23428571428571","41.66571428571429","41.66571428571429","41.66571428571429"
"1045.266411634","79.98714285714286","79.98714285714286","79.98714285714286","41.66571428571429","41.66571428571429","41.66571428571429"
"1055.265837761","97.13857142857142","97.13857142857142","97.13857142857142","41.66571428571429","41.66571428571429","41.66571428571429"
"1065.271039921","97.83428571428571","97.83428571428571","97.83428571428571","41.66571428571429","41.66571428571429","41.66571428571429"
"1075.268876502","98.94714285714286","98.94714285714286","98.94714285714286","41.104285714285716","41.104285714285716","41.104285714285716"
"1085.273139789","97.33857142857143","97.33857142857143","97.33857142857143","40.401428571428575","40.401428571428575","40.401428571428575"
"1095.267500395","98.17285714285715","98.17285714285715","98.17285714285715","39.86142857142857","39.86142857142857","39.86142857142857"
"1105.265939952","93.91428571428571","93.91428571428571","93.91428571428571","39.581428571428575","39.581428571428575","39.581428571428575"
"1115.26547951","96.92","96.92","96.92","39.32142857142857","39.32142857142857","39.32142857142857"
"1125.268191527","101.86999999999999","101.86999999999999","101.86999999999999","39.04","39.04","39.04"
"1135.267267404","97.75571428571429","97.75571428571429","97.75571428571429","39.01857142857143","39.01857142857143","39.01857142857143"
"1145.265542271","94.75142857142856","94.75142857142856","94.75142857142856","39.04","39.04","39.04"
"1155.270195255","97.25857142857143","97.25857142857143","97.25857142857143","38.9","38.9","38.9"
"1165.265521817","98.31285714285714","98.31285714285714","98.31285714285714","38.76","38.76","38.76"
"1175.26691707","102.42714285714285","102.42714285714285","102.42714285714285","38.47857142857143","38.47857142857143","38.47857142857143"
"1185.272515968","49.839999999999996","49.839999999999996","49.839999999999996","38.35857142857142","38.35857142857142","38.35857142857142"
"1195.266001313","97.53714285714285","97.53714285714285","97.53714285714285","38.33714285714285","38.33714285714285","38.33714285714285"
"1205.265507775","74.95714285714286","74.95714285714286","74.95714285714286","38.19714285714286","38.19714285714286","38.19714285714286"
"1215.273814613","98.73","98.73","98.73","38.05571428571429","38.05571428571429","38.05571428571429"
"1225.265528457","83.25","83.25","83.25","38.07714285714286","38.07714285714286","38.07714285714286"
"1235.265692333","96.14428571428572","96.14428571428572","96.14428571428572","37.93714285714286","37.93714285714286","37.93714285714286"
"1245.274446643","95.36714285714287","95.36714285714287","95.36714285714287","37.93714285714286","37.93714285714286","37.93714285714286"
"1255.275641964","97.51857142857143","97.51857142857143","97.51857142857143","37.93714285714286","37.93714285714286","37.93714285714286"
"1265.265354113","97.67714285714285","97.67714285714285","97.67714285714285","37.79571428571429","37.79571428571429","37.79571428571429"
"1275.270426836","72.48285714285714","72.48285714285714","72.48285714285714","37.79571428571429","37.79571428571429","37.79571428571429"
"1285.265503381","97.18","97.18","97.18","37.65571428571429","37.65571428571429","37.65571428571429"
"1295.268258961","95.64571428571428","95.64571428571428","95.64571428571428","37.79571428571429","37.79571428571429","37.79571428571429"
"1305.271934497","82.97","82.97","82.97","37.65571428571429","37.65571428571429","37.65571428571429"
"1315.265738672","95.50571428571428","95.50571428571428","95.50571428571428","37.65571428571429","37.65571428571429","37.65571428571429"
"1325.272673178","95.50571428571428","95.50571428571428","95.50571428571428","37.51428571428572","37.51428571428572","37.51428571428572"
"1335.275614913","97.73714285714286","97.73714285714286","97.73714285714286","37.51428571428572","37.51428571428572","37.51428571428572"
"1345.267954801","99.48857142857143","99.48857142857143","99.48857142857143","37.51428571428572","37.51428571428572","37.51428571428572"
"1355.265229372","94.11142857142856","94.11142857142856","94.11142857142856","37.65571428571429","37.65571428571429","37.65571428571429"
"1365.268519901","94.94857142857143","94.94857142857143","94.94857142857143","37.65571428571429","37.65571428571429","37.65571428571429"
"1375.267413549","95.22714285714287","95.22714285714287","95.22714285714287","37.65571428571429","37.65571428571429","37.65571428571429"
"1385.272998202","96.34285714285714","96.34285714285714","96.34285714285714","37.65571428571429","37.65571428571429","37.65571428571429"
"1395.268350244","96.62142857142858","96.62142857142858","96.62142857142858","37.65571428571429","37.65571428571429","37.65571428571429"
"1405.268613342","104.85714285714288","104.85714285714288","104.85714285714288","37.51428571428572","37.51428571428572","37.51428571428572"
"1415.267982808","106.03714285714285","106.03714285714285","106.03714285714285","37.51428571428572","37.51428571428572","37.51428571428572"
"1425.267386786","91.38000000000001","91.38000000000001","91.38000000000001","37.535714285714285","37.535714285714285","37.535714285714285"
"1435.26550606","101.57857142857142","101.57857142857142","101.57857142857142","37.675714285714285","37.675714285714285","37.675714285714285"
"1445.277250061","95.36714285714287","95.36714285714287","95.36714285714287","37.675714285714285","37.675714285714285","37.675714285714285"
"1455.266123245","89.62142857142858","89.62142857142858","89.62142857142858","37.535714285714285","37.535714285714285","37.535714285714285"
"1465.267954251","75.00285714285715","75.00285714285715","75.00285714285715","37.535714285714285","37.535714285714285","37.535714285714285"
"1475.271793395","103.04714285714284","103.04714285714284","103.04714285714284","37.535714285714285","37.535714285714285","37.535714285714285"
"1485.278676568","82.60142857142857","82.60142857142857","82.60142857142857","37.535714285714285","37.535714285714285","37.535714285714285"
"1495.266083721","100.18428571428572","100.18428571428572","100.18428571428572","37.535714285714285","37.535714285714285","37.535714285714285"
"1505.269389895","80.13285714285715","80.13285714285715","80.13285714285715","37.535714285714285","37.535714285714285","37.535714285714285"
"1515.26953179","97.45857142857145","97.45857142857145","97.45857142857145","37.535714285714285","37.535714285714285","37.535714285714285"
"1525.266012213","101.9957142857143","101.9957142857143","101.9957142857143","37.394285714285715","37.394285714285715","37.394285714285715"
"1535.266745837","99.27142857142857","99.27142857142857","99.27142857142857","37.394285714285715","37.394285714285715","37.394285714285715"
"1545.275819445","101.22285714285712","101.22285714285712","101.22285714285712","37.535714285714285","37.535714285714285","37.535714285714285"
"1555.271631822","97.18","97.18","97.18","37.535714285714285","37.535714285714285","37.535714285714285"
"1565.266599464","96.62142857142858","96.62142857142858","96.62142857142858","37.535714285714285","37.535714285714285","37.535714285714285"
"1575.265281584","74.72285714285714","74.72285714285714","74.72285714285714","37.394285714285715","37.394285714285715","37.394285714285715"
"1585.269237838","92.77428571428571","92.77428571428571","92.77428571428571","37.535714285714285","37.535714285714285","37.535714285714285"
"1595.26853866","95.78571428571429","95.78571428571429","95.78571428571429","37.394285714285715","37.394285714285715","37.394285714285715"
"1605.267992268","103.66857142857143","103.66857142857143","103.66857142857143","37.535714285714285","37.535714285714285","37.535714285714285"
"1615.267880841","75.98285714285714","75.98285714285714","75.98285714285714","37.394285714285715","37.394285714285715","37.394285714285715"
"1625.271129483","97.59714285714284","97.59714285714284","97.59714285714284","37.535714285714285","37.535714285714285","37.535714285714285"
"1635.276349915","88.41857142857143","88.41857142857143","88.41857142857143","37.535714285714285","37.535714285714285","37.535714285714285"
"1645.270105984","90.03999999999999","90.03999999999999","90.03999999999999","37.535714285714285","37.535714285714285","37.535714285714285"
"1655.265537282","98.85285714285715","98.85285714285715","98.85285714285715","37.535714285714285","37.535714285714285","37.535714285714285"
"1665.27384965","80.97285714285714","80.97285714285714","80.97285714285714","37.394285714285715","37.394285714285715","37.394285714285715"
"1675.26928571","88.27857142857142","88.27857142857142","88.27857142857142","37.394285714285715","37.394285714285715","37.394285714285715"
"1685.277326669","94.72857142857143","94.72857142857143","94.72857142857143","37.535714285714285","37.535714285714285","37.535714285714285"
"1695.268443525","94.92571428571428","94.92571428571428","94.92571428571428","37.394285714285715","37.394285714285715","37.394285714285715"
"1705.267053081","96.82142857142858","96.82142857142858","96.82142857142858","37.394285714285715","37.394285714285715","37.394285714285715"
"1715.269343698","99.90571428571428","99.90571428571428","99.90571428571428","37.535714285714285","37.535714285714285","37.535714285714285"
"1725.273265352","96.26285714285714","96.26285714285714","96.26285714285714","37.394285714285715","37.394285714285715","37.394285714285715"
"1735.268585195","94.03","94.03","94.03","37.394285714285715","37.394285714285715","37.394285714285715"
"1745.267097476","76.12285714285714","76.12285714285714","76.12285714285714","37.394285714285715","37.394285714285715","37.394285714285715"
"1755.265345918","93.61142857142858","93.61142857142858","93.61142857142858","37.394285714285715","37.394285714285715","37.394285714285715"
"1765.269911679","90.87714285714286","90.87714285714286","90.87714285714286","37.535714285714285","37.535714285714285","37.535714285714285"
"1775.266144078","95.8442857142857","95.8442857142857","95.8442857142857","37.394285714285715","37.394285714285715","37.394285714285715"
"1785.266635934","94.58857142857143","94.58857142857143","94.58857142857143","37.394285714285715","37.394285714285715","37.394285714285715"
"1795.267275418","91.71428571428571","91.71428571428571","91.71428571428571","37.394285714285715","37.394285714285715","37.394285714285715"
"1805.267045778","95.7042857142857","95.7042857142857","95.7042857142857","37.394285714285715","37.394285714285715","37.394285714285715"
"1815.26689334","97.87714285714286","97.87714285714286","97.87714285714286","37.394285714285715","37.394285714285715","37.394285714285715"
"1825.26683354","97.73714285714286","97.73714285714286","97.73714285714286","37.394285714285715","37.394285714285715","37.394285714285715"
"1835.271801952","97.87714285714286","97.87714285714286","97.87714285714286","37.394285714285715","37.394285714285715","37.394285714285715"
"1845.269770361","98.71285714285715","98.71285714285715","98.71285714285715","37.394285714285715","37.394285714285715","37.394285714285715"
"1855.27610869","102.55428571428571","102.55428571428571","102.55428571428571","37.535714285714285","37.535714285714285","37.535714285714285"
"1865.278790661","106.25","106.25","106.25","37.394285714285715","37.394285714285715","37.394285714285715"
"1875.266656143","96.96000000000001","96.96000000000001","96.96000000000001","37.394285714285715","37.394285714285715","37.394285714285715"
"1885.276794145","90.73714285714286","90.73714285714286","90.73714285714286","37.394285714285715","37.394285714285715","37.394285714285715"
"1895.271543898","100.94428571428571","100.94428571428571","100.94428571428571","37.394285714285715","37.394285714285715","37.394285714285715"
"1905.269028552","97.1","97.1","97.1","37.394285714285715","37.394285714285715","37.394285714285715"
"1915.270332614","106.66714285714285","106.66714285714285","106.66714285714285","37.535714285714285","37.535714285714285","37.535714285714285"
"1925.265761443","92.83142857142857","92.83142857142857","92.83142857142857","37.394285714285715","37.394285714285715","37.394285714285715"
"1935.272480052","98.99142857142856","98.99142857142856","98.99142857142856","37.394285714285715","37.394285714285715","37.394285714285715"
"1945.266799366","103.80714285714288","103.80714285714288","103.80714285714288","37.394285714285715","37.394285714285715","37.394285714285715"
"1955.271863979","115.15714285714284","115.15714285714284","115.15714285714284","37.394285714285715","37.394285714285715","37.394285714285715"
"1965.267282401","89.20142857142858","89.20142857142858","89.20142857142858","37.394285714285715","37.394285714285715","37.394285714285715"
"1975.267491962","103.03571428571428","103.03571428571428","103.03571428571428","37.394285714285715","37.394285714285715","37.394285714285715"
"1985.265093311","96.40285714285714","96.40285714285714","96.40285714285714","37.394285714285715","37.394285714285715","37.394285714285715"
"1995.268007845","96.12285714285714","96.12285714285714","96.12285714285714","37.394285714285715","37.394285714285715","37.394285714285715"
"2005.266706374","102.4142857142857","102.4142857142857","102.4142857142857","37.394285714285715","37.394285714285715","37.394285714285715"
"2015.266817986","71.16857142857143","71.16857142857143","71.16857142857143","37.41428571428572","37.41428571428572","37.41428571428572"
"2025.266251374","96.96000000000001","96.96000000000001","96.96000000000001","37.394285714285715","37.394285714285715","37.394285714285715"
"2035.265732348","97.1","97.1","97.1","37.394285714285715","37.394285714285715","37.394285714285715"
"2045.267223778","97.1","97.1","97.1","37.394285714285715","37.394285714285715","37.394285714285715"
"2055.274725907","87.99857142857142","87.99857142857142","87.99857142857142","37.394285714285715","37.394285714285715","37.394285714285715"
"2065.27115954","97.93714285714286","97.93714285714286","97.93714285714286","37.394285714285715","37.394285714285715","37.394285714285715"
"2075.26774375","98.0157142857143","98.0157142857143","98.0157142857143","37.394285714285715","37.394285714285715","37.394285714285715"
"2085.265976736","96.96000000000001","96.96000000000001","96.96000000000001","37.394285714285715","37.394285714285715","37.394285714285715"
"2095.270005366","104.56857142857142","104.56857142857142","104.56857142857142","37.394285714285715","37.394285714285715","37.394285714285715"
"2105.276182641","105.13571428571429","105.13571428571429","105.13571428571429","37.394285714285715","37.394285714285715","37.394285714285715"
"2115.268211421","96.76142857142858","96.76142857142858","96.76142857142858","37.394285714285715","37.394285714285715","37.394285714285715"
"2125.267017844","104.78285714285714","104.78285714285714","104.78285714285714","37.535714285714285","37.535714285714285","37.535714285714285"
"2135.266607762","93.25000000000001","93.25000000000001","93.25000000000001","37.394285714285715","37.394285714285715","37.394285714285715"
"2145.267921145","96.62142857142858","96.62142857142858","96.62142857142858","37.394285714285715","37.394285714285715","37.394285714285715"
"2155.269618332","94.58857142857143","94.58857142857143","94.58857142857143","37.394285714285715","37.394285714285715","37.394285714285715"
"2165.267561466","94.86714285714285","94.86714285714285","94.86714285714285","37.394285714285715","37.394285714285715","37.394285714285715"
"2175.266147109","97.1","97.1","97.1","37.394285714285715","37.394285714285715","37.394285714285715"
"2185.266571834","91.01714285714286","91.01714285714286","91.01714285714286","37.394285714285715","37.394285714285715","37.394285714285715"
"2195.269245093","99.27142857142857","99.27142857142857","99.27142857142857","37.394285714285715","37.394285714285715","37.394285714285715"
"2205.27263517","88.83714285714287","88.83714285714287","88.83714285714287","37.394285714285715","37.394285714285715","37.394285714285715"
"2215.265277177","96.62142857142858","96.62142857142858","96.62142857142858","37.394285714285715","37.394285714285715","37.394285714285715"
"2225.272642469","88.27857142857142","88.27857142857142","88.27857142857142","37.394285714285715","37.394285714285715","37.394285714285715"
"2235.267314278","94.08857142857143","94.08857142857143","94.08857142857143","37.394285714285715","37.394285714285715","37.394285714285715"
"2245.267459558","97.45857142857145","97.45857142857145","97.45857142857145","37.394285714285715","37.394285714285715","37.394285714285715"
"2255.274675387","94.08857142857143","94.08857142857143","94.08857142857143","37.535714285714285","37.535714285714285","37.535714285714285"
"2265.270022487","95.28571428571428","95.28571428571428","95.28571428571428","37.394285714285715","37.394285714285715","37.394285714285715"
"2275.281602606","97.24","97.24","97.24","37.394285714285715","37.394285714285715","37.394285714285715"
"2285.270281626","98.63428571428571","98.63428571428571","98.63428571428571","37.394285714285715","37.394285714285715","37.394285714285715"
"2295.27745621","95.7042857142857","95.7042857142857","95.7042857142857","37.394285714285715","37.394285714285715","37.394285714285715"
"2305.269133449","70.74857142857142","70.74857142857142","70.74857142857142","37.41428571428572","37.41428571428572","37.41428571428572"
"2315.268426861","67.9857142857143","67.9857142857143","67.9857142857143","37.394285714285715","37.394285714285715","37.394285714285715"
"2325.269286617","98.99142857142856","98.99142857142856","98.99142857142856","37.535714285714285","37.535714285714285","37.535714285714285"
"2335.269805861","102.4142857142857","102.4142857142857","102.4142857142857","37.394285714285715","37.394285714285715","37.394285714285715"
"2345.268670194","96.96000000000001","96.96000000000001","96.96000000000001","37.394285714285715","37.394285714285715","37.394285714285715"
"2355.268776163","89.8157142857143","89.8157142857143","89.8157142857143","37.394285714285715","37.394285714285715","37.394285714285715"
"2365.269933866","97.1","97.1","97.1","37.394285714285715","37.394285714285715","37.394285714285715"
"2375.270735103","104.92285714285714","104.92285714285714","104.92285714285714","37.394285714285715","37.394285714285715","37.394285714285715"
"2385.278791673","101.50142857142856","101.50142857142856","101.50142857142856","37.394285714285715","37.394285714285715","37.394285714285715"
"2395.26693152","95.9842857142857","95.9842857142857","95.9842857142857","37.394285714285715","37.394285714285715","37.394285714285715"
"2405.268414341","98.99142857142856","98.99142857142856","98.99142857142856","37.394285714285715","37.394285714285715","37.394285714285715"
"2415.268109819","95.42571428571429","95.42571428571429","95.42571428571429","37.394285714285715","37.394285714285715","37.394285714285715"
"2425.267155547","103.25","103.25","103.25","37.394285714285715","37.394285714285715","37.394285714285715"
"2435.266346117","101.02142857142857","101.02142857142857","101.02142857142857","37.394285714285715","37.394285714285715","37.394285714285715"
"2445.266166085","101.91999999999999","101.91999999999999","101.91999999999999","37.394285714285715","37.394285714285715","37.394285714285715"
"2455.273274064","101.36285714285714","101.36285714285714","101.36285714285714","37.535714285714285","37.535714285714285","37.535714285714285"
"2465.267590452","80.27285714285715","80.27285714285715","80.27285714285715","37.394285714285715","37.394285714285715","37.394285714285715"
"2475.266043811","98.35571428571428","98.35571428571428","98.35571428571428","37.394285714285715","37.394285714285715","37.394285714285715"
"2485.265839923","99.27142857142857","99.27142857142857","99.27142857142857","37.394285714285715","37.394285714285715","37.394285714285715"
"2495.266739408","86.60285714285715","86.60285714285715","86.60285714285715","37.394285714285715","37.394285714285715","37.394285714285715"
"2505.267934602","117.03000000000002","117.03000000000002","117.03000000000002","37.394285714285715","37.394285714285715","37.394285714285715"
"2515.271041929","101.57857142857142","101.57857142857142","101.57857142857142","37.394285714285715","37.394285714285715","37.394285714285715"
"2525.267353795","98.4342857142857","98.4342857142857","98.4342857142857","37.394285714285715","37.394285714285715","37.394285714285715"
"2535.26976709","96.82142857142858","96.82142857142858","96.82142857142858","37.394285714285715","37.394285714285715","37.394285714285715"
"2545.27037988","100.52571428571429","100.52571428571429","100.52571428571429","37.394285714285715","37.394285714285715","37.394285714285715"
"2555.267816106","96.96000000000001","96.96000000000001","96.96000000000001","37.394285714285715","37.394285714285715","37.394285714285715"
"2565.267601776","94.72857142857143","94.72857142857143","94.72857142857143","37.394285714285715","37.394285714285715","37.394285714285715"
"2575.265118334","96.82142857142858","96.82142857142858","96.82142857142858","37.394285714285715","37.394285714285715","37.394285714285715"
"2585.265934865","96.96000000000001","96.96000000000001","96.96000000000001","37.394285714285715","37.394285714285715","37.394285714285715"
"2595.268348133","96.82142857142858","96.82142857142858","96.82142857142858","37.394285714285715","37.394285714285715","37.394285714285715"
"2605.265436982","76.12285714285714","76.12285714285714","76.12285714285714","37.394285714285715","37.394285714285715","37.394285714285715"
"2615.271201909","100.10714285714286","100.10714285714286","100.10714285714286","37.394285714285715","37.394285714285715","37.394285714285715"
"2625.269559732","97.59714285714284","97.59714285714284","97.59714285714284","37.394285714285715","37.394285714285715","37.394285714285715"
"2635.273707077","88.83714285714287","88.83714285714287","88.83714285714287","37.394285714285715","37.394285714285715","37.394285714285715"
"2645.268105033","98.07714285714285","98.07714285714285","98.07714285714285","37.394285714285715","37.394285714285715","37.394285714285715"
"2655.267836099","71.02857142857142","71.02857142857142","71.02857142857142","37.394285714285715","37.394285714285715","37.394285714285715"
"2665.266293895","95.76428571428572","95.76428571428572","95.76428571428572","37.394285714285715","37.394285714285715","37.394285714285715"
"2675.278267345","102.06","102.06","102.06","37.394285714285715","37.394285714285715","37.394285714285715"
"2685.265511633","94.86714285714285","94.86714285714285","94.86714285714285","37.394285714285715","37.394285714285715","37.394285714285715"
"2695.266600786","99.75142857142856","99.75142857142856","99.75142857142856","37.394285714285715","37.394285714285715","37.394285714285715"
"2705.272781807","98.4342857142857","98.4342857142857","98.4342857142857","37.394285714285715","37.394285714285715","37.394285714285715"
"2715.269744156","89.39571428571428","89.39571428571428","89.39571428571428","37.394285714285715","37.394285714285715","37.394285714285715"
"2725.265505364","93.11142857142856","93.11142857142856","93.11142857142856","37.394285714285715","37.394285714285715","37.394285714285715"
"2735.270146616","106.66714285714285","106.66714285714285","106.66714285714285","37.394285714285715","37.394285714285715","37.394285714285715"
"2745.280402169","56.30285714285714","56.30285714285714","56.30285714285714","37.41428571428572","37.41428571428572","37.41428571428572"
"2755.276097714","99.27142857142857","99.27142857142857","99.27142857142857","37.394285714285715","37.394285714285715","37.394285714285715"
"2765.268603386","98.07714285714285","98.07714285714285","98.07714285714285","37.394285714285715","37.394285714285715","37.394285714285715"
"2775.268015315","107.36428571428571","107.36428571428571","107.36428571428571","37.394285714285715","37.394285714285715","37.394285714285715"
"2785.267317265","97.37857142857143","97.37857142857143","97.37857142857143","37.394285714285715","37.394285714285715","37.394285714285715"
"2795.267111057","98.35571428571428","98.35571428571428","98.35571428571428","37.394285714285715","37.394285714285715","37.394285714285715"
"2805.266532622","96.54142857142857","96.54142857142857","96.54142857142857","37.394285714285715","37.394285714285715","37.394285714285715"
"2815.270501722","94.86714285714285","94.86714285714285","94.86714285714285","37.394285714285715","37.394285714285715","37.394285714285715"
"2825.266518576","99.27142857142857","99.27142857142857","99.27142857142857","37.394285714285715","37.394285714285715","37.394285714285715"
"2835.267824103","96.54142857142857","96.54142857142857","96.54142857142857","37.394285714285715","37.394285714285715","37.394285714285715"
"2845.265712586","95.28571428571428","95.28571428571428","95.28571428571428","37.394285714285715","37.394285714285715","37.394285714285715"
"2855.265060446","98.7742857142857","98.7742857142857","98.7742857142857","37.535714285714285","37.535714285714285","37.535714285714285"
"2865.266951665","95.00714285714284","95.00714285714284","95.00714285714284","37.394285714285715","37.394285714285715","37.394285714285715"
"2875.267031396","93.80857142857141","93.80857142857141","93.80857142857141","37.394285714285715","37.394285714285715","37.394285714285715"
"2885.268632402","97.24","97.24","97.24","37.394285714285715","37.394285714285715","37.394285714285715"
"2895.265928464","103.66857142857143","103.66857142857143","103.66857142857143","37.394285714285715","37.394285714285715","37.394285714285715"
"2905.267130844","90.37428571428572","90.37428571428572","90.37428571428572","37.394285714285715","37.394285714285715","37.394285714285715"
"2915.269853103","103.52857142857144","103.52857142857144","103.52857142857144","37.394285714285715","37.394285714285715","37.394285714285715"
"2925.278221941","96.40285714285714","96.40285714285714","96.40285714285714","37.394285714285715","37.394285714285715","37.394285714285715"
"2935.276070701","93.25000000000001","93.25000000000001","93.25000000000001","37.394285714285715","37.394285714285715","37.394285714285715"
"2945.265646511","101.43857142857145","101.43857142857145","101.43857142857145","37.394285714285715","37.394285714285715","37.394285714285715"
"2955.272268848","98.35571428571428","98.35571428571428","98.35571428571428","37.394285714285715","37.394285714285715","37.394285714285715"
"2965.265286886","98.2157142857143","98.2157142857143","98.2157142857143","37.394285714285715","37.394285714285715","37.394285714285715"
"2975.26700083","72.94714285714286","72.94714285714286","72.94714285714286","37.535714285714285","37.535714285714285","37.535714285714285"
"2985.2660491","99.68857142857142","99.68857142857142","99.68857142857142","37.535714285714285","37.535714285714285","37.535714285714285"
"2995.268222264","93.94857142857143","93.94857142857143","93.94857142857143","37.535714285714285","37.535714285714285","37.535714285714285"
"3005.269070349","92.74857142857144","92.74857142857144","92.74857142857144","37.394285714285715","37.394285714285715","37.394285714285715"
"3015.265623971","91.29571428571428","91.29571428571428","91.29571428571428","37.394285714285715","37.394285714285715","37.394285714285715"
"3025.269203756","97.37857142857143","97.37857142857143","97.37857142857143","37.41428571428572","37.41428571428572","37.41428571428572"
"3035.269152952","91.15714285714286","91.15714285714286","91.15714285714286","37.394285714285715","37.394285714285715","37.394285714285715"
"3045.269588767","97.1","97.1","97.1","37.394285714285715","37.394285714285715","37.394285714285715"
"3055.269526513","93.89142857142858","93.89142857142858","93.89142857142858","37.394285714285715","37.394285714285715","37.394285714285715"
"3065.267139719","102.27428571428572","102.27428571428572","102.27428571428572","37.394285714285715","37.394285714285715","37.394285714285715"
"3075.279191049","93.11142857142856","93.11142857142856","93.11142857142856","37.394285714285715","37.394285714285715","37.394285714285715"
"3085.270902954","95.28571428571428","95.28571428571428","95.28571428571428","37.394285714285715","37.394285714285715","37.394285714285715"
"3095.270076773","82.79142857142857","82.79142857142857","82.79142857142857","37.394285714285715","37.394285714285715","37.394285714285715"
"3105.274963408","97.24","97.24","97.24","37.394285714285715","37.394285714285715","37.394285714285715"
"3115.270393832","94.78571428571428","94.78571428571428","94.78571428571428","37.394285714285715","37.394285714285715","37.394285714285715"
"3125.26795194","69.10857142857142","69.10857142857142","69.10857142857142","37.55571428571429","37.55571428571429","37.55571428571429"
"3135.268784579","71.16857142857143","71.16857142857143","71.16857142857143","37.41428571428572","37.41428571428572","37.41428571428572"
"3145.266816525","96.40285714285714","96.40285714285714","96.40285714285714","37.41428571428572","37.41428571428572","37.41428571428572"
"3155.27051942","98.35571428571428","98.35571428571428","98.35571428571428","37.41428571428572","37.41428571428572","37.41428571428572"
"3165.268498837","98.63428571428571","98.63428571428571","98.63428571428571","37.41428571428572","37.41428571428572","37.41428571428572"
"3175.267251274","105.61857142857143","105.61857142857143","105.61857142857143","37.41428571428572","37.41428571428572","37.41428571428572"
"3185.265566903","100.94428571428571","100.94428571428571","100.94428571428571","37.41428571428572","37.41428571428572","37.41428571428572"
"3195.275283592","93.94857142857143","93.94857142857143","93.94857142857143","37.41428571428572","37.41428571428572","37.41428571428572"
"3205.266435502","90.51428571428572","90.51428571428572","90.51428571428572","37.41428571428572","37.41428571428572","37.41428571428572"
"3215.268662772","93.02857142857144","93.02857142857144","93.02857142857144","37.41428571428572","37.41428571428572","37.41428571428572"
"3225.268206969","96.62142857142858","96.62142857142858","96.62142857142858","37.394285714285715","37.394285714285715","37.394285714285715"
"3235.273724345","86.60285714285715","86.60285714285715","86.60285714285715","37.394285714285715","37.394285714285715","37.394285714285715"
"3245.268435264","110.28714285714285","110.28714285714285","110.28714285714285","37.535714285714285","37.535714285714285","37.535714285714285"
"3255.271103186","97.79714285714286","97.79714285714286","97.79714285714286","37.535714285714285","37.535714285714285","37.535714285714285"
"3265.267122801","72.24714285714285","72.24714285714285","72.24714285714285","37.394285714285715","37.394285714285715","37.394285714285715"
"3275.265538709","94.80857142857143","94.80857142857143","94.80857142857143","37.394285714285715","37.394285714285715","37.394285714285715"
"3285.266646826","100.32428571428571","100.32428571428571","100.32428571428571","37.394285714285715","37.394285714285715","37.394285714285715"
"3295.267352692","96.96000000000001","96.96000000000001","96.96000000000001","37.394285714285715","37.394285714285715","37.394285714285715"
"3305.264893953","100.18428571428572","100.18428571428572","100.18428571428572","37.394285714285715","37.394285714285715","37.394285714285715"
"3315.268723197","89.48142857142857","89.48142857142857","89.48142857142857","37.394285714285715","37.394285714285715","37.394285714285715"
"3325.266827672","95.8442857142857","95.8442857142857","95.8442857142857","37.394285714285715","37.394285714285715","37.394285714285715"
"3335.276772017","87.16142857142857","87.16142857142857","87.16142857142857","37.394285714285715","37.394285714285715","37.394285714285715"
"3345.268926769","101.78","101.78","101.78","37.394285714285715","37.394285714285715","37.394285714285715"
"3355.268556798","71.68714285714285","71.68714285714285","71.68714285714285","37.394285714285715","37.394285714285715","37.394285714285715"
"3365.26710819","101.85714285714285","101.85714285714285","101.85714285714285","37.394285714285715","37.394285714285715","37.394285714285715"
"3375.267515237","96.82142857142858","96.82142857142858","96.82142857142858","37.394285714285715","37.394285714285715","37.394285714285715"
"3385.267909624","100.74285714285713","100.74285714285713","100.74285714285713","37.394285714285715","37.394285714285715","37.394285714285715"
"3395.265377318","94.86714285714285","94.86714285714285","94.86714285714285","37.394285714285715","37.394285714285715","37.394285714285715"
"3405.274094482","83.58","83.58","83.58","37.394285714285715","37.394285714285715","37.394285714285715"
"3415.272278842","96.62142857142858","96.62142857142858","96.62142857142858","37.394285714285715","37.394285714285715","37.394285714285715"
"3425.26842753","96.76142857142858","96.76142857142858","96.76142857142858","37.535714285714285","37.535714285714285","37.535714285714285"
"3435.270209751","94.86714285714285","94.86714285714285","94.86714285714285","37.394285714285715","37.394285714285715","37.394285714285715"
"3445.270338098","96.68142857142858","96.68142857142858","96.68142857142858","37.394285714285715","37.394285714285715","37.394285714285715"
"3455.2669032","94.30999999999999","94.30999999999999","94.30999999999999","37.535714285714285","37.535714285714285","37.535714285714285"
"3465.273420404","89.48142857142857","89.48142857142857","89.48142857142857","37.394285714285715","37.394285714285715","37.394285714285715"
"3475.269653671","98.4342857142857","98.4342857142857","98.4342857142857","37.394285714285715","37.394285714285715","37.394285714285715"
"3485.269522908","93.89142857142858","93.89142857142858","93.89142857142858","37.394285714285715","37.394285714285715","37.394285714285715"
"3495.26729341","103.46428571428572","103.46428571428572","103.46428571428572","37.394285714285715","37.394285714285715","37.394285714285715"
"3505.267397557","96.12285714285714","96.12285714285714","96.12285714285714","37.394285714285715","37.394285714285715","37.394285714285715"
"3515.267857542","76.12285714285714","76.12285714285714","76.12285714285714","37.394285714285715","37.394285714285715","37.394285714285715"
"3525.27032725","94.36714285714287","94.36714285714287","94.36714285714287","37.394285714285715","37.394285714285715","37.394285714285715"
"3535.268625025","99.89","99.89","99.89","37.394285714285715","37.394285714285715","37.394285714285715"
"3545.265003903","96.04285714285716","96.04285714285716","96.04285714285716","37.41428571428572","37.41428571428572","37.41428571428572"
"3555.26997253","90.37428571428572","90.37428571428572","90.37428571428572","37.41428571428572","37.41428571428572","37.41428571428572"
"3565.273418996","95.7042857142857","95.7042857142857","95.7042857142857","37.41428571428572","37.41428571428572","37.41428571428572"
"3575.268195737","91.63142857142856","91.63142857142856","91.63142857142856","37.41428571428572","37.41428571428572","37.41428571428572"
"3585.26582559","95.4842857142857","95.4842857142857","95.4842857142857","37.41428571428572","37.41428571428572","37.41428571428572"
"3595.268121905","75.37428571428572","75.37428571428572","75.37428571428572","37.55571428571429","37.55571428571429","37.55571428571429"
"3605.267472908","96.74142857142857","96.74142857142857","96.74142857142857","37.41428571428572","37.41428571428572","37.41428571428572"
"3615.273141294","99.11428571428571","99.11428571428571","99.11428571428571","37.41428571428572","37.41428571428572","37.41428571428572"
"3625.266851376","96.04285714285716","96.04285714285716","96.04285714285716","37.41428571428572","37.41428571428572","37.41428571428572"
"3635.26565782","97.43857142857142","97.43857142857142","97.43857142857142","37.41428571428572","37.41428571428572","37.41428571428572"
"3645.267749578","95.90285714285714","95.90285714285714","95.90285714285714","37.41428571428572","37.41428571428572","37.41428571428572"
"3655.272397374","95.5657142857143","95.5657142857143","95.5657142857143","37.41428571428572","37.41428571428572","37.41428571428572"
"3665.269606543","113.35142857142857","113.35142857142857","113.35142857142857","37.41428571428572","37.41428571428572","37.41428571428572"
"3675.270597783","93.72714285714285","93.72714285714285","93.72714285714285","37.41428571428572","37.41428571428572","37.41428571428572"
"3685.267994311","95.0657142857143","95.0657142857143","95.0657142857143","37.41428571428572","37.41428571428572","37.41428571428572"
"3695.268590445","104.43","104.43","104.43","37.41428571428572","37.41428571428572","37.41428571428572"
"3705.266582141","97.24","97.24","97.24","37.41428571428572","37.41428571428572","37.41428571428572"
"3715.268723163","101.08285714285714","101.08285714285714","101.08285714285714","37.41428571428572","37.41428571428572","37.41428571428572"
"3725.269654647","97.1","97.1","97.1","37.41428571428572","37.41428571428572","37.41428571428572"
"3735.269984925","97.79714285714286","97.79714285714286","97.79714285714286","37.41428571428572","37.41428571428572","37.41428571428572"
"3745.265890704","97.93714285714286","97.93714285714286","97.93714285714286","37.41428571428572","37.41428571428572","37.41428571428572"
"3755.267749161","95.0657142857143","95.0657142857143","95.0657142857143","37.41428571428572","37.41428571428572","37.41428571428572"
"3765.266643494","100.17","100.17","100.17","37.41428571428572","37.41428571428572","37.41428571428572"
"3775.265299793","85.95571428571428","85.95571428571428","85.95571428571428","37.41428571428572","37.41428571428572","37.41428571428572"
"3785.268005147","95.8442857142857","95.8442857142857","95.8442857142857","37.41428571428572","37.41428571428572","37.41428571428572"
"3795.267068091","93.67000000000002","93.67000000000002","93.67000000000002","37.41428571428572","37.41428571428572","37.41428571428572"
"3805.267598656","93.80857142857141","93.80857142857141","93.80857142857141","37.41428571428572","37.41428571428572","37.41428571428572"
"3815.267139402","97.16","97.16","97.16","37.41428571428572","37.41428571428572","37.41428571428572"
"3825.267305784","97.3","97.3","97.3","37.41428571428572","37.41428571428572","37.41428571428572"
"3835.265849396","96.32142857142857","96.32142857142857","96.32142857142857","37.41428571428572","37.41428571428572","37.41428571428572"
"3845.271409916","100.94428571428571","100.94428571428571","100.94428571428571","37.394285714285715","37.394285714285715","37.394285714285715"
"3855.267823007","90.31857142857143","90.31857142857143","90.31857142857143","37.394285714285715","37.394285714285715","37.394285714285715"
"3865.270247847","112.30714285714285","112.30714285714285","112.30714285714285","37.252857142857145","37.252857142857145","37.252857142857145"
"3875.266918617","101.57857142857142","101.57857142857142","101.57857142857142","37.35285714285715","37.35285714285715","37.35285714285715"
"3885.272401969","96.34285714285714","96.34285714285714","96.34285714285714","37.37428571428572","37.37428571428572","37.37428571428572"
"3895.27121305","99.90571428571428","99.90571428571428","99.90571428571428","37.37428571428572","37.37428571428572","37.37428571428572"
"3905.267759192","97.39857142857143","97.39857142857143","97.39857142857143","37.35285714285715","37.35285714285715","37.35285714285715"
"3915.272368051","97.45857142857145","97.45857142857145","97.45857142857145","37.37428571428572","37.37428571428572","37.37428571428572"
"3925.266281319","94.89000000000001","94.89000000000001","94.89000000000001","37.37428571428572","37.37428571428572","37.37428571428572"
"3935.268206974","94.94857142857143","94.94857142857143","94.94857142857143","37.37428571428572","37.37428571428572","37.37428571428572"
"3945.267196585","96.34285714285714","96.34285714285714","96.34285714285714","37.37428571428572","37.37428571428572","37.37428571428572"
"3955.265771097","92.16","92.16","92.16","37.37428571428572","37.37428571428572","37.37428571428572"
"3965.268397943","89.56571428571428","89.56571428571428","89.56571428571428","37.37428571428572","37.37428571428572","37.37428571428572"
"3975.267625979","82.32142857142857","82.32142857142857","82.32142857142857","37.37428571428572","37.37428571428572","37.37428571428572"
"3985.271219111","105.48857142857142","105.48857142857142","105.48857142857142","37.37428571428572","37.37428571428572","37.37428571428572"
"3995.266610805","96.20285714285714","96.20285714285714","96.20285714285714","37.37428571428572","37.37428571428572","37.37428571428572"
"4005.273735553","108.76000000000002","108.76000000000002","108.76000000000002","37.35285714285715","37.35285714285715","37.35285714285715"
"4015.266686821","108.82714285714286","108.82714285714286","108.82714285714286","37.23285714285714","37.23285714285714","37.23285714285714"
"4025.267165875","92.43857142857141","92.43857142857141","92.43857142857141","37.37428571428572","37.37428571428572","37.37428571428572"
"4035.276413417","97.18","97.18","97.18","37.37428571428572","37.37428571428572","37.37428571428572"
"4045.267300774","102.76857142857143","102.76857142857143","102.76857142857143","37.37428571428572","37.37428571428572","37.37428571428572"
"4055.264957835","93.47285714285714","93.47285714285714","93.47285714285714","37.37428571428572","37.37428571428572","37.37428571428572"
"4065.267786781","91.10000000000001","91.10000000000001","91.10000000000001","37.37428571428572","37.37428571428572","37.37428571428572"
"4075.275773729","94.58857142857143","94.58857142857143","94.58857142857143","37.23285714285714","37.23285714285714","37.23285714285714"
"4085.267142924","94.03","94.03","94.03","37.23285714285714","37.23285714285714","37.23285714285714"
"4095.266520784","97.87714285714286","97.87714285714286","97.87714285714286","37.35285714285715","37.35285714285715","37.35285714285715"
"4105.275108667","83.02","83.02","83.02","37.37428571428572","37.37428571428572","37.37428571428572"
"4115.276663836","72.10714285714286","72.10714285714286","72.10714285714286","37.37428571428572","37.37428571428572","37.37428571428572"
"4125.265455144","98.1557142857143","98.1557142857143","98.1557142857143","37.37428571428572","37.37428571428572","37.37428571428572"
"4135.26946361","94.44857142857144","94.44857142857144","94.44857142857144","37.37428571428572","37.37428571428572","37.37428571428572"
"4145.276639446","111.54142857142857","111.54142857142857","111.54142857142857","37.252857142857145","37.252857142857145","37.252857142857145"
"4155.267319856","101.43857142857145","101.43857142857145","101.43857142857145","37.23285714285714","37.23285714285714","37.23285714285714"
"4165.274283927","97.37857142857143","97.37857142857143","97.37857142857143","37.27428571428571","37.27428571428571","37.27428571428571"
"4175.26712252","97.79714285714286","97.79714285714286","97.79714285714286","37.27428571428571","37.27428571428571","37.27428571428571"
"4185.266233895","99.96857142857142","99.96857142857142","99.96857142857142","37.41428571428572","37.41428571428572","37.41428571428572"
"4195.26635952","97.24","97.24","97.24","37.41428571428572","37.41428571428572","37.41428571428572"
"4205.269411148","72.28999999999999","72.28999999999999","72.28999999999999","37.27428571428571","37.27428571428571","37.27428571428571"
"4215.26673456","73.03428571428572","73.03428571428572","73.03428571428572","37.41428571428572","37.41428571428572","37.41428571428572"
"4225.26550228","95.0657142857143","95.0657142857143","95.0657142857143","37.27428571428571","37.27428571428571","37.27428571428571"
"4235.267328264","101.98285714285716","101.98285714285716","101.98285714285716","37.29428571428572","37.29428571428572","37.29428571428572"
"4245.266318214","97.71857142857144","97.71857142857144","97.71857142857144","37.41428571428572","37.41428571428572","37.41428571428572"
"4255.266614958","106.80000000000001","106.80000000000001","106.80000000000001","37.41428571428572","37.41428571428572","37.41428571428572"
"4265.265517181","97.43857142857142","97.43857142857142","97.43857142857142","37.43571428571428","37.43571428571428","37.43571428571428"
"4275.272976763","99.11428571428571","99.11428571428571","99.11428571428571","37.29428571428572","37.29428571428572","37.29428571428572"
"4285.273362119","96.32142857142857","96.32142857142857","96.32142857142857","37.41428571428572","37.41428571428572","37.41428571428572"
"4295.265061183","98.63428571428571","98.63428571428571","98.63428571428571","37.27428571428571","37.27428571428571","37.27428571428571"
"4305.267671354","101.57857142857142","101.57857142857142","101.57857142857142","37.394285714285715","37.394285714285715","37.394285714285715"
"4315.265926034","95.0657142857143","95.0657142857143","95.0657142857143","37.41428571428572","37.41428571428572","37.41428571428572"
"4325.267251009","95.9842857142857","95.9842857142857","95.9842857142857","37.394285714285715","37.394285714285715","37.394285714285715"
"4335.269224025","102.19857142857143","102.19857142857143","102.19857142857143","37.394285714285715","37.394285714285715","37.394285714285715"
"4345.26694564","98.85285714285715","98.85285714285715","98.85285714285715","37.394285714285715","37.394285714285715","37.394285714285715"
"4355.270572955","97.24","97.24","97.24","37.394285714285715","37.394285714285715","37.394285714285715"
"4365.266378654","99.96857142857142","99.96857142857142","99.96857142857142","37.394285714285715","37.394285714285715","37.394285714285715"
"4375.265651501","96.68142857142858","96.68142857142858","96.68142857142858","37.394285714285715","37.394285714285715","37.394285714285715"
"4385.268049793","100.10714285714286","100.10714285714286","100.10714285714286","37.394285714285715","37.394285714285715","37.394285714285715"
"4395.268211414","94.72857142857143","94.72857142857143","94.72857142857143","37.394285714285715","37.394285714285715","37.394285714285715"
"4405.267714614","85.53714285714285","85.53714285714285","85.53714285714285","37.394285714285715","37.394285714285715","37.394285714285715"
"4415.271363374","102.27428571428572","102.27428571428572","102.27428571428572","37.394285714285715","37.394285714285715","37.394285714285715"
"4425.268786165","100.10714285714286","100.10714285714286","100.10714285714286","37.394285714285715","37.394285714285715","37.394285714285715"
"4435.267331869","97.93714285714286","97.93714285714286","97.93714285714286","37.394285714285715","37.394285714285715","37.394285714285715"
"4445.26683265","93.53","93.53","93.53","37.535714285714285","37.535714285714285","37.535714285714285"
"4455.26782635","91.43571428571427","91.43571428571427","91.43571428571427","37.394285714285715","37.394285714285715","37.394285714285715"
"4465.267118286","111.05428571428571","111.05428571428571","111.05428571428571","37.394285714285715","37.394285714285715","37.394285714285715"
"4475.268633217","108.75571428571429","108.75571428571429","108.75571428571429","37.394285714285715","37.394285714285715","37.394285714285715"
"4485.26775339","74.44285714285715","74.44285714285715","74.44285714285715","37.394285714285715","37.394285714285715","37.394285714285715"
"4495.266762529","94.58857142857143","94.58857142857143","94.58857142857143","37.394285714285715","37.394285714285715","37.394285714285715"
"4505.274477632","73.08714285714287","73.08714285714287","73.08714285714287","37.394285714285715","37.394285714285715","37.394285714285715"
"4515.274520474","98.2942857142857","98.2942857142857","98.2942857142857","37.394285714285715","37.394285714285715","37.394285714285715"
"4525.266903626","95.9842857142857","95.9842857142857","95.9842857142857","37.394285714285715","37.394285714285715","37.394285714285715"
"4535.265560312","78.22285714285714","78.22285714285714","78.22285714285714","37.252857142857145","37.252857142857145","37.252857142857145"
"4545.273385161","71.87","71.87","71.87","37.252857142857145","37.252857142857145","37.252857142857145"
"4555.26721518","95.5657142857143","95.5657142857143","95.5657142857143","37.394285714285715","37.394285714285715","37.394285714285715"
"4565.265499896","98.2942857142857","98.2942857142857","98.2942857142857","37.394285714285715","37.394285714285715","37.394285714285715"
"4575.269778184","93.94857142857143","93.94857142857143","93.94857142857143","37.394285714285715","37.394285714285715","37.394285714285715"
"4585.266883774","97.37857142857143","97.37857142857143","97.37857142857143","37.41428571428572","37.41428571428572","37.41428571428572"
"4595.265222364","97.65857142857143","97.65857142857143","97.65857142857143","37.394285714285715","37.394285714285715","37.394285714285715"
"4605.269847287","96.26285714285714","96.26285714285714","96.26285714285714","37.394285714285715","37.394285714285715","37.394285714285715"
"4615.267013194","88.27857142857142","88.27857142857142","88.27857142857142","37.394285714285715","37.394285714285715","37.394285714285715"
"4625.267484232","91.71428571428571","91.71428571428571","91.71428571428571","37.394285714285715","37.394285714285715","37.394285714285715"
"4635.267860473","95.8442857142857","95.8442857142857","95.8442857142857","37.394285714285715","37.394285714285715","37.394285714285715"
"4645.267600478","97.73714285714286","97.73714285714286","97.73714285714286","37.394285714285715","37.394285714285715","37.394285714285715"
"4655.271608586","97.31857142857143","97.31857142857143","97.31857142857143","37.394285714285715","37.394285714285715","37.394285714285715"
"4665.268299989","96.40285714285714","96.40285714285714","96.40285714285714","37.394285714285715","37.394285714285715","37.394285714285715"
"4675.26751027","98.2942857142857","98.2942857142857","98.2942857142857","37.394285714285715","37.394285714285715","37.394285714285715"
"4685.266286575","87.72000000000001","87.72000000000001","87.72000000000001","37.394285714285715","37.394285714285715","37.394285714285715"
"4695.269020222","71.45","71.45","71.45","37.394285714285715","37.394285714285715","37.394285714285715"
"4705.26771586","93.80857142857141","93.80857142857141","93.80857142857141","37.394285714285715","37.394285714285715","37.394285714285715"
"4715.266606133","95.14714285714285","95.14714285714285","95.14714285714285","37.394285714285715","37.394285714285715","37.394285714285715"
"4725.265748255","101.22285714285712","101.22285714285712","101.22285714285712","37.535714285714285","37.535714285714285","37.535714285714285"
"4735.270064113","95.42571428571429","95.42571428571429","95.42571428571429","37.252857142857145","37.252857142857145","37.252857142857145"
"4745.267499407","99.96857142857142","99.96857142857142","99.96857142857142","37.394285714285715","37.394285714285715","37.394285714285715"
"4755.266979495","96.20285714285714","96.20285714285714","96.20285714285714","37.394285714285715","37.394285714285715","37.394285714285715"
"4765.267470766","90.51428571428572","90.51428571428572","90.51428571428572","37.394285714285715","37.394285714285715","37.394285714285715"
"4775.266436876","77.66285714285713","77.66285714285713","77.66285714285713","37.394285714285715","37.394285714285715","37.394285714285715"
"4785.267799305","96.40285714285714","96.40285714285714","96.40285714285714","37.394285714285715","37.394285714285715","37.394285714285715"
"4795.265684789","90.73714285714286","90.73714285714286","90.73714285714286","37.394285714285715","37.394285714285715","37.394285714285715"
"4805.265177495","96.96000000000001","96.96000000000001","96.96000000000001","37.394285714285715","37.394285714285715","37.394285714285715"
"4815.266807389","97.18","97.18","97.18","37.394285714285715","37.394285714285715","37.394285714285715"
"4825.270000143","100.24714285714286","100.24714285714286","100.24714285714286","37.394285714285715","37.394285714285715","37.394285714285715"
"4835.265750418","97.93714285714286","97.93714285714286","97.93714285714286","37.394285714285715","37.394285714285715","37.394285714285715"
"4845.274690517","93.67000000000002","93.67000000000002","93.67000000000002","37.394285714285715","37.394285714285715","37.394285714285715"
"4855.269076041","101.57857142857142","101.57857142857142","101.57857142857142","37.394285714285715","37.394285714285715","37.394285714285715"
"4865.276600762","97.93714285714286","97.93714285714286","97.93714285714286","37.394285714285715","37.394285714285715","37.394285714285715"
"4875.266924693","96.82142857142858","96.82142857142858","96.82142857142858","37.394285714285715","37.394285714285715","37.394285714285715"
"4885.268453481","90.73714285714286","90.73714285714286","90.73714285714286","37.394285714285715","37.394285714285715","37.394285714285715"
"4895.268693889","72.94714285714286","72.94714285714286","72.94714285714286","37.394285714285715","37.394285714285715","37.394285714285715"
"4905.275992369","95.14714285714285","95.14714285714285","95.14714285714285","37.394285714285715","37.394285714285715","37.394285714285715"
"4915.268371933","73.64714285714285","73.64714285714285","73.64714285714285","37.394285714285715","37.394285714285715","37.394285714285715"
"4925.267113892","100.10714285714286","100.10714285714286","100.10714285714286","37.394285714285715","37.394285714285715","37.394285714285715"
"4935.27919284","105.97142857142859","105.97142857142859","105.97142857142859","37.394285714285715","37.394285714285715","37.394285714285715"
"4945.266736385","93.25000000000001","93.25000000000001","93.25000000000001","37.394285714285715","37.394285714285715","37.394285714285715"
"4955.264933407","100.38571428571427","100.38571428571427","100.38571428571427","37.394285714285715","37.394285714285715","37.394285714285715"
"4965.267596265","91.85428571428572","91.85428571428572","91.85428571428572","37.394285714285715","37.394285714285715","37.394285714285715"
"4975.267483481","101.91999999999999","101.91999999999999","101.91999999999999","37.394285714285715","37.394285714285715","37.394285714285715"
"4985.266788367","91.85428571428572","91.85428571428572","91.85428571428572","37.394285714285715","37.394285714285715","37.394285714285715"
"4995.267532653","90.09428571428572","90.09428571428572","90.09428571428572","37.394285714285715","37.394285714285715","37.394285714285715"
"5005.265115437","99.55000000000001","99.55000000000001","99.55000000000001","37.394285714285715","37.394285714285715","37.394285714285715"
"5015.27153468","100.66571428571427","100.66571428571427","100.66571428571427","37.394285714285715","37.394285714285715","37.394285714285715"
"5025.272049529","73.22714285714285","73.22714285714285","73.22714285714285","37.394285714285715","37.394285714285715","37.394285714285715"
"5035.268537376","95.7042857142857","95.7042857142857","95.7042857142857","37.394285714285715","37.394285714285715","37.394285714285715"
"5045.26741715","102.97142857142856","102.97142857142856","102.97142857142856","37.394285714285715","37.394285714285715","37.394285714285715"
"5055.267841617","73.78714285714287","73.78714285714287","73.78714285714287","37.394285714285715","37.394285714285715","37.394285714285715"
"5065.26559602","98.71285714285715","98.71285714285715","98.71285714285715","37.394285714285715","37.394285714285715","37.394285714285715"
"5075.267271604","98.71285714285715","98.71285714285715","98.71285714285715","37.394285714285715","37.394285714285715","37.394285714285715"
"5085.269293544","88.69714285714286","88.69714285714286","88.69714285714286","37.394285714285715","37.394285714285715","37.394285714285715"
"5095.267006693","101.22285714285712","101.22285714285712","101.22285714285712","37.394285714285715","37.394285714285715","37.394285714285715"
"5105.267314922","100.52571428571429","100.52571428571429","100.52571428571429","37.394285714285715","37.394285714285715","37.394285714285715"
"5115.266291201","93.67000000000002","93.67000000000002","93.67000000000002","37.394285714285715","37.394285714285715","37.394285714285715"
"5125.265724615","94.08857142857143","94.08857142857143","94.08857142857143","37.394285714285715","37.394285714285715","37.394285714285715"
"5135.266187905","96.68142857142858","96.68142857142858","96.68142857142858","37.535714285714285","37.535714285714285","37.535714285714285"
"5145.267763353","96.54142857142857","96.54142857142857","96.54142857142857","37.394285714285715","37.394285714285715","37.394285714285715"
"5155.273462842","97.1","97.1","97.1","37.394285714285715","37.394285714285715","37.394285714285715"
"5165.276403101","93.39","93.39","93.39","37.394285714285715","37.394285714285715","37.394285714285715"
"5175.271563312","111.75","111.75","111.75","37.394285714285715","37.394285714285715","37.394285714285715"
"5185.267206336","96.68142857142858","96.68142857142858","96.68142857142858","37.394285714285715","37.394285714285715","37.394285714285715"
"5195.265589683","93.67000000000002","93.67000000000002","93.67000000000002","37.394285714285715","37.394285714285715","37.394285714285715"
"5205.267792648","104.78285714285714","104.78285714285714","104.78285714285714","37.252857142857145","37.252857142857145","37.252857142857145"
"5215.270969732","98.71285714285715","98.71285714285715","98.71285714285715","37.394285714285715","37.394285714285715","37.394285714285715"
"5225.268759099","96.54142857142857","96.54142857142857","96.54142857142857","37.394285714285715","37.394285714285715","37.394285714285715"
"5235.265610403","101.43857142857145","101.43857142857145","101.43857142857145","37.394285714285715","37.394285714285715","37.394285714285715"
"5245.271084424","95.7042857142857","95.7042857142857","95.7042857142857","37.394285714285715","37.394285714285715","37.394285714285715"
"5255.269715935","100.94428571428571","100.94428571428571","100.94428571428571","37.394285714285715","37.394285714285715","37.394285714285715"
"5265.27437571","96.82142857142858","96.82142857142858","96.82142857142858","37.394285714285715","37.394285714285715","37.394285714285715"
"5275.268382728","94.03","94.03","94.03","37.394285714285715","37.394285714285715","37.394285714285715"
"5285.267564397","102.13571428571429","102.13571428571429","102.13571428571429","37.394285714285715","37.394285714285715","37.394285714285715"
"5295.276783446","96.54142857142857","96.54142857142857","96.54142857142857","37.394285714285715","37.394285714285715","37.394285714285715"
"5305.269612032","103.66857142857143","103.66857142857143","103.66857142857143","37.394285714285715","37.394285714285715","37.394285714285715"
"5315.274516796","98.07714285714285","98.07714285714285","98.07714285714285","37.394285714285715","37.394285714285715","37.394285714285715"
"5325.284928808","90.73714285714286","90.73714285714286","90.73714285714286","37.394285714285715","37.394285714285715","37.394285714285715"
"5335.265507851","82.23142857142857","82.23142857142857","82.23142857142857","37.535714285714285","37.535714285714285","37.535714285714285"
"5345.267073313","94.58857142857143","94.58857142857143","94.58857142857143","37.394285714285715","37.394285714285715","37.394285714285715"
"5355.266314418","94.44857142857144","94.44857142857144","94.44857142857144","37.394285714285715","37.394285714285715","37.394285714285715"
"5365.267197447","97.31857142857143","97.31857142857143","97.31857142857143","37.394285714285715","37.394285714285715","37.394285714285715"
"5375.266294043","86.74142857142857","86.74142857142857","86.74142857142857","37.394285714285715","37.394285714285715","37.394285714285715"
"5385.266353087","95.8442857142857","95.8442857142857","95.8442857142857","37.394285714285715","37.394285714285715","37.394285714285715"
"5395.267773171","104.36428571428573","104.36428571428573","104.36428571428573","37.535714285714285","37.535714285714285","37.535714285714285"
"5405.265548585","97.18","97.18","97.18","37.394285714285715","37.394285714285715","37.394285714285715"
"5415.268658984","98.71285714285715","98.71285714285715","98.71285714285715","37.394285714285715","37.394285714285715","37.394285714285715"
"5425.26856957","96.89999999999999","96.89999999999999","96.89999999999999","37.394285714285715","37.394285714285715","37.394285714285715"
"5435.265833728","100.38571428571427","100.38571428571427","100.38571428571427","37.394285714285715","37.394285714285715","37.394285714285715"
"5445.266763277","98.71285714285715","98.71285714285715","98.71285714285715","37.394285714285715","37.394285714285715","37.394285714285715"
"5455.267821483","93.47285714285714","93.47285714285714","93.47285714285714","37.394285714285715","37.394285714285715","37.394285714285715"
"5465.265281319","95.00714285714284","95.00714285714284","95.00714285714284","37.394285714285715","37.394285714285715","37.394285714285715"
"5475.269933096","114.66857142857143","114.66857142857143","114.66857142857143","37.394285714285715","37.394285714285715","37.394285714285715"
"5485.275016494","93.25000000000001","93.25000000000001","93.25000000000001","37.394285714285715","37.394285714285715","37.394285714285715"
"5495.275487052","106.87285714285714","106.87285714285714","106.87285714285714","37.394285714285715","37.394285714285715","37.394285714285715"
"5505.275937652","94.72857142857143","94.72857142857143","94.72857142857143","37.394285714285715","37.394285714285715","37.394285714285715"
"5515.27613732","88.27857142857142","88.27857142857142","88.27857142857142","37.394285714285715","37.394285714285715","37.394285714285715"
"5525.268709063","97.03999999999999","97.03999999999999","97.03999999999999","37.394285714285715","37.394285714285715","37.394285714285715"
"5535.265588392","93.25000000000001","93.25000000000001","93.25000000000001","37.394285714285715","37.394285714285715","37.394285714285715"
"5545.266375728","96.20285714285714","96.20285714285714","96.20285714285714","37.394285714285715","37.394285714285715","37.394285714285715"
"5555.274225934","96.26285714285714","96.26285714285714","96.26285714285714","37.394285714285715","37.394285714285715","37.394285714285715"
"5565.266261212","94.67000000000002","94.67000000000002","94.67000000000002","37.394285714285715","37.394285714285715","37.394285714285715"
"5575.268900167","97.24","97.24","97.24","37.394285714285715","37.394285714285715","37.394285714285715"
"5585.264945965","92.97142857142858","92.97142857142858","92.97142857142858","37.394285714285715","37.394285714285715","37.394285714285715"
"5595.265300676","91.99428571428572","91.99428571428572","91.99428571428572","37.394285714285715","37.394285714285715","37.394285714285715"
"5605.267850455","76.30857142857143","76.30857142857143","76.30857142857143","37.252857142857145","37.252857142857145","37.252857142857145"
"5615.267553434","100.24714285714286","100.24714285714286","100.24714285714286","37.394285714285715","37.394285714285715","37.394285714285715"
"5625.270299357","95.42571428571429","95.42571428571429","95.42571428571429","37.394285714285715","37.394285714285715","37.394285714285715"
"5635.267216317","95.5657142857143","95.5657142857143","95.5657142857143","37.394285714285715","37.394285714285715","37.394285714285715"
"5645.267517139","73.92714285714285","73.92714285714285","73.92714285714285","37.394285714285715","37.394285714285715","37.394285714285715"
"5655.268127221","96.68142857142858","96.68142857142858","96.68142857142858","37.394285714285715","37.394285714285715","37.394285714285715"
"5665.274790712","92.97142857142858","92.97142857142858","92.97142857142858","37.394285714285715","37.394285714285715","37.394285714285715"
"5675.26996395","98.71285714285715","98.71285714285715","98.71285714285715","37.394285714285715","37.394285714285715","37.394285714285715"
"5685.26583713","86.2357142857143","86.2357142857143","86.2357142857143","37.394285714285715","37.394285714285715","37.394285714285715"
"5695.268494597","91.99428571428572","91.99428571428572","91.99428571428572","37.394285714285715","37.394285714285715","37.394285714285715"
"5705.26754324","69.48714285714286","69.48714285714286","69.48714285714286","37.394285714285715","37.394285714285715","37.394285714285715"
"5715.266630139","100.10714285714286","100.10714285714286","100.10714285714286","37.394285714285715","37.394285714285715","37.394285714285715"
"5725.266980088","95.28571428571428","95.28571428571428","95.28571428571428","37.394285714285715","37.394285714285715","37.394285714285715"
"5735.267281439","93.75142857142858","93.75142857142858","93.75142857142858","37.394285714285715","37.394285714285715","37.394285714285715"
"5745.266848198","85.53714285714285","85.53714285714285","85.53714285714285","37.394285714285715","37.394285714285715","37.394285714285715"
"5755.269077492","95.5657142857143","95.5657142857143","95.5657142857143","37.394285714285715","37.394285714285715","37.394285714285715"
"5765.266697905","95.14714285714285","95.14714285714285","95.14714285714285","37.394285714285715","37.394285714285715","37.394285714285715"
"5775.267668704","117.44714285714284","117.44714285714284","117.44714285714284","37.394285714285715","37.394285714285715","37.394285714285715"
"5785.268586364","105.69285714285715","105.69285714285715","105.69285714285715","37.394285714285715","37.394285714285715","37.394285714285715"
"5795.274239431","95.9842857142857","95.9842857142857","95.9842857142857","37.394285714285715","37.394285714285715","37.394285714285715"
"5805.272994608","81.25285714285715","81.25285714285715","81.25285714285715","37.394285714285715","37.394285714285715","37.394285714285715"
"5815.268130037","100.24714285714286","100.24714285714286","100.24714285714286","37.394285714285715","37.394285714285715","37.394285714285715"
"5825.267222938","99.27142857142857","99.27142857142857","99.27142857142857","37.394285714285715","37.394285714285715","37.394285714285715"
"5835.266150224","100.66571428571427","100.66571428571427","100.66571428571427","37.394285714285715","37.394285714285715","37.394285714285715"
"5845.266233999","102.4142857142857","102.4142857142857","102.4142857142857","37.394285714285715","37.394285714285715","37.394285714285715"
"5855.26735575","94.58857142857143","94.58857142857143","94.58857142857143","37.394285714285715","37.394285714285715","37.394285714285715"
"5865.265848487","98.4342857142857","98.4342857142857","98.4342857142857","37.394285714285715","37.394285714285715","37.394285714285715"
"5875.268683511","97.51857142857143","97.51857142857143","97.51857142857143","37.394285714285715","37.394285714285715","37.394285714285715"
"5885.266616603","97.1","97.1","97.1","37.394285714285715","37.394285714285715","37.394285714285715"
"5895.26607862","95.42571428571429","95.42571428571429","95.42571428571429","37.394285714285715","37.394285714285715","37.394285714285715"
"5905.266242639","103.66857142857143","103.66857142857143","103.66857142857143","37.394285714285715","37.394285714285715","37.394285714285715"
"5915.267273191","101.22285714285712","101.22285714285712","101.22285714285712","37.394285714285715","37.394285714285715","37.394285714285715"
"5925.268047209","103.52857142857144","103.52857142857144","103.52857142857144","37.394285714285715","37.394285714285715","37.394285714285715"
"5935.273666155","100.10714285714286","100.10714285714286","100.10714285714286","37.394285714285715","37.394285714285715","37.394285714285715"
"5945.274342229","97.65857142857143","97.65857142857143","97.65857142857143","37.394285714285715","37.394285714285715","37.394285714285715"
"5955.268847884","93.67000000000002","93.67000000000002","93.67000000000002","37.394285714285715","37.394285714285715","37.394285714285715"
"5965.271374737","84.55857142857143","84.55857142857143","84.55857142857143","37.394285714285715","37.394285714285715","37.394285714285715"
"5975.271199327","71.16857142857143","71.16857142857143","71.16857142857143","37.394285714285715","37.394285714285715","37.394285714285715"
"5985.267929389","98.71285714285715","98.71285714285715","98.71285714285715","37.394285714285715","37.394285714285715","37.394285714285715"
"5995.265582978","91.57571428571428","91.57571428571428","91.57571428571428","37.394285714285715","37.394285714285715","37.394285714285715"
"6005.265023539","97.18","97.18","97.18","37.394285714285715","37.394285714285715","37.394285714285715"
"6015.271016868","93.25000000000001","93.25000000000001","93.25000000000001","37.394285714285715","37.394285714285715","37.394285714285715"
"6025.275186198","103.94714285714286","103.94714285714286","103.94714285714286","37.394285714285715","37.394285714285715","37.394285714285715"
"6035.267221564","95.14714285714285","95.14714285714285","95.14714285714285","37.394285714285715","37.394285714285715","37.394285714285715"
"6045.276702736","97.18","97.18","97.18","37.394285714285715","37.394285714285715","37.394285714285715"
"6055.275606555","93.53","93.53","93.53","37.394285714285715","37.394285714285715","37.394285714285715"
"6065.265721934","102.13571428571429","102.13571428571429","102.13571428571429","37.394285714285715","37.394285714285715","37.394285714285715"
"6075.267693803","101.02142857142857","101.02142857142857","101.02142857142857","37.394285714285715","37.394285714285715","37.394285714285715"
"6085.271742501","99.27142857142857","99.27142857142857","99.27142857142857","37.394285714285715","37.394285714285715","37.394285714285715"
"6095.275981395","94.72857142857143","94.72857142857143","94.72857142857143","37.394285714285715","37.394285714285715","37.394285714285715"
"6105.274769634","73.78714285714287","73.78714285714287","73.78714285714287","37.394285714285715","37.394285714285715","37.394285714285715"
"6115.267056885","76.26285714285714","76.26285714285714","76.26285714285714","37.394285714285715","37.394285714285715","37.394285714285715"
"6125.268451437","98.99142857142856","98.99142857142856","98.99142857142856","37.394285714285715","37.394285714285715","37.394285714285715"
"6135.268369822","96.40285714285714","96.40285714285714","96.40285714285714","37.394285714285715","37.394285714285715","37.394285714285715"
"6145.267553346","91.15714285714286","91.15714285714286","91.15714285714286","37.394285714285715","37.394285714285715","37.394285714285715"
"6155.269519362","98.1557142857143","98.1557142857143","98.1557142857143","37.394285714285715","37.394285714285715","37.394285714285715"
"6165.277378796","91.43571428571427","91.43571428571427","91.43571428571427","37.394285714285715","37.394285714285715","37.394285714285715"
"6175.26903679","74.90857142857142","74.90857142857142","74.90857142857142","37.394285714285715","37.394285714285715","37.394285714285715"
"6185.265467123","99.96857142857142","99.96857142857142","99.96857142857142","37.394285714285715","37.394285714285715","37.394285714285715"
"6195.274305167","100.24714285714286","100.24714285714286","100.24714285714286","37.394285714285715","37.394285714285715","37.394285714285715"
"6205.268079926","108.13142857142857","108.13142857142857","108.13142857142857","37.394285714285715","37.394285714285715","37.394285714285715"
"6215.268737001","105.41428571428573","105.41428571428573","105.41428571428573","37.252857142857145","37.252857142857145","37.252857142857145"
"6225.2660367","100.32428571428571","100.32428571428571","100.32428571428571","37.394285714285715","37.394285714285715","37.394285714285715"
"6235.268565539","98.85285714285715","98.85285714285715","98.85285714285715","37.394285714285715","37.394285714285715","37.394285714285715"
"6245.26642663","94.78571428571428","94.78571428571428","94.78571428571428","37.394285714285715","37.394285714285715","37.394285714285715"
"6255.267623485","98.35571428571428","98.35571428571428","98.35571428571428","37.394285714285715","37.394285714285715","37.394285714285715"
"6265.267818046","102.55428571428571","102.55428571428571","102.55428571428571","37.394285714285715","37.394285714285715","37.394285714285715"
"6275.26917742","102.06","102.06","102.06","37.394285714285715","37.394285714285715","37.394285714285715"
"6285.267225709","101.16000000000001","101.16000000000001","101.16000000000001","37.252857142857145","37.252857142857145","37.252857142857145"
"6295.272194858","108.89571428571429","108.89571428571429","108.89571428571429","37.394285714285715","37.394285714285715","37.394285714285715"
"6305.268300583","73.64714285714285","73.64714285714285","73.64714285714285","37.41428571428572","37.41428571428572","37.41428571428572"
"6315.268093415","79.29428571428572","79.29428571428572","79.29428571428572","37.394285714285715","37.394285714285715","37.394285714285715"
"6325.270108898","84.61","84.61","84.61","37.394285714285715","37.394285714285715","37.394285714285715"
"6335.265033828","98.57428571428571","98.57428571428571","98.57428571428571","37.394285714285715","37.394285714285715","37.394285714285715"
"6345.268498901","109.73142857142857","109.73142857142857","109.73142857142857","37.394285714285715","37.394285714285715","37.394285714285715"
"6355.266392848","97.1","97.1","97.1","37.394285714285715","37.394285714285715","37.394285714285715"
"6365.268633069","103.39","103.39","103.39","37.394285714285715","37.394285714285715","37.394285714285715"
"6375.267425707","95.9842857142857","95.9842857142857","95.9842857142857","37.394285714285715","37.394285714285715","37.394285714285715"
"6385.271801035","93.53","93.53","93.53","37.394285714285715","37.394285714285715","37.394285714285715"
"6395.271626093","97.31857142857143","97.31857142857143","97.31857142857143","37.394285714285715","37.394285714285715","37.394285714285715"
"6405.265698111","95.9842857142857","95.9842857142857","95.9842857142857","37.394285714285715","37.394285714285715","37.394285714285715"
"6415.27540635","90.6542857142857","90.6542857142857","90.6542857142857","37.394285714285715","37.394285714285715","37.394285714285715"
"6425.269061306","110.42714285714285","110.42714285714285","110.42714285714285","37.394285714285715","37.394285714285715","37.394285714285715"
"6435.267782121","98.1557142857143","98.1557142857143","98.1557142857143","37.394285714285715","37.394285714285715","37.394285714285715"
"6445.270612672","97.24","97.24","97.24","37.394285714285715","37.394285714285715","37.394285714285715"
"6455.267347696","89.95571428571428","89.95571428571428","89.95571428571428","37.394285714285715","37.394285714285715","37.394285714285715"
"6465.275207677","91.43571428571427","91.43571428571427","91.43571428571427","37.394285714285715","37.394285714285715","37.394285714285715"
"6475.274585848","99.27142857142857","99.27142857142857","99.27142857142857","37.394285714285715","37.394285714285715","37.394285714285715"
"6485.278296682","96.12285714285714","96.12285714285714","96.12285714285714","37.394285714285715","37.394285714285715","37.394285714285715"
"6495.269740958","98.4342857142857","98.4342857142857","98.4342857142857","37.394285714285715","37.394285714285715","37.394285714285715"
"6505.276111694","93.75142857142858","93.75142857142858","93.75142857142858","37.394285714285715","37.394285714285715","37.394285714285715"
"6515.268265732","96.54142857142857","96.54142857142857","96.54142857142857","37.394285714285715","37.394285714285715","37.394285714285715"
"6525.274278702","97.93714285714286","97.93714285714286","97.93714285714286","37.394285714285715","37.394285714285715","37.394285714285715"
"6535.270680161","91.99428571428572","91.99428571428572","91.99428571428572","37.394285714285715","37.394285714285715","37.394285714285715"
"6545.273087391","97.24","97.24","97.24","37.394285714285715","37.394285714285715","37.394285714285715"
"6555.277248723","91.21285714285715","91.21285714285715","91.21285714285715","37.394285714285715","37.394285714285715","37.394285714285715"
"6565.26728664","93.80857142857141","93.80857142857141","93.80857142857141","37.394285714285715","37.394285714285715","37.394285714285715"
"6575.268910592","96.54142857142857","96.54142857142857","96.54142857142857","37.394285714285715","37.394285714285715","37.394285714285715"
"6585.27318068","89.9","89.9","89.9","37.394285714285715","37.394285714285715","37.394285714285715"
"6595.266668499","51.69571428571428","51.69571428571428","51.69571428571428","37.37428571428572","37.37428571428572","37.37428571428572"
"6605.268957463","99.82857142857142","99.82857142857142","99.82857142857142","37.535714285714285","37.535714285714285","37.535714285714285"
"6615.266056867","97.93714285714286","97.93714285714286","97.93714285714286","37.394285714285715","37.394285714285715","37.394285714285715"
"6625.266957279","106.25","106.25","106.25","37.394285714285715","37.394285714285715","37.394285714285715"
"6635.265473202","90.73714285714286","90.73714285714286","90.73714285714286","37.394285714285715","37.394285714285715","37.394285714285715"
"6645.275069982","91.15714285714286","91.15714285714286","91.15714285714286","37.394285714285715","37.394285714285715","37.394285714285715"
"6655.266185363","73.64714285714285","73.64714285714285","73.64714285714285","37.394285714285715","37.394285714285715","37.394285714285715"
"6665.272476164","93.39","93.39","93.39","37.535714285714285","37.535714285714285","37.535714285714285"
"6675.27379124","93.61142857142858","93.61142857142858","93.61142857142858","37.394285714285715","37.394285714285715","37.394285714285715"
"6685.265847748","98.63428571428571","98.63428571428571","98.63428571428571","37.394285714285715","37.394285714285715","37.394285714285715"
"6695.267210123","93.11142857142856","93.11142857142856","93.11142857142856","37.394285714285715","37.394285714285715","37.394285714285715"
"6705.266051453","100.10714285714286","100.10714285714286","100.10714285714286","37.394285714285715","37.394285714285715","37.394285714285715"
"6715.266638701","92.83142857142857","92.83142857142857","92.83142857142857","37.394285714285715","37.394285714285715","37.394285714285715"
"6725.26536817","95.42571428571429","95.42571428571429","95.42571428571429","37.394285714285715","37.394285714285715","37.394285714285715"
"6735.266781159","78.4542857142857","78.4542857142857","78.4542857142857","37.394285714285715","37.394285714285715","37.394285714285715"
"6745.265794792","89.76","89.76","89.76","37.394285714285715","37.394285714285715","37.394285714285715"
"6755.265247524","97.79714285714286","97.79714285714286","97.79714285714286","37.394285714285715","37.394285714285715","37.394285714285715"
"6765.27254652","96.82142857142858","96.82142857142858","96.82142857142858","37.394285714285715","37.394285714285715","37.394285714285715"
"6775.274140466","94.17","94.17","94.17","37.394285714285715","37.394285714285715","37.394285714285715"
"6785.276503779","95.7042857142857","95.7042857142857","95.7042857142857","37.394285714285715","37.394285714285715","37.394285714285715"
"6795.267739525","95.5657142857143","95.5657142857143","95.5657142857143","37.394285714285715","37.394285714285715","37.394285714285715"
"6805.268997297","101.08285714285714","101.08285714285714","101.08285714285714","37.394285714285715","37.394285714285715","37.394285714285715"
"6815.266827316","99.27142857142857","99.27142857142857","99.27142857142857","37.394285714285715","37.394285714285715","37.394285714285715"
"6825.27073043","95.14714285714285","95.14714285714285","95.14714285714285","37.394285714285715","37.394285714285715","37.394285714285715"
"6835.266803449","102.13571428571429","102.13571428571429","102.13571428571429","37.394285714285715","37.394285714285715","37.394285714285715"
"6845.26717991","97.73714285714286","97.73714285714286","97.73714285714286","37.394285714285715","37.394285714285715","37.394285714285715"
"6855.265820758","93.25000000000001","93.25000000000001","93.25000000000001","37.394285714285715","37.394285714285715","37.394285714285715"
"6865.26973258","98.07714285714285","98.07714285714285","98.07714285714285","37.394285714285715","37.394285714285715","37.394285714285715"
"6875.271815064","96.74142857142857","96.74142857142857","96.74142857142857","37.41428571428572","37.41428571428572","37.41428571428572"
"6885.270234538","95.6242857142857","95.6242857142857","95.6242857142857","37.41428571428572","37.41428571428572","37.41428571428572"
"6895.271394991","95.6242857142857","95.6242857142857","95.6242857142857","37.43571428571428","37.43571428571428","37.43571428571428"
"6905.276211751","98.55571428571429","98.55571428571429","98.55571428571429","37.43571428571428","37.43571428571428","37.43571428571428"
"6915.271879911","101.1457142857143","101.1457142857143","101.1457142857143","37.41428571428572","37.41428571428572","37.41428571428572"
"6925.265851547","92.88857142857142","92.88857142857142","92.88857142857142","37.43571428571428","37.43571428571428","37.43571428571428"
"6935.270209841","94.84428571428573","94.84428571428573","94.84428571428573","37.41428571428572","37.41428571428572","37.41428571428572"
"6945.266836505","96.46142857142857","96.46142857142857","96.46142857142857","37.41428571428572","37.41428571428572","37.41428571428572"
"6955.281024488","94.42571428571428","94.42571428571428","94.42571428571428","37.41428571428572","37.41428571428572","37.41428571428572"
"6965.267114641","97.1","97.1","97.1","37.41428571428572","37.41428571428572","37.41428571428572"
"6975.269447562","97.16","97.16","97.16","37.41428571428572","37.41428571428572","37.41428571428572"
"6985.266076322","96.46142857142857","96.46142857142857","96.46142857142857","37.41428571428572","37.41428571428572","37.41428571428572"
"6995.268032843","100.58857142857143","100.58857142857143","100.58857142857143","37.41428571428572","37.41428571428572","37.41428571428572"
"7005.269211666","98.4157142857143","98.4157142857143","98.4157142857143","37.41428571428572","37.41428571428572","37.41428571428572"
"7015.275973268","91.40857142857143","91.40857142857143","91.40857142857143","37.41428571428572","37.41428571428572","37.41428571428572"
"7025.266663436","97.99714285714286","97.99714285714286","97.99714285714286","37.41428571428572","37.41428571428572","37.41428571428572"
"7035.275966887","119.7457142857143","119.7457142857143","119.7457142857143","37.41428571428572","37.41428571428572","37.41428571428572"
"7045.266856179","97.02000000000001","97.02000000000001","97.02000000000001","37.41428571428572","37.41428571428572","37.41428571428572"
"7055.273738355","71.49285714285715","71.49285714285715","71.49285714285715","37.41428571428572","37.41428571428572","37.41428571428572"
"7065.27536408","88.61285714285715","88.61285714285715","88.61285714285715","37.41428571428572","37.41428571428572","37.41428571428572"
"7075.270250738","94.22857142857141","94.22857142857141","94.22857142857141","37.41428571428572","37.41428571428572","37.41428571428572"
"7085.268842805","95.76428571428572","95.76428571428572","95.76428571428572","37.41428571428572","37.41428571428572","37.41428571428572"
"7095.27530527","96.80000000000001","96.80000000000001","96.80000000000001","37.41428571428572","37.41428571428572","37.41428571428572"
"7105.26739402","94.28571428571428","94.28571428571428","94.28571428571428","37.41428571428572","37.41428571428572","37.41428571428572"
"7115.269227128","94.08857142857143","94.08857142857143","94.08857142857143","37.41428571428572","37.41428571428572","37.41428571428572"
"7125.268434927","85.86857142857143","85.86857142857143","85.86857142857143","37.41428571428572","37.41428571428572","37.41428571428572"
"7135.267049822","102.75714285714285","102.75714285714285","102.75714285714285","37.41428571428572","37.41428571428572","37.41428571428572"
"7145.268309409","98.49571428571429","98.49571428571429","98.49571428571429","37.41428571428572","37.41428571428572","37.41428571428572"
"7155.271621196","96.46142857142857","96.46142857142857","96.46142857142857","37.27428571428571","37.27428571428571","37.27428571428571"
"7165.276411092","98.49571428571429","98.49571428571429","98.49571428571429","37.27428571428571","37.27428571428571","37.27428571428571"
"7175.27169243","69.95","69.95","69.95","37.27428571428571","37.27428571428571","37.27428571428571"
"7185.269609123","97.02000000000001","97.02000000000001","97.02000000000001","37.41428571428572","37.41428571428572","37.41428571428572"
"7195.267688967","103.31428571428572","103.31428571428572","103.31428571428572","37.41428571428572","37.41428571428572","37.41428571428572"
"7205.273443367","105.2657142857143","105.2657142857143","105.2657142857143","37.41428571428572","37.41428571428572","37.41428571428572"
"7215.268201523","96.04285714285716","96.04285714285716","96.04285714285716","37.27428571428571","37.27428571428571","37.27428571428571"
"7225.274729161","100.72714285714287","100.72714285714287","100.72714285714287","37.27428571428571","37.27428571428571","37.27428571428571"
"7235.267122906","95.4842857142857","95.4842857142857","95.4842857142857","37.27428571428571","37.27428571428571","37.27428571428571"
"7245.268250767","87.63428571428572","87.63428571428572","87.63428571428572","37.41428571428572","37.41428571428572","37.41428571428572"
"7255.266945083","72.15","72.15","72.15","37.27428571428571","37.27428571428571","37.27428571428571"
"7265.268025972","97.3","97.3","97.3","37.41428571428572","37.41428571428572","37.41428571428572"
"7275.266990506","99.19285714285715","99.19285714285715","99.19285714285715","37.41428571428572","37.41428571428572","37.41428571428572"
"7285.268288821","93.44714285714285","93.44714285714285","93.44714285714285","37.27428571428571","37.27428571428571","37.27428571428571"
"7295.271218815","84.52142857142857","84.52142857142857","84.52142857142857","37.27428571428571","37.27428571428571","37.27428571428571"
"7305.267316563","97.85714285714285","97.85714285714285","97.85714285714285","37.27428571428571","37.27428571428571","37.27428571428571"
"7315.275952994","88.75142857142858","88.75142857142858","88.75142857142858","37.41428571428572","37.41428571428572","37.41428571428572"
"7325.276754874","90.93285714285713","90.93285714285713","90.93285714285713","37.41428571428572","37.41428571428572","37.41428571428572"
"7335.26584027","95.2057142857143","95.2057142857143","95.2057142857143","37.41428571428572","37.41428571428572","37.41428571428572"
"7345.26973949","96.04285714285716","96.04285714285716","96.04285714285716","37.27428571428571","37.27428571428571","37.27428571428571"
"7355.267208853","97.71857142857144","97.71857142857144","97.71857142857144","37.27428571428571","37.27428571428571","37.27428571428571"
"7365.272405433","98.91428571428571","98.91428571428571","98.91428571428571","37.27428571428571","37.27428571428571","37.27428571428571"
"7375.267501486","95.6242857142857","95.6242857142857","95.6242857142857","37.27428571428571","37.27428571428571","37.27428571428571"
"7385.267184918","99.75142857142856","99.75142857142856","99.75142857142856","37.27428571428571","37.27428571428571","37.27428571428571"
"7395.268658993","97.93714285714286","97.93714285714286","97.93714285714286","37.27428571428571","37.27428571428571","37.27428571428571"
"7405.268187202","94.64714285714285","94.64714285714285","94.64714285714285","37.41428571428572","37.41428571428572","37.41428571428572"
"7415.271778622","94.14571428571429","94.14571428571429","94.14571428571429","37.27428571428571","37.27428571428571","37.27428571428571"
"7425.269521687","95.4842857142857","95.4842857142857","95.4842857142857","37.27428571428571","37.27428571428571","37.27428571428571"
"7435.267732106","94.64714285714285","94.64714285714285","94.64714285714285","37.27428571428571","37.27428571428571","37.27428571428571"
"7445.269841448","94.08857142857143","94.08857142857143","94.08857142857143","37.27428571428571","37.27428571428571","37.27428571428571"
"7455.268043542","96.74142857142857","96.74142857142857","96.74142857142857","37.41428571428572","37.41428571428572","37.41428571428572"
"7465.267290735","100.17","100.17","100.17","37.27428571428571","37.27428571428571","37.27428571428571"
"7475.265605866","97.16","97.16","97.16","37.27428571428571","37.27428571428571","37.27428571428571"
"7485.275522122","94.92571428571428","94.92571428571428","94.92571428571428","37.27428571428571","37.27428571428571","37.27428571428571"
"7495.267926875","111.40142857142857","111.40142857142857","111.40142857142857","37.27428571428571","37.27428571428571","37.27428571428571"
"7505.268156785","90.79285714285714","90.79285714285714","90.79285714285714","37.27428571428571","37.27428571428571","37.27428571428571"
"7515.267006019","92.74857142857144","92.74857142857144","92.74857142857144","37.27428571428571","37.27428571428571","37.27428571428571"
"7525.265817928","93.30857142857143","93.30857142857143","93.30857142857143","37.27428571428571","37.27428571428571","37.27428571428571"
"7535.269340155","103.31428571428572","103.31428571428572","103.31428571428572","37.27428571428571","37.27428571428571","37.27428571428571"
"7545.267848139","97.99714285714286","97.99714285714286","97.99714285714286","37.27428571428571","37.27428571428571","37.27428571428571"
"7555.26651911","104.28999999999999","104.28999999999999","104.28999999999999","37.27428571428571","37.27428571428571","37.27428571428571"
"7565.266729548","98.49571428571429","98.49571428571429","98.49571428571429","37.27428571428571","37.27428571428571","37.27428571428571"
"7575.268433576","103.51714285714286","103.51714285714286","103.51714285714286","37.27428571428571","37.27428571428571","37.27428571428571"
"7585.268014819","95.90285714285714","95.90285714285714","95.90285714285714","37.27428571428571","37.27428571428571","37.27428571428571"
"7595.266647835","103.03571428571428","103.03571428571428","103.03571428571428","37.27428571428571","37.27428571428571","37.27428571428571"
"7605.269019198","87.68714285714285","87.68714285714285","87.68714285714285","37.41428571428572","37.41428571428572","37.41428571428572"
"7615.275087414","92.05","92.05","92.05","37.27428571428571","37.27428571428571","37.27428571428571"
"7625.269495016","95.8442857142857","95.8442857142857","95.8442857142857","37.252857142857145","37.252857142857145","37.252857142857145"
"7635.266044262","97.79714285714286","97.79714285714286","97.79714285714286","37.27428571428571","37.27428571428571","37.27428571428571"
"7645.265143907","96.82142857142858","96.82142857142858","96.82142857142858","37.252857142857145","37.252857142857145","37.252857142857145"
"7655.277921309","91.65857142857143","91.65857142857143","91.65857142857143","37.27428571428571","37.27428571428571","37.27428571428571"
"7665.266522874","98.63428571428571","98.63428571428571","98.63428571428571","37.252857142857145","37.252857142857145","37.252857142857145"
"7675.267885473","102.19857142857143","102.19857142857143","102.19857142857143","37.394285714285715","37.394285714285715","37.394285714285715"
"7685.275161061","71.30857142857143","71.30857142857143","71.30857142857143","37.252857142857145","37.252857142857145","37.252857142857145"
"7695.271766802","95.4842857142857","95.4842857142857","95.4842857142857","37.27428571428571","37.27428571428571","37.27428571428571"
"7705.266417373","93.53","93.53","93.53","37.27428571428571","37.27428571428571","37.27428571428571"
"7715.275600026","111.19285714285714","111.19285714285714","111.19285714285714","37.252857142857145","37.252857142857145","37.252857142857145"
"7725.267828934","69.24857142857142","69.24857142857142","69.24857142857142","37.252857142857145","37.252857142857145","37.252857142857145"
"7735.266397064","94.58857142857143","94.58857142857143","94.58857142857143","37.252857142857145","37.252857142857145","37.252857142857145"
"7745.266627238","97.93714285714286","97.93714285714286","97.93714285714286","37.252857142857145","37.252857142857145","37.252857142857145"
"7755.267746496","97.1","97.1","97.1","37.27428571428571","37.27428571428571","37.27428571428571"
"7765.268902114","97.37857142857143","97.37857142857143","97.37857142857143","37.252857142857145","37.252857142857145","37.252857142857145"
"7775.275217284","97.65857142857143","97.65857142857143","97.65857142857143","37.252857142857145","37.252857142857145","37.252857142857145"
"7785.266388161","102.47714285714284","102.47714285714284","102.47714285714284","37.252857142857145","37.252857142857145","37.252857142857145"
"7795.275377311","88.27857142857142","88.27857142857142","88.27857142857142","37.27428571428571","37.27428571428571","37.27428571428571"
"7805.268452872","81.58142857142857","81.58142857142857","81.58142857142857","37.27428571428571","37.27428571428571","37.27428571428571"
"7815.267062358","77.85","77.85","77.85","37.27428571428571","37.27428571428571","37.27428571428571"
"7825.266807005","97.51857142857143","97.51857142857143","97.51857142857143","37.27428571428571","37.27428571428571","37.27428571428571"
"7835.265294444","99.19285714285715","99.19285714285715","99.19285714285715","37.27428571428571","37.27428571428571","37.27428571428571"
"7845.267664299","93.02857142857144","93.02857142857144","93.02857142857144","37.27428571428571","37.27428571428571","37.27428571428571"
"7855.272770023","96.26285714285714","96.26285714285714","96.26285714285714","37.27428571428571","37.27428571428571","37.27428571428571"
"7865.269935167","97.37857142857143","97.37857142857143","97.37857142857143","37.27428571428571","37.27428571428571","37.27428571428571"
"7875.266498156","99.05285714285714","99.05285714285714","99.05285714285714","37.27428571428571","37.27428571428571","37.27428571428571"
"7885.265273881","98.13714285714286","98.13714285714286","98.13714285714286","37.27428571428571","37.27428571428571","37.27428571428571"
"7895.27022877","98.49571428571429","98.49571428571429","98.49571428571429","37.27428571428571","37.27428571428571","37.27428571428571"
"7905.266345841","92.88857142857142","92.88857142857142","92.88857142857142","37.27428571428571","37.27428571428571","37.27428571428571"
"7915.276220111","94.22857142857141","94.22857142857141","94.22857142857141","37.27428571428571","37.27428571428571","37.27428571428571"
"7925.272496546","97.85714285714285","97.85714285714285","97.85714285714285","37.41428571428572","37.41428571428572","37.41428571428572"
"7935.26792506","90.84857142857143","90.84857142857143","90.84857142857143","37.27428571428571","37.27428571428571","37.27428571428571"
"7945.272976741","95.6242857142857","95.6242857142857","95.6242857142857","37.27428571428571","37.27428571428571","37.27428571428571"
"7955.265820771","99.19285714285715","99.19285714285715","99.19285714285715","37.29428571428572","37.29428571428572","37.29428571428572"
"7965.268185421","89.17142857142858","89.17142857142858","89.17142857142858","37.27428571428571","37.27428571428571","37.27428571428571"
"7975.26763435","95.2057142857143","95.2057142857143","95.2057142857143","37.27428571428571","37.27428571428571","37.27428571428571"
"7985.267074625","96.68142857142858","96.68142857142858","96.68142857142858","37.27428571428571","37.27428571428571","37.27428571428571"
"7995.277509251","92.88857142857142","92.88857142857142","92.88857142857142","37.27428571428571","37.27428571428571","37.27428571428571"
"8005.266427183","96.38142857142857","96.38142857142857","96.38142857142857","37.27428571428571","37.27428571428571","37.27428571428571"
"8015.269814234","97.43857142857142","97.43857142857142","97.43857142857142","37.29428571428572","37.29428571428572","37.29428571428572"
"8025.27158616","94.64714285714285","94.64714285714285","94.64714285714285","37.27428571428571","37.27428571428571","37.27428571428571"
"8035.275325862","97.99714285714286","97.99714285714286","97.99714285714286","37.13285714285714","37.13285714285714","37.13285714285714"
"8045.268843485","96.80000000000001","96.80000000000001","96.80000000000001","37.27428571428571","37.27428571428571","37.27428571428571"
"8055.266481915","86.9342857142857","86.9342857142857","86.9342857142857","37.27428571428571","37.27428571428571","37.27428571428571"
"8065.267674196","111.82000000000001","111.82000000000001","111.82000000000001","37.252857142857145","37.252857142857145","37.252857142857145"
"8075.268127008","94.92571428571428","94.92571428571428","94.92571428571428","37.27428571428571","37.27428571428571","37.27428571428571"
"8085.266431397","98.2157142857143","98.2157142857143","98.2157142857143","37.252857142857145","37.252857142857145","37.252857142857145"
"8095.27480162","97.24","97.24","97.24","37.252857142857145","37.252857142857145","37.252857142857145"
"8105.273339241","74.20714285714286","74.20714285714286","74.20714285714286","37.27428571428571","37.27428571428571","37.27428571428571"
"8115.269563651","95.34428571428572","95.34428571428572","95.34428571428572","37.252857142857145","37.252857142857145","37.252857142857145"
"8125.267104395","97.51857142857143","97.51857142857143","97.51857142857143","37.252857142857145","37.252857142857145","37.252857142857145"
"8135.2686717","96.82142857142858","96.82142857142858","96.82142857142858","37.394285714285715","37.394285714285715","37.394285714285715"
"8145.269789294","97.93714285714286","97.93714285714286","97.93714285714286","37.252857142857145","37.252857142857145","37.252857142857145"
"8155.266340802","82.23142857142857","82.23142857142857","82.23142857142857","37.27428571428571","37.27428571428571","37.27428571428571"
"8165.267592278","94.50714285714285","94.50714285714285","94.50714285714285","37.252857142857145","37.252857142857145","37.252857142857145"
"8175.271068852","102.54142857142855","102.54142857142855","102.54142857142855","37.27428571428571","37.27428571428571","37.27428571428571"
"8185.276717066","96.12285714285714","96.12285714285714","96.12285714285714","37.394285714285715","37.394285714285715","37.394285714285715"
"8195.268802094","98.07714285714285","98.07714285714285","98.07714285714285","37.394285714285715","37.394285714285715","37.394285714285715"
"8205.267729504","107.98714285714286","107.98714285714286","107.98714285714286","37.41428571428572","37.41428571428572","37.41428571428572"
"8215.268193634","95.9842857142857","95.9842857142857","95.9842857142857","37.252857142857145","37.252857142857145","37.252857142857145"
"8225.270518576","94.17","94.17","94.17","37.394285714285715","37.394285714285715","37.394285714285715"
"8235.267365274","105.55285714285714","105.55285714285714","105.55285714285714","37.252857142857145","37.252857142857145","37.252857142857145"
"8245.274156326","100.10714285714286","100.10714285714286","100.10714285714286","37.252857142857145","37.252857142857145","37.252857142857145"
"8255.273009137","97.87714285714286","97.87714285714286","97.87714285714286","37.394285714285715","37.394285714285715","37.394285714285715"
"8265.274999011","99.41000000000001","99.41000000000001","99.41000000000001","37.394285714285715","37.394285714285715","37.394285714285715"
"8275.265605066","94.30999999999999","94.30999999999999","94.30999999999999","37.394285714285715","37.394285714285715","37.394285714285715"
"8285.268252333","92.91428571428573","92.91428571428573","92.91428571428573","37.394285714285715","37.394285714285715","37.394285714285715"
"8295.269829436","87.86","87.86","87.86","37.252857142857145","37.252857142857145","37.252857142857145"
"8305.266998827","104.57857142857144","104.57857142857144","104.57857142857144","37.252857142857145","37.252857142857145","37.252857142857145"
"8315.265139827","95.00714285714284","95.00714285714284","95.00714285714284","37.394285714285715","37.394285714285715","37.394285714285715"
"8325.269405514","92.49571428571429","92.49571428571429","92.49571428571429","37.394285714285715","37.394285714285715","37.394285714285715"
"8335.274539372","95.7042857142857","95.7042857142857","95.7042857142857","37.394285714285715","37.394285714285715","37.394285714285715"
"8345.265611752","102.69285714285714","102.69285714285714","102.69285714285714","37.394285714285715","37.394285714285715","37.394285714285715"
"8355.267793384","89.11714285714285","89.11714285714285","89.11714285714285","37.394285714285715","37.394285714285715","37.394285714285715"
"8365.268409953","91.71428571428571","91.71428571428571","91.71428571428571","37.252857142857145","37.252857142857145","37.252857142857145"
"8375.276332272","100.52571428571429","100.52571428571429","100.52571428571429","37.394285714285715","37.394285714285715","37.394285714285715"
"8385.266576488","95.50571428571428","95.50571428571428","95.50571428571428","37.394285714285715","37.394285714285715","37.394285714285715"
"8395.266200728","122.23428571428569","122.23428571428569","122.23428571428569","37.394285714285715","37.394285714285715","37.394285714285715"
"8405.268607634","95.8442857142857","95.8442857142857","95.8442857142857","37.394285714285715","37.394285714285715","37.394285714285715"
"8415.276418391","72.28999999999999","72.28999999999999","72.28999999999999","37.394285714285715","37.394285714285715","37.394285714285715"
"8425.265950247","97.31857142857143","97.31857142857143","97.31857142857143","37.394285714285715","37.394285714285715","37.394285714285715"
"8435.272815348","99.55000000000001","99.55000000000001","99.55000000000001","37.394285714285715","37.394285714285715","37.394285714285715"
"8445.270626781","100.18428571428572","100.18428571428572","100.18428571428572","37.394285714285715","37.394285714285715","37.394285714285715"
"8455.267598784","97.59714285714284","97.59714285714284","97.59714285714284","37.394285714285715","37.394285714285715","37.394285714285715"
"8465.266206648","99.13142857142857","99.13142857142857","99.13142857142857","37.394285714285715","37.394285714285715","37.394285714285715"
"8475.268470184","92.13428571428571","92.13428571428571","92.13428571428571","37.394285714285715","37.394285714285715","37.394285714285715"
"8485.266612965","98.1557142857143","98.1557142857143","98.1557142857143","37.394285714285715","37.394285714285715","37.394285714285715"
"8495.26869236","101.43857142857145","101.43857142857145","101.43857142857145","37.394285714285715","37.394285714285715","37.394285714285715"
"8505.268440931","89.8157142857143","89.8157142857143","89.8157142857143","37.394285714285715","37.394285714285715","37.394285714285715"
"8515.27836093","97.45857142857145","97.45857142857145","97.45857142857145","37.394285714285715","37.394285714285715","37.394285714285715"
"8525.269459114","96.96000000000001","96.96000000000001","96.96000000000001","37.394285714285715","37.394285714285715","37.394285714285715"
"8535.267885106","95.28571428571428","95.28571428571428","95.28571428571428","37.394285714285715","37.394285714285715","37.394285714285715"
"8545.267454357","72.80714285714286","72.80714285714286","72.80714285714286","37.394285714285715","37.394285714285715","37.394285714285715"
"8555.26898574","92.83142857142857","92.83142857142857","92.83142857142857","37.394285714285715","37.394285714285715","37.394285714285715"
"8565.267413992","85.39714285714285","85.39714285714285","85.39714285714285","37.394285714285715","37.394285714285715","37.394285714285715"
"8575.276947969","97.1","97.1","97.1","37.394285714285715","37.394285714285715","37.394285714285715"
"8585.26742504","97.24","97.24","97.24","37.394285714285715","37.394285714285715","37.394285714285715"
"8595.267452625","98.71285714285715","98.71285714285715","98.71285714285715","37.394285714285715","37.394285714285715","37.394285714285715"
"8605.26826857","95.14714285714285","95.14714285714285","95.14714285714285","37.394285714285715","37.394285714285715","37.394285714285715"
"8615.265246389","100.74285714285713","100.74285714285713","100.74285714285713","37.394285714285715","37.394285714285715","37.394285714285715"
"8625.267366157","98.2942857142857","98.2942857142857","98.2942857142857","37.394285714285715","37.394285714285715","37.394285714285715"
"8635.265257041","96.96000000000001","96.96000000000001","96.96000000000001","37.394285714285715","37.394285714285715","37.394285714285715"
"8645.26585124","97.51857142857143","97.51857142857143","97.51857142857143","37.394285714285715","37.394285714285715","37.394285714285715"
"8655.273018165","93.47285714285714","93.47285714285714","93.47285714285714","37.394285714285715","37.394285714285715","37.394285714285715"
"8665.271073848","96.40285714285714","96.40285714285714","96.40285714285714","37.394285714285715","37.394285714285715","37.394285714285715"
"8675.268754561","109.24571428571429","109.24571428571429","109.24571428571429","37.394285714285715","37.394285714285715","37.394285714285715"
"8685.276414871","92.69285714285715","92.69285714285715","92.69285714285715","37.394285714285715","37.394285714285715","37.394285714285715"
"8695.268722379","96.40285714285714","96.40285714285714","96.40285714285714","37.394285714285715","37.394285714285715","37.394285714285715"
"8705.266311138","95.5657142857143","95.5657142857143","95.5657142857143","37.394285714285715","37.394285714285715","37.394285714285715"
"8715.276038951","96.68142857142858","96.68142857142858","96.68142857142858","37.394285714285715","37.394285714285715","37.394285714285715"
"8725.273343637","95.42571428571429","95.42571428571429","95.42571428571429","37.394285714285715","37.394285714285715","37.394285714285715"
"8735.265695031","68.78571428571428","68.78571428571428","68.78571428571428","37.394285714285715","37.394285714285715","37.394285714285715"
"8745.267935587","94.72857142857143","94.72857142857143","94.72857142857143","37.394285714285715","37.394285714285715","37.394285714285715"
"8755.269133347","97.18","97.18","97.18","37.394285714285715","37.394285714285715","37.394285714285715"
"8765.2715031","99.55000000000001","99.55000000000001","99.55000000000001","37.394285714285715","37.394285714285715","37.394285714285715"
"8775.270426213","95.8442857142857","95.8442857142857","95.8442857142857","37.394285714285715","37.394285714285715","37.394285714285715"
"8785.268191937","106.94571428571429","106.94571428571429","106.94571428571429","37.394285714285715","37.394285714285715","37.394285714285715"
"8795.265617615","86.88142857142857","86.88142857142857","86.88142857142857","37.535714285714285","37.535714285714285","37.535714285714285"
"8805.267776307","91.43571428571427","91.43571428571427","91.43571428571427","37.535714285714285","37.535714285714285","37.535714285714285"
"8815.274644143","71.68714285714285","71.68714285714285","71.68714285714285","37.394285714285715","37.394285714285715","37.394285714285715"
"8825.274660978","97.93714285714286","97.93714285714286","97.93714285714286","37.394285714285715","37.394285714285715","37.394285714285715"
"8835.278396458","104.50428571428571","104.50428571428571","104.50428571428571","37.394285714285715","37.394285714285715","37.394285714285715"
"8845.2654304","93.89142857142858","93.89142857142858","93.89142857142858","37.394285714285715","37.394285714285715","37.394285714285715"
"8855.267890467","100.66571428571427","100.66571428571427","100.66571428571427","37.394285714285715","37.394285714285715","37.394285714285715"
"8865.266228091","95.7042857142857","95.7042857142857","95.7042857142857","37.535714285714285","37.535714285714285","37.535714285714285"
"8875.269123862","96.62142857142858","96.62142857142858","96.62142857142858","37.394285714285715","37.394285714285715","37.394285714285715"
"8885.269069715","79.01428571428572","79.01428571428572","79.01428571428572","37.394285714285715","37.394285714285715","37.394285714285715"
"8895.267536322","96.12285714285714","96.12285714285714","96.12285714285714","37.394285714285715","37.394285714285715","37.394285714285715"
"8905.265244871","95.92428571428572","95.92428571428572","95.92428571428572","37.394285714285715","37.394285714285715","37.394285714285715"
"8915.271250323","94.30999999999999","94.30999999999999","94.30999999999999","37.394285714285715","37.394285714285715","37.394285714285715"
"8925.276096093","98.1557142857143","98.1557142857143","98.1557142857143","37.394285714285715","37.394285714285715","37.394285714285715"
"8935.276339074","96.12285714285714","96.12285714285714","96.12285714285714","37.394285714285715","37.394285714285715","37.394285714285715"
"8945.272748088","99.55000000000001","99.55000000000001","99.55000000000001","37.394285714285715","37.394285714285715","37.394285714285715"
"8955.269456822","95.5657142857143","95.5657142857143","95.5657142857143","37.394285714285715","37.394285714285715","37.394285714285715"
"8965.265281538","95.42571428571429","95.42571428571429","95.42571428571429","37.394285714285715","37.394285714285715","37.394285714285715"
"8975.271515029","90.73714285714286","90.73714285714286","90.73714285714286","37.394285714285715","37.394285714285715","37.394285714285715"
"8985.269014141","99.27142857142857","99.27142857142857","99.27142857142857","37.394285714285715","37.394285714285715","37.394285714285715"
"8995.265411324","93.39","93.39","93.39","37.394285714285715","37.394285714285715","37.394285714285715"
"9005.268323305","99.27142857142857","99.27142857142857","99.27142857142857","37.535714285714285","37.535714285714285","37.535714285714285"
"9015.265721188","89.11714285714285","89.11714285714285","89.11714285714285","37.394285714285715","37.394285714285715","37.394285714285715"
"9025.268935439","96.82142857142858","96.82142857142858","96.82142857142858","37.394285714285715","37.394285714285715","37.394285714285715"
"9035.266917739","84.83714285714287","84.83714285714287","84.83714285714287","37.394285714285715","37.394285714285715","37.394285714285715"
"9045.2719885","102.13571428571429","102.13571428571429","102.13571428571429","37.37428571428572","37.37428571428572","37.37428571428572"
"9055.274689111","105.06142857142858","105.06142857142858","105.06142857142858","37.41428571428572","37.41428571428572","37.41428571428572"
"9065.266909936","107.36428571428571","107.36428571428571","107.36428571428571","37.535714285714285","37.535714285714285","37.535714285714285"
"9075.270381377","97.16","97.16","97.16","37.41428571428572","37.41428571428572","37.41428571428572"
"9085.273346033","96.18285714285715","96.18285714285715","96.18285714285715","37.41428571428572","37.41428571428572","37.41428571428572"
"9095.269162505","97.57857142857144","97.57857142857144","97.57857142857144","37.41428571428572","37.41428571428572","37.41428571428572"
"9105.277780919","96.88","96.88","96.88","37.41428571428572","37.41428571428572","37.41428571428572"
"9115.277108299","94.08857142857143","94.08857142857143","94.08857142857143","37.41428571428572","37.41428571428572","37.41428571428572"
"9125.274484144","101.5642857142857","101.5642857142857","101.5642857142857","37.41428571428572","37.41428571428572","37.41428571428572"
"9135.271302515","71.49285714285715","71.49285714285715","71.49285714285715","37.41428571428572","37.41428571428572","37.41428571428572"
"9145.267071038","81.39285714285714","81.39285714285714","81.39285714285714","37.41428571428572","37.41428571428572","37.41428571428572"
"9155.266665828","97.02000000000001","97.02000000000001","97.02000000000001","37.27428571428571","37.27428571428571","37.27428571428571"
"9165.27909498","110.7057142857143","110.7057142857143","110.7057142857143","37.27428571428571","37.27428571428571","37.27428571428571"
"9175.266830065","81.16142857142857","81.16142857142857","81.16142857142857","37.41428571428572","37.41428571428572","37.41428571428572"
"9185.265888464","97.99714285714286","97.99714285714286","97.99714285714286","37.41428571428572","37.41428571428572","37.41428571428572"
"9195.274581797","81.02142857142857","81.02142857142857","81.02142857142857","37.41428571428572","37.41428571428572","37.41428571428572"
"9205.26662533","92.41285714285713","92.41285714285713","92.41285714285713","37.41428571428572","37.41428571428572","37.41428571428572"
"9215.267609008","96.60142857142856","96.60142857142856","96.60142857142856","37.41428571428572","37.41428571428572","37.41428571428572"
"9225.267113125","99.47142857142856","99.47142857142856","99.47142857142856","37.41428571428572","37.41428571428572","37.41428571428572"
"9235.26572732","101.1457142857143","101.1457142857143","101.1457142857143","37.41428571428572","37.41428571428572","37.41428571428572"
"9245.267498435","101.28571428571429","101.28571428571429","101.28571428571429","37.41428571428572","37.41428571428572","37.41428571428572"
"9255.26835974","95.76428571428572","95.76428571428572","95.76428571428572","37.41428571428572","37.41428571428572","37.41428571428572"
"9265.268277893","88.75142857142858","88.75142857142858","88.75142857142858","37.41428571428572","37.41428571428572","37.41428571428572"
"9275.270864159","96.04285714285716","96.04285714285716","96.04285714285716","37.41428571428572","37.41428571428572","37.41428571428572"
"9285.266752477","110.42714285714285","110.42714285714285","110.42714285714285","37.41428571428572","37.41428571428572","37.41428571428572"
"9295.273911527","92.05","92.05","92.05","37.41428571428572","37.41428571428572","37.41428571428572"
"9305.278531191","97.99714285714286","97.99714285714286","97.99714285714286","37.27428571428571","37.27428571428571","37.27428571428571"
"9315.270658917","101.36285714285714","101.36285714285714","101.36285714285714","37.41428571428572","37.41428571428572","37.41428571428572"
"9325.269537607","98.49571428571429","98.49571428571429","98.49571428571429","37.41428571428572","37.41428571428572","37.41428571428572"
"9335.265170431","98.35571428571428","98.35571428571428","98.35571428571428","37.41428571428572","37.41428571428572","37.41428571428572"
"9345.266301986","91.49142857142857","91.49142857142857","91.49142857142857","37.41428571428572","37.41428571428572","37.41428571428572"
"9355.266016364","73.69142857142857","73.69142857142857","73.69142857142857","37.27428571428571","37.27428571428571","37.27428571428571"
"9365.269590554","99.47142857142856","99.47142857142856","99.47142857142856","37.41428571428572","37.41428571428572","37.41428571428572"
"9375.267738864","90.73714285714286","90.73714285714286","90.73714285714286","37.41428571428572","37.41428571428572","37.41428571428572"
"9385.265588342","92.19000000000001","92.19000000000001","92.19000000000001","37.394285714285715","37.394285714285715","37.394285714285715"
"9395.265890702","97.1","97.1","97.1","37.41428571428572","37.41428571428572","37.41428571428572"
"9405.265575858","90.37428571428572","90.37428571428572","90.37428571428572","37.394285714285715","37.394285714285715","37.394285714285715"
"9415.267240293","72.99142857142857","72.99142857142857","72.99142857142857","37.41428571428572","37.41428571428572","37.41428571428572"
"9425.266128459","117.58571428571429","117.58571428571429","117.58571428571429","37.394285714285715","37.394285714285715","37.394285714285715"
"9435.268379195","93.39","93.39","93.39","37.41428571428572","37.41428571428572","37.41428571428572"
"9445.271881495","93.39","93.39","93.39","37.41428571428572","37.41428571428572","37.41428571428572"
"9455.266401686","91.49142857142857","91.49142857142857","91.49142857142857","37.41428571428572","37.41428571428572","37.41428571428572"
"9465.267981138","101.78","101.78","101.78","37.41428571428572","37.41428571428572","37.41428571428572"
"9475.273011463","93.53","93.53","93.53","37.41428571428572","37.41428571428572","37.41428571428572"
"9485.266715943","98.2157142857143","98.2157142857143","98.2157142857143","37.41428571428572","37.41428571428572","37.41428571428572"
"9495.269697907","89.03142857142858","89.03142857142858","89.03142857142858","37.27428571428571","37.27428571428571","37.27428571428571"
"9505.265893114","78.64285714285714","78.64285714285714","78.64285714285714","37.41428571428572","37.41428571428572","37.41428571428572"
"9515.272278192","91.71428571428571","91.71428571428571","91.71428571428571","37.27428571428571","37.27428571428571","37.27428571428571"
"9525.270337106","87.63428571428572","87.63428571428572","87.63428571428572","37.41428571428572","37.41428571428572","37.41428571428572"
"9535.268401599","97.65857142857143","97.65857142857143","97.65857142857143","37.41428571428572","37.41428571428572","37.41428571428572"
"9545.265462722","96.82142857142858","96.82142857142858","96.82142857142858","37.41428571428572","37.41428571428572","37.41428571428572"
"9555.267834371","82.79142857142857","82.79142857142857","82.79142857142857","37.252857142857145","37.252857142857145","37.252857142857145"
"9565.267606317","107.36428571428571","107.36428571428571","107.36428571428571","37.41428571428572","37.41428571428572","37.41428571428572"
"9575.267019192","92.97142857142858","92.97142857142858","92.97142857142858","37.27428571428571","37.27428571428571","37.27428571428571"
"9585.270231227","98.7742857142857","98.7742857142857","98.7742857142857","37.41428571428572","37.41428571428572","37.41428571428572"
"9595.26696636","69.06714285714285","69.06714285714285","69.06714285714285","37.41428571428572","37.41428571428572","37.41428571428572"
"9605.265903156","94.22857142857141","94.22857142857141","94.22857142857141","37.41428571428572","37.41428571428572","37.41428571428572"
"9615.26774542","102.19857142857143","102.19857142857143","102.19857142857143","37.41428571428572","37.41428571428572","37.41428571428572"
"9625.269185254","99.41000000000001","99.41000000000001","99.41000000000001","37.27428571428571","37.27428571428571","37.27428571428571"
"9635.267727176","102.33857142857144","102.33857142857144","102.33857142857144","37.27428571428571","37.27428571428571","37.27428571428571"
"9645.266396759","97.1","97.1","97.1","37.27428571428571","37.27428571428571","37.27428571428571"
"9655.272515105","74.34857142857142","74.34857142857142","74.34857142857142","37.41428571428572","37.41428571428572","37.41428571428572"
"9665.268029718","98.35571428571428","98.35571428571428","98.35571428571428","37.41428571428572","37.41428571428572","37.41428571428572"
"9675.269545992","84.97714285714287","84.97714285714287","84.97714285714287","37.41428571428572","37.41428571428572","37.41428571428572"
"9685.266314763","73.69142857142857","73.69142857142857","73.69142857142857","37.27428571428571","37.27428571428571","37.27428571428571"
"9695.269770489","95.00714285714284","95.00714285714284","95.00714285714284","37.27428571428571","37.27428571428571","37.27428571428571"
"9705.273319382","91.49142857142857","91.49142857142857","91.49142857142857","37.27428571428571","37.27428571428571","37.27428571428571"
"9715.275284489","104.92285714285714","104.92285714285714","104.92285714285714","37.27428571428571","37.27428571428571","37.27428571428571"
"9725.275064875","96.82142857142858","96.82142857142858","96.82142857142858","37.394285714285715","37.394285714285715","37.394285714285715"
"9735.26697469","91.85428571428572","91.85428571428572","91.85428571428572","37.394285714285715","37.394285714285715","37.394285714285715"
"9745.26799186","95.6242857142857","95.6242857142857","95.6242857142857","37.41428571428572","37.41428571428572","37.41428571428572"
"9755.26767202","98.35571428571428","98.35571428571428","98.35571428571428","37.27428571428571","37.27428571428571","37.27428571428571"
"9765.268969869","98.85285714285715","98.85285714285715","98.85285714285715","37.27428571428571","37.27428571428571","37.27428571428571"
"9775.269105248","100.24714285714286","100.24714285714286","100.24714285714286","37.27428571428571","37.27428571428571","37.27428571428571"
"9785.26546911","90.51428571428572","90.51428571428572","90.51428571428572","37.394285714285715","37.394285714285715","37.394285714285715"
"9795.267035891","107.78142857142858","107.78142857142858","107.78142857142858","37.41428571428572","37.41428571428572","37.41428571428572"
"9805.267757588","95.5657142857143","95.5657142857143","95.5657142857143","37.41428571428572","37.41428571428572","37.41428571428572"
"9815.267301091","88.13857142857144","88.13857142857144","88.13857142857144","37.41428571428572","37.41428571428572","37.41428571428572"
"9825.268523093","92.55285714285715","92.55285714285715","92.55285714285715","37.27428571428571","37.27428571428571","37.27428571428571"
"9835.266586706","90.2342857142857","90.2342857142857","90.2342857142857","37.27428571428571","37.27428571428571","37.27428571428571"
"9845.267572181","97.93714285714286","97.93714285714286","97.93714285714286","37.27428571428571","37.27428571428571","37.27428571428571"
"9855.269326867","97.79714285714286","97.79714285714286","97.79714285714286","37.41428571428572","37.41428571428572","37.41428571428572"
"9865.26583842","97.57857142857144","97.57857142857144","97.57857142857144","37.394285714285715","37.394285714285715","37.394285714285715"
"9875.2674505","98.2157142857143","98.2157142857143","98.2157142857143","37.41428571428572","37.41428571428572","37.41428571428572"
"9885.277146634","102.47714285714284","102.47714285714284","102.47714285714284","37.394285714285715","37.394285714285715","37.394285714285715"
"9895.276915435","93.16857142857144","93.16857142857144","93.16857142857144","37.27428571428571","37.27428571428571","37.27428571428571"
"9905.268414401","100.52571428571429","100.52571428571429","100.52571428571429","37.394285714285715","37.394285714285715","37.394285714285715"
"9915.268494173","97.24","97.24","97.24","37.394285714285715","37.394285714285715","37.394285714285715"
"9925.268094982","96.82142857142858","96.82142857142858","96.82142857142858","37.41428571428572","37.41428571428572","37.41428571428572"
"9935.267883178","93.94857142857143","93.94857142857143","93.94857142857143","37.41428571428572","37.41428571428572","37.41428571428572"
"9945.267173253","95.34428571428572","95.34428571428572","95.34428571428572","37.394285714285715","37.394285714285715","37.394285714285715"
"9955.266417081","96.68142857142858","96.68142857142858","96.68142857142858","37.27428571428571","37.27428571428571","37.27428571428571"
"9965.268176628","93.11142857142856","93.11142857142856","93.11142857142856","37.41428571428572","37.41428571428572","37.41428571428572"
"9975.27028202","95.5657142857143","95.5657142857143","95.5657142857143","37.41428571428572","37.41428571428572","37.41428571428572"
"9985.275231515","98.4342857142857","98.4342857142857","98.4342857142857","37.394285714285715","37.394285714285715","37.394285714285715"
"9995.26710852","97.37857142857143","97.37857142857143","97.37857142857143","37.394285714285715","37.394285714285715","37.394285714285715"
"10005.266592913","92.91428571428573","92.91428571428573","92.91428571428573","37.41428571428572","37.41428571428572","37.41428571428572"
"10015.265942395","80.83285714285714","80.83285714285714","80.83285714285714","37.394285714285715","37.394285714285715","37.394285714285715"
"10025.266882367","95.34428571428572","95.34428571428572","95.34428571428572","37.41428571428572","37.41428571428572","37.41428571428572"
"10035.274240376","99.13142857142857","99.13142857142857","99.13142857142857","37.41428571428572","37.41428571428572","37.41428571428572"
"10045.266489421","89.25714285714285","89.25714285714285","89.25714285714285","37.41428571428572","37.41428571428572","37.41428571428572"
"10055.265271964","96.26285714285714","96.26285714285714","96.26285714285714","37.41428571428572","37.41428571428572","37.41428571428572"
"10065.266477145","98.85285714285715","98.85285714285715","98.85285714285715","37.394285714285715","37.394285714285715","37.394285714285715"
"10075.274032717","104.22571428571428","104.22571428571428","104.22571428571428","37.394285714285715","37.394285714285715","37.394285714285715"
"10085.270606121","96.26285714285714","96.26285714285714","96.26285714285714","37.55571428571429","37.55571428571429","37.55571428571429"
"10095.26805613","76.30857142857143","76.30857142857143","76.30857142857143","37.27428571428571","37.27428571428571","37.27428571428571"
"10105.266613224","95.34428571428572","95.34428571428572","95.34428571428572","37.41428571428572","37.41428571428572","37.41428571428572"
"10115.27366137","84.97714285714287","84.97714285714287","84.97714285714287","37.41428571428572","37.41428571428572","37.41428571428572"
"10125.267492647","98.4342857142857","98.4342857142857","98.4342857142857","37.41428571428572","37.41428571428572","37.41428571428572"
"10135.26632014","96.54142857142857","96.54142857142857","96.54142857142857","37.394285714285715","37.394285714285715","37.394285714285715"
"10145.275637772","88.27857142857142","88.27857142857142","88.27857142857142","37.394285714285715","37.394285714285715","37.394285714285715"
"10155.274389073","98.49571428571429","98.49571428571429","98.49571428571429","37.252857142857145","37.252857142857145","37.252857142857145"
"10165.271681037","95.0657142857143","95.0657142857143","95.0657142857143","37.394285714285715","37.394285714285715","37.394285714285715"
"10175.266929476","90.45857142857142","90.45857142857142","90.45857142857142","37.394285714285715","37.394285714285715","37.394285714285715"
"10185.27601364","92.83142857142857","92.83142857142857","92.83142857142857","37.41428571428572","37.41428571428572","37.41428571428572"
"10195.273921894","97.93714285714286","97.93714285714286","97.93714285714286","37.394285714285715","37.394285714285715","37.394285714285715"
"10205.266713278","97.24","97.24","97.24","37.394285714285715","37.394285714285715","37.394285714285715"
"10215.267529133","96.54142857142857","96.54142857142857","96.54142857142857","37.394285714285715","37.394285714285715","37.394285714285715"
"10225.267328462","96.26285714285714","96.26285714285714","96.26285714285714","37.394285714285715","37.394285714285715","37.394285714285715"
"10235.27131089","90.79285714285714","90.79285714285714","90.79285714285714","37.394285714285715","37.394285714285715","37.394285714285715"
"10245.273430352","98.63428571428571","98.63428571428571","98.63428571428571","37.394285714285715","37.394285714285715","37.394285714285715"
"10255.267188324","89.73","89.73","89.73","37.394285714285715","37.394285714285715","37.394285714285715"
"10265.270369132","101.08285714285714","101.08285714285714","101.08285714285714","37.394285714285715","37.394285714285715","37.394285714285715"
"10275.270676559","95.9842857142857","95.9842857142857","95.9842857142857","37.41428571428572","37.41428571428572","37.41428571428572"
"10285.268403167","93.67000000000002","93.67000000000002","93.67000000000002","37.394285714285715","37.394285714285715","37.394285714285715"
"10295.265949616","96.54142857142857","96.54142857142857","96.54142857142857","37.41428571428572","37.41428571428572","37.41428571428572"
"10305.268664659","95.42571428571429","95.42571428571429","95.42571428571429","37.394285714285715","37.394285714285715","37.394285714285715"
"10315.276636771","101.84285714285714","101.84285714285714","101.84285714285714","37.394285714285715","37.394285714285715","37.394285714285715"
"10325.265237176","114.11571428571428","114.11571428571428","114.11571428571428","37.394285714285715","37.394285714285715","37.394285714285715"
"10335.266270359","92.83142857142857","92.83142857142857","92.83142857142857","37.394285714285715","37.394285714285715","37.394285714285715"
"10345.266861708","94.78571428571428","94.78571428571428","94.78571428571428","37.394285714285715","37.394285714285715","37.394285714285715"
"10355.267100542","75.88857142857142","75.88857142857142","75.88857142857142","37.41428571428572","37.41428571428572","37.41428571428572"
"10365.275138559","95.14714285714285","95.14714285714285","95.14714285714285","37.394285714285715","37.394285714285715","37.394285714285715"
"10375.268321371","97.1","97.1","97.1","37.394285714285715","37.394285714285715","37.394285714285715"
"10385.272617733","107.50285714285714","107.50285714285714","107.50285714285714","37.394285714285715","37.394285714285715","37.394285714285715"
"10395.269447646","91.07285714285715","91.07285714285715","91.07285714285715","37.394285714285715","37.394285714285715","37.394285714285715"
"10405.268120934","92.13428571428571","92.13428571428571","92.13428571428571","37.41428571428572","37.41428571428572","37.41428571428572"
"10415.266327655","96.26285714285714","96.26285714285714","96.26285714285714","37.394285714285715","37.394285714285715","37.394285714285715"
"10425.268122194","96.40285714285714","96.40285714285714","96.40285714285714","37.394285714285715","37.394285714285715","37.394285714285715"
"10435.265821154","78.36285714285715","78.36285714285715","78.36285714285715","37.41428571428572","37.41428571428572","37.41428571428572"
"10445.268195629","92.55285714285715","92.55285714285715","92.55285714285715","37.394285714285715","37.394285714285715","37.394285714285715"
"10455.268367537","97.79714285714286","97.79714285714286","97.79714285714286","37.41428571428572","37.41428571428572","37.41428571428572"
"10465.273575112","105.47999999999999","105.47999999999999","105.47999999999999","37.394285714285715","37.394285714285715","37.394285714285715"
"10475.270161828","96.12285714285714","96.12285714285714","96.12285714285714","37.394285714285715","37.394285714285715","37.394285714285715"
"10485.268941863","103.1742857142857","103.1742857142857","103.1742857142857","37.394285714285715","37.394285714285715","37.394285714285715"
"10495.270851705","94.44857142857144","94.44857142857144","94.44857142857144","37.394285714285715","37.394285714285715","37.394285714285715"
"10505.267744754","91.43571428571427","91.43571428571427","91.43571428571427","37.41428571428572","37.41428571428572","37.41428571428572"
"10515.266745681","98.35571428571428","98.35571428571428","98.35571428571428","37.394285714285715","37.394285714285715","37.394285714285715"
"10525.27314148","98.4342857142857","98.4342857142857","98.4342857142857","37.394285714285715","37.394285714285715","37.394285714285715"
"10535.272423582","73.08714285714287","73.08714285714287","73.08714285714287","37.394285714285715","37.394285714285715","37.394285714285715"
"10545.277069862","98.85285714285715","98.85285714285715","98.85285714285715","37.535714285714285","37.535714285714285","37.535714285714285"
"10555.266217128","96.26285714285714","96.26285714285714","96.26285714285714","37.41428571428572","37.41428571428572","37.41428571428572"
"10565.267360402","91.49142857142857","91.49142857142857","91.49142857142857","37.394285714285715","37.394285714285715","37.394285714285715"
"10575.269752817","99.96857142857142","99.96857142857142","99.96857142857142","37.394285714285715","37.394285714285715","37.394285714285715"
"10585.26718195","88.83714285714287","88.83714285714287","88.83714285714287","37.394285714285715","37.394285714285715","37.394285714285715"
"10595.271510357","97.37857142857143","97.37857142857143","97.37857142857143","37.394285714285715","37.394285714285715","37.394285714285715"
"10605.270729018","111.68","111.68","111.68","37.41428571428572","37.41428571428572","37.41428571428572"
"10615.268672148","118.14285714285715","118.14285714285715","118.14285714285715","37.535714285714285","37.535714285714285","37.535714285714285"
"10625.269184481","97.37857142857143","97.37857142857143","97.37857142857143","37.394285714285715","37.394285714285715","37.394285714285715"
"10635.2742625","96.68142857142858","96.68142857142858","96.68142857142858","37.394285714285715","37.394285714285715","37.394285714285715"
"10645.268982781","95.14714285714285","95.14714285714285","95.14714285714285","37.394285714285715","37.394285714285715","37.394285714285715"
"10655.267762667","98.49571428571429","98.49571428571429","98.49571428571429","37.394285714285715","37.394285714285715","37.394285714285715"
"10665.266145121","90.6542857142857","90.6542857142857","90.6542857142857","37.394285714285715","37.394285714285715","37.394285714285715"
"10675.269845119","96.82142857142858","96.82142857142858","96.82142857142858","37.394285714285715","37.394285714285715","37.394285714285715"
"10685.267648117","94.98428571428572","94.98428571428572","94.98428571428572","37.394285714285715","37.394285714285715","37.394285714285715"
"10695.265595034","94.92571428571428","94.92571428571428","94.92571428571428","37.394285714285715","37.394285714285715","37.394285714285715"
"10705.267160422","95.5657142857143","95.5657142857143","95.5657142857143","37.394285714285715","37.394285714285715","37.394285714285715"
"10715.277297908","97.24","97.24","97.24","37.394285714285715","37.394285714285715","37.394285714285715"
"10725.269593704","99.41000000000001","99.41000000000001","99.41000000000001","37.394285714285715","37.394285714285715","37.394285714285715"
"10735.265542756","75.88857142857142","75.88857142857142","75.88857142857142","37.394285714285715","37.394285714285715","37.394285714285715"
"10745.275053239","93.39","93.39","93.39","37.41428571428572","37.41428571428572","37.41428571428572"
"10755.266120147","98.63428571428571","98.63428571428571","98.63428571428571","37.394285714285715","37.394285714285715","37.394285714285715"
"10765.266424015","101.91999999999999","101.91999999999999","101.91999999999999","37.394285714285715","37.394285714285715","37.394285714285715"
"10775.269341847","109.24571428571429","109.24571428571429","109.24571428571429","37.394285714285715","37.394285714285715","37.394285714285715"
"10785.26654148","95.2057142857143","95.2057142857143","95.2057142857143","37.41428571428572","37.41428571428572","37.41428571428572"
"10795.267407098","92.33","92.33","92.33","37.394285714285715","37.394285714285715","37.394285714285715"
"10805.268069518","95.8442857142857","95.8442857142857","95.8442857142857","37.535714285714285","37.535714285714285","37.535714285714285"
"10815.275896005","93.67000000000002","93.67000000000002","93.67000000000002","37.41428571428572","37.41428571428572","37.41428571428572"
"10825.27051549","97.51857142857143","97.51857142857143","97.51857142857143","37.394285714285715","37.394285714285715","37.394285714285715"
"10835.267405828","98.99142857142856","98.99142857142856","98.99142857142856","37.394285714285715","37.394285714285715","37.394285714285715"
"10845.268449971","93.25000000000001","93.25000000000001","93.25000000000001","37.394285714285715","37.394285714285715","37.394285714285715"
"10855.266159456","96.96000000000001","96.96000000000001","96.96000000000001","37.394285714285715","37.394285714285715","37.394285714285715"
"10865.267026153","74.76857142857143","74.76857142857143","74.76857142857143","37.41428571428572","37.41428571428572","37.41428571428572"
"10875.269204538","99.33285714285715","99.33285714285715","99.33285714285715","37.394285714285715","37.394285714285715","37.394285714285715"
"10885.267271872","92.83142857142857","92.83142857142857","92.83142857142857","37.394285714285715","37.394285714285715","37.394285714285715"
"10895.268760155","81.95142857142858","81.95142857142858","81.95142857142858","37.394285714285715","37.394285714285715","37.394285714285715"
"10905.266133112","110.91428571428573","110.91428571428573","110.91428571428573","37.41428571428572","37.41428571428572","37.41428571428572"
"10915.266576658","78.92285714285715","78.92285714285715","78.92285714285715","37.394285714285715","37.394285714285715","37.394285714285715"
"10925.273243576","98.4342857142857","98.4342857142857","98.4342857142857","37.394285714285715","37.394285714285715","37.394285714285715"
"10935.276969204","97.93714285714286","97.93714285714286","97.93714285714286","37.394285714285715","37.394285714285715","37.394285714285715"
"10945.269022399","93.80857142857141","93.80857142857141","93.80857142857141","37.394285714285715","37.394285714285715","37.394285714285715"
"10955.265258336","97.65857142857143","97.65857142857143","97.65857142857143","37.394285714285715","37.394285714285715","37.394285714285715"
"10965.267129206","96.26285714285714","96.26285714285714","96.26285714285714","37.394285714285715","37.394285714285715","37.394285714285715"
"10975.265564529","94.58857142857143","94.58857142857143","94.58857142857143","37.394285714285715","37.394285714285715","37.394285714285715"
"10985.270181721","98.63428571428571","98.63428571428571","98.63428571428571","37.394285714285715","37.394285714285715","37.394285714285715"
"10995.267611034","95.9842857142857","95.9842857142857","95.9842857142857","37.394285714285715","37.394285714285715","37.394285714285715"
"11005.271347643","89.8157142857143","89.8157142857143","89.8157142857143","37.394285714285715","37.394285714285715","37.394285714285715"
"11015.265777065","98.4342857142857","98.4342857142857","98.4342857142857","37.394285714285715","37.394285714285715","37.394285714285715"
"11025.267009504","97.51857142857143","97.51857142857143","97.51857142857143","37.394285714285715","37.394285714285715","37.394285714285715"
"11035.268057168","96.54142857142857","96.54142857142857","96.54142857142857","37.394285714285715","37.394285714285715","37.394285714285715"
"11045.271569455","91.99428571428572","91.99428571428572","91.99428571428572","37.41428571428572","37.41428571428572","37.41428571428572"
"11055.266576665","108.47714285714285","108.47714285714285","108.47714285714285","37.394285714285715","37.394285714285715","37.394285714285715"
"11065.266721744","85.39714285714285","85.39714285714285","85.39714285714285","37.394285714285715","37.394285714285715","37.394285714285715"
"11075.265969225","98.07714285714285","98.07714285714285","98.07714285714285","37.41428571428572","37.41428571428572","37.41428571428572"
"11085.268079755","100.10714285714286","100.10714285714286","100.10714285714286","37.41428571428572","37.41428571428572","37.41428571428572"
"11095.267429576","95.4842857142857","95.4842857142857","95.4842857142857","37.394285714285715","37.394285714285715","37.394285714285715"
"11105.269010686","106.94571428571429","106.94571428571429","106.94571428571429","37.394285714285715","37.394285714285715","37.394285714285715"
"11115.265910048","91.57571428571428","91.57571428571428","91.57571428571428","37.394285714285715","37.394285714285715","37.394285714285715"
"11125.268098988","74.90857142857142","74.90857142857142","74.90857142857142","37.394285714285715","37.394285714285715","37.394285714285715"
"11135.265105005","98.85285714285715","98.85285714285715","98.85285714285715","37.394285714285715","37.394285714285715","37.394285714285715"
"11145.281379656","98.71285714285715","98.71285714285715","98.71285714285715","37.394285714285715","37.394285714285715","37.394285714285715"
"11155.267441517","101.50142857142856","101.50142857142856","101.50142857142856","37.394285714285715","37.394285714285715","37.394285714285715"
"11165.267428142","97.1","97.1","97.1","37.394285714285715","37.394285714285715","37.394285714285715"
"11175.268502918","74.53285714285714","74.53285714285714","74.53285714285714","37.394285714285715","37.394285714285715","37.394285714285715"
"11185.265655758","93.11142857142856","93.11142857142856","93.11142857142856","37.394285714285715","37.394285714285715","37.394285714285715"
"11195.267227589","85.39714285714285","85.39714285714285","85.39714285714285","37.394285714285715","37.394285714285715","37.394285714285715"
"11205.270754276","102.75714285714285","102.75714285714285","102.75714285714285","37.394285714285715","37.394285714285715","37.394285714285715"
"11215.270189063","79.06285714285714","79.06285714285714","79.06285714285714","37.394285714285715","37.394285714285715","37.394285714285715"
"11225.266849414","99.47142857142856","99.47142857142856","99.47142857142856","37.394285714285715","37.394285714285715","37.394285714285715"
"11235.269388101","91.93714285714285","91.93714285714285","91.93714285714285","37.394285714285715","37.394285714285715","37.394285714285715"
"11245.269857195","99.82857142857142","99.82857142857142","99.82857142857142","37.41428571428572","37.41428571428572","37.41428571428572"
"11255.266106521","98.85285714285715","98.85285714285715","98.85285714285715","37.394285714285715","37.394285714285715","37.394285714285715"
"11265.269849527","100.94428571428571","100.94428571428571","100.94428571428571","37.394285714285715","37.394285714285715","37.394285714285715"
"11275.265838888","98.63428571428571","98.63428571428571","98.63428571428571","37.394285714285715","37.394285714285715","37.394285714285715"
"11285.279343117","105.06142857142858","105.06142857142858","105.06142857142858","37.394285714285715","37.394285714285715","37.394285714285715"
"11295.266258346","96.82142857142858","96.82142857142858","96.82142857142858","37.394285714285715","37.394285714285715","37.394285714285715"
"11305.274984812","91.07285714285715","91.07285714285715","91.07285714285715","37.252857142857145","37.252857142857145","37.252857142857145"
"11315.269899843","79.99428571428572","79.99428571428572","79.99428571428572","37.252857142857145","37.252857142857145","37.252857142857145"
"11325.266134502","73.36714285714285","73.36714285714285","73.36714285714285","37.394285714285715","37.394285714285715","37.394285714285715"
"11335.269309369","106.52857142857141","106.52857142857141","106.52857142857141","37.394285714285715","37.394285714285715","37.394285714285715"
"11345.268794346","95.5657142857143","95.5657142857143","95.5657142857143","37.41428571428572","37.41428571428572","37.41428571428572"
"11355.268207606","104.92285714285714","104.92285714285714","104.92285714285714","37.394285714285715","37.394285714285715","37.394285714285715"
"11365.276864589","91.07285714285715","91.07285714285715","91.07285714285715","37.41428571428572","37.41428571428572","37.41428571428572"
"11375.267108886","96.40285714285714","96.40285714285714","96.40285714285714","37.27428571428571","37.27428571428571","37.27428571428571"
"11385.26631145","102.75714285714285","102.75714285714285","102.75714285714285","37.252857142857145","37.252857142857145","37.252857142857145"
"11395.265792404","98.2157142857143","98.2157142857143","98.2157142857143","37.394285714285715","37.394285714285715","37.394285714285715"
"11405.26562448","93.39","93.39","93.39","37.41428571428572","37.41428571428572","37.41428571428572"
"11415.269370685","93.67000000000002","93.67000000000002","93.67000000000002","37.41428571428572","37.41428571428572","37.41428571428572"
"11425.266978692","78.22285714285714","78.22285714285714","78.22285714285714","37.394285714285715","37.394285714285715","37.394285714285715"
"11435.268469647","96.96000000000001","96.96000000000001","96.96000000000001","37.394285714285715","37.394285714285715","37.394285714285715"
"11445.269196826","110.28714285714285","110.28714285714285","110.28714285714285","37.394285714285715","37.394285714285715","37.394285714285715"
"11455.26861219","97.59714285714284","97.59714285714284","97.59714285714284","37.252857142857145","37.252857142857145","37.252857142857145"
"11465.269520704","95.00714285714284","95.00714285714284","95.00714285714284","37.394285714285715","37.394285714285715","37.394285714285715"
"11475.271248197","99.27142857142857","99.27142857142857","99.27142857142857","37.394285714285715","37.394285714285715","37.394285714285715"
"11485.271791869","99.68857142857142","99.68857142857142","99.68857142857142","37.394285714285715","37.394285714285715","37.394285714285715"
"11495.270200963","77.80285714285715","77.80285714285715","77.80285714285715","37.252857142857145","37.252857142857145","37.252857142857145"
"11505.275170661","89.8157142857143","89.8157142857143","89.8157142857143","37.394285714285715","37.394285714285715","37.394285714285715"
"11515.275757952","96.82142857142858","96.82142857142858","96.82142857142858","37.394285714285715","37.394285714285715","37.394285714285715"
"11525.27374778","92.74857142857144","92.74857142857144","92.74857142857144","37.394285714285715","37.394285714285715","37.394285714285715"
"11535.271108855","96.96000000000001","96.96000000000001","96.96000000000001","37.394285714285715","37.394285714285715","37.394285714285715"
"11545.275835937","92.05","92.05","92.05","37.41428571428572","37.41428571428572","37.41428571428572"
"11555.272683491","92.55285714285715","92.55285714285715","92.55285714285715","37.394285714285715","37.394285714285715","37.394285714285715"
"11565.275117109","102.97142857142856","102.97142857142856","102.97142857142856","37.394285714285715","37.394285714285715","37.394285714285715"
"11575.265494234","97.37857142857143","97.37857142857143","97.37857142857143","37.394285714285715","37.394285714285715","37.394285714285715"
"11585.265688503","102.69285714285714","102.69285714285714","102.69285714285714","37.394285714285715","37.394285714285715","37.394285714285715"
"11595.275947864","100.66571428571427","100.66571428571427","100.66571428571427","37.394285714285715","37.394285714285715","37.394285714285715"
"11605.276168739","98.7742857142857","98.7742857142857","98.7742857142857","37.41428571428572","37.41428571428572","37.41428571428572"
"11615.266974412","98.49571428571429","98.49571428571429","98.49571428571429","37.41428571428572","37.41428571428572","37.41428571428572"
"11625.269454221","94.00714285714287","94.00714285714287","94.00714285714287","37.394285714285715","37.394285714285715","37.394285714285715"
"11635.267408474","94.50714285714285","94.50714285714285","94.50714285714285","37.394285714285715","37.394285714285715","37.394285714285715"
"11645.271363075","75.18857142857142","75.18857142857142","75.18857142857142","37.394285714285715","37.394285714285715","37.394285714285715"
"11655.271374483","91.91142857142857","91.91142857142857","91.91142857142857","37.394285714285715","37.394285714285715","37.394285714285715"
"11665.265630965","98.2157142857143","98.2157142857143","98.2157142857143","37.41428571428572","37.41428571428572","37.41428571428572"
"11675.274043697","71.96714285714286","71.96714285714286","71.96714285714286","37.41428571428572","37.41428571428572","37.41428571428572"
"11685.269174239","96.54142857142857","96.54142857142857","96.54142857142857","37.394285714285715","37.394285714285715","37.394285714285715"
"11695.2754325","104.64428571428573","104.64428571428573","104.64428571428573","37.41428571428572","37.41428571428572","37.41428571428572"
"11705.270687622","73.08714285714287","73.08714285714287","73.08714285714287","37.394285714285715","37.394285714285715","37.394285714285715"
"11715.268272857","96.40285714285714","96.40285714285714","96.40285714285714","37.394285714285715","37.394285714285715","37.394285714285715"
"11725.266327501","102.06","102.06","102.06","37.41428571428572","37.41428571428572","37.41428571428572"
"11735.267466078","98.63428571428571","98.63428571428571","98.63428571428571","37.41428571428572","37.41428571428572","37.41428571428572"
"11745.266788337","93.53","93.53","93.53","37.394285714285715","37.394285714285715","37.394285714285715"
"11755.269390328","95.0657142857143","95.0657142857143","95.0657142857143","37.535714285714285","37.535714285714285","37.535714285714285"
"11765.268177158","92.97142857142858","92.97142857142858","92.97142857142858","37.394285714285715","37.394285714285715","37.394285714285715"
"11775.268597701","95.00714285714284","95.00714285714284","95.00714285714284","37.41428571428572","37.41428571428572","37.41428571428572"
"11785.269040545","98.7742857142857","98.7742857142857","98.7742857142857","37.394285714285715","37.394285714285715","37.394285714285715"
"11795.265701444","98.07714285714285","98.07714285714285","98.07714285714285","37.394285714285715","37.394285714285715","37.394285714285715"
"11805.267634503","95.00714285714284","95.00714285714284","95.00714285714284","37.394285714285715","37.394285714285715","37.394285714285715"
"11815.267393265","88.83714285714287","88.83714285714287","88.83714285714287","37.41428571428572","37.41428571428572","37.41428571428572"
"11825.265837074","96.82142857142858","96.82142857142858","96.82142857142858","37.394285714285715","37.394285714285715","37.394285714285715"
"11835.266121312","102.4142857142857","102.4142857142857","102.4142857142857","37.394285714285715","37.394285714285715","37.394285714285715"
"11845.27008683","95.28571428571428","95.28571428571428","95.28571428571428","37.41428571428572","37.41428571428572","37.41428571428572"
"11855.267172017","75.74857142857144","75.74857142857144","75.74857142857144","37.394285714285715","37.394285714285715","37.394285714285715"
"11865.269616657","98.99142857142856","98.99142857142856","98.99142857142856","37.394285714285715","37.394285714285715","37.394285714285715"
"11875.267773727","97.65857142857143","97.65857142857143","97.65857142857143","37.394285714285715","37.394285714285715","37.394285714285715"
"11885.274528276","77.94285714285715","77.94285714285715","77.94285714285715","37.41428571428572","37.41428571428572","37.41428571428572"
"11895.273283695","96.40285714285714","96.40285714285714","96.40285714285714","37.394285714285715","37.394285714285715","37.394285714285715"
"11905.267725231","102.4142857142857","102.4142857142857","102.4142857142857","37.394285714285715","37.394285714285715","37.394285714285715"
"11915.271377549","95.42571428571429","95.42571428571429","95.42571428571429","37.394285714285715","37.394285714285715","37.394285714285715"
"11925.273590003","96.12285714285714","96.12285714285714","96.12285714285714","37.41428571428572","37.41428571428572","37.41428571428572"
"11935.271757615","99.96857142857142","99.96857142857142","99.96857142857142","37.394285714285715","37.394285714285715","37.394285714285715"
"11945.267005046","97.37857142857143","97.37857142857143","97.37857142857143","37.535714285714285","37.535714285714285","37.535714285714285"
"11955.268064745","88.55857142857143","88.55857142857143","88.55857142857143","37.41428571428572","37.41428571428572","37.41428571428572"
"11965.275713815","89.39571428571428","89.39571428571428","89.39571428571428","37.394285714285715","37.394285714285715","37.394285714285715"
"11975.270746359","75.56285714285714","75.56285714285714","75.56285714285714","37.394285714285715","37.394285714285715","37.394285714285715"
"11985.266436403","95.90285714285714","95.90285714285714","95.90285714285714","37.41428571428572","37.41428571428572","37.41428571428572"
"11995.275325648","80.69285714285715","80.69285714285715","80.69285714285715","37.41428571428572","37.41428571428572","37.41428571428572"
"12005.266862467","98.63428571428571","98.63428571428571","98.63428571428571","37.394285714285715","37.394285714285715","37.394285714285715"
"12015.267884114","98.57428571428571","98.57428571428571","98.57428571428571","37.394285714285715","37.394285714285715","37.394285714285715"
"12025.27071965","86.3757142857143","86.3757142857143","86.3757142857143","37.394285714285715","37.394285714285715","37.394285714285715"
"12035.265251765","101.64142857142858","101.64142857142858","101.64142857142858","37.394285714285715","37.394285714285715","37.394285714285715"
"12045.269853346","89.03142857142858","89.03142857142858","89.03142857142858","37.394285714285715","37.394285714285715","37.394285714285715"
"12055.267491079","103.66857142857143","103.66857142857143","103.66857142857143","37.394285714285715","37.394285714285715","37.394285714285715"
"12065.267327754","98.91428571428571","98.91428571428571","98.91428571428571","37.394285714285715","37.394285714285715","37.394285714285715"
"12075.274363218","87.99857142857142","87.99857142857142","87.99857142857142","37.394285714285715","37.394285714285715","37.394285714285715"
"12085.268323544","102.69285714285714","102.69285714285714","102.69285714285714","37.535714285714285","37.535714285714285","37.535714285714285"
"12095.271937996","95.0657142857143","95.0657142857143","95.0657142857143","37.41428571428572","37.41428571428572","37.41428571428572"
"12105.271363841","95.5657142857143","95.5657142857143","95.5657142857143","37.394285714285715","37.394285714285715","37.394285714285715"
"12115.267397436","97.65857142857143","97.65857142857143","97.65857142857143","37.394285714285715","37.394285714285715","37.394285714285715"
"12125.274496153","94.08857142857143","94.08857142857143","94.08857142857143","37.394285714285715","37.394285714285715","37.394285714285715"
"12135.267907072","95.2057142857143","95.2057142857143","95.2057142857143","37.394285714285715","37.394285714285715","37.394285714285715"
"12145.267700611","98.07714285714285","98.07714285714285","98.07714285714285","37.394285714285715","37.394285714285715","37.394285714285715"
"12155.266227418","89.67571428571429","89.67571428571429","89.67571428571429","37.55571428571429","37.55571428571429","37.55571428571429"
"12165.266290599","96.82142857142858","96.82142857142858","96.82142857142858","37.41428571428572","37.41428571428572","37.41428571428572"
"12175.265630587","95.9842857142857","95.9842857142857","95.9842857142857","37.394285714285715","37.394285714285715","37.394285714285715"
"12185.266845295","98.35571428571428","98.35571428571428","98.35571428571428","37.394285714285715","37.394285714285715","37.394285714285715"
"12195.274661728","101.43857142857145","101.43857142857145","101.43857142857145","37.394285714285715","37.394285714285715","37.394285714285715"
"12205.271740414","98.71285714285715","98.71285714285715","98.71285714285715","37.394285714285715","37.394285714285715","37.394285714285715"
"12215.271000064","96.46142857142857","96.46142857142857","96.46142857142857","37.394285714285715","37.394285714285715","37.394285714285715"
"12225.276562369","101.84285714285714","101.84285714285714","101.84285714285714","37.394285714285715","37.394285714285715","37.394285714285715"
"12235.265264339","95.8442857142857","95.8442857142857","95.8442857142857","37.394285714285715","37.394285714285715","37.394285714285715"
"12245.266400752","96.68142857142858","96.68142857142858","96.68142857142858","37.394285714285715","37.394285714285715","37.394285714285715"
"12255.269627388","98.4342857142857","98.4342857142857","98.4342857142857","37.394285714285715","37.394285714285715","37.394285714285715"
"12265.272898991","96.68142857142858","96.68142857142858","96.68142857142858","37.535714285714285","37.535714285714285","37.535714285714285"
"12275.272731171","99.96857142857142","99.96857142857142","99.96857142857142","37.394285714285715","37.394285714285715","37.394285714285715"
"12285.272573181","97.93714285714286","97.93714285714286","97.93714285714286","37.394285714285715","37.394285714285715","37.394285714285715"
"12295.266767254","95.4842857142857","95.4842857142857","95.4842857142857","37.394285714285715","37.394285714285715","37.394285714285715"
"12305.267928064","98.91428571428571","98.91428571428571","98.91428571428571","37.41428571428572","37.41428571428572","37.41428571428572"
"12315.266969221","102.4142857142857","102.4142857142857","102.4142857142857","37.394285714285715","37.394285714285715","37.394285714285715"
"12325.268725579","104.92285714285714","104.92285714285714","104.92285714285714","37.394285714285715","37.394285714285715","37.394285714285715"
"12335.268846955","96.68142857142858","96.68142857142858","96.68142857142858","37.394285714285715","37.394285714285715","37.394285714285715"
"12345.265592148","95.4842857142857","95.4842857142857","95.4842857142857","37.394285714285715","37.394285714285715","37.394285714285715"
"12355.269216502","98.2157142857143","98.2157142857143","98.2157142857143","37.394285714285715","37.394285714285715","37.394285714285715"
"12365.272045079","93.58714285714285","93.58714285714285","93.58714285714285","37.394285714285715","37.394285714285715","37.394285714285715"
"12375.269285387","91.29571428571428","91.29571428571428","91.29571428571428","37.394285714285715","37.394285714285715","37.394285714285715"
"12385.272099657","93.39","93.39","93.39","37.394285714285715","37.394285714285715","37.394285714285715"
"12395.280495319","98.63428571428571","98.63428571428571","98.63428571428571","37.394285714285715","37.394285714285715","37.394285714285715"
"12405.267933802","111.75","111.75","111.75","37.394285714285715","37.394285714285715","37.394285714285715"
"12415.267278289","98.4342857142857","98.4342857142857","98.4342857142857","37.394285714285715","37.394285714285715","37.394285714285715"
"12425.266731581","97.51857142857143","97.51857142857143","97.51857142857143","37.535714285714285","37.535714285714285","37.535714285714285"
"12435.279259321","89.53571428571429","89.53571428571429","89.53571428571429","37.41428571428572","37.41428571428572","37.41428571428572"
"12445.272354694","93.53","93.53","93.53","37.394285714285715","37.394285714285715","37.394285714285715"
"12455.265696145","97.65857142857143","97.65857142857143","97.65857142857143","37.394285714285715","37.394285714285715","37.394285714285715"
"12465.274214987","99.82857142857142","99.82857142857142","99.82857142857142","37.394285714285715","37.394285714285715","37.394285714285715"
"12475.268474355","73.92714285714285","73.92714285714285","73.92714285714285","37.41428571428572","37.41428571428572","37.41428571428572"
"12485.26626747","102.19857142857143","102.19857142857143","102.19857142857143","37.394285714285715","37.394285714285715","37.394285714285715"
"12495.266951018","96.68142857142858","96.68142857142858","96.68142857142858","37.394285714285715","37.394285714285715","37.394285714285715"
"12505.268865841","98.85285714285715","98.85285714285715","98.85285714285715","37.394285714285715","37.394285714285715","37.394285714285715"
"12515.265760342","85.81571428571428","85.81571428571428","85.81571428571428","37.394285714285715","37.394285714285715","37.394285714285715"
"12525.26939346","75.32857142857142","75.32857142857142","75.32857142857142","37.41428571428572","37.41428571428572","37.41428571428572"
"12535.276647872","98.85285714285715","98.85285714285715","98.85285714285715","37.41428571428572","37.41428571428572","37.41428571428572"
"12545.267361241","93.67000000000002","93.67000000000002","93.67000000000002","37.394285714285715","37.394285714285715","37.394285714285715"
"12555.266749886","95.28571428571428","95.28571428571428","95.28571428571428","37.535714285714285","37.535714285714285","37.535714285714285"
"12565.276502009","105.97142857142859","105.97142857142859","105.97142857142859","37.394285714285715","37.394285714285715","37.394285714285715"
"12575.266539019","102.27428571428572","102.27428571428572","102.27428571428572","37.394285714285715","37.394285714285715","37.394285714285715"
"12585.269629984","94.86714285714285","94.86714285714285","94.86714285714285","37.394285714285715","37.394285714285715","37.394285714285715"
"12595.27073349","108.47714285714285","108.47714285714285","108.47714285714285","37.394285714285715","37.394285714285715","37.394285714285715"
"12605.274351484","91.57571428571428","91.57571428571428","91.57571428571428","37.394285714285715","37.394285714285715","37.394285714285715"
"12615.268866744","99.68857142857142","99.68857142857142","99.68857142857142","37.394285714285715","37.394285714285715","37.394285714285715"
"12625.265510852","91.71428571428571","91.71428571428571","91.71428571428571","37.394285714285715","37.394285714285715","37.394285714285715"
"12635.266951617","99.19285714285715","99.19285714285715","99.19285714285715","37.252857142857145","37.252857142857145","37.252857142857145"
"12645.269524736","95.8442857142857","95.8442857142857","95.8442857142857","37.394285714285715","37.394285714285715","37.394285714285715"
"12655.266093784","102.75714285714285","102.75714285714285","102.75714285714285","37.394285714285715","37.394285714285715","37.394285714285715"
"12665.267245065","98.85285714285715","98.85285714285715","98.85285714285715","37.394285714285715","37.394285714285715","37.394285714285715"
"12675.273632815","101.22285714285712","101.22285714285712","101.22285714285712","37.394285714285715","37.394285714285715","37.394285714285715"
"12685.266992428","96.54142857142857","96.54142857142857","96.54142857142857","37.394285714285715","37.394285714285715","37.394285714285715"
"12695.26689422","98.07714285714285","98.07714285714285","98.07714285714285","37.394285714285715","37.394285714285715","37.394285714285715"
"12705.268311872","93.53","93.53","93.53","37.394285714285715","37.394285714285715","37.394285714285715"
"12715.265901968","105.20142857142858","105.20142857142858","105.20142857142858","37.41428571428572","37.41428571428572","37.41428571428572"
"12725.265735418","97.37857142857143","97.37857142857143","97.37857142857143","37.41428571428572","37.41428571428572","37.41428571428572"
"12735.268173582","90.09428571428572","90.09428571428572","90.09428571428572","37.394285714285715","37.394285714285715","37.394285714285715"
"12745.265150377","92.13428571428571","92.13428571428571","92.13428571428571","37.394285714285715","37.394285714285715","37.394285714285715"
"12755.265354609","99.55000000000001","99.55000000000001","99.55000000000001","37.55571428571429","37.55571428571429","37.55571428571429"
"12765.266105652","93.89142857142858","93.89142857142858","93.89142857142858","37.394285714285715","37.394285714285715","37.394285714285715"
"12775.271698672","91.15714285714286","91.15714285714286","91.15714285714286","37.394285714285715","37.394285714285715","37.394285714285715"
"12785.265342144","77.71000000000001","77.71000000000001","77.71000000000001","37.394285714285715","37.394285714285715","37.394285714285715"
"12795.270426017","75.74857142857144","75.74857142857144","75.74857142857144","37.394285714285715","37.394285714285715","37.394285714285715"
"12805.269276446","99.05285714285714","99.05285714285714","99.05285714285714","37.394285714285715","37.394285714285715","37.394285714285715"
"12815.267384355","72.57000000000001","72.57000000000001","72.57000000000001","37.41428571428572","37.41428571428572","37.41428571428572"
"12825.269622485","68.92714285714287","68.92714285714287","68.92714285714287","37.394285714285715","37.394285714285715","37.394285714285715"
"12835.276390595","98.4342857142857","98.4342857142857","98.4342857142857","37.394285714285715","37.394285714285715","37.394285714285715"
"12845.269732581","104.92285714285714","104.92285714285714","104.92285714285714","37.394285714285715","37.394285714285715","37.394285714285715"
"12855.269584015","93.39","93.39","93.39","37.394285714285715","37.394285714285715","37.394285714285715"
"12865.269063744","105.41428571428573","105.41428571428573","105.41428571428573","37.394285714285715","37.394285714285715","37.394285714285715"
"12875.268205567","87.63428571428572","87.63428571428572","87.63428571428572","37.394285714285715","37.394285714285715","37.394285714285715"
"12885.266551482","104.22571428571428","104.22571428571428","104.22571428571428","37.394285714285715","37.394285714285715","37.394285714285715"
"12895.268356317","94.08857142857143","94.08857142857143","94.08857142857143","37.55571428571429","37.55571428571429","37.55571428571429"
"12905.267753647","93.61142857142858","93.61142857142858","93.61142857142858","37.394285714285715","37.394285714285715","37.394285714285715"
"12915.276278731","87.91285714285715","87.91285714285715","87.91285714285715","37.394285714285715","37.394285714285715","37.394285714285715"
"12925.266310371","98.2157142857143","98.2157142857143","98.2157142857143","37.394285714285715","37.394285714285715","37.394285714285715"
"12935.269160322","82.51142857142858","82.51142857142858","82.51142857142858","37.394285714285715","37.394285714285715","37.394285714285715"
"12945.272159906","107.64285714285712","107.64285714285712","107.64285714285712","37.394285714285715","37.394285714285715","37.394285714285715"
"12955.275733197","98.4342857142857","98.4342857142857","98.4342857142857","37.535714285714285","37.535714285714285","37.535714285714285"
"12965.270380553","95.00714285714284","95.00714285714284","95.00714285714284","37.394285714285715","37.394285714285715","37.394285714285715"
"12975.271294877","100.10714285714286","100.10714285714286","100.10714285714286","37.394285714285715","37.394285714285715","37.394285714285715"
"12985.267631093","107.70857142857142","107.70857142857142","107.70857142857142","37.394285714285715","37.394285714285715","37.394285714285715"
"12995.26563779","85.81571428571428","85.81571428571428","85.81571428571428","37.394285714285715","37.394285714285715","37.394285714285715"
"13005.266320517","100.80428571428573","100.80428571428573","100.80428571428573","37.394285714285715","37.394285714285715","37.394285714285715"
"13015.267496005","111.88857142857142","111.88857142857142","111.88857142857142","37.535714285714285","37.535714285714285","37.535714285714285"
"13025.275591635","82.51142857142858","82.51142857142858","82.51142857142858","37.41428571428572","37.41428571428572","37.41428571428572"
"13035.268013426","96.68142857142858","96.68142857142858","96.68142857142858","37.394285714285715","37.394285714285715","37.394285714285715"
"13045.2736964","97.45857142857145","97.45857142857145","97.45857142857145","37.41428571428572","37.41428571428572","37.41428571428572"
"13055.267475757","99.27142857142857","99.27142857142857","99.27142857142857","37.394285714285715","37.394285714285715","37.394285714285715"
"13065.266218994","95.8442857142857","95.8442857142857","95.8442857142857","37.394285714285715","37.394285714285715","37.394285714285715"
"13075.269669946","97.65857142857143","97.65857142857143","97.65857142857143","37.394285714285715","37.394285714285715","37.394285714285715"
"13085.268362479","100.94428571428571","100.94428571428571","100.94428571428571","37.394285714285715","37.394285714285715","37.394285714285715"
"13095.266070308","94.30999999999999","94.30999999999999","94.30999999999999","37.535714285714285","37.535714285714285","37.535714285714285"
"13105.269353336","92.55285714285715","92.55285714285715","92.55285714285715","37.394285714285715","37.394285714285715","37.394285714285715"
"13115.277540591","72.00999999999999","72.00999999999999","72.00999999999999","37.394285714285715","37.394285714285715","37.394285714285715"
"13125.277641284","97.1","97.1","97.1","37.394285714285715","37.394285714285715","37.394285714285715"
"13135.267784994","95.5657142857143","95.5657142857143","95.5657142857143","37.394285714285715","37.394285714285715","37.394285714285715"
"13145.276122155","95.8442857142857","95.8442857142857","95.8442857142857","37.41428571428572","37.41428571428572","37.41428571428572"
"13155.27359626","96.96000000000001","96.96000000000001","96.96000000000001","37.535714285714285","37.535714285714285","37.535714285714285"
"13165.26846478","97.1","97.1","97.1","37.394285714285715","37.394285714285715","37.394285714285715"
"13175.268964853","90.2342857142857","90.2342857142857","90.2342857142857","37.535714285714285","37.535714285714285","37.535714285714285"
"13185.277128387","98.4342857142857","98.4342857142857","98.4342857142857","37.394285714285715","37.394285714285715","37.394285714285715"
"13195.267379563","98.4342857142857","98.4342857142857","98.4342857142857","37.394285714285715","37.394285714285715","37.394285714285715"
"13205.265400955","96.82142857142858","96.82142857142858","96.82142857142858","37.394285714285715","37.394285714285715","37.394285714285715"
"13215.26740156","97.37857142857143","97.37857142857143","97.37857142857143","37.394285714285715","37.394285714285715","37.394285714285715"
"13225.267285194","93.80857142857141","93.80857142857141","93.80857142857141","37.394285714285715","37.394285714285715","37.394285714285715"
"13235.268127691","108.06","108.06","108.06","37.394285714285715","37.394285714285715","37.394285714285715"
"13245.266620334","96.54142857142857","96.54142857142857","96.54142857142857","37.394285714285715","37.394285714285715","37.394285714285715"
"13255.272848807","86.09571428571428","86.09571428571428","86.09571428571428","37.394285714285715","37.394285714285715","37.394285714285715"
"13265.26826921","99.27142857142857","99.27142857142857","99.27142857142857","37.394285714285715","37.394285714285715","37.394285714285715"
"13275.280801906","72.38714285714286","72.38714285714286","72.38714285714286","37.394285714285715","37.394285714285715","37.394285714285715"
"13285.268534915","97.65857142857143","97.65857142857143","97.65857142857143","37.394285714285715","37.394285714285715","37.394285714285715"
"13295.269740741","94.50714285714285","94.50714285714285","94.50714285714285","37.394285714285715","37.394285714285715","37.394285714285715"
"13305.269088486","98.71285714285715","98.71285714285715","98.71285714285715","37.394285714285715","37.394285714285715","37.394285714285715"
"13315.267522259","91.15714285714286","91.15714285714286","91.15714285714286","37.394285714285715","37.394285714285715","37.394285714285715"
"13325.267215017","97.79714285714286","97.79714285714286","97.79714285714286","37.394285714285715","37.394285714285715","37.394285714285715"
"13335.268073319","96.26285714285714","96.26285714285714","96.26285714285714","37.394285714285715","37.394285714285715","37.394285714285715"
"13345.26564311","96.26285714285714","96.26285714285714","96.26285714285714","37.394285714285715","37.394285714285715","37.394285714285715"
"13355.272553054","100.24714285714286","100.24714285714286","100.24714285714286","37.394285714285715","37.394285714285715","37.394285714285715"
"13365.266792107","97.37857142857143","97.37857142857143","97.37857142857143","37.394285714285715","37.394285714285715","37.394285714285715"
"13375.273049343","71.96714285714286","71.96714285714286","71.96714285714286","37.41428571428572","37.41428571428572","37.41428571428572"
"13385.267999428","97.31857142857143","97.31857142857143","97.31857142857143","37.394285714285715","37.394285714285715","37.394285714285715"
"13395.267425644","87.44","87.44","87.44","37.394285714285715","37.394285714285715","37.394285714285715"
"13405.267124142","98.57428571428571","98.57428571428571","98.57428571428571","37.394285714285715","37.394285714285715","37.394285714285715"
"13415.265516166","98.07714285714285","98.07714285714285","98.07714285714285","37.394285714285715","37.394285714285715","37.394285714285715"
"13425.271498278","101.91999999999999","101.91999999999999","101.91999999999999","37.394285714285715","37.394285714285715","37.394285714285715"
"13435.273240948","96.54142857142857","96.54142857142857","96.54142857142857","37.394285714285715","37.394285714285715","37.394285714285715"
"13445.276299375","104.78285714285714","104.78285714285714","104.78285714285714","37.394285714285715","37.394285714285715","37.394285714285715"
"13455.270926914","81.25285714285715","81.25285714285715","81.25285714285715","37.41428571428572","37.41428571428572","37.41428571428572"
"13465.269596076","94.78571428571428","94.78571428571428","94.78571428571428","37.394285714285715","37.394285714285715","37.394285714285715"
"13475.277436541","82.37142857142857","82.37142857142857","82.37142857142857","37.394285714285715","37.394285714285715","37.394285714285715"
"13485.269702326","100.52571428571429","100.52571428571429","100.52571428571429","37.394285714285715","37.394285714285715","37.394285714285715"
"13495.26575536","97.1","97.1","97.1","37.394285714285715","37.394285714285715","37.394285714285715"
"13505.26765581","95.42571428571429","95.42571428571429","95.42571428571429","37.394285714285715","37.394285714285715","37.394285714285715"
"13515.276295325","96.96000000000001","96.96000000000001","96.96000000000001","37.394285714285715","37.394285714285715","37.394285714285715"
"13525.276022136","97.51857142857143","97.51857142857143","97.51857142857143","37.394285714285715","37.394285714285715","37.394285714285715"
"13535.27627935","97.24","97.24","97.24","37.394285714285715","37.394285714285715","37.394285714285715"
"13545.267688516","102.97142857142856","102.97142857142856","102.97142857142856","37.394285714285715","37.394285714285715","37.394285714285715"
"13555.266298328","99.33285714285715","99.33285714285715","99.33285714285715","37.394285714285715","37.394285714285715","37.394285714285715"
"13565.276373667","95.34428571428572","95.34428571428572","95.34428571428572","37.394285714285715","37.394285714285715","37.394285714285715"
"13575.266317798","97.37857142857143","97.37857142857143","97.37857142857143","37.394285714285715","37.394285714285715","37.394285714285715"
"13585.265857983","97.1","97.1","97.1","37.394285714285715","37.394285714285715","37.394285714285715"
"13595.271291391","103.25","103.25","103.25","37.394285714285715","37.394285714285715","37.394285714285715"
"13605.269277043","96.68142857142858","96.68142857142858","96.68142857142858","37.535714285714285","37.535714285714285","37.535714285714285"
"13615.270262396","106.66714285714285","106.66714285714285","106.66714285714285","37.394285714285715","37.394285714285715","37.394285714285715"
"13625.273849432","90.37428571428572","90.37428571428572","90.37428571428572","37.535714285714285","37.535714285714285","37.535714285714285"
"13635.267313588","75.04857142857144","75.04857142857144","75.04857142857144","37.394285714285715","37.394285714285715","37.394285714285715"
"13645.266825115","94.03","94.03","94.03","37.394285714285715","37.394285714285715","37.394285714285715"
"13655.265170602","92.69285714285715","92.69285714285715","92.69285714285715","37.37428571428572","37.37428571428572","37.37428571428572"
"13665.266173332","100.54","100.54","100.54","37.37428571428572","37.37428571428572","37.37428571428572"
"13675.267185317","102.27428571428572","102.27428571428572","102.27428571428572","37.394285714285715","37.394285714285715","37.394285714285715"
"13685.266664427","92.05","92.05","92.05","37.394285714285715","37.394285714285715","37.394285714285715"
"13695.269700089","90.73714285714286","90.73714285714286","90.73714285714286","37.394285714285715","37.394285714285715","37.394285714285715"
"13705.272052584","95.00714285714284","95.00714285714284","95.00714285714284","37.394285714285715","37.394285714285715","37.394285714285715"
"13715.266624303","103.80714285714288","103.80714285714288","103.80714285714288","37.394285714285715","37.394285714285715","37.394285714285715"
"13725.266326191","93.11142857142856","93.11142857142856","93.11142857142856","37.394285714285715","37.394285714285715","37.394285714285715"
"13735.268025369","100.52571428571429","100.52571428571429","100.52571428571429","37.394285714285715","37.394285714285715","37.394285714285715"
"13745.27085077","102.69285714285714","102.69285714285714","102.69285714285714","37.394285714285715","37.394285714285715","37.394285714285715"
"13755.271365516","97.31857142857143","97.31857142857143","97.31857142857143","37.535714285714285","37.535714285714285","37.535714285714285"
"13765.276503647","73.36714285714285","73.36714285714285","73.36714285714285","37.394285714285715","37.394285714285715","37.394285714285715"
"13775.268787699","95.28571428571428","95.28571428571428","95.28571428571428","37.394285714285715","37.394285714285715","37.394285714285715"
"13785.265842741","96.26285714285714","96.26285714285714","96.26285714285714","37.394285714285715","37.394285714285715","37.394285714285715"
"13795.265196294","94.86714285714285","94.86714285714285","94.86714285714285","37.394285714285715","37.394285714285715","37.394285714285715"
"13805.26651527","100.32428571428571","100.32428571428571","100.32428571428571","37.37428571428572","37.37428571428572","37.37428571428572"
"13815.265840167","93.83285714285715","93.83285714285715","93.83285714285715","37.51428571428572","37.51428571428572","37.51428571428572"
"13825.266013531","101.22285714285712","101.22285714285712","101.22285714285712","37.394285714285715","37.394285714285715","37.394285714285715"
"13835.270484096","89.25714285714285","89.25714285714285","89.25714285714285","37.252857142857145","37.252857142857145","37.252857142857145"
"13845.269808457","95.78571428571429","95.78571428571429","95.78571428571429","37.394285714285715","37.394285714285715","37.394285714285715"
"13855.268822154","73.22714285714285","73.22714285714285","73.22714285714285","37.41428571428572","37.41428571428572","37.41428571428572"
"13865.267711011","96.26285714285714","96.26285714285714","96.26285714285714","37.394285714285715","37.394285714285715","37.394285714285715"
"13875.269110898","92.35571428571428","92.35571428571428","92.35571428571428","37.394285714285715","37.394285714285715","37.394285714285715"
"13885.268493689","95.64571428571428","95.64571428571428","95.64571428571428","37.51428571428572","37.51428571428572","37.51428571428572"
"13895.267771328","97.89428571428572","97.89428571428572","97.89428571428572","37.51428571428572","37.51428571428572","37.51428571428572"
"13905.267700194","97.59714285714284","97.59714285714284","97.59714285714284","37.394285714285715","37.394285714285715","37.394285714285715"
"13915.275521495","99.34857142857142","99.34857142857142","99.34857142857142","37.394285714285715","37.394285714285715","37.394285714285715"
"13925.267300761","96.96000000000001","96.96000000000001","96.96000000000001","37.394285714285715","37.394285714285715","37.394285714285715"
"13935.267302446","81.02142857142857","81.02142857142857","81.02142857142857","37.394285714285715","37.394285714285715","37.394285714285715"
"13945.267001672","92.63571428571429","92.63571428571429","92.63571428571429","37.394285714285715","37.394285714285715","37.394285714285715"
"13955.265188173","96.89999999999999","96.89999999999999","96.89999999999999","37.394285714285715","37.394285714285715","37.394285714285715"
"13965.270215628","102.63","102.63","102.63","37.51428571428572","37.51428571428572","37.51428571428572"
"13975.265990456","83.16","83.16","83.16","37.394285714285715","37.394285714285715","37.394285714285715"
"13985.265504628","95.90285714285714","95.90285714285714","95.90285714285714","37.394285714285715","37.394285714285715","37.394285714285715"
"13995.267852072","96.89999999999999","96.89999999999999","96.89999999999999","37.394285714285715","37.394285714285715","37.394285714285715"
"14005.272851055","90.09428571428572","90.09428571428572","90.09428571428572","37.394285714285715","37.394285714285715","37.394285714285715"
"14015.280789529","98.57428571428571","98.57428571428571","98.57428571428571","37.51428571428572","37.51428571428572","37.51428571428572"
"14025.268132628","87.99857142857142","87.99857142857142","87.99857142857142","37.394285714285715","37.394285714285715","37.394285714285715"
"14035.268329493","88.3642857142857","88.3642857142857","88.3642857142857","37.394285714285715","37.394285714285715","37.394285714285715"
"14045.271255687","98.07714285714285","98.07714285714285","98.07714285714285","37.394285714285715","37.394285714285715","37.394285714285715"
"14055.283387048","97.8157142857143","97.8157142857143","97.8157142857143","37.37428571428572","37.37428571428572","37.37428571428572"
"14065.268166009","94.86714285714285","94.86714285714285","94.86714285714285","37.394285714285715","37.394285714285715","37.394285714285715"
"14075.27799069","77.94285714285715","77.94285714285715","77.94285714285715","37.535714285714285","37.535714285714285","37.535714285714285"
"14085.270883463","79.29428571428572","79.29428571428572","79.29428571428572","37.394285714285715","37.394285714285715","37.394285714285715"
"14095.266368827","86.13","86.13","86.13","37.37428571428572","37.37428571428572","37.37428571428572"
"14105.266394786","69.34714285714286","69.34714285714286","69.34714285714286","37.394285714285715","37.394285714285715","37.394285714285715"
"14115.26843246","83.99857142857142","83.99857142857142","83.99857142857142","37.394285714285715","37.394285714285715","37.394285714285715"
"14125.265740162","96.12285714285714","96.12285714285714","96.12285714285714","37.394285714285715","37.394285714285715","37.394285714285715"
"14135.269055079","94.30999999999999","94.30999999999999","94.30999999999999","37.37428571428572","37.37428571428572","37.37428571428572"
"14145.26730688","90.87714285714286","90.87714285714286","90.87714285714286","37.394285714285715","37.394285714285715","37.394285714285715"
"14155.270968103","79.57428571428571","79.57428571428571","79.57428571428571","37.394285714285715","37.394285714285715","37.394285714285715"
"14165.269838095","95.36714285714287","95.36714285714287","95.36714285714287","37.51428571428572","37.51428571428572","37.51428571428572"
"14175.267936164","84.97714285714287","84.97714285714287","84.97714285714287","37.394285714285715","37.394285714285715","37.394285714285715"
"14185.27483906","95.00714285714284","95.00714285714284","95.00714285714284","37.394285714285715","37.394285714285715","37.394285714285715"
"14195.266114426","97.73714285714286","97.73714285714286","97.73714285714286","37.394285714285715","37.394285714285715","37.394285714285715"
"14205.270091246","99.41000000000001","99.41000000000001","99.41000000000001","37.394285714285715","37.394285714285715","37.394285714285715"
"14215.266579938","111.47142857142858","111.47142857142858","111.47142857142858","37.535714285714285","37.535714285714285","37.535714285714285"
"14225.270122539","96.34285714285714","96.34285714285714","96.34285714285714","37.37428571428572","37.37428571428572","37.37428571428572"
"14235.266055328","99.55000000000001","99.55000000000001","99.55000000000001","37.394285714285715","37.394285714285715","37.394285714285715"
"14245.274256541","95.90285714285714","95.90285714285714","95.90285714285714","37.394285714285715","37.394285714285715","37.394285714285715"
"14255.267119151","99.13142857142857","99.13142857142857","99.13142857142857","37.394285714285715","37.394285714285715","37.394285714285715"
"14265.266301658","98.2942857142857","98.2942857142857","98.2942857142857","37.394285714285715","37.394285714285715","37.394285714285715"
"14275.265623413","92.27285714285713","92.27285714285713","92.27285714285713","37.394285714285715","37.394285714285715","37.394285714285715"
"14285.271538621","84.83714285714287","84.83714285714287","84.83714285714287","37.394285714285715","37.394285714285715","37.394285714285715"
"14295.285433962","101.78","101.78","101.78","37.394285714285715","37.394285714285715","37.394285714285715"
"14305.278564321","91.35142857142857","91.35142857142857","91.35142857142857","37.394285714285715","37.394285714285715","37.394285714285715"
"14315.265603642","89.20142857142858","89.20142857142858","89.20142857142858","37.394285714285715","37.394285714285715","37.394285714285715"
"14325.267814348","100.94428571428571","100.94428571428571","100.94428571428571","37.394285714285715","37.394285714285715","37.394285714285715"
"14335.267961075","99.82857142857142","99.82857142857142","99.82857142857142","37.394285714285715","37.394285714285715","37.394285714285715"
"14345.265742273","97.73714285714286","97.73714285714286","97.73714285714286","37.394285714285715","37.394285714285715","37.394285714285715"
"14355.270102395","92.55285714285715","92.55285714285715","92.55285714285715","37.535714285714285","37.535714285714285","37.535714285714285"
"14365.266115105","96.40285714285714","96.40285714285714","96.40285714285714","37.394285714285715","37.394285714285715","37.394285714285715"
"14375.270732565","102.97142857142856","102.97142857142856","102.97142857142856","37.394285714285715","37.394285714285715","37.394285714285715"
"14385.27568783","97.24","97.24","97.24","37.394285714285715","37.394285714285715","37.394285714285715"
"14395.266652234","97.79714285714286","97.79714285714286","97.79714285714286","37.41428571428572","37.41428571428572","37.41428571428572"
"14405.275039852","92.83142857142857","92.83142857142857","92.83142857142857","37.394285714285715","37.394285714285715","37.394285714285715"
"14415.266643388","99.21000000000001","99.21000000000001","99.21000000000001","37.394285714285715","37.394285714285715","37.394285714285715"
"14425.265899921","111.19285714285714","111.19285714285714","111.19285714285714","37.535714285714285","37.535714285714285","37.535714285714285"
"14435.267525062","106.0442857142857","106.0442857142857","106.0442857142857","37.394285714285715","37.394285714285715","37.394285714285715"
"14445.272019727","95.42571428571429","95.42571428571429","95.42571428571429","37.394285714285715","37.394285714285715","37.394285714285715"
"14455.269457223","103.32571428571428","103.32571428571428","103.32571428571428","37.394285714285715","37.394285714285715","37.394285714285715"
"14465.274536939","107.29714285714287","107.29714285714287","107.29714285714287","37.394285714285715","37.394285714285715","37.394285714285715"
"14475.265473467","91.63142857142856","91.63142857142856","91.63142857142856","37.394285714285715","37.394285714285715","37.394285714285715"
"14485.26520935","91.15714285714286","91.15714285714286","91.15714285714286","37.394285714285715","37.394285714285715","37.394285714285715"
"14495.267797593","97.51857142857143","97.51857142857143","97.51857142857143","37.535714285714285","37.535714285714285","37.535714285714285"
"14505.268631443","83.72","83.72","83.72","37.394285714285715","37.394285714285715","37.394285714285715"
"14515.269797401","98.79142857142857","98.79142857142857","98.79142857142857","37.394285714285715","37.394285714285715","37.394285714285715"
"14525.267247547","72.94714285714286","72.94714285714286","72.94714285714286","37.394285714285715","37.394285714285715","37.394285714285715"
"14535.267057434","72.85142857142858","72.85142857142858","72.85142857142858","37.394285714285715","37.394285714285715","37.394285714285715"
"14545.268232064","105.68428571428572","105.68428571428572","105.68428571428572","37.41428571428572","37.41428571428572","37.41428571428572"
"14555.268497093","103.25","103.25","103.25","37.394285714285715","37.394285714285715","37.394285714285715"
"14565.278783151","111.33285714285715","111.33285714285715","111.33285714285715","37.394285714285715","37.394285714285715","37.394285714285715"
"14575.26933475","96.89999999999999","96.89999999999999","96.89999999999999","37.394285714285715","37.394285714285715","37.394285714285715"
"14585.268153618","100.38571428571427","100.38571428571427","100.38571428571427","37.394285714285715","37.394285714285715","37.394285714285715"
"14595.270702146","90.37428571428572","90.37428571428572","90.37428571428572","37.394285714285715","37.394285714285715","37.394285714285715"
"14605.265022005","97.24","97.24","97.24","37.394285714285715","37.394285714285715","37.394285714285715"
"14615.266524231","96.12285714285714","96.12285714285714","96.12285714285714","37.394285714285715","37.394285714285715","37.394285714285715"
"14625.268044768","98.2157142857143","98.2157142857143","98.2157142857143","37.41428571428572","37.41428571428572","37.41428571428572"
"14635.268742676","97.18","97.18","97.18","37.37428571428572","37.37428571428572","37.37428571428572"
"14645.273750457","97.65857142857143","97.65857142857143","97.65857142857143","37.41428571428572","37.41428571428572","37.41428571428572"
"14655.267652631","98.07714285714285","98.07714285714285","98.07714285714285","37.394285714285715","37.394285714285715","37.394285714285715"
"14665.268010571","93.55428571428571","93.55428571428571","93.55428571428571","37.37428571428572","37.37428571428572","37.37428571428572"
"14675.265590035","91.01714285714286","91.01714285714286","91.01714285714286","37.535714285714285","37.535714285714285","37.535714285714285"
"14685.272265332","96.48285714285714","96.48285714285714","96.48285714285714","37.394285714285715","37.394285714285715","37.394285714285715"
"14695.266147858","99.13142857142857","99.13142857142857","99.13142857142857","37.394285714285715","37.394285714285715","37.394285714285715"
"14705.266365829","112.16571428571429","112.16571428571429","112.16571428571429","37.394285714285715","37.394285714285715","37.394285714285715"
"14715.268837929","93.39","93.39","93.39","37.394285714285715","37.394285714285715","37.394285714285715"
"14725.268356439","94.72857142857143","94.72857142857143","94.72857142857143","37.535714285714285","37.535714285714285","37.535714285714285"
"14735.266944043","97.87714285714286","97.87714285714286","97.87714285714286","37.394285714285715","37.394285714285715","37.394285714285715"
"14745.276647089","93.75142857142858","93.75142857142858","93.75142857142858","37.394285714285715","37.394285714285715","37.394285714285715"
"14755.267330248","91.99428571428572","91.99428571428572","91.99428571428572","37.394285714285715","37.394285714285715","37.394285714285715"
"14765.266156141","97.03999999999999","97.03999999999999","97.03999999999999","37.535714285714285","37.535714285714285","37.535714285714285"
"14775.267663537","81.76285714285714","81.76285714285714","81.76285714285714","37.37428571428572","37.37428571428572","37.37428571428572"
"14785.270430042","81.53285714285714","81.53285714285714","81.53285714285714","37.394285714285715","37.394285714285715","37.394285714285715"
"14795.269586772","94.92571428571428","94.92571428571428","94.92571428571428","37.394285714285715","37.394285714285715","37.394285714285715"
"14805.267986548","90.03999999999999","90.03999999999999","90.03999999999999","37.37428571428572","37.37428571428572","37.37428571428572"
"14815.267440146","83.72","83.72","83.72","37.51428571428572","37.51428571428572","37.51428571428572"
"14825.270575942","105.20142857142858","105.20142857142858","105.20142857142858","37.394285714285715","37.394285714285715","37.394285714285715"
"14835.278815471","105.13571428571429","105.13571428571429","105.13571428571429","37.394285714285715","37.394285714285715","37.394285714285715"
"14845.270363798","87.30142857142856","87.30142857142856","87.30142857142856","37.394285714285715","37.394285714285715","37.394285714285715"
"14855.265987438","84.27857142857142","84.27857142857142","84.27857142857142","37.394285714285715","37.394285714285715","37.394285714285715"
"14865.275627417","118.69857142857143","118.69857142857143","118.69857142857143","37.394285714285715","37.394285714285715","37.394285714285715"
"14875.272344081","93.94857142857143","93.94857142857143","93.94857142857143","37.394285714285715","37.394285714285715","37.394285714285715"
"14885.269759778","103.03571428571428","103.03571428571428","103.03571428571428","37.55571428571429","37.55571428571429","37.55571428571429"
"14895.272780099","99.82857142857142","99.82857142857142","99.82857142857142","37.535714285714285","37.535714285714285","37.535714285714285"
"14905.27677227","83.99857142857142","83.99857142857142","83.99857142857142","37.394285714285715","37.394285714285715","37.394285714285715"
"14915.2682258","97.59714285714284","97.59714285714284","97.59714285714284","37.394285714285715","37.394285714285715","37.394285714285715"
"14925.268442494","104.30000000000001","104.30000000000001","104.30000000000001","37.37428571428572","37.37428571428572","37.37428571428572"
"14935.277036265","96.82142857142858","96.82142857142858","96.82142857142858","37.41428571428572","37.41428571428572","37.41428571428572"
"14945.267431979","77.80285714285715","77.80285714285715","77.80285714285715","37.394285714285715","37.394285714285715","37.394285714285715"
"14955.267197981","98.0157142857143","98.0157142857143","98.0157142857143","37.394285714285715","37.394285714285715","37.394285714285715"
"14965.265526825","97.45857142857145","97.45857142857145","97.45857142857145","37.394285714285715","37.394285714285715","37.394285714285715"
"14975.265472468","96.32142857142857","96.32142857142857","96.32142857142857","37.41428571428572","37.41428571428572","37.41428571428572"
"14985.267234722","106.25","106.25","106.25","37.37428571428572","37.37428571428572","37.37428571428572"
"14995.267517258","93.94857142857143","93.94857142857143","93.94857142857143","37.41428571428572","37.41428571428572","37.41428571428572"
"15005.266545503","95.8442857142857","95.8442857142857","95.8442857142857","37.394285714285715","37.394285714285715","37.394285714285715"
"15015.268323536","102.84428571428572","102.84428571428572","102.84428571428572","37.51428571428572","37.51428571428572","37.51428571428572"
"15025.266187","95.9842857142857","95.9842857142857","95.9842857142857","37.394285714285715","37.394285714285715","37.394285714285715"
"15035.268180459","100.32428571428571","100.32428571428571","100.32428571428571","37.394285714285715","37.394285714285715","37.394285714285715"
"15045.268422305","95.5657142857143","95.5657142857143","95.5657142857143","37.394285714285715","37.394285714285715","37.394285714285715"
"15055.273708669","88.92285714285715","88.92285714285715","88.92285714285715","37.394285714285715","37.394285714285715","37.394285714285715"
"15065.27484945","95.2057142857143","95.2057142857143","95.2057142857143","37.394285714285715","37.394285714285715","37.394285714285715"
"15075.275100741","105.47999999999999","105.47999999999999","105.47999999999999","37.394285714285715","37.394285714285715","37.394285714285715"
"15085.269355434","92.63571428571429","92.63571428571429","92.63571428571429","37.394285714285715","37.394285714285715","37.394285714285715"
"15095.267858538","96.40285714285714","96.40285714285714","96.40285714285714","37.535714285714285","37.535714285714285","37.535714285714285"
"15105.266941493","92.21714285714286","92.21714285714286","92.21714285714286","37.37428571428572","37.37428571428572","37.37428571428572"
"15115.265485707","87.21428571428571","87.21428571428571","87.21428571428571","37.37428571428572","37.37428571428572","37.37428571428572"
"15125.266802243","97.37857142857143","97.37857142857143","97.37857142857143","37.394285714285715","37.394285714285715","37.394285714285715"
"15135.266220885","91.01714285714286","91.01714285714286","91.01714285714286","37.394285714285715","37.394285714285715","37.394285714285715"
"15145.267124144","95.7042857142857","95.7042857142857","95.7042857142857","37.394285714285715","37.394285714285715","37.394285714285715"
"15155.271248864","103.39","103.39","103.39","37.394285714285715","37.394285714285715","37.394285714285715"
"15165.265461368","94.22857142857141","94.22857142857141","94.22857142857141","37.51428571428572","37.51428571428572","37.51428571428572"
"15175.275123767","96.62142857142858","96.62142857142858","96.62142857142858","37.37428571428572","37.37428571428572","37.37428571428572"
"15185.26810798","98.25142857142856","98.25142857142856","98.25142857142856","37.394285714285715","37.394285714285715","37.394285714285715"
"15195.266092617","90.87714285714286","90.87714285714286","90.87714285714286","37.394285714285715","37.394285714285715","37.394285714285715"
"15205.272033522","107.91999999999999","107.91999999999999","107.91999999999999","37.394285714285715","37.394285714285715","37.394285714285715"
"15215.271160934","123.82285714285715","123.82285714285715","123.82285714285715","37.394285714285715","37.394285714285715","37.394285714285715"
"15225.273208284","105.97142857142859","105.97142857142859","105.97142857142859","37.394285714285715","37.394285714285715","37.394285714285715"
"15235.273439707","98.4342857142857","98.4342857142857","98.4342857142857","37.394285714285715","37.394285714285715","37.394285714285715"
"15245.26710676","98.57428571428571","98.57428571428571","98.57428571428571","37.394285714285715","37.394285714285715","37.394285714285715"
"15255.268912026","88.3642857142857","88.3642857142857","88.3642857142857","37.37428571428572","37.37428571428572","37.37428571428572"
"15265.266160236","97.79714285714286","97.79714285714286","97.79714285714286","37.394285714285715","37.394285714285715","37.394285714285715"
"15275.269300646","112.86285714285715","112.86285714285715","112.86285714285715","37.252857142857145","37.252857142857145","37.252857142857145"
"15285.269497969","111.33285714285715","111.33285714285715","111.33285714285715","37.535714285714285","37.535714285714285","37.535714285714285"
"15295.275518919","97.24","97.24","97.24","37.394285714285715","37.394285714285715","37.394285714285715"
"15305.270763321","100.80428571428573","100.80428571428573","100.80428571428573","37.394285714285715","37.394285714285715","37.394285714285715"
"15315.266282112","98.85285714285715","98.85285714285715","98.85285714285715","37.394285714285715","37.394285714285715","37.394285714285715"
"15325.2650208","75.42285714285714","75.42285714285714","75.42285714285714","37.394285714285715","37.394285714285715","37.394285714285715"
"15335.273612786","71.92285714285714","71.92285714285714","71.92285714285714","37.394285714285715","37.394285714285715","37.394285714285715"
"15345.275816906","101.64142857142858","101.64142857142858","101.64142857142858","37.394285714285715","37.394285714285715","37.394285714285715"
"15355.267806282","94.80857142857143","94.80857142857143","94.80857142857143","37.37428571428572","37.37428571428572","37.37428571428572"
"15365.267858398","97.03999999999999","97.03999999999999","97.03999999999999","37.394285714285715","37.394285714285715","37.394285714285715"
"15375.267756093","93.25000000000001","93.25000000000001","93.25000000000001","37.252857142857145","37.252857142857145","37.252857142857145"
"15385.267136701","98.0157142857143","98.0157142857143","98.0157142857143","37.394285714285715","37.394285714285715","37.394285714285715"
"15395.277738152","69.90714285714286","69.90714285714286","69.90714285714286","37.394285714285715","37.394285714285715","37.394285714285715"
"15405.28034082","91.85428571428572","91.85428571428572","91.85428571428572","37.41428571428572","37.41428571428572","37.41428571428572"
"15415.275969129","99.34857142857142","99.34857142857142","99.34857142857142","37.51428571428572","37.51428571428572","37.51428571428572"
"15425.267067124","101.9957142857143","101.9957142857143","101.9957142857143","37.394285714285715","37.394285714285715","37.394285714285715"
"15435.265565009","102.4142857142857","102.4142857142857","102.4142857142857","37.394285714285715","37.394285714285715","37.394285714285715"
"15445.27005325","102.13571428571429","102.13571428571429","102.13571428571429","37.394285714285715","37.394285714285715","37.394285714285715"
"15455.266626205","98.99142857142856","98.99142857142856","98.99142857142856","37.394285714285715","37.394285714285715","37.394285714285715"
"15465.268288629","89.67571428571429","89.67571428571429","89.67571428571429","37.394285714285715","37.394285714285715","37.394285714285715"
"15475.272493022","96.62142857142858","96.62142857142858","96.62142857142858","37.35285714285715","37.35285714285715","37.35285714285715"
"15485.266259897","95.7042857142857","95.7042857142857","95.7042857142857","37.535714285714285","37.535714285714285","37.535714285714285"
"15495.268494652","99.55000000000001","99.55000000000001","99.55000000000001","37.394285714285715","37.394285714285715","37.394285714285715"
"15505.267718332","94.03","94.03","94.03","37.394285714285715","37.394285714285715","37.394285714285715"
"15515.26601148","96.04285714285716","96.04285714285716","96.04285714285716","37.41428571428572","37.41428571428572","37.41428571428572"
"15525.270340627","96.96000000000001","96.96000000000001","96.96000000000001","37.41428571428572","37.41428571428572","37.41428571428572"
"15535.2670479","97.45857142857145","97.45857142857145","97.45857142857145","37.37428571428572","37.37428571428572","37.37428571428572"
"15545.265635858","97.51857142857143","97.51857142857143","97.51857142857143","37.394285714285715","37.394285714285715","37.394285714285715"
"15555.273283609","89.62142857142858","89.62142857142858","89.62142857142858","37.394285714285715","37.394285714285715","37.394285714285715"
"15565.267248421","95.8442857142857","95.8442857142857","95.8442857142857","37.394285714285715","37.394285714285715","37.394285714285715"
"15575.266355113","91.99428571428572","91.99428571428572","91.99428571428572","37.394285714285715","37.394285714285715","37.394285714285715"
"15585.269938082","91.43571428571427","91.43571428571427","91.43571428571427","37.394285714285715","37.394285714285715","37.394285714285715"
"15595.278816598","95.9842857142857","95.9842857142857","95.9842857142857","37.394285714285715","37.394285714285715","37.394285714285715"
"15605.267089317","96.54142857142857","96.54142857142857","96.54142857142857","37.252857142857145","37.252857142857145","37.252857142857145"
"15615.270279286","94.80857142857143","94.80857142857143","94.80857142857143","37.394285714285715","37.394285714285715","37.394285714285715"
"15625.267941521","94.17","94.17","94.17","37.535714285714285","37.535714285714285","37.535714285714285"
"15635.27343026","98.2942857142857","98.2942857142857","98.2942857142857","37.535714285714285","37.535714285714285","37.535714285714285"
"15645.26837953","96.40285714285714","96.40285714285714","96.40285714285714","37.394285714285715","37.394285714285715","37.394285714285715"
"15655.27648345","95.42571428571429","95.42571428571429","95.42571428571429","37.394285714285715","37.394285714285715","37.394285714285715"
"15665.270236393","111.54142857142857","111.54142857142857","111.54142857142857","37.394285714285715","37.394285714285715","37.394285714285715"
"15675.270094647","98.2157142857143","98.2157142857143","98.2157142857143","37.394285714285715","37.394285714285715","37.394285714285715"
"15685.266787609","97.87714285714286","97.87714285714286","97.87714285714286","37.394285714285715","37.394285714285715","37.394285714285715"
"15695.268563569","101.43857142857145","101.43857142857145","101.43857142857145","37.394285714285715","37.394285714285715","37.394285714285715"
"15705.267664861","97.24","97.24","97.24","37.252857142857145","37.252857142857145","37.252857142857145"
"15715.278308602","92.97142857142858","92.97142857142858","92.97142857142858","37.394285714285715","37.394285714285715","37.394285714285715"
"15725.268727632","99.82857142857142","99.82857142857142","99.82857142857142","37.394285714285715","37.394285714285715","37.394285714285715"
"15735.271632743","72.99142857142857","72.99142857142857","72.99142857142857","37.41428571428572","37.41428571428572","37.41428571428572"
"15745.264856407","103.66857142857143","103.66857142857143","103.66857142857143","37.394285714285715","37.394285714285715","37.394285714285715"
"15755.268171439","94.22857142857141","94.22857142857141","94.22857142857141","37.394285714285715","37.394285714285715","37.394285714285715"
"15765.265691571","96.54142857142857","96.54142857142857","96.54142857142857","37.394285714285715","37.394285714285715","37.394285714285715"
"15775.269479389","97.1","97.1","97.1","37.394285714285715","37.394285714285715","37.394285714285715"
"15785.272183351","98.09428571428572","98.09428571428572","98.09428571428572","37.37428571428572","37.37428571428572","37.37428571428572"
"15795.269957938","93.69428571428571","93.69428571428571","93.69428571428571","37.394285714285715","37.394285714285715","37.394285714285715"
"15805.270164704","89.9842857142857","89.9842857142857","89.9842857142857","37.37428571428572","37.37428571428572","37.37428571428572"
"15815.267438706","96.34285714285714","96.34285714285714","96.34285714285714","37.394285714285715","37.394285714285715","37.394285714285715"
"15825.267091052","95.00714285714284","95.00714285714284","95.00714285714284","37.394285714285715","37.394285714285715","37.394285714285715"
"15835.268344722","99.27142857142857","99.27142857142857","99.27142857142857","37.394285714285715","37.394285714285715","37.394285714285715"
"15845.266382565","89.9","89.9","89.9","37.37428571428572","37.37428571428572","37.37428571428572"
"15855.26780523","74.62857142857143","74.62857142857143","74.62857142857143","37.394285714285715","37.394285714285715","37.394285714285715"
"15865.269361553","92.04714285714287","92.04714285714287","92.04714285714287","37.394285714285715","37.394285714285715","37.394285714285715"
"15875.26684416","88.64285714285714","88.64285714285714","88.64285714285714","37.37428571428572","37.37428571428572","37.37428571428572"
"15885.26819769","74.02285714285715","74.02285714285715","74.02285714285715","37.394285714285715","37.394285714285715","37.394285714285715"
"15895.267574888","105.33999999999999","105.33999999999999","105.33999999999999","37.41428571428572","37.41428571428572","37.41428571428572"
"15905.269667757","84.55857142857143","84.55857142857143","84.55857142857143","37.41428571428572","37.41428571428572","37.41428571428572"
"15915.270914582","96.54142857142857","96.54142857142857","96.54142857142857","37.394285714285715","37.394285714285715","37.394285714285715"
"15925.267816206","94.36714285714287","94.36714285714287","94.36714285714287","37.394285714285715","37.394285714285715","37.394285714285715"
"15935.268415561","108.68857142857142","108.68857142857142","108.68857142857142","37.37428571428572","37.37428571428572","37.37428571428572"
"15945.267000972","89.70571428571428","89.70571428571428","89.70571428571428","37.37428571428572","37.37428571428572","37.37428571428572"
"15955.266347742","94.86714285714285","94.86714285714285","94.86714285714285","37.37428571428572","37.37428571428572","37.37428571428572"
"15965.268086898","78.08285714285714","78.08285714285714","78.08285714285714","37.41428571428572","37.41428571428572","37.41428571428572"
"15975.267104798","99.27142857142857","99.27142857142857","99.27142857142857","37.394285714285715","37.394285714285715","37.394285714285715"
"15985.268400497","98.0157142857143","98.0157142857143","98.0157142857143","37.394285714285715","37.394285714285715","37.394285714285715"
"15995.276855766","98.07714285714285","98.07714285714285","98.07714285714285","37.394285714285715","37.394285714285715","37.394285714285715"
"16005.266809427","103.80714285714288","103.80714285714288","103.80714285714288","37.394285714285715","37.394285714285715","37.394285714285715"
"16015.267629075","108.19857142857143","108.19857142857143","108.19857142857143","37.394285714285715","37.394285714285715","37.394285714285715"
"16025.26533252","95.4842857142857","95.4842857142857","95.4842857142857","37.41428571428572","37.41428571428572","37.41428571428572"
"16035.270016975","89.53571428571429","89.53571428571429","89.53571428571429","37.41428571428572","37.41428571428572","37.41428571428572"
"16045.266977528","87.77285714285713","87.77285714285713","87.77285714285713","37.41428571428572","37.41428571428572","37.41428571428572"
"16055.267819803","99.47142857142856","99.47142857142856","99.47142857142856","37.394285714285715","37.394285714285715","37.394285714285715"
"16065.267149459","99.96857142857142","99.96857142857142","99.96857142857142","37.394285714285715","37.394285714285715","37.394285714285715"
"16075.266827419","69.06714285714285","69.06714285714285","69.06714285714285","37.394285714285715","37.394285714285715","37.394285714285715"
"16085.265455251","78.22285714285714","78.22285714285714","78.22285714285714","37.394285714285715","37.394285714285715","37.394285714285715"
"16095.269731301","104.78285714285714","104.78285714285714","104.78285714285714","37.535714285714285","37.535714285714285","37.535714285714285"
"16105.269101191","95.9842857142857","95.9842857142857","95.9842857142857","37.394285714285715","37.394285714285715","37.394285714285715"
"16115.268168675","75.79714285714286","75.79714285714286","75.79714285714286","37.394285714285715","37.394285714285715","37.394285714285715"
"16125.26904326","94.44857142857144","94.44857142857144","94.44857142857144","37.394285714285715","37.394285714285715","37.394285714285715"
"16135.270340154","92.77428571428571","92.77428571428571","92.77428571428571","37.394285714285715","37.394285714285715","37.394285714285715"
"16145.267500972","73.36714285714285","73.36714285714285","73.36714285714285","37.394285714285715","37.394285714285715","37.394285714285715"
"16155.26879724","94.30999999999999","94.30999999999999","94.30999999999999","37.394285714285715","37.394285714285715","37.394285714285715"
"16165.265410686","72.80714285714286","72.80714285714286","72.80714285714286","37.41428571428572","37.41428571428572","37.41428571428572"
"16175.268066374","95.64571428571428","95.64571428571428","95.64571428571428","37.394285714285715","37.394285714285715","37.394285714285715"
"16185.26931498","106.11","106.11","106.11","37.394285714285715","37.394285714285715","37.394285714285715"
"16195.266075711","95.9842857142857","95.9842857142857","95.9842857142857","37.394285714285715","37.394285714285715","37.394285714285715"
"16205.269393219","97.59714285714284","97.59714285714284","97.59714285714284","37.394285714285715","37.394285714285715","37.394285714285715"
"16215.271060782","99.27142857142857","99.27142857142857","99.27142857142857","37.394285714285715","37.394285714285715","37.394285714285715"
"16225.270780227","89.95571428571428","89.95571428571428","89.95571428571428","37.394285714285715","37.394285714285715","37.394285714285715"
"16235.267777123","95.28571428571428","95.28571428571428","95.28571428571428","37.394285714285715","37.394285714285715","37.394285714285715"
"16245.272170641","98.71285714285715","98.71285714285715","98.71285714285715","37.394285714285715","37.394285714285715","37.394285714285715"
"16255.267573451","97.73714285714286","97.73714285714286","97.73714285714286","37.252857142857145","37.252857142857145","37.252857142857145"
"16265.265327896","97.1","97.1","97.1","37.394285714285715","37.394285714285715","37.394285714285715"
"16275.268042279","90.2342857142857","90.2342857142857","90.2342857142857","37.41428571428572","37.41428571428572","37.41428571428572"
"16285.267229413","101.36285714285714","101.36285714285714","101.36285714285714","37.41428571428572","37.41428571428572","37.41428571428572"
"16295.276866746","101.85714285714285","101.85714285714285","101.85714285714285","37.394285714285715","37.394285714285715","37.394285714285715"
"16305.27506272","98.07714285714285","98.07714285714285","98.07714285714285","37.394285714285715","37.394285714285715","37.394285714285715"
"16315.266550279","98.2157142857143","98.2157142857143","98.2157142857143","37.394285714285715","37.394285714285715","37.394285714285715"
"16325.267828065","94.03","94.03","94.03","37.37428571428572","37.37428571428572","37.37428571428572"
"16335.270663444","72.24714285714285","72.24714285714285","72.24714285714285","37.394285714285715","37.394285714285715","37.394285714285715"
"16345.266907607","88.83714285714287","88.83714285714287","88.83714285714287","37.41428571428572","37.41428571428572","37.41428571428572"
"16355.26758267","98.4342857142857","98.4342857142857","98.4342857142857","37.394285714285715","37.394285714285715","37.394285714285715"
"16365.26790762","73.88285714285715","73.88285714285715","73.88285714285715","37.37428571428572","37.37428571428572","37.37428571428572"
"16375.270842069","108.13142857142857","108.13142857142857","108.13142857142857","37.394285714285715","37.394285714285715","37.394285714285715"
"16385.269269743","93.33285714285714","93.33285714285714","93.33285714285714","37.37428571428572","37.37428571428572","37.37428571428572"
"16395.276909449","93.67000000000002","93.67000000000002","93.67000000000002","37.41428571428572","37.41428571428572","37.41428571428572"
"16405.273405023","100.94428571428571","100.94428571428571","100.94428571428571","37.535714285714285","37.535714285714285","37.535714285714285"
"16415.278377172","89.11714285714285","89.11714285714285","89.11714285714285","37.394285714285715","37.394285714285715","37.394285714285715"
"16425.276114448","93.61142857142858","93.61142857142858","93.61142857142858","37.394285714285715","37.394285714285715","37.394285714285715"
"16435.266764401","90.59857142857143","90.59857142857143","90.59857142857143","37.394285714285715","37.394285714285715","37.394285714285715"
"16445.267026031","91.85428571428572","91.85428571428572","91.85428571428572","37.37428571428572","37.37428571428572","37.37428571428572"
"16455.266670442","93.67000000000002","93.67000000000002","93.67000000000002","37.394285714285715","37.394285714285715","37.394285714285715"
"16465.266630345","100.10714285714286","100.10714285714286","100.10714285714286","37.394285714285715","37.394285714285715","37.394285714285715"
"16475.274845752","96.96000000000001","96.96000000000001","96.96000000000001","37.394285714285715","37.394285714285715","37.394285714285715"
"16485.268300032","94.86714285714285","94.86714285714285","94.86714285714285","37.394285714285715","37.394285714285715","37.394285714285715"
"16495.268309289","98.0157142857143","98.0157142857143","98.0157142857143","37.394285714285715","37.394285714285715","37.394285714285715"
"16505.271673358","95.28571428571428","95.28571428571428","95.28571428571428","37.394285714285715","37.394285714285715","37.394285714285715"
"16515.274677258","75.04857142857144","75.04857142857144","75.04857142857144","37.394285714285715","37.394285714285715","37.394285714285715"
"16525.277882634","97.45857142857145","97.45857142857145","97.45857142857145","37.394285714285715","37.394285714285715","37.394285714285715"
"16535.26763649","96.40285714285714","96.40285714285714","96.40285714285714","37.41428571428572","37.41428571428572","37.41428571428572"
"16545.26851679","107.98714285714286","107.98714285714286","107.98714285714286","37.41428571428572","37.41428571428572","37.41428571428572"
"16555.266225545","96.12285714285714","96.12285714285714","96.12285714285714","37.394285714285715","37.394285714285715","37.394285714285715"
"16565.274232234","95.34428571428572","95.34428571428572","95.34428571428572","37.394285714285715","37.394285714285715","37.394285714285715"
"16575.274600319","99.34857142857142","99.34857142857142","99.34857142857142","37.37428571428572","37.37428571428572","37.37428571428572"
"16585.267648908","93.89142857142858","93.89142857142858","93.89142857142858","37.37428571428572","37.37428571428572","37.37428571428572"
"16595.268079939","89.67571428571429","89.67571428571429","89.67571428571429","37.394285714285715","37.394285714285715","37.394285714285715"
"16605.271912356","83.44","83.44","83.44","37.394285714285715","37.394285714285715","37.394285714285715"
"16615.278343979","93.47285714285714","93.47285714285714","93.47285714285714","37.394285714285715","37.394285714285715","37.394285714285715"
"16625.266007832","97.1","97.1","97.1","37.394285714285715","37.394285714285715","37.394285714285715"
"16635.268516869","93.25000000000001","93.25000000000001","93.25000000000001","37.535714285714285","37.535714285714285","37.535714285714285"
"16645.265275281","90.73714285714286","90.73714285714286","90.73714285714286","37.394285714285715","37.394285714285715","37.394285714285715"
"16655.271711917","94.08857142857143","94.08857142857143","94.08857142857143","37.394285714285715","37.394285714285715","37.394285714285715"
"16665.271796875","96.82142857142858","96.82142857142858","96.82142857142858","37.394285714285715","37.394285714285715","37.394285714285715"
"16675.267635438","98.07714285714285","98.07714285714285","98.07714285714285","37.41428571428572","37.41428571428572","37.41428571428572"
"16685.267859044","97.51857142857143","97.51857142857143","97.51857142857143","37.394285714285715","37.394285714285715","37.394285714285715"
"16695.266222829","94.17","94.17","94.17","37.394285714285715","37.394285714285715","37.394285714285715"
"16705.267630082","89.62142857142858","89.62142857142858","89.62142857142858","37.394285714285715","37.394285714285715","37.394285714285715"
"16715.265913333","104.71857142857142","104.71857142857142","104.71857142857142","37.252857142857145","37.252857142857145","37.252857142857145"
"16725.267712214","110.14857142857142","110.14857142857142","110.14857142857142","37.41428571428572","37.41428571428572","37.41428571428572"
"16735.277437782","94.58857142857143","94.58857142857143","94.58857142857143","37.41428571428572","37.41428571428572","37.41428571428572"
"16745.268086755","98.2157142857143","98.2157142857143","98.2157142857143","37.394285714285715","37.394285714285715","37.394285714285715"
"16755.267429573","87.02142857142857","87.02142857142857","87.02142857142857","37.394285714285715","37.394285714285715","37.394285714285715"
"16765.267705101","94.25142857142858","94.25142857142858","94.25142857142858","37.51428571428572","37.51428571428572","37.51428571428572"
"16775.274730936","96.40285714285714","96.40285714285714","96.40285714285714","37.41428571428572","37.41428571428572","37.41428571428572"
"16785.277513281","96.96000000000001","96.96000000000001","96.96000000000001","37.394285714285715","37.394285714285715","37.394285714285715"
"16795.266815992","91.79857142857144","91.79857142857144","91.79857142857144","37.37428571428572","37.37428571428572","37.37428571428572"
"16805.26791484","94.58857142857143","94.58857142857143","94.58857142857143","37.394285714285715","37.394285714285715","37.394285714285715"
"16815.271266225","107.08571428571427","107.08571428571427","107.08571428571427","37.394285714285715","37.394285714285715","37.394285714285715"
"16825.271361966","106.03714285714285","106.03714285714285","106.03714285714285","37.394285714285715","37.394285714285715","37.394285714285715"
"16835.266624054","90.2342857142857","90.2342857142857","90.2342857142857","37.41428571428572","37.41428571428572","37.41428571428572"
"16845.26810389","88.97714285714285","88.97714285714285","88.97714285714285","37.41428571428572","37.41428571428572","37.41428571428572"
"16855.267465426","90.93285714285713","90.93285714285713","90.93285714285713","37.394285714285715","37.394285714285715","37.394285714285715"
"16865.267116266","99.55000000000001","99.55000000000001","99.55000000000001","37.394285714285715","37.394285714285715","37.394285714285715"
"16875.268396428","77.66285714285713","77.66285714285713","77.66285714285713","37.394285714285715","37.394285714285715","37.394285714285715"
"16885.266113919","91.71428571428571","91.71428571428571","91.71428571428571","37.41428571428572","37.41428571428572","37.41428571428572"
"16895.266856584","100.24714285714286","100.24714285714286","100.24714285714286","37.55571428571429","37.55571428571429","37.55571428571429"
"16905.267199516","96.76142857142858","96.76142857142858","96.76142857142858","37.535714285714285","37.535714285714285","37.535714285714285"
"16915.277479899","89.53571428571429","89.53571428571429","89.53571428571429","37.394285714285715","37.394285714285715","37.394285714285715"
"16925.266418879","90.59857142857143","90.59857142857143","90.59857142857143","37.394285714285715","37.394285714285715","37.394285714285715"
"16935.270480032","100.18428571428572","100.18428571428572","100.18428571428572","37.37428571428572","37.37428571428572","37.37428571428572"
"16945.265988632","94.72857142857143","94.72857142857143","94.72857142857143","37.394285714285715","37.394285714285715","37.394285714285715"
"16955.276396878","96.42285714285713","96.42285714285713","96.42285714285713","37.37428571428572","37.37428571428572","37.37428571428572"
"16965.275233045","96.26285714285714","96.26285714285714","96.26285714285714","37.394285714285715","37.394285714285715","37.394285714285715"
"16975.273733658","91.21285714285715","91.21285714285715","91.21285714285715","37.394285714285715","37.394285714285715","37.394285714285715"
"16985.270988757","98.2942857142857","98.2942857142857","98.2942857142857","37.252857142857145","37.252857142857145","37.252857142857145"
"16995.27041825","98.85285714285715","98.85285714285715","98.85285714285715","37.394285714285715","37.394285714285715","37.394285714285715"
"17005.266365269","102.14857142857143","102.14857142857143","102.14857142857143","37.535714285714285","37.535714285714285","37.535714285714285"
"17015.265749854","101.43857142857145","101.43857142857145","101.43857142857145","37.37428571428572","37.37428571428572","37.37428571428572"
"17025.26652776","95.7042857142857","95.7042857142857","95.7042857142857","37.394285714285715","37.394285714285715","37.394285714285715"
"17035.271809925","99.76714285714287","99.76714285714287","99.76714285714287","37.37428571428572","37.37428571428572","37.37428571428572"
"17045.267520505","82.60142857142857","82.60142857142857","82.60142857142857","37.252857142857145","37.252857142857145","37.252857142857145"
"17055.267542232","97.51857142857143","97.51857142857143","97.51857142857143","37.252857142857145","37.252857142857145","37.252857142857145"
"17065.266381814","77.52285714285713","77.52285714285713","77.52285714285713","37.394285714285715","37.394285714285715","37.394285714285715"
"17075.265854354","97.43857142857142","97.43857142857142","97.43857142857142","37.41428571428572","37.41428571428572","37.41428571428572"
"17085.26764254","100.66571428571427","100.66571428571427","100.66571428571427","37.394285714285715","37.394285714285715","37.394285714285715"
"17095.266886506","98.85285714285715","98.85285714285715","98.85285714285715","37.535714285714285","37.535714285714285","37.535714285714285"
"17105.268292629","96.40285714285714","96.40285714285714","96.40285714285714","37.394285714285715","37.394285714285715","37.394285714285715"
"17115.267400394","95.64571428571428","95.64571428571428","95.64571428571428","37.37428571428572","37.37428571428572","37.37428571428572"
"17125.273721878","76.54285714285714","76.54285714285714","76.54285714285714","37.394285714285715","37.394285714285715","37.394285714285715"
"17135.269207574","110.01","110.01","110.01","37.394285714285715","37.394285714285715","37.394285714285715"
"17145.266985293","98.63428571428571","98.63428571428571","98.63428571428571","37.27428571428571","37.27428571428571","37.27428571428571"
"17155.266730958","99.55000000000001","99.55000000000001","99.55000000000001","37.394285714285715","37.394285714285715","37.394285714285715"
"17165.27448226","102.13571428571429","102.13571428571429","102.13571428571429","37.37428571428572","37.37428571428572","37.37428571428572"
"17175.272359785","96.68142857142858","96.68142857142858","96.68142857142858","37.535714285714285","37.535714285714285","37.535714285714285"
"17185.269398818","98.2157142857143","98.2157142857143","98.2157142857143","37.41428571428572","37.41428571428572","37.41428571428572"
"17195.271419732","94.72857142857143","94.72857142857143","94.72857142857143","37.394285714285715","37.394285714285715","37.394285714285715"
"17205.27161842","74.72285714285714","74.72285714285714","74.72285714285714","37.394285714285715","37.394285714285715","37.394285714285715"
"17215.265827659","94.22857142857141","94.22857142857141","94.22857142857141","37.394285714285715","37.394285714285715","37.394285714285715"
"17225.266828393","91.29571428571428","91.29571428571428","91.29571428571428","37.394285714285715","37.394285714285715","37.394285714285715"
"17235.26744937","93.89142857142858","93.89142857142858","93.89142857142858","37.394285714285715","37.394285714285715","37.394285714285715"
"17245.272881689","87.72000000000001","87.72000000000001","87.72000000000001","37.394285714285715","37.394285714285715","37.394285714285715"
"17255.267158734","96.54142857142857","96.54142857142857","96.54142857142857","37.252857142857145","37.252857142857145","37.252857142857145"
"17265.265956664","92.41285714285713","92.41285714285713","92.41285714285713","37.394285714285715","37.394285714285715","37.394285714285715"
"17275.26617967","95.34428571428572","95.34428571428572","95.34428571428572","37.394285714285715","37.394285714285715","37.394285714285715"
"17285.26778534","98.63428571428571","98.63428571428571","98.63428571428571","37.394285714285715","37.394285714285715","37.394285714285715"
"17295.27063506","99.55000000000001","99.55000000000001","99.55000000000001","37.394285714285715","37.394285714285715","37.394285714285715"
"17305.267730595","100.32428571428571","100.32428571428571","100.32428571428571","37.394285714285715","37.394285714285715","37.394285714285715"
"17315.267349426","95.9842857142857","95.9842857142857","95.9842857142857","37.394285714285715","37.394285714285715","37.394285714285715"
"17325.268378118","104.08571428571429","104.08571428571429","104.08571428571429","37.394285714285715","37.394285714285715","37.394285714285715"
"17335.267402136","99.13142857142857","99.13142857142857","99.13142857142857","37.394285714285715","37.394285714285715","37.394285714285715"
"17345.266780663","95.9842857142857","95.9842857142857","95.9842857142857","37.394285714285715","37.394285714285715","37.394285714285715"
"17355.270233454","70.5657142857143","70.5657142857143","70.5657142857143","37.394285714285715","37.394285714285715","37.394285714285715"
"17365.265643144","94.86714285714285","94.86714285714285","94.86714285714285","37.394285714285715","37.394285714285715","37.394285714285715"
"17375.271250894","101.57857142857142","101.57857142857142","101.57857142857142","37.535714285714285","37.535714285714285","37.535714285714285"
"17385.272061748","90.6542857142857","90.6542857142857","90.6542857142857","37.41428571428572","37.41428571428572","37.41428571428572"
"17395.268697767","98.71285714285715","98.71285714285715","98.71285714285715","37.35285714285715","37.35285714285715","37.35285714285715"
"17405.269637208","94.72857142857143","94.72857142857143","94.72857142857143","37.394285714285715","37.394285714285715","37.394285714285715"
"17415.277929885","93.39","93.39","93.39","37.394285714285715","37.394285714285715","37.394285714285715"
"17425.268160463","92.35571428571428","92.35571428571428","92.35571428571428","37.394285714285715","37.394285714285715","37.394285714285715"
"17435.268400166","103.52857142857144","103.52857142857144","103.52857142857144","37.394285714285715","37.394285714285715","37.394285714285715"
"17445.267440765","97.73714285714286","97.73714285714286","97.73714285714286","37.394285714285715","37.394285714285715","37.394285714285715"
"17455.27121072","102.90714285714284","102.90714285714284","102.90714285714284","37.394285714285715","37.394285714285715","37.394285714285715"
"17465.267162014","92.83142857142857","92.83142857142857","92.83142857142857","37.394285714285715","37.394285714285715","37.394285714285715"
"17475.268585868","89.9842857142857","89.9842857142857","89.9842857142857","37.37428571428572","37.37428571428572","37.37428571428572"
"17485.282270923","101.16000000000001","101.16000000000001","101.16000000000001","37.394285714285715","37.394285714285715","37.394285714285715"
"17495.273576078","101.08285714285714","101.08285714285714","101.08285714285714","37.394285714285715","37.394285714285715","37.394285714285715"
"17505.268171168","84.69857142857144","84.69857142857144","84.69857142857144","37.55571428571429","37.55571428571429","37.55571428571429"
"17515.26515908","95.42571428571429","95.42571428571429","95.42571428571429","37.394285714285715","37.394285714285715","37.394285714285715"
"17525.268951401","99.13142857142857","99.13142857142857","99.13142857142857","37.41428571428572","37.41428571428572","37.41428571428572"
"17535.269452793","92.97142857142858","92.97142857142858","92.97142857142858","37.41428571428572","37.41428571428572","37.41428571428572"
"17545.266533594","104.08571428571429","104.08571428571429","104.08571428571429","37.394285714285715","37.394285714285715","37.394285714285715"
"17555.275919265","105.83142857142856","105.83142857142856","105.83142857142856","37.394285714285715","37.394285714285715","37.394285714285715"
"17565.268650228","101.03428571428572","101.03428571428572","101.03428571428572","37.37428571428572","37.37428571428572","37.37428571428572"
"17575.272761354","99.96857142857142","99.96857142857142","99.96857142857142","37.394285714285715","37.394285714285715","37.394285714285715"
"17585.268196801","97.59714285714284","97.59714285714284","97.59714285714284","37.37428571428572","37.37428571428572","37.37428571428572"
"17595.274957016","101.85714285714285","101.85714285714285","101.85714285714285","37.37428571428572","37.37428571428572","37.37428571428572"
"17605.266960683","95.5657142857143","95.5657142857143","95.5657142857143","37.394285714285715","37.394285714285715","37.394285714285715"
"17615.274020368","103.88285714285715","103.88285714285715","103.88285714285715","37.37428571428572","37.37428571428572","37.37428571428572"
"17625.269712483","97.87714285714286","97.87714285714286","97.87714285714286","37.394285714285715","37.394285714285715","37.394285714285715"
"17635.27506175","95.36714285714287","95.36714285714287","95.36714285714287","37.37428571428572","37.37428571428572","37.37428571428572"
"17645.265432946","95.5657142857143","95.5657142857143","95.5657142857143","37.394285714285715","37.394285714285715","37.394285714285715"
"17655.266257626","97.79714285714286","97.79714285714286","97.79714285714286","37.41428571428572","37.41428571428572","37.41428571428572"
"17665.270654035","98.91428571428571","98.91428571428571","98.91428571428571","37.41428571428572","37.41428571428572","37.41428571428572"
"17675.273184513","96.40285714285714","96.40285714285714","96.40285714285714","37.394285714285715","37.394285714285715","37.394285714285715"
"17685.267795064","99.05285714285714","99.05285714285714","99.05285714285714","37.41428571428572","37.41428571428572","37.41428571428572"
"17695.269475745","94.67000000000002","94.67000000000002","94.67000000000002","37.394285714285715","37.394285714285715","37.394285714285715"
"17705.269087141","105.55285714285714","105.55285714285714","105.55285714285714","37.394285714285715","37.394285714285715","37.394285714285715"
"17715.2678203","98.99142857142856","98.99142857142856","98.99142857142856","37.394285714285715","37.394285714285715","37.394285714285715"
"17725.266156326","91.10000000000001","91.10000000000001","91.10000000000001","37.394285714285715","37.394285714285715","37.394285714285715"
"17735.266457633","90.45857142857142","90.45857142857142","90.45857142857142","37.394285714285715","37.394285714285715","37.394285714285715"
"17745.27004891","96.40285714285714","96.40285714285714","96.40285714285714","37.394285714285715","37.394285714285715","37.394285714285715"
"17755.266823324","99.27142857142857","99.27142857142857","99.27142857142857","37.394285714285715","37.394285714285715","37.394285714285715"
"17765.277649124","68.46571428571428","68.46571428571428","68.46571428571428","37.394285714285715","37.394285714285715","37.394285714285715"
"17775.278195545","91.57571428571428","91.57571428571428","91.57571428571428","37.535714285714285","37.535714285714285","37.535714285714285"
"17785.266930754","105.61857142857143","105.61857142857143","105.61857142857143","37.41428571428572","37.41428571428572","37.41428571428572"
"17795.267971756","97.1","97.1","97.1","37.535714285714285","37.535714285714285","37.535714285714285"
"17805.279514047","97.31857142857143","97.31857142857143","97.31857142857143","37.535714285714285","37.535714285714285","37.535714285714285"
"17815.269591019","92.49571428571429","92.49571428571429","92.49571428571429","37.37428571428572","37.37428571428572","37.37428571428572"
"17825.270061996","105.89714285714287","105.89714285714287","105.89714285714287","37.394285714285715","37.394285714285715","37.394285714285715"
"17835.271824163","96.26285714285714","96.26285714285714","96.26285714285714","37.394285714285715","37.394285714285715","37.394285714285715"
"17845.26803061","98.93142857142857","98.93142857142857","98.93142857142857","37.37428571428572","37.37428571428572","37.37428571428572"
"17855.267670073","93.94857142857143","93.94857142857143","93.94857142857143","37.252857142857145","37.252857142857145","37.252857142857145"
"17865.269790215","102.55428571428571","102.55428571428571","102.55428571428571","37.394285714285715","37.394285714285715","37.394285714285715"
"17875.26741898","90.87714285714286","90.87714285714286","90.87714285714286","37.394285714285715","37.394285714285715","37.394285714285715"
"17885.273603884","101.08285714285714","101.08285714285714","101.08285714285714","37.394285714285715","37.394285714285715","37.394285714285715"
"17895.268801065","98.2942857142857","98.2942857142857","98.2942857142857","37.394285714285715","37.394285714285715","37.394285714285715"
"17905.267190954","94.72857142857143","94.72857142857143","94.72857142857143","37.394285714285715","37.394285714285715","37.394285714285715"
"17915.266183838","97.93714285714286","97.93714285714286","97.93714285714286","37.394285714285715","37.394285714285715","37.394285714285715"
"17925.273795371","99.27142857142857","99.27142857142857","99.27142857142857","37.394285714285715","37.394285714285715","37.394285714285715"
"17935.272437891","92.69285714285715","92.69285714285715","92.69285714285715","37.394285714285715","37.394285714285715","37.394285714285715"
"17945.267300383","97.1","97.1","97.1","37.394285714285715","37.394285714285715","37.394285714285715"
"17955.267904232","111.05428571428571","111.05428571428571","111.05428571428571","37.37428571428572","37.37428571428572","37.37428571428572"
"17965.269052908","100.60285714285715","100.60285714285715","100.60285714285715","37.51428571428572","37.51428571428572","37.51428571428572"
"17975.266330067","97.31857142857143","97.31857142857143","97.31857142857143","37.394285714285715","37.394285714285715","37.394285714285715"
"17985.269110924","90.09428571428572","90.09428571428572","90.09428571428572","37.252857142857145","37.252857142857145","37.252857142857145"
"17995.266145279","93.94857142857143","93.94857142857143","93.94857142857143","37.252857142857145","37.252857142857145","37.252857142857145"
"18005.273910511","89.53571428571429","89.53571428571429","89.53571428571429","37.394285714285715","37.394285714285715","37.394285714285715"
"18015.271839535","94.86714285714285","94.86714285714285","94.86714285714285","37.394285714285715","37.394285714285715","37.394285714285715"
"18025.266356255","93.89142857142858","93.89142857142858","93.89142857142858","37.37428571428572","37.37428571428572","37.37428571428572"
"18035.265080369","100.52571428571429","100.52571428571429","100.52571428571429","37.41428571428572","37.41428571428572","37.41428571428572"
"18045.273935694","93.13571428571427","93.13571428571427","93.13571428571427","37.37428571428572","37.37428571428572","37.37428571428572"
"18055.266782883","99.55000000000001","99.55000000000001","99.55000000000001","37.394285714285715","37.394285714285715","37.394285714285715"
"18065.27586016","100.74285714285713","100.74285714285713","100.74285714285713","37.394285714285715","37.394285714285715","37.394285714285715"
"18075.270207904","104.50428571428571","104.50428571428571","104.50428571428571","37.394285714285715","37.394285714285715","37.394285714285715"
"18085.265237079","92.69285714285715","92.69285714285715","92.69285714285715","37.41428571428572","37.41428571428572","37.41428571428572"
"18095.274436704","95.78571428571429","95.78571428571429","95.78571428571429","37.37428571428572","37.37428571428572","37.37428571428572"
"18105.28035631","102.21142857142857","102.21142857142857","102.21142857142857","37.37428571428572","37.37428571428572","37.37428571428572"
"18115.266027006","95.6242857142857","95.6242857142857","95.6242857142857","37.252857142857145","37.252857142857145","37.252857142857145"
"18125.270061676","98.4342857142857","98.4342857142857","98.4342857142857","37.394285714285715","37.394285714285715","37.394285714285715"
"18135.272021064","102.63","102.63","102.63","37.37428571428572","37.37428571428572","37.37428571428572"
"18145.279368302","97.31857142857143","97.31857142857143","97.31857142857143","37.394285714285715","37.394285714285715","37.394285714285715"
"18155.26698681","90.96142857142857","90.96142857142857","90.96142857142857","37.35285714285715","37.35285714285715","37.35285714285715"
"18165.267423983","97.79714285714286","97.79714285714286","97.79714285714286","37.41428571428572","37.41428571428572","37.41428571428572"
"18175.270756687","102.97142857142856","102.97142857142856","102.97142857142856","37.394285714285715","37.394285714285715","37.394285714285715"
"18185.267282018","101.43857142857145","101.43857142857145","101.43857142857145","37.252857142857145","37.252857142857145","37.252857142857145"
"18195.266100812","87.30142857142856","87.30142857142856","87.30142857142856","37.27428571428571","37.27428571428571","37.27428571428571"
"18205.26701551","94.08857142857143","94.08857142857143","94.08857142857143","37.394285714285715","37.394285714285715","37.394285714285715"
"18215.271504333","102.61714285714285","102.61714285714285","102.61714285714285","37.394285714285715","37.394285714285715","37.394285714285715"
"18225.267486552","99.68857142857142","99.68857142857142","99.68857142857142","37.394285714285715","37.394285714285715","37.394285714285715"
"18235.265482844","95.28571428571428","95.28571428571428","95.28571428571428","37.394285714285715","37.394285714285715","37.394285714285715"
"18245.266710183","102.97142857142856","102.97142857142856","102.97142857142856","37.394285714285715","37.394285714285715","37.394285714285715"
"18255.267767778","103.66857142857143","103.66857142857143","103.66857142857143","37.394285714285715","37.394285714285715","37.394285714285715"
"18265.267328932","97.45857142857145","97.45857142857145","97.45857142857145","37.394285714285715","37.394285714285715","37.394285714285715"
"18275.266077447","100.24714285714286","100.24714285714286","100.24714285714286","37.41428571428572","37.41428571428572","37.41428571428572"
"18285.276480207","93.39","93.39","93.39","37.41428571428572","37.41428571428572","37.41428571428572"
"18295.271579858","95.9842857142857","95.9842857142857","95.9842857142857","37.394285714285715","37.394285714285715","37.394285714285715"
"18305.266790475","98.2342857142857","98.2342857142857","98.2342857142857","37.51428571428572","37.51428571428572","37.51428571428572"
"18315.267231524","92.05","92.05","92.05","37.41428571428572","37.41428571428572","37.41428571428572"
"18325.271618059","95.8442857142857","95.8442857142857","95.8442857142857","37.394285714285715","37.394285714285715","37.394285714285715"
"18335.277495081","98.2942857142857","98.2942857142857","98.2942857142857","37.394285714285715","37.394285714285715","37.394285714285715"
"18345.27480356","94.03","94.03","94.03","37.394285714285715","37.394285714285715","37.394285714285715"
"18355.276915403","96.06428571428573","96.06428571428573","96.06428571428573","37.37428571428572","37.37428571428572","37.37428571428572"
"18365.274037109","99.48857142857143","99.48857142857143","99.48857142857143","37.394285714285715","37.394285714285715","37.394285714285715"
"18375.269240431","90.73714285714286","90.73714285714286","90.73714285714286","37.394285714285715","37.394285714285715","37.394285714285715"
"18385.273895017","92.13428571428571","92.13428571428571","92.13428571428571","37.394285714285715","37.394285714285715","37.394285714285715"
"18395.272742187","100.66571428571427","100.66571428571427","100.66571428571427","37.394285714285715","37.394285714285715","37.394285714285715"
"18405.276071668","94.94857142857143","94.94857142857143","94.94857142857143","37.394285714285715","37.394285714285715","37.394285714285715"
"18415.266060888","112.51571428571427","112.51571428571427","112.51571428571427","37.394285714285715","37.394285714285715","37.394285714285715"
"18425.268418275","108.82714285714286","108.82714285714286","108.82714285714286","37.394285714285715","37.394285714285715","37.394285714285715"
"18435.270287948","98.35571428571428","98.35571428571428","98.35571428571428","37.394285714285715","37.394285714285715","37.394285714285715"
"18445.27354475","106.4557142857143","106.4557142857143","106.4557142857143","37.394285714285715","37.394285714285715","37.394285714285715"
"18455.267122418","93.89142857142858","93.89142857142858","93.89142857142858","37.37428571428572","37.37428571428572","37.37428571428572"
"18465.271811288","103.1742857142857","103.1742857142857","103.1742857142857","37.41428571428572","37.41428571428572","37.41428571428572"
"18475.27081905","97.24","97.24","97.24","37.394285714285715","37.394285714285715","37.394285714285715"
"18485.26541244","97.59714285714284","97.59714285714284","97.59714285714284","37.394285714285715","37.394285714285715","37.394285714285715"
"18495.271555324","84.47","84.47","84.47","37.41428571428572","37.41428571428572","37.41428571428572"
"18505.267832353","98.4342857142857","98.4342857142857","98.4342857142857","37.394285714285715","37.394285714285715","37.394285714285715"
"18515.266732412","100.04571428571427","100.04571428571427","100.04571428571427","37.37428571428572","37.37428571428572","37.37428571428572"
"18525.266355675","91.49142857142857","91.49142857142857","91.49142857142857","37.41428571428572","37.41428571428572","37.41428571428572"
"18535.270500174","98.2157142857143","98.2157142857143","98.2157142857143","37.41428571428572","37.41428571428572","37.41428571428572"
"18545.273563592","100.38571428571427","100.38571428571427","100.38571428571427","37.41428571428572","37.41428571428572","37.41428571428572"
"18555.269769418","100.94428571428571","100.94428571428571","100.94428571428571","37.394285714285715","37.394285714285715","37.394285714285715"
"18565.267785226","96.40285714285714","96.40285714285714","96.40285714285714","37.394285714285715","37.394285714285715","37.394285714285715"
"18575.267475876","90.62571428571428","90.62571428571428","90.62571428571428","37.37428571428572","37.37428571428572","37.37428571428572"
"18585.275880229","71.82714285714286","71.82714285714286","71.82714285714286","37.394285714285715","37.394285714285715","37.394285714285715"
"18595.269194884","110.35857142857144","110.35857142857144","110.35857142857144","37.394285714285715","37.394285714285715","37.394285714285715"
"18605.266042408","96.97999999999999","96.97999999999999","96.97999999999999","37.394285714285715","37.394285714285715","37.394285714285715"
"18615.27605467","95.28571428571428","95.28571428571428","95.28571428571428","37.394285714285715","37.394285714285715","37.394285714285715"
"18625.268696211","100.46285714285715","100.46285714285715","100.46285714285715","37.394285714285715","37.394285714285715","37.394285714285715"
"18635.273787376","96.54142857142857","96.54142857142857","96.54142857142857","37.41428571428572","37.41428571428572","37.41428571428572"
"18645.268659872","94.36714285714287","94.36714285714287","94.36714285714287","37.41428571428572","37.41428571428572","37.41428571428572"
"18655.269623654","83.58","83.58","83.58","37.394285714285715","37.394285714285715","37.394285714285715"
"18665.266096033","71.59","71.59","71.59","37.41428571428572","37.41428571428572","37.41428571428572"
"18675.268245932","91.71428571428571","91.71428571428571","91.71428571428571","37.394285714285715","37.394285714285715","37.394285714285715"
"18685.267688686","94.17","94.17","94.17","37.37428571428572","37.37428571428572","37.37428571428572"
"18695.268959173","76.44857142857143","76.44857142857143","76.44857142857143","37.41428571428572","37.41428571428572","37.41428571428572"
"18705.267492369","92.55285714285715","92.55285714285715","92.55285714285715","37.394285714285715","37.394285714285715","37.394285714285715"
"18715.273139311","101.29999999999998","101.29999999999998","101.29999999999998","37.394285714285715","37.394285714285715","37.394285714285715"
"18725.267585609","97.93714285714286","97.93714285714286","97.93714285714286","37.394285714285715","37.394285714285715","37.394285714285715"
"18735.268802949","102.13571428571429","102.13571428571429","102.13571428571429","37.394285714285715","37.394285714285715","37.394285714285715"
"18745.266922048","81.95142857142858","81.95142857142858","81.95142857142858","37.41428571428572","37.41428571428572","37.41428571428572"
"18755.266907934","100.32428571428571","100.32428571428571","100.32428571428571","37.394285714285715","37.394285714285715","37.394285714285715"
"18765.272459815","96.54142857142857","96.54142857142857","96.54142857142857","37.41428571428572","37.41428571428572","37.41428571428572"
"18775.269118368","97.51857142857143","97.51857142857143","97.51857142857143","37.394285714285715","37.394285714285715","37.394285714285715"
"18785.277821136","92.69285714285715","92.69285714285715","92.69285714285715","37.394285714285715","37.394285714285715","37.394285714285715"
"18795.273333176","94.58857142857143","94.58857142857143","94.58857142857143","37.394285714285715","37.394285714285715","37.394285714285715"
"18805.267034245","97.31857142857143","97.31857142857143","97.31857142857143","37.394285714285715","37.394285714285715","37.394285714285715"
"18815.271389003","103.25","103.25","103.25","37.394285714285715","37.394285714285715","37.394285714285715"
"18825.267896317","96.26285714285714","96.26285714285714","96.26285714285714","37.252857142857145","37.252857142857145","37.252857142857145"
"18835.266384935","99.96857142857142","99.96857142857142","99.96857142857142","37.394285714285715","37.394285714285715","37.394285714285715"
"18845.271046046","93.25000000000001","93.25000000000001","93.25000000000001","37.394285714285715","37.394285714285715","37.394285714285715"
"18855.267490844","95.5657142857143","95.5657142857143","95.5657142857143","37.394285714285715","37.394285714285715","37.394285714285715"
"18865.266265951","94.44857142857144","94.44857142857144","94.44857142857144","37.394285714285715","37.394285714285715","37.394285714285715"
"18875.266054863","97.45857142857145","97.45857142857145","97.45857142857145","37.394285714285715","37.394285714285715","37.394285714285715"
"18885.268327089","95.78571428571429","95.78571428571429","95.78571428571429","37.37428571428572","37.37428571428572","37.37428571428572"
"18895.268509146","98.07714285714285","98.07714285714285","98.07714285714285","37.41428571428572","37.41428571428572","37.41428571428572"
"18905.267378832","99.19285714285715","99.19285714285715","99.19285714285715","37.41428571428572","37.41428571428572","37.41428571428572"
"18915.273659872","69.95","69.95","69.95","37.41428571428572","37.41428571428572","37.41428571428572"
"18925.266288228","95.5657142857143","95.5657142857143","95.5657142857143","37.394285714285715","37.394285714285715","37.394285714285715"
"18935.266467973","96.20285714285714","96.20285714285714","96.20285714285714","37.37428571428572","37.37428571428572","37.37428571428572"
"18945.267974705","96.82142857142858","96.82142857142858","96.82142857142858","37.394285714285715","37.394285714285715","37.394285714285715"
"18955.265913147","97.79714285714286","97.79714285714286","97.79714285714286","37.394285714285715","37.394285714285715","37.394285714285715"
"18965.266265118","103.52857142857144","103.52857142857144","103.52857142857144","37.394285714285715","37.394285714285715","37.394285714285715"
"18975.275199161","92.21714285714286","92.21714285714286","92.21714285714286","37.37428571428572","37.37428571428572","37.37428571428572"
"18985.275328832","98.71285714285715","98.71285714285715","98.71285714285715","37.252857142857145","37.252857142857145","37.252857142857145"
"18995.269108308","97.65857142857143","97.65857142857143","97.65857142857143","37.252857142857145","37.252857142857145","37.252857142857145"
"19005.266414887","94.22857142857141","94.22857142857141","94.22857142857141","37.394285714285715","37.394285714285715","37.394285714285715"
"19015.267211739","101.22285714285712","101.22285714285712","101.22285714285712","37.394285714285715","37.394285714285715","37.394285714285715"
"19025.276098937","100.66571428571427","100.66571428571427","100.66571428571427","37.394285714285715","37.394285714285715","37.394285714285715"
"19035.26585234","95.14714285714285","95.14714285714285","95.14714285714285","37.394285714285715","37.394285714285715","37.394285714285715"
"19045.269912025","100.94428571428571","100.94428571428571","100.94428571428571","37.394285714285715","37.394285714285715","37.394285714285715"
"19055.28117832","90.93285714285713","90.93285714285713","90.93285714285713","37.252857142857145","37.252857142857145","37.252857142857145"
"19065.267851011","73.74285714285715","73.74285714285715","73.74285714285715","37.394285714285715","37.394285714285715","37.394285714285715"
"19075.267422994","77.66285714285713","77.66285714285713","77.66285714285713","37.394285714285715","37.394285714285715","37.394285714285715"
"19085.269721692","98.65285714285714","98.65285714285714","98.65285714285714","37.37428571428572","37.37428571428572","37.37428571428572"
"19095.271279965","91.29571428571428","91.29571428571428","91.29571428571428","37.394285714285715","37.394285714285715","37.394285714285715"
"19105.268389166","92.05","92.05","92.05","37.535714285714285","37.535714285714285","37.535714285714285"
"19115.268018127","101.16000000000001","101.16000000000001","101.16000000000001","37.394285714285715","37.394285714285715","37.394285714285715"
"19125.269935355","94.80857142857143","94.80857142857143","94.80857142857143","37.394285714285715","37.394285714285715","37.394285714285715"
"19135.267790748","102.47714285714284","102.47714285714284","102.47714285714284","37.41428571428572","37.41428571428572","37.41428571428572"
"19145.267543858","105.83142857142856","105.83142857142856","105.83142857142856","37.41428571428572","37.41428571428572","37.41428571428572"
"19155.269145969","101.29999999999998","101.29999999999998","101.29999999999998","37.37428571428572","37.37428571428572","37.37428571428572"
"19165.270048711","96.56142857142858","96.56142857142858","96.56142857142858","37.35285714285715","37.35285714285715","37.35285714285715"
"19175.267828042","96.34285714285714","96.34285714285714","96.34285714285714","37.394285714285715","37.394285714285715","37.394285714285715"
"19185.268115385","96.76142857142858","96.76142857142858","96.76142857142858","37.252857142857145","37.252857142857145","37.252857142857145"
"19195.267564221","97.31857142857143","97.31857142857143","97.31857142857143","37.394285714285715","37.394285714285715","37.394285714285715"
"19205.267801383","95.9842857142857","95.9842857142857","95.9842857142857","37.394285714285715","37.394285714285715","37.394285714285715"
"19215.268777592","90.2342857142857","90.2342857142857","90.2342857142857","37.41428571428572","37.41428571428572","37.41428571428572"
"19225.267099193","89.95571428571428","89.95571428571428","89.95571428571428","37.394285714285715","37.394285714285715","37.394285714285715"
"19235.273727586","94.86714285714285","94.86714285714285","94.86714285714285","37.37428571428572","37.37428571428572","37.37428571428572"
"19245.268638825","96.68142857142858","96.68142857142858","96.68142857142858","37.394285714285715","37.394285714285715","37.394285714285715"
"19255.267406841","86.60285714285715","86.60285714285715","86.60285714285715","37.37428571428572","37.37428571428572","37.37428571428572"
"19265.271735897","97.1","97.1","97.1","37.394285714285715","37.394285714285715","37.394285714285715"
"19275.269903163","91.29571428571428","91.29571428571428","91.29571428571428","37.394285714285715","37.394285714285715","37.394285714285715"
"19285.265540874","94.50714285714285","94.50714285714285","94.50714285714285","37.41428571428572","37.41428571428572","37.41428571428572"
"19295.266968222","95.76428571428572","95.76428571428572","95.76428571428572","37.41428571428572","37.41428571428572","37.41428571428572"
"19305.267115978","96.34285714285714","96.34285714285714","96.34285714285714","37.394285714285715","37.394285714285715","37.394285714285715"
"19315.266656057","95.5657142857143","95.5657142857143","95.5657142857143","37.394285714285715","37.394285714285715","37.394285714285715"
"19325.27093873","78.36285714285715","78.36285714285715","78.36285714285715","37.394285714285715","37.394285714285715","37.394285714285715"
"19335.277933246","91.99428571428572","91.99428571428572","91.99428571428572","37.394285714285715","37.394285714285715","37.394285714285715"
"19345.266667019","92.27285714285713","92.27285714285713","92.27285714285713","37.394285714285715","37.394285714285715","37.394285714285715"
"19355.268659089","97.59714285714284","97.59714285714284","97.59714285714284","37.394285714285715","37.394285714285715","37.394285714285715"
"19365.277687197","91.43571428571427","91.43571428571427","91.43571428571427","37.394285714285715","37.394285714285715","37.394285714285715"
"19375.268581658","97.31857142857143","97.31857142857143","97.31857142857143","37.394285714285715","37.394285714285715","37.394285714285715"
"19385.266324726","91.07285714285715","91.07285714285715","91.07285714285715","37.394285714285715","37.394285714285715","37.394285714285715"
"19395.274102665","96.40285714285714","96.40285714285714","96.40285714285714","37.394285714285715","37.394285714285715","37.394285714285715"
"19405.270526973","97.67714285714285","97.67714285714285","97.67714285714285","37.37428571428572","37.37428571428572","37.37428571428572"
"19415.265966053","96.06428571428573","96.06428571428573","96.06428571428573","37.37428571428572","37.37428571428572","37.37428571428572"
"19425.266768985","98.07714285714285","98.07714285714285","98.07714285714285","37.252857142857145","37.252857142857145","37.252857142857145"
"19435.267897158","74.06714285714285","74.06714285714285","74.06714285714285","37.394285714285715","37.394285714285715","37.394285714285715"
"19445.269688371","103.03571428571428","103.03571428571428","103.03571428571428","37.41428571428572","37.41428571428572","37.41428571428572"
"19455.26933315","97.65857142857143","97.65857142857143","97.65857142857143","37.252857142857145","37.252857142857145","37.252857142857145"
"19465.26963784","95.42571428571429","95.42571428571429","95.42571428571429","37.394285714285715","37.394285714285715","37.394285714285715"
"19475.267519043","96.96000000000001","96.96000000000001","96.96000000000001","37.394285714285715","37.394285714285715","37.394285714285715"
"19485.267813907","98.4342857142857","98.4342857142857","98.4342857142857","37.394285714285715","37.394285714285715","37.394285714285715"
"19495.267403955","98.57428571428571","98.57428571428571","98.57428571428571","37.394285714285715","37.394285714285715","37.394285714285715"
"19505.280413686","97.65857142857143","97.65857142857143","97.65857142857143","37.394285714285715","37.394285714285715","37.394285714285715"
"19515.26764924","87.30142857142856","87.30142857142856","87.30142857142856","37.37428571428572","37.37428571428572","37.37428571428572"
"19525.269813851","94.86714285714285","94.86714285714285","94.86714285714285","37.394285714285715","37.394285714285715","37.394285714285715"
"19535.267458014","98.2157142857143","98.2157142857143","98.2157142857143","37.394285714285715","37.394285714285715","37.394285714285715"
"19545.274397443","101.64142857142858","101.64142857142858","101.64142857142858","37.41428571428572","37.41428571428572","37.41428571428572"
"19555.276986685","93.89142857142858","93.89142857142858","93.89142857142858","37.394285714285715","37.394285714285715","37.394285714285715"
"19565.267381545","82.74142857142857","82.74142857142857","82.74142857142857","37.394285714285715","37.394285714285715","37.394285714285715"
"19575.266617954","92.91428571428573","92.91428571428573","92.91428571428573","37.394285714285715","37.394285714285715","37.394285714285715"
"19585.265977942","104.16142857142856","104.16142857142856","104.16142857142856","37.37428571428572","37.37428571428572","37.37428571428572"
"19595.266903305","95.42571428571429","95.42571428571429","95.42571428571429","37.394285714285715","37.394285714285715","37.394285714285715"
"19605.2739174","86.00857142857143","86.00857142857143","86.00857142857143","37.41428571428572","37.41428571428572","37.41428571428572"
"19615.26859333","99.82857142857142","99.82857142857142","99.82857142857142","37.252857142857145","37.252857142857145","37.252857142857145"
"19625.265692785","96.82142857142858","96.82142857142858","96.82142857142858","37.394285714285715","37.394285714285715","37.394285714285715"
"19635.268219081","93.67000000000002","93.67000000000002","93.67000000000002","37.252857142857145","37.252857142857145","37.252857142857145"
"19645.273191445","89.34142857142857","89.34142857142857","89.34142857142857","37.394285714285715","37.394285714285715","37.394285714285715"
"19655.26680192","100.94428571428571","100.94428571428571","100.94428571428571","37.394285714285715","37.394285714285715","37.394285714285715"
"19665.275435698","82.23142857142857","82.23142857142857","82.23142857142857","37.41428571428572","37.41428571428572","37.41428571428572"
"19675.269243177","98.07714285714285","98.07714285714285","98.07714285714285","37.41428571428572","37.41428571428572","37.41428571428572"
"19685.268825351","93.53","93.53","93.53","37.394285714285715","37.394285714285715","37.394285714285715"
"19695.26692255","93.75142857142858","93.75142857142858","93.75142857142858","37.394285714285715","37.394285714285715","37.394285714285715"
"19705.266034451","94.50714285714285","94.50714285714285","94.50714285714285","37.41428571428572","37.41428571428572","37.41428571428572"
"19715.266304412","102.55428571428571","102.55428571428571","102.55428571428571","37.394285714285715","37.394285714285715","37.394285714285715"
"19725.26777561","91.43571428571427","91.43571428571427","91.43571428571427","37.41428571428572","37.41428571428572","37.41428571428572"
"19735.265830155","100.88142857142859","100.88142857142859","100.88142857142859","37.394285714285715","37.394285714285715","37.394285714285715"
"19745.275418375","95.14714285714285","95.14714285714285","95.14714285714285","37.394285714285715","37.394285714285715","37.394285714285715"
"19755.267863838","93.47285714285714","93.47285714285714","93.47285714285714","37.394285714285715","37.394285714285715","37.394285714285715"
"19765.265842439","97.59714285714284","97.59714285714284","97.59714285714284","37.394285714285715","37.394285714285715","37.394285714285715"
"19775.267780258","100.04571428571427","100.04571428571427","100.04571428571427","37.535714285714285","37.535714285714285","37.535714285714285"
"19785.267570961","96.62142857142858","96.62142857142858","96.62142857142858","37.37428571428572","37.37428571428572","37.37428571428572"
"19795.268287175","96.94","96.94","96.94","37.41428571428572","37.41428571428572","37.41428571428572"
"19805.266074941","96.04285714285716","96.04285714285716","96.04285714285716","37.41428571428572","37.41428571428572","37.41428571428572"
"19815.274512532","97.11999999999999","97.11999999999999","97.11999999999999","37.394285714285715","37.394285714285715","37.394285714285715"
"19825.26960977","96.82142857142858","96.82142857142858","96.82142857142858","37.394285714285715","37.394285714285715","37.394285714285715"
"19835.267077515","92.27285714285713","92.27285714285713","92.27285714285713","37.394285714285715","37.394285714285715","37.394285714285715"
"19845.265638707","100.60285714285715","100.60285714285715","100.60285714285715","37.37428571428572","37.37428571428572","37.37428571428572"
"20645.267958144","42.97714285714286","42.97714285714286","42.97714285714286","41.68857142857142","41.68857142857142","41.68857142857142"
"21775.267899982","43.82142857142857","43.82142857142857","43.82142857142857","41.712857142857146","41.712857142857146","41.712857142857146"
"21785.267030066","48.57428571428572","48.57428571428572","48.57428571428572","41.712857142857146","41.712857142857146","41.712857142857146"
"21795.266270352","43.11857142857143","43.11857142857143","43.11857142857143","41.57142857142858","41.57142857142858","41.57142857142858"
"21805.266304699","43.11857142857143","43.11857142857143","43.11857142857143","41.57142857142858","41.57142857142858","41.57142857142858"