"Relative Time (Process)","StudyAbroadGPT-7B-continued - system/gpu.0.powerWatts","StudyAbroadGPT-7B-continued - system/gpu.0.powerWatts__MIN","StudyAbroadGPT-7B-continued - system/gpu.0.powerWatts__MAX","StudyAbroadGPT-7B-continued - system/gpu.1.powerWatts","StudyAbroadGPT-7B-continued - system/gpu.1.powerWatts__MIN","StudyAbroadGPT-7B-continued - system/gpu.1.powerWatts__MAX"
"15.282726015","25.979","25.979","25.979","25.571","25.571","25.571"
"25.265648523","26.077","26.077","26.077","25.669","25.669","25.669"
"35.268134699","26.077","26.077","26.077","25.866","25.866","25.866"
"45.276054403","69.057","69.057","69.057","25.95","25.95","25.95"
"55.269090567","29.002","29.002","29.002","25.965","25.965","25.965"
"65.271829729","65.293","65.293","65.293","26.049","26.049","26.049"
"75.268575932","27.344","27.344","27.344","26.147","26.147","26.147"
"85.276529561","70.129","70.129","70.129","26.246","26.246","26.246"
"95.267709641","63.399","63.399","63.399","26.344","26.344","26.344"
"105.26622235","37.107","37.107","37.107","26.541","26.541","26.541"
"115.265448016","73.16","73.16","73.16","26.541","26.541","26.541"
"125.268289862","69.069","69.069","69.069","26.541","26.541","26.541"
"135.268787834","69.794","69.794","69.794","26.639","26.639","26.639"
"145.267607564","60.743","60.743","60.743","26.738","26.738","26.738"
"155.266615147","66.911","66.911","66.911","26.836","26.836","26.836"
"165.273888851","63.243","63.243","63.243","26.821","26.821","26.821"
"175.266194678","68.624","68.624","68.624","26.836","26.836","26.836"
"945.267685732","30.166","30.166","30.166","29.084","29.084","29.084"
"955.265614151","30.068","30.068","30.068","29.084","29.084","29.084"
"965.266567442","30.166","30.166","30.166","29.068","29.068","29.068"
"975.267032727","30.166","30.166","30.166","29.166","29.166","29.166"
"985.267835171","30.166","30.166","30.166","29.166","29.166","29.166"
"995.265477487","30.166","30.166","30.166","29.084","29.084","29.084"
"1005.267035756","30.166","30.166","30.166","29.084","29.084","29.084"
"1015.265546242","30.166","30.166","30.166","29.182","29.182","29.182"
"1035.2668394","30.264","30.264","30.264","29.166","29.166","29.166"
"1045.266411634","55.991","55.991","55.991","29.166","29.166","29.166"
"1055.265837761","67.997","67.997","67.997","29.166","29.166","29.166"
"1065.271039921","68.484","68.484","68.484","29.166","29.166","29.166"
"1075.268876502","69.263","69.263","69.263","28.773","28.773","28.773"
"1085.273139789","68.137","68.137","68.137","28.281","28.281","28.281"
"1095.267500395","68.721","68.721","68.721","27.903","27.903","27.903"
"1105.265939952","65.74","65.74","65.74","27.707","27.707","27.707"
"1115.26547951","67.844","67.844","67.844","27.525","27.525","27.525"
"1125.268191527","71.309","71.309","71.309","27.328","27.328","27.328"
"1135.267267404","68.429","68.429","68.429","27.313","27.313","27.313"
"1145.265542271","66.326","66.326","66.326","27.328","27.328","27.328"
"1155.270195255","68.081","68.081","68.081","27.23","27.23","27.23"
"1165.265521817","68.819","68.819","68.819","27.132","27.132","27.132"
"1175.26691707","71.699","71.699","71.699","26.935","26.935","26.935"
"1185.272515968","34.888","34.888","34.888","26.851","26.851","26.851"
"1195.266001313","68.276","68.276","68.276","26.836","26.836","26.836"
"1205.265507775","52.47","52.47","52.47","26.738","26.738","26.738"
"1215.273814613","69.111","69.111","69.111","26.639","26.639","26.639"
"1225.265528457","58.275","58.275","58.275","26.654","26.654","26.654"
"1235.265692333","67.301","67.301","67.301","26.556","26.556","26.556"
"1245.274446643","66.757","66.757","66.757","26.556","26.556","26.556"
"1255.275641964","68.263","68.263","68.263","26.556","26.556","26.556"
"1265.265354113","68.374","68.374","68.374","26.457","26.457","26.457"
"1275.270426836","50.738","50.738","50.738","26.457","26.457","26.457"
"1285.265503381","68.026","68.026","68.026","26.359","26.359","26.359"
"1295.268258961","66.952","66.952","66.952","26.457","26.457","26.457"
"1305.271934497","58.079","58.079","58.079","26.359","26.359","26.359"
"1315.265738672","66.854","66.854","66.854","26.359","26.359","26.359"
"1325.272673178","66.854","66.854","66.854","26.26","26.26","26.26"
"1335.275614913","68.416","68.416","68.416","26.26","26.26","26.26"
"1345.267954801","69.642","69.642","69.642","26.26","26.26","26.26"
"1355.265229372","65.878","65.878","65.878","26.359","26.359","26.359"
"1365.268519901","66.464","66.464","66.464","26.359","26.359","26.359"
"1375.267413549","66.659","66.659","66.659","26.359","26.359","26.359"
"1385.272998202","67.44","67.44","67.44","26.359","26.359","26.359"
"1395.268350244","67.635","67.635","67.635","26.359","26.359","26.359"
"1405.268613342","73.4","73.4","73.4","26.26","26.26","26.26"
"1415.267982808","74.226","74.226","74.226","26.26","26.26","26.26"
"1425.267386786","63.966","63.966","63.966","26.275","26.275","26.275"
"1435.26550606","71.105","71.105","71.105","26.373","26.373","26.373"
"1445.277250061","66.757","66.757","66.757","26.373","26.373","26.373"
"1455.266123245","62.735","62.735","62.735","26.275","26.275","26.275"
"1465.267954251","52.502","52.502","52.502","26.275","26.275","26.275"
"1475.271793395","72.133","72.133","72.133","26.275","26.275","26.275"
"1485.278676568","57.821","57.821","57.821","26.275","26.275","26.275"
"1495.266083721","70.129","70.129","70.129","26.275","26.275","26.275"
"1505.269389895","56.093","56.093","56.093","26.275","26.275","26.275"
"1515.26953179","68.221","68.221","68.221","26.275","26.275","26.275"
"1525.266012213","71.397","71.397","71.397","26.176","26.176","26.176"
"1535.266745837","69.49","69.49","69.49","26.176","26.176","26.176"
"1545.275819445","70.856","70.856","70.856","26.275","26.275","26.275"
"1555.271631822","68.026","68.026","68.026","26.275","26.275","26.275"
"1565.266599464","67.635","67.635","67.635","26.275","26.275","26.275"
"1575.265281584","52.306","52.306","52.306","26.176","26.176","26.176"
"1585.269237838","64.942","64.942","64.942","26.275","26.275","26.275"
"1595.26853866","67.05","67.05","67.05","26.176","26.176","26.176"
"1605.267992268","72.568","72.568","72.568","26.275","26.275","26.275"
"1615.267880841","53.188","53.188","53.188","26.176","26.176","26.176"
"1625.271129483","68.318","68.318","68.318","26.275","26.275","26.275"
"1635.276349915","61.893","61.893","61.893","26.275","26.275","26.275"
"1645.270105984","63.028","63.028","63.028","26.275","26.275","26.275"
"1655.265537282","69.197","69.197","69.197","26.275","26.275","26.275"
"1665.27384965","56.681","56.681","56.681","26.176","26.176","26.176"
"1675.26928571","61.795","61.795","61.795","26.176","26.176","26.176"
"1685.277326669","66.31","66.31","66.31","26.275","26.275","26.275"
"1695.268443525","66.448","66.448","66.448","26.176","26.176","26.176"
"1705.267053081","67.775","67.775","67.775","26.176","26.176","26.176"
"1715.269343698","69.934","69.934","69.934","26.275","26.275","26.275"
"1725.273265352","67.384","67.384","67.384","26.176","26.176","26.176"
"1735.268585195","65.821","65.821","65.821","26.176","26.176","26.176"
"1745.267097476","53.286","53.286","53.286","26.176","26.176","26.176"
"1755.265345918","65.528","65.528","65.528","26.176","26.176","26.176"
"1765.269911679","63.614","63.614","63.614","26.275","26.275","26.275"
"1775.266144078","67.091","67.091","67.091","26.176","26.176","26.176"
"1785.266635934","66.212","66.212","66.212","26.176","26.176","26.176"
"1795.267275418","64.2","64.2","64.2","26.176","26.176","26.176"
"1805.267045778","66.993","66.993","66.993","26.176","26.176","26.176"
"1815.26689334","68.514","68.514","68.514","26.176","26.176","26.176"
"1825.26683354","68.416","68.416","68.416","26.176","26.176","26.176"
"1835.271801952","68.514","68.514","68.514","26.176","26.176","26.176"
"1845.269770361","69.099","69.099","69.099","26.176","26.176","26.176"
"1855.27610869","71.788","71.788","71.788","26.275","26.275","26.275"
"1865.278790661","74.375","74.375","74.375","26.176","26.176","26.176"
"1875.266656143","67.872","67.872","67.872","26.176","26.176","26.176"
"1885.276794145","63.516","63.516","63.516","26.176","26.176","26.176"
"1895.271543898","70.661","70.661","70.661","26.176","26.176","26.176"
"1905.269028552","67.97","67.97","67.97","26.176","26.176","26.176"
"1915.270332614","74.667","74.667","74.667","26.275","26.275","26.275"
"1925.265761443","64.982","64.982","64.982","26.176","26.176","26.176"
"1935.272480052","69.294","69.294","69.294","26.176","26.176","26.176"
"1945.266799366","72.665","72.665","72.665","26.176","26.176","26.176"
"1955.271863979","80.61","80.61","80.61","26.176","26.176","26.176"
"1965.267282401","62.441","62.441","62.441","26.176","26.176","26.176"
"1975.267491962","72.125","72.125","72.125","26.176","26.176","26.176"
"1985.265093311","67.482","67.482","67.482","26.176","26.176","26.176"
"1995.268007845","67.286","67.286","67.286","26.176","26.176","26.176"
"2005.266706374","71.69","71.69","71.69","26.176","26.176","26.176"
"2015.266817986","49.818","49.818","49.818","26.19","26.19","26.19"
"2025.266251374","67.872","67.872","67.872","26.176","26.176","26.176"
"2035.265732348","67.97","67.97","67.97","26.176","26.176","26.176"
"2045.267223778","67.97","67.97","67.97","26.176","26.176","26.176"
"2055.274725907","61.599","61.599","61.599","26.176","26.176","26.176"
"2065.27115954","68.556","68.556","68.556","26.176","26.176","26.176"
"2075.26774375","68.611","68.611","68.611","26.176","26.176","26.176"
"2085.265976736","67.872","67.872","67.872","26.176","26.176","26.176"
"2095.270005366","73.198","73.198","73.198","26.176","26.176","26.176"
"2105.276182641","73.595","73.595","73.595","26.176","26.176","26.176"
"2115.268211421","67.733","67.733","67.733","26.176","26.176","26.176"
"2125.267017844","73.348","73.348","73.348","26.275","26.275","26.275"
"2135.266607762","65.275","65.275","65.275","26.176","26.176","26.176"
"2145.267921145","67.635","67.635","67.635","26.176","26.176","26.176"
"2155.269618332","66.212","66.212","66.212","26.176","26.176","26.176"
"2165.267561466","66.407","66.407","66.407","26.176","26.176","26.176"
"2175.266147109","67.97","67.97","67.97","26.176","26.176","26.176"
"2185.266571834","63.712","63.712","63.712","26.176","26.176","26.176"
"2195.269245093","69.49","69.49","69.49","26.176","26.176","26.176"
"2205.27263517","62.186","62.186","62.186","26.176","26.176","26.176"
"2215.265277177","67.635","67.635","67.635","26.176","26.176","26.176"
"2225.272642469","61.795","61.795","61.795","26.176","26.176","26.176"
"2235.267314278","65.862","65.862","65.862","26.176","26.176","26.176"
"2245.267459558","68.221","68.221","68.221","26.176","26.176","26.176"
"2255.274675387","65.862","65.862","65.862","26.275","26.275","26.275"
"2265.270022487","66.7","66.7","66.7","26.176","26.176","26.176"
"2275.281602606","68.068","68.068","68.068","26.176","26.176","26.176"
"2285.270281626","69.044","69.044","69.044","26.176","26.176","26.176"
"2295.27745621","66.993","66.993","66.993","26.176","26.176","26.176"
"2305.269133449","49.524","49.524","49.524","26.19","26.19","26.19"
"2315.268426861","47.59","47.59","47.59","26.176","26.176","26.176"
"2325.269286617","69.294","69.294","69.294","26.275","26.275","26.275"
"2335.269805861","71.69","71.69","71.69","26.176","26.176","26.176"
"2345.268670194","67.872","67.872","67.872","26.176","26.176","26.176"
"2355.268776163","62.871","62.871","62.871","26.176","26.176","26.176"
"2365.269933866","67.97","67.97","67.97","26.176","26.176","26.176"
"2375.270735103","73.446","73.446","73.446","26.176","26.176","26.176"
"2385.278791673","71.051","71.051","71.051","26.176","26.176","26.176"
"2395.26693152","67.189","67.189","67.189","26.176","26.176","26.176"
"2405.268414341","69.294","69.294","69.294","26.176","26.176","26.176"
"2415.268109819","66.798","66.798","66.798","26.176","26.176","26.176"
"2425.267155547","72.275","72.275","72.275","26.176","26.176","26.176"
"2435.266346117","70.715","70.715","70.715","26.176","26.176","26.176"
"2445.266166085","71.344","71.344","71.344","26.176","26.176","26.176"
"2455.273274064","70.954","70.954","70.954","26.275","26.275","26.275"
"2465.267590452","56.191","56.191","56.191","26.176","26.176","26.176"
"2475.266043811","68.849","68.849","68.849","26.176","26.176","26.176"
"2485.265839923","69.49","69.49","69.49","26.176","26.176","26.176"
"2495.266739408","60.622","60.622","60.622","26.176","26.176","26.176"
"2505.267934602","81.921","81.921","81.921","26.176","26.176","26.176"
"2515.271041929","71.105","71.105","71.105","26.176","26.176","26.176"
"2525.267353795","68.904","68.904","68.904","26.176","26.176","26.176"
"2535.26976709","67.775","67.775","67.775","26.176","26.176","26.176"
"2545.27037988","70.368","70.368","70.368","26.176","26.176","26.176"
"2555.267816106","67.872","67.872","67.872","26.176","26.176","26.176"
"2565.267601776","66.31","66.31","66.31","26.176","26.176","26.176"
"2575.265118334","67.775","67.775","67.775","26.176","26.176","26.176"
"2585.265934865","67.872","67.872","67.872","26.176","26.176","26.176"
"2595.268348133","67.775","67.775","67.775","26.176","26.176","26.176"
"2605.265436982","53.286","53.286","53.286","26.176","26.176","26.176"
"2615.271201909","70.075","70.075","70.075","26.176","26.176","26.176"
"2625.269559732","68.318","68.318","68.318","26.176","26.176","26.176"
"2635.273707077","62.186","62.186","62.186","26.176","26.176","26.176"
"2645.268105033","68.654","68.654","68.654","26.176","26.176","26.176"
"2655.267836099","49.72","49.72","49.72","26.176","26.176","26.176"
"2665.266293895","67.035","67.035","67.035","26.176","26.176","26.176"
"2675.278267345","71.442","71.442","71.442","26.176","26.176","26.176"
"2685.265511633","66.407","66.407","66.407","26.176","26.176","26.176"
"2695.266600786","69.826","69.826","69.826","26.176","26.176","26.176"
"2705.272781807","68.904","68.904","68.904","26.176","26.176","26.176"
"2715.269744156","62.577","62.577","62.577","26.176","26.176","26.176"
"2725.265505364","65.178","65.178","65.178","26.176","26.176","26.176"
"2735.270146616","74.667","74.667","74.667","26.176","26.176","26.176"
"2745.280402169","39.412","39.412","39.412","26.19","26.19","26.19"
"2755.276097714","69.49","69.49","69.49","26.176","26.176","26.176"
"2765.268603386","68.654","68.654","68.654","26.176","26.176","26.176"
"2775.268015315","75.155","75.155","75.155","26.176","26.176","26.176"
"2785.267317265","68.165","68.165","68.165","26.176","26.176","26.176"
"2795.267111057","68.849","68.849","68.849","26.176","26.176","26.176"
"2805.266532622","67.579","67.579","67.579","26.176","26.176","26.176"
"2815.270501722","66.407","66.407","66.407","26.176","26.176","26.176"
"2825.266518576","69.49","69.49","69.49","26.176","26.176","26.176"
"2835.267824103","67.579","67.579","67.579","26.176","26.176","26.176"
"2845.265712586","66.7","66.7","66.7","26.176","26.176","26.176"
"2855.265060446","69.142","69.142","69.142","26.275","26.275","26.275"
"2865.266951665","66.505","66.505","66.505","26.176","26.176","26.176"
"2875.267031396","65.666","65.666","65.666","26.176","26.176","26.176"
"2885.268632402","68.068","68.068","68.068","26.176","26.176","26.176"
"2895.265928464","72.568","72.568","72.568","26.176","26.176","26.176"
"2905.267130844","63.262","63.262","63.262","26.176","26.176","26.176"
"2915.269853103","72.47","72.47","72.47","26.176","26.176","26.176"
"2925.278221941","67.482","67.482","67.482","26.176","26.176","26.176"
"2935.276070701","65.275","65.275","65.275","26.176","26.176","26.176"
"2945.265646511","71.007","71.007","71.007","26.176","26.176","26.176"
"2955.272268848","68.849","68.849","68.849","26.176","26.176","26.176"
"2965.265286886","68.751","68.751","68.751","26.176","26.176","26.176"
"2975.26700083","51.063","51.063","51.063","26.275","26.275","26.275"
"2985.2660491","69.782","69.782","69.782","26.275","26.275","26.275"
"2995.268222264","65.764","65.764","65.764","26.275","26.275","26.275"
"3005.269070349","64.924","64.924","64.924","26.176","26.176","26.176"
"3015.265623971","63.907","63.907","63.907","26.176","26.176","26.176"
"3025.269203756","68.165","68.165","68.165","26.19","26.19","26.19"
"3035.269152952","63.81","63.81","63.81","26.176","26.176","26.176"
"3045.269588767","67.97","67.97","67.97","26.176","26.176","26.176"
"3055.269526513","65.724","65.724","65.724","26.176","26.176","26.176"
"3065.267139719","71.592","71.592","71.592","26.176","26.176","26.176"
"3075.279191049","65.178","65.178","65.178","26.176","26.176","26.176"
"3085.270902954","66.7","66.7","66.7","26.176","26.176","26.176"
"3095.270076773","57.954","57.954","57.954","26.176","26.176","26.176"
"3105.274963408","68.068","68.068","68.068","26.176","26.176","26.176"
"3115.270393832","66.35","66.35","66.35","26.176","26.176","26.176"
"3125.26795194","48.376","48.376","48.376","26.289","26.289","26.289"
"3135.268784579","49.818","49.818","49.818","26.19","26.19","26.19"
"3145.266816525","67.482","67.482","67.482","26.19","26.19","26.19"
"3155.27051942","68.849","68.849","68.849","26.19","26.19","26.19"
"3165.268498837","69.044","69.044","69.044","26.19","26.19","26.19"
"3175.267251274","73.933","73.933","73.933","26.19","26.19","26.19"
"3185.265566903","70.661","70.661","70.661","26.19","26.19","26.19"
"3195.275283592","65.764","65.764","65.764","26.19","26.19","26.19"
"3205.266435502","63.36","63.36","63.36","26.19","26.19","26.19"
"3215.268662772","65.12","65.12","65.12","26.19","26.19","26.19"
"3225.268206969","67.635","67.635","67.635","26.176","26.176","26.176"
"3235.273724345","60.622","60.622","60.622","26.176","26.176","26.176"
"3245.268435264","77.201","77.201","77.201","26.275","26.275","26.275"
"3255.271103186","68.458","68.458","68.458","26.275","26.275","26.275"
"3265.267122801","50.573","50.573","50.573","26.176","26.176","26.176"
"3275.265538709","66.366","66.366","66.366","26.176","26.176","26.176"
"3285.266646826","70.227","70.227","70.227","26.176","26.176","26.176"
"3295.267352692","67.872","67.872","67.872","26.176","26.176","26.176"
"3305.264893953","70.129","70.129","70.129","26.176","26.176","26.176"
"3315.268723197","62.637","62.637","62.637","26.176","26.176","26.176"
"3325.266827672","67.091","67.091","67.091","26.176","26.176","26.176"
"3335.276772017","61.013","61.013","61.013","26.176","26.176","26.176"
"3345.268926769","71.246","71.246","71.246","26.176","26.176","26.176"
"3355.268556798","50.181","50.181","50.181","26.176","26.176","26.176"
"3365.26710819","71.3","71.3","71.3","26.176","26.176","26.176"
"3375.267515237","67.775","67.775","67.775","26.176","26.176","26.176"
"3385.267909624","70.52","70.52","70.52","26.176","26.176","26.176"
"3395.265377318","66.407","66.407","66.407","26.176","26.176","26.176"
"3405.274094482","58.506","58.506","58.506","26.176","26.176","26.176"
"3415.272278842","67.635","67.635","67.635","26.176","26.176","26.176"
"3425.26842753","67.733","67.733","67.733","26.275","26.275","26.275"
"3435.270209751","66.407","66.407","66.407","26.176","26.176","26.176"
"3445.270338098","67.677","67.677","67.677","26.176","26.176","26.176"
"3455.2669032","66.017","66.017","66.017","26.275","26.275","26.275"
"3465.273420404","62.637","62.637","62.637","26.176","26.176","26.176"
"3475.269653671","68.904","68.904","68.904","26.176","26.176","26.176"
"3485.269522908","65.724","65.724","65.724","26.176","26.176","26.176"
"3495.26729341","72.425","72.425","72.425","26.176","26.176","26.176"
"3505.267397557","67.286","67.286","67.286","26.176","26.176","26.176"
"3515.267857542","53.286","53.286","53.286","26.176","26.176","26.176"
"3525.27032725","66.057","66.057","66.057","26.176","26.176","26.176"
"3535.268625025","69.923","69.923","69.923","26.176","26.176","26.176"
"3545.265003903","67.23","67.23","67.23","26.19","26.19","26.19"
"3555.26997253","63.262","63.262","63.262","26.19","26.19","26.19"
"3565.273418996","66.993","66.993","66.993","26.19","26.19","26.19"
"3575.268195737","64.142","64.142","64.142","26.19","26.19","26.19"
"3585.26582559","66.839","66.839","66.839","26.19","26.19","26.19"
"3595.268121905","52.762","52.762","52.762","26.289","26.289","26.289"
"3605.267472908","67.719","67.719","67.719","26.19","26.19","26.19"
"3615.273141294","69.38","69.38","69.38","26.19","26.19","26.19"
"3625.266851376","67.23","67.23","67.23","26.19","26.19","26.19"
"3635.26565782","68.207","68.207","68.207","26.19","26.19","26.19"
"3645.267749578","67.132","67.132","67.132","26.19","26.19","26.19"
"3655.272397374","66.896","66.896","66.896","26.19","26.19","26.19"
"3665.269606543","79.346","79.346","79.346","26.19","26.19","26.19"
"3675.270597783","65.609","65.609","65.609","26.19","26.19","26.19"
"3685.267994311","66.546","66.546","66.546","26.19","26.19","26.19"
"3695.268590445","73.101","73.101","73.101","26.19","26.19","26.19"
"3705.266582141","68.068","68.068","68.068","26.19","26.19","26.19"
"3715.268723163","70.758","70.758","70.758","26.19","26.19","26.19"
"3725.269654647","67.97","67.97","67.97","26.19","26.19","26.19"
"3735.269984925","68.458","68.458","68.458","26.19","26.19","26.19"
"3745.265890704","68.556","68.556","68.556","26.19","26.19","26.19"
"3755.267749161","66.546","66.546","66.546","26.19","26.19","26.19"
"3765.266643494","70.119","70.119","70.119","26.19","26.19","26.19"
"3775.265299793","60.169","60.169","60.169","26.19","26.19","26.19"
"3785.268005147","67.091","67.091","67.091","26.19","26.19","26.19"
"3795.267068091","65.569","65.569","65.569","26.19","26.19","26.19"
"3805.267598656","65.666","65.666","65.666","26.19","26.19","26.19"
"3815.267139402","68.012","68.012","68.012","26.19","26.19","26.19"
"3825.267305784","68.11","68.11","68.11","26.19","26.19","26.19"
"3835.265849396","67.425","67.425","67.425","26.19","26.19","26.19"
"3845.271409916","70.661","70.661","70.661","26.176","26.176","26.176"
"3855.267823007","63.223","63.223","63.223","26.176","26.176","26.176"
"3865.270247847","78.615","78.615","78.615","26.077","26.077","26.077"
"3875.266918617","71.105","71.105","71.105","26.147","26.147","26.147"
"3885.272401969","67.44","67.44","67.44","26.162","26.162","26.162"
"3895.27121305","69.934","69.934","69.934","26.162","26.162","26.162"
"3905.267759192","68.179","68.179","68.179","26.147","26.147","26.147"
"3915.272368051","68.221","68.221","68.221","26.162","26.162","26.162"
"3925.266281319","66.423","66.423","66.423","26.162","26.162","26.162"
"3935.268206974","66.464","66.464","66.464","26.162","26.162","26.162"
"3945.267196585","67.44","67.44","67.44","26.162","26.162","26.162"
"3955.265771097","64.512","64.512","64.512","26.162","26.162","26.162"
"3965.268397943","62.696","62.696","62.696","26.162","26.162","26.162"
"3975.267625979","57.625","57.625","57.625","26.162","26.162","26.162"
"3985.271219111","73.842","73.842","73.842","26.162","26.162","26.162"
"3995.266610805","67.342","67.342","67.342","26.162","26.162","26.162"
"4005.273735553","76.132","76.132","76.132","26.147","26.147","26.147"
"4015.266686821","76.179","76.179","76.179","26.063","26.063","26.063"
"4025.267165875","64.707","64.707","64.707","26.162","26.162","26.162"
"4035.276413417","68.026","68.026","68.026","26.162","26.162","26.162"
"4045.267300774","71.938","71.938","71.938","26.162","26.162","26.162"
"4055.264957835","65.431","65.431","65.431","26.162","26.162","26.162"
"4065.267786781","63.77","63.77","63.77","26.162","26.162","26.162"
"4075.275773729","66.212","66.212","66.212","26.063","26.063","26.063"
"4085.267142924","65.821","65.821","65.821","26.063","26.063","26.063"
"4095.266520784","68.514","68.514","68.514","26.147","26.147","26.147"
"4105.275108667","58.114","58.114","58.114","26.162","26.162","26.162"
"4115.276663836","50.475","50.475","50.475","26.162","26.162","26.162"
"4125.265455144","68.709","68.709","68.709","26.162","26.162","26.162"
"4135.26946361","66.114","66.114","66.114","26.162","26.162","26.162"
"4145.276639446","78.079","78.079","78.079","26.077","26.077","26.077"
"4155.267319856","71.007","71.007","71.007","26.063","26.063","26.063"
"4165.274283927","68.165","68.165","68.165","26.092","26.092","26.092"
"4175.26712252","68.458","68.458","68.458","26.092","26.092","26.092"
"4185.266233895","69.978","69.978","69.978","26.19","26.19","26.19"
"4195.26635952","68.068","68.068","68.068","26.19","26.19","26.19"
"4205.269411148","50.603","50.603","50.603","26.092","26.092","26.092"
"4215.26673456","51.124","51.124","51.124","26.19","26.19","26.19"
"4225.26550228","66.546","66.546","66.546","26.092","26.092","26.092"
"4235.267328264","71.388","71.388","71.388","26.106","26.106","26.106"
"4245.266318214","68.403","68.403","68.403","26.19","26.19","26.19"
"4255.266614958","74.76","74.76","74.76","26.19","26.19","26.19"
"4265.265517181","68.207","68.207","68.207","26.205","26.205","26.205"
"4275.272976763","69.38","69.38","69.38","26.106","26.106","26.106"
"4285.273362119","67.425","67.425","67.425","26.19","26.19","26.19"
"4295.265061183","69.044","69.044","69.044","26.092","26.092","26.092"
"4305.267671354","71.105","71.105","71.105","26.176","26.176","26.176"
"4315.265926034","66.546","66.546","66.546","26.19","26.19","26.19"
"4325.267251009","67.189","67.189","67.189","26.176","26.176","26.176"
"4335.269224025","71.539","71.539","71.539","26.176","26.176","26.176"
"4345.26694564","69.197","69.197","69.197","26.176","26.176","26.176"
"4355.270572955","68.068","68.068","68.068","26.176","26.176","26.176"
"4365.266378654","69.978","69.978","69.978","26.176","26.176","26.176"
"4375.265651501","67.677","67.677","67.677","26.176","26.176","26.176"
"4385.268049793","70.075","70.075","70.075","26.176","26.176","26.176"
"4395.268211414","66.31","66.31","66.31","26.176","26.176","26.176"
"4405.267714614","59.876","59.876","59.876","26.176","26.176","26.176"
"4415.271363374","71.592","71.592","71.592","26.176","26.176","26.176"
"4425.268786165","70.075","70.075","70.075","26.176","26.176","26.176"
"4435.267331869","68.556","68.556","68.556","26.176","26.176","26.176"
"4445.26683265","65.471","65.471","65.471","26.275","26.275","26.275"
"4455.26782635","64.005","64.005","64.005","26.176","26.176","26.176"
"4465.267118286","77.738","77.738","77.738","26.176","26.176","26.176"
"4475.268633217","76.129","76.129","76.129","26.176","26.176","26.176"
"4485.26775339","52.11","52.11","52.11","26.176","26.176","26.176"
"4495.266762529","66.212","66.212","66.212","26.176","26.176","26.176"
"4505.274477632","51.161","51.161","51.161","26.176","26.176","26.176"
"4515.274520474","68.806","68.806","68.806","26.176","26.176","26.176"
"4525.266903626","67.189","67.189","67.189","26.176","26.176","26.176"
"4535.265560312","54.756","54.756","54.756","26.077","26.077","26.077"
"4545.273385161","50.309","50.309","50.309","26.077","26.077","26.077"
"4555.26721518","66.896","66.896","66.896","26.176","26.176","26.176"
"4565.265499896","68.806","68.806","68.806","26.176","26.176","26.176"
"4575.269778184","65.764","65.764","65.764","26.176","26.176","26.176"
"4585.266883774","68.165","68.165","68.165","26.19","26.19","26.19"
"4595.265222364","68.361","68.361","68.361","26.176","26.176","26.176"
"4605.269847287","67.384","67.384","67.384","26.176","26.176","26.176"
"4615.267013194","61.795","61.795","61.795","26.176","26.176","26.176"
"4625.267484232","64.2","64.2","64.2","26.176","26.176","26.176"
"4635.267860473","67.091","67.091","67.091","26.176","26.176","26.176"
"4645.267600478","68.416","68.416","68.416","26.176","26.176","26.176"
"4655.271608586","68.123","68.123","68.123","26.176","26.176","26.176"
"4665.268299989","67.482","67.482","67.482","26.176","26.176","26.176"
"4675.26751027","68.806","68.806","68.806","26.176","26.176","26.176"
"4685.266286575","61.404","61.404","61.404","26.176","26.176","26.176"
"4695.269020222","50.015","50.015","50.015","26.176","26.176","26.176"
"4705.26771586","65.666","65.666","65.666","26.176","26.176","26.176"
"4715.266606133","66.603","66.603","66.603","26.176","26.176","26.176"
"4725.265748255","70.856","70.856","70.856","26.275","26.275","26.275"
"4735.270064113","66.798","66.798","66.798","26.077","26.077","26.077"
"4745.267499407","69.978","69.978","69.978","26.176","26.176","26.176"
"4755.266979495","67.342","67.342","67.342","26.176","26.176","26.176"
"4765.267470766","63.36","63.36","63.36","26.176","26.176","26.176"
"4775.266436876","54.364","54.364","54.364","26.176","26.176","26.176"
"4785.267799305","67.482","67.482","67.482","26.176","26.176","26.176"
"4795.265684789","63.516","63.516","63.516","26.176","26.176","26.176"
"4805.265177495","67.872","67.872","67.872","26.176","26.176","26.176"
"4815.266807389","68.026","68.026","68.026","26.176","26.176","26.176"
"4825.270000143","70.173","70.173","70.173","26.176","26.176","26.176"
"4835.265750418","68.556","68.556","68.556","26.176","26.176","26.176"
"4845.274690517","65.569","65.569","65.569","26.176","26.176","26.176"
"4855.269076041","71.105","71.105","71.105","26.176","26.176","26.176"
"4865.276600762","68.556","68.556","68.556","26.176","26.176","26.176"
"4875.266924693","67.775","67.775","67.775","26.176","26.176","26.176"
"4885.268453481","63.516","63.516","63.516","26.176","26.176","26.176"
"4895.268693889","51.063","51.063","51.063","26.176","26.176","26.176"
"4905.275992369","66.603","66.603","66.603","26.176","26.176","26.176"
"4915.268371933","51.553","51.553","51.553","26.176","26.176","26.176"
"4925.267113892","70.075","70.075","70.075","26.176","26.176","26.176"
"4935.27919284","74.18","74.18","74.18","26.176","26.176","26.176"
"4945.266736385","65.275","65.275","65.275","26.176","26.176","26.176"
"4955.264933407","70.27","70.27","70.27","26.176","26.176","26.176"
"4965.267596265","64.298","64.298","64.298","26.176","26.176","26.176"
"4975.267483481","71.344","71.344","71.344","26.176","26.176","26.176"
"4985.266788367","64.298","64.298","64.298","26.176","26.176","26.176"
"4995.267532653","63.066","63.066","63.066","26.176","26.176","26.176"
"5005.265115437","69.685","69.685","69.685","26.176","26.176","26.176"
"5015.27153468","70.466","70.466","70.466","26.176","26.176","26.176"
"5025.272049529","51.259","51.259","51.259","26.176","26.176","26.176"
"5035.268537376","66.993","66.993","66.993","26.176","26.176","26.176"
"5045.26741715","72.08","72.08","72.08","26.176","26.176","26.176"
"5055.267841617","51.651","51.651","51.651","26.176","26.176","26.176"
"5065.26559602","69.099","69.099","69.099","26.176","26.176","26.176"
"5075.267271604","69.099","69.099","69.099","26.176","26.176","26.176"
"5085.269293544","62.088","62.088","62.088","26.176","26.176","26.176"
"5095.267006693","70.856","70.856","70.856","26.176","26.176","26.176"
"5105.267314922","70.368","70.368","70.368","26.176","26.176","26.176"
"5115.266291201","65.569","65.569","65.569","26.176","26.176","26.176"
"5125.265724615","65.862","65.862","65.862","26.176","26.176","26.176"
"5135.266187905","67.677","67.677","67.677","26.275","26.275","26.275"
"5145.267763353","67.579","67.579","67.579","26.176","26.176","26.176"
"5155.273462842","67.97","67.97","67.97","26.176","26.176","26.176"
"5165.276403101","65.373","65.373","65.373","26.176","26.176","26.176"
"5175.271563312","78.225","78.225","78.225","26.176","26.176","26.176"
"5185.267206336","67.677","67.677","67.677","26.176","26.176","26.176"
"5195.265589683","65.569","65.569","65.569","26.176","26.176","26.176"
"5205.267792648","73.348","73.348","73.348","26.077","26.077","26.077"
"5215.270969732","69.099","69.099","69.099","26.176","26.176","26.176"
"5225.268759099","67.579","67.579","67.579","26.176","26.176","26.176"
"5235.265610403","71.007","71.007","71.007","26.176","26.176","26.176"
"5245.271084424","66.993","66.993","66.993","26.176","26.176","26.176"
"5255.269715935","70.661","70.661","70.661","26.176","26.176","26.176"
"5265.27437571","67.775","67.775","67.775","26.176","26.176","26.176"
"5275.268382728","65.821","65.821","65.821","26.176","26.176","26.176"
"5285.267564397","71.495","71.495","71.495","26.176","26.176","26.176"
"5295.276783446","67.579","67.579","67.579","26.176","26.176","26.176"
"5305.269612032","72.568","72.568","72.568","26.176","26.176","26.176"
"5315.274516796","68.654","68.654","68.654","26.176","26.176","26.176"
"5325.284928808","63.516","63.516","63.516","26.176","26.176","26.176"
"5335.265507851","57.562","57.562","57.562","26.275","26.275","26.275"
"5345.267073313","66.212","66.212","66.212","26.176","26.176","26.176"
"5355.266314418","66.114","66.114","66.114","26.176","26.176","26.176"
"5365.267197447","68.123","68.123","68.123","26.176","26.176","26.176"
"5375.266294043","60.719","60.719","60.719","26.176","26.176","26.176"
"5385.266353087","67.091","67.091","67.091","26.176","26.176","26.176"
"5395.267773171","73.055","73.055","73.055","26.275","26.275","26.275"
"5405.265548585","68.026","68.026","68.026","26.176","26.176","26.176"
"5415.268658984","69.099","69.099","69.099","26.176","26.176","26.176"
"5425.26856957","67.83","67.83","67.83","26.176","26.176","26.176"
"5435.265833728","70.27","70.27","70.27","26.176","26.176","26.176"
"5445.266763277","69.099","69.099","69.099","26.176","26.176","26.176"
"5455.267821483","65.431","65.431","65.431","26.176","26.176","26.176"
"5465.265281319","66.505","66.505","66.505","26.176","26.176","26.176"
"5475.269933096","80.268","80.268","80.268","26.176","26.176","26.176"
"5485.275016494","65.275","65.275","65.275","26.176","26.176","26.176"
"5495.275487052","74.811","74.811","74.811","26.176","26.176","26.176"
"5505.275937652","66.31","66.31","66.31","26.176","26.176","26.176"
"5515.27613732","61.795","61.795","61.795","26.176","26.176","26.176"
"5525.268709063","67.928","67.928","67.928","26.176","26.176","26.176"
"5535.265588392","65.275","65.275","65.275","26.176","26.176","26.176"
"5545.266375728","67.342","67.342","67.342","26.176","26.176","26.176"
"5555.274225934","67.384","67.384","67.384","26.176","26.176","26.176"
"5565.266261212","66.269","66.269","66.269","26.176","26.176","26.176"
"5575.268900167","68.068","68.068","68.068","26.176","26.176","26.176"
"5585.264945965","65.08","65.08","65.08","26.176","26.176","26.176"
"5595.265300676","64.396","64.396","64.396","26.176","26.176","26.176"
"5605.267850455","53.416","53.416","53.416","26.077","26.077","26.077"
"5615.267553434","70.173","70.173","70.173","26.176","26.176","26.176"
"5625.270299357","66.798","66.798","66.798","26.176","26.176","26.176"
"5635.267216317","66.896","66.896","66.896","26.176","26.176","26.176"
"5645.267517139","51.749","51.749","51.749","26.176","26.176","26.176"
"5655.268127221","67.677","67.677","67.677","26.176","26.176","26.176"
"5665.274790712","65.08","65.08","65.08","26.176","26.176","26.176"
"5675.26996395","69.099","69.099","69.099","26.176","26.176","26.176"
"5685.26583713","60.365","60.365","60.365","26.176","26.176","26.176"
"5695.268494597","64.396","64.396","64.396","26.176","26.176","26.176"
"5705.26754324","48.641","48.641","48.641","26.176","26.176","26.176"
"5715.266630139","70.075","70.075","70.075","26.176","26.176","26.176"
"5725.266980088","66.7","66.7","66.7","26.176","26.176","26.176"
"5735.267281439","65.626","65.626","65.626","26.176","26.176","26.176"
"5745.266848198","59.876","59.876","59.876","26.176","26.176","26.176"
"5755.269077492","66.896","66.896","66.896","26.176","26.176","26.176"
"5765.266697905","66.603","66.603","66.603","26.176","26.176","26.176"
"5775.267668704","82.213","82.213","82.213","26.176","26.176","26.176"
"5785.268586364","73.985","73.985","73.985","26.176","26.176","26.176"
"5795.274239431","67.189","67.189","67.189","26.176","26.176","26.176"
"5805.272994608","56.877","56.877","56.877","26.176","26.176","26.176"
"5815.268130037","70.173","70.173","70.173","26.176","26.176","26.176"
"5825.267222938","69.49","69.49","69.49","26.176","26.176","26.176"
"5835.266150224","70.466","70.466","70.466","26.176","26.176","26.176"
"5845.266233999","71.69","71.69","71.69","26.176","26.176","26.176"
"5855.26735575","66.212","66.212","66.212","26.176","26.176","26.176"
"5865.265848487","68.904","68.904","68.904","26.176","26.176","26.176"
"5875.268683511","68.263","68.263","68.263","26.176","26.176","26.176"
"5885.266616603","67.97","67.97","67.97","26.176","26.176","26.176"
"5895.26607862","66.798","66.798","66.798","26.176","26.176","26.176"
"5905.266242639","72.568","72.568","72.568","26.176","26.176","26.176"
"5915.267273191","70.856","70.856","70.856","26.176","26.176","26.176"
"5925.268047209","72.47","72.47","72.47","26.176","26.176","26.176"
"5935.273666155","70.075","70.075","70.075","26.176","26.176","26.176"
"5945.274342229","68.361","68.361","68.361","26.176","26.176","26.176"
"5955.268847884","65.569","65.569","65.569","26.176","26.176","26.176"
"5965.271374737","59.191","59.191","59.191","26.176","26.176","26.176"
"5975.271199327","49.818","49.818","49.818","26.176","26.176","26.176"
"5985.267929389","69.099","69.099","69.099","26.176","26.176","26.176"
"5995.265582978","64.103","64.103","64.103","26.176","26.176","26.176"
"6005.265023539","68.026","68.026","68.026","26.176","26.176","26.176"
"6015.271016868","65.275","65.275","65.275","26.176","26.176","26.176"
"6025.275186198","72.763","72.763","72.763","26.176","26.176","26.176"
"6035.267221564","66.603","66.603","66.603","26.176","26.176","26.176"
"6045.276702736","68.026","68.026","68.026","26.176","26.176","26.176"
"6055.275606555","65.471","65.471","65.471","26.176","26.176","26.176"
"6065.265721934","71.495","71.495","71.495","26.176","26.176","26.176"
"6075.267693803","70.715","70.715","70.715","26.176","26.176","26.176"
"6085.271742501","69.49","69.49","69.49","26.176","26.176","26.176"
"6095.275981395","66.31","66.31","66.31","26.176","26.176","26.176"
"6105.274769634","51.651","51.651","51.651","26.176","26.176","26.176"
"6115.267056885","53.384","53.384","53.384","26.176","26.176","26.176"
"6125.268451437","69.294","69.294","69.294","26.176","26.176","26.176"
"6135.268369822","67.482","67.482","67.482","26.176","26.176","26.176"
"6145.267553346","63.81","63.81","63.81","26.176","26.176","26.176"
"6155.269519362","68.709","68.709","68.709","26.176","26.176","26.176"
"6165.277378796","64.005","64.005","64.005","26.176","26.176","26.176"
"6175.26903679","52.436","52.436","52.436","26.176","26.176","26.176"
"6185.265467123","69.978","69.978","69.978","26.176","26.176","26.176"
"6195.274305167","70.173","70.173","70.173","26.176","26.176","26.176"
"6205.268079926","75.692","75.692","75.692","26.176","26.176","26.176"
"6215.268737001","73.79","73.79","73.79","26.077","26.077","26.077"
"6225.2660367","70.227","70.227","70.227","26.176","26.176","26.176"
"6235.268565539","69.197","69.197","69.197","26.176","26.176","26.176"
"6245.26642663","66.35","66.35","66.35","26.176","26.176","26.176"
"6255.267623485","68.849","68.849","68.849","26.176","26.176","26.176"
"6265.267818046","71.788","71.788","71.788","26.176","26.176","26.176"
"6275.26917742","71.442","71.442","71.442","26.176","26.176","26.176"
"6285.267225709","70.812","70.812","70.812","26.077","26.077","26.077"
"6295.272194858","76.227","76.227","76.227","26.176","26.176","26.176"
"6305.268300583","51.553","51.553","51.553","26.19","26.19","26.19"
"6315.268093415","55.506","55.506","55.506","26.176","26.176","26.176"
"6325.270108898","59.227","59.227","59.227","26.176","26.176","26.176"
"6335.265033828","69.002","69.002","69.002","26.176","26.176","26.176"
"6345.268498901","76.812","76.812","76.812","26.176","26.176","26.176"
"6355.266392848","67.97","67.97","67.97","26.176","26.176","26.176"
"6365.268633069","72.373","72.373","72.373","26.176","26.176","26.176"
"6375.267425707","67.189","67.189","67.189","26.176","26.176","26.176"
"6385.271801035","65.471","65.471","65.471","26.176","26.176","26.176"
"6395.271626093","68.123","68.123","68.123","26.176","26.176","26.176"
"6405.265698111","67.189","67.189","67.189","26.176","26.176","26.176"
"6415.27540635","63.458","63.458","63.458","26.176","26.176","26.176"
"6425.269061306","77.299","77.299","77.299","26.176","26.176","26.176"
"6435.267782121","68.709","68.709","68.709","26.176","26.176","26.176"
"6445.270612672","68.068","68.068","68.068","26.176","26.176","26.176"
"6455.267347696","62.969","62.969","62.969","26.176","26.176","26.176"
"6465.275207677","64.005","64.005","64.005","26.176","26.176","26.176"
"6475.274585848","69.49","69.49","69.49","26.176","26.176","26.176"
"6485.278296682","67.286","67.286","67.286","26.176","26.176","26.176"
"6495.269740958","68.904","68.904","68.904","26.176","26.176","26.176"
"6505.276111694","65.626","65.626","65.626","26.176","26.176","26.176"
"6515.268265732","67.579","67.579","67.579","26.176","26.176","26.176"
"6525.274278702","68.556","68.556","68.556","26.176","26.176","26.176"
"6535.270680161","64.396","64.396","64.396","26.176","26.176","26.176"
"6545.273087391","68.068","68.068","68.068","26.176","26.176","26.176"
"6555.277248723","63.849","63.849","63.849","26.176","26.176","26.176"
"6565.26728664","65.666","65.666","65.666","26.176","26.176","26.176"
"6575.268910592","67.579","67.579","67.579","26.176","26.176","26.176"
"6585.27318068","62.93","62.93","62.93","26.176","26.176","26.176"
"6595.266668499","36.187","36.187","36.187","26.162","26.162","26.162"
"6605.268957463","69.88","69.88","69.88","26.275","26.275","26.275"
"6615.266056867","68.556","68.556","68.556","26.176","26.176","26.176"
"6625.266957279","74.375","74.375","74.375","26.176","26.176","26.176"
"6635.265473202","63.516","63.516","63.516","26.176","26.176","26.176"
"6645.275069982","63.81","63.81","63.81","26.176","26.176","26.176"
"6655.266185363","51.553","51.553","51.553","26.176","26.176","26.176"
"6665.272476164","65.373","65.373","65.373","26.275","26.275","26.275"
"6675.27379124","65.528","65.528","65.528","26.176","26.176","26.176"
"6685.265847748","69.044","69.044","69.044","26.176","26.176","26.176"
"6695.267210123","65.178","65.178","65.178","26.176","26.176","26.176"
"6705.266051453","70.075","70.075","70.075","26.176","26.176","26.176"
"6715.266638701","64.982","64.982","64.982","26.176","26.176","26.176"
"6725.26536817","66.798","66.798","66.798","26.176","26.176","26.176"
"6735.266781159","54.918","54.918","54.918","26.176","26.176","26.176"
"6745.265794792","62.832","62.832","62.832","26.176","26.176","26.176"
"6755.265247524","68.458","68.458","68.458","26.176","26.176","26.176"
"6765.27254652","67.775","67.775","67.775","26.176","26.176","26.176"
"6775.274140466","65.919","65.919","65.919","26.176","26.176","26.176"
"6785.276503779","66.993","66.993","66.993","26.176","26.176","26.176"
"6795.267739525","66.896","66.896","66.896","26.176","26.176","26.176"
"6805.268997297","70.758","70.758","70.758","26.176","26.176","26.176"
"6815.266827316","69.49","69.49","69.49","26.176","26.176","26.176"
"6825.27073043","66.603","66.603","66.603","26.176","26.176","26.176"
"6835.266803449","71.495","71.495","71.495","26.176","26.176","26.176"
"6845.26717991","68.416","68.416","68.416","26.176","26.176","26.176"
"6855.265820758","65.275","65.275","65.275","26.176","26.176","26.176"
"6865.26973258","68.654","68.654","68.654","26.176","26.176","26.176"
"6875.271815064","67.719","67.719","67.719","26.19","26.19","26.19"
"6885.270234538","66.937","66.937","66.937","26.19","26.19","26.19"
"6895.271394991","66.937","66.937","66.937","26.205","26.205","26.205"
"6905.276211751","68.989","68.989","68.989","26.205","26.205","26.205"
"6915.271879911","70.802","70.802","70.802","26.19","26.19","26.19"
"6925.265851547","65.022","65.022","65.022","26.205","26.205","26.205"
"6935.270209841","66.391","66.391","66.391","26.19","26.19","26.19"
"6945.266836505","67.523","67.523","67.523","26.19","26.19","26.19"
"6955.281024488","66.098","66.098","66.098","26.19","26.19","26.19"
"6965.267114641","67.97","67.97","67.97","26.19","26.19","26.19"
"6975.269447562","68.012","68.012","68.012","26.19","26.19","26.19"
"6985.266076322","67.523","67.523","67.523","26.19","26.19","26.19"
"6995.268032843","70.412","70.412","70.412","26.19","26.19","26.19"
"7005.269211666","68.891","68.891","68.891","26.19","26.19","26.19"
"7015.275973268","63.986","63.986","63.986","26.19","26.19","26.19"
"7025.266663436","68.598","68.598","68.598","26.19","26.19","26.19"
"7035.275966887","83.822","83.822","83.822","26.19","26.19","26.19"
"7045.266856179","67.914","67.914","67.914","26.19","26.19","26.19"
"7055.273738355","50.045","50.045","50.045","26.19","26.19","26.19"
"7065.27536408","62.029","62.029","62.029","26.19","26.19","26.19"
"7075.270250738","65.96","65.96","65.96","26.19","26.19","26.19"
"7085.268842805","67.035","67.035","67.035","26.19","26.19","26.19"
"7095.27530527","67.76","67.76","67.76","26.19","26.19","26.19"
"7105.26739402","66","66","66","26.19","26.19","26.19"
"7115.269227128","65.862","65.862","65.862","26.19","26.19","26.19"
"7125.268434927","60.108","60.108","60.108","26.19","26.19","26.19"
"7135.267049822","71.93","71.93","71.93","26.19","26.19","26.19"
"7145.268309409","68.947","68.947","68.947","26.19","26.19","26.19"
"7155.271621196","67.523","67.523","67.523","26.092","26.092","26.092"
"7165.276411092","68.947","68.947","68.947","26.092","26.092","26.092"
"7175.27169243","48.965","48.965","48.965","26.092","26.092","26.092"
"7185.269609123","67.914","67.914","67.914","26.19","26.19","26.19"
"7195.267688967","72.32","72.32","72.32","26.19","26.19","26.19"
"7205.273443367","73.686","73.686","73.686","26.19","26.19","26.19"
"7215.268201523","67.23","67.23","67.23","26.092","26.092","26.092"
"7225.274729161","70.509","70.509","70.509","26.092","26.092","26.092"
"7235.267122906","66.839","66.839","66.839","26.092","26.092","26.092"
"7245.268250767","61.344","61.344","61.344","26.19","26.19","26.19"
"7255.266945083","50.505","50.505","50.505","26.092","26.092","26.092"
"7265.268025972","68.11","68.11","68.11","26.19","26.19","26.19"
"7275.266990506","69.435","69.435","69.435","26.19","26.19","26.19"
"7285.268288821","65.413","65.413","65.413","26.092","26.092","26.092"
"7295.271218815","59.165","59.165","59.165","26.092","26.092","26.092"
"7305.267316563","68.5","68.5","68.5","26.092","26.092","26.092"
"7315.275952994","62.126","62.126","62.126","26.19","26.19","26.19"
"7325.276754874","63.653","63.653","63.653","26.19","26.19","26.19"
"7335.26584027","66.644","66.644","66.644","26.19","26.19","26.19"
"7345.26973949","67.23","67.23","67.23","26.092","26.092","26.092"
"7355.267208853","68.403","68.403","68.403","26.092","26.092","26.092"
"7365.272405433","69.24","69.24","69.24","26.092","26.092","26.092"
"7375.267501486","66.937","66.937","66.937","26.092","26.092","26.092"
"7385.267184918","69.826","69.826","69.826","26.092","26.092","26.092"
"7395.268658993","68.556","68.556","68.556","26.092","26.092","26.092"
"7405.268187202","66.253","66.253","66.253","26.19","26.19","26.19"
"7415.271778622","65.902","65.902","65.902","26.092","26.092","26.092"
"7425.269521687","66.839","66.839","66.839","26.092","26.092","26.092"
"7435.267732106","66.253","66.253","66.253","26.092","26.092","26.092"
"7445.269841448","65.862","65.862","65.862","26.092","26.092","26.092"
"7455.268043542","67.719","67.719","67.719","26.19","26.19","26.19"
"7465.267290735","70.119","70.119","70.119","26.092","26.092","26.092"
"7475.265605866","68.012","68.012","68.012","26.092","26.092","26.092"
"7485.275522122","66.448","66.448","66.448","26.092","26.092","26.092"
"7495.267926875","77.981","77.981","77.981","26.092","26.092","26.092"
"7505.268156785","63.555","63.555","63.555","26.092","26.092","26.092"
"7515.267006019","64.924","64.924","64.924","26.092","26.092","26.092"
"7525.265817928","65.316","65.316","65.316","26.092","26.092","26.092"
"7535.269340155","72.32","72.32","72.32","26.092","26.092","26.092"
"7545.267848139","68.598","68.598","68.598","26.092","26.092","26.092"
"7555.26651911","73.003","73.003","73.003","26.092","26.092","26.092"
"7565.266729548","68.947","68.947","68.947","26.092","26.092","26.092"
"7575.268433576","72.462","72.462","72.462","26.092","26.092","26.092"
"7585.268014819","67.132","67.132","67.132","26.092","26.092","26.092"
"7595.266647835","72.125","72.125","72.125","26.092","26.092","26.092"
"7605.269019198","61.381","61.381","61.381","26.19","26.19","26.19"
"7615.275087414","64.435","64.435","64.435","26.092","26.092","26.092"
"7625.269495016","67.091","67.091","67.091","26.077","26.077","26.077"
"7635.266044262","68.458","68.458","68.458","26.092","26.092","26.092"
"7645.265143907","67.775","67.775","67.775","26.077","26.077","26.077"
"7655.277921309","64.161","64.161","64.161","26.092","26.092","26.092"
"7665.266522874","69.044","69.044","69.044","26.077","26.077","26.077"
"7675.267885473","71.539","71.539","71.539","26.176","26.176","26.176"
"7685.275161061","49.916","49.916","49.916","26.077","26.077","26.077"
"7695.271766802","66.839","66.839","66.839","26.092","26.092","26.092"
"7705.266417373","65.471","65.471","65.471","26.092","26.092","26.092"
"7715.275600026","77.835","77.835","77.835","26.077","26.077","26.077"
"7725.267828934","48.474","48.474","48.474","26.077","26.077","26.077"
"7735.266397064","66.212","66.212","66.212","26.077","26.077","26.077"
"7745.266627238","68.556","68.556","68.556","26.077","26.077","26.077"
"7755.267746496","67.97","67.97","67.97","26.092","26.092","26.092"
"7765.268902114","68.165","68.165","68.165","26.077","26.077","26.077"
"7775.275217284","68.361","68.361","68.361","26.077","26.077","26.077"
"7785.266388161","71.734","71.734","71.734","26.077","26.077","26.077"
"7795.275377311","61.795","61.795","61.795","26.092","26.092","26.092"
"7805.268452872","57.107","57.107","57.107","26.092","26.092","26.092"
"7815.267062358","54.495","54.495","54.495","26.092","26.092","26.092"
"7825.266807005","68.263","68.263","68.263","26.092","26.092","26.092"
"7835.265294444","69.435","69.435","69.435","26.092","26.092","26.092"
"7845.267664299","65.12","65.12","65.12","26.092","26.092","26.092"
"7855.272770023","67.384","67.384","67.384","26.092","26.092","26.092"
"7865.269935167","68.165","68.165","68.165","26.092","26.092","26.092"
"7875.266498156","69.337","69.337","69.337","26.092","26.092","26.092"
"7885.265273881","68.696","68.696","68.696","26.092","26.092","26.092"
"7895.27022877","68.947","68.947","68.947","26.092","26.092","26.092"
"7905.266345841","65.022","65.022","65.022","26.092","26.092","26.092"
"7915.276220111","65.96","65.96","65.96","26.092","26.092","26.092"
"7925.272496546","68.5","68.5","68.5","26.19","26.19","26.19"
"7935.26792506","63.594","63.594","63.594","26.092","26.092","26.092"
"7945.272976741","66.937","66.937","66.937","26.092","26.092","26.092"
"7955.265820771","69.435","69.435","69.435","26.106","26.106","26.106"
"7965.268185421","62.42","62.42","62.42","26.092","26.092","26.092"
"7975.26763435","66.644","66.644","66.644","26.092","26.092","26.092"
"7985.267074625","67.677","67.677","67.677","26.092","26.092","26.092"
"7995.277509251","65.022","65.022","65.022","26.092","26.092","26.092"
"8005.266427183","67.467","67.467","67.467","26.092","26.092","26.092"
"8015.269814234","68.207","68.207","68.207","26.106","26.106","26.106"
"8025.27158616","66.253","66.253","66.253","26.092","26.092","26.092"
"8035.275325862","68.598","68.598","68.598","25.993","25.993","25.993"
"8045.268843485","67.76","67.76","67.76","26.092","26.092","26.092"
"8055.266481915","60.854","60.854","60.854","26.092","26.092","26.092"
"8065.267674196","78.274","78.274","78.274","26.077","26.077","26.077"
"8075.268127008","66.448","66.448","66.448","26.092","26.092","26.092"
"8085.266431397","68.751","68.751","68.751","26.077","26.077","26.077"
"8095.27480162","68.068","68.068","68.068","26.077","26.077","26.077"
"8105.273339241","51.945","51.945","51.945","26.092","26.092","26.092"
"8115.269563651","66.741","66.741","66.741","26.077","26.077","26.077"
"8125.267104395","68.263","68.263","68.263","26.077","26.077","26.077"
"8135.2686717","67.775","67.775","67.775","26.176","26.176","26.176"
"8145.269789294","68.556","68.556","68.556","26.077","26.077","26.077"
"8155.266340802","57.562","57.562","57.562","26.092","26.092","26.092"
"8165.267592278","66.155","66.155","66.155","26.077","26.077","26.077"
"8175.271068852","71.779","71.779","71.779","26.092","26.092","26.092"
"8185.276717066","67.286","67.286","67.286","26.176","26.176","26.176"
"8195.268802094","68.654","68.654","68.654","26.176","26.176","26.176"
"8205.267729504","75.591","75.591","75.591","26.19","26.19","26.19"
"8215.268193634","67.189","67.189","67.189","26.077","26.077","26.077"
"8225.270518576","65.919","65.919","65.919","26.176","26.176","26.176"
"8235.267365274","73.887","73.887","73.887","26.077","26.077","26.077"
"8245.274156326","70.075","70.075","70.075","26.077","26.077","26.077"
"8255.273009137","68.514","68.514","68.514","26.176","26.176","26.176"
"8265.274999011","69.587","69.587","69.587","26.176","26.176","26.176"
"8275.265605066","66.017","66.017","66.017","26.176","26.176","26.176"
"8285.268252333","65.04","65.04","65.04","26.176","26.176","26.176"
"8295.269829436","61.502","61.502","61.502","26.077","26.077","26.077"
"8305.266998827","73.205","73.205","73.205","26.077","26.077","26.077"
"8315.265139827","66.505","66.505","66.505","26.176","26.176","26.176"
"8325.269405514","64.747","64.747","64.747","26.176","26.176","26.176"
"8335.274539372","66.993","66.993","66.993","26.176","26.176","26.176"
"8345.265611752","71.885","71.885","71.885","26.176","26.176","26.176"
"8355.267793384","62.382","62.382","62.382","26.176","26.176","26.176"
"8365.268409953","64.2","64.2","64.2","26.077","26.077","26.077"
"8375.276332272","70.368","70.368","70.368","26.176","26.176","26.176"
"8385.266576488","66.854","66.854","66.854","26.176","26.176","26.176"
"8395.266200728","85.564","85.564","85.564","26.176","26.176","26.176"
"8405.268607634","67.091","67.091","67.091","26.176","26.176","26.176"
"8415.276418391","50.603","50.603","50.603","26.176","26.176","26.176"
"8425.265950247","68.123","68.123","68.123","26.176","26.176","26.176"
"8435.272815348","69.685","69.685","69.685","26.176","26.176","26.176"
"8445.270626781","70.129","70.129","70.129","26.176","26.176","26.176"
"8455.267598784","68.318","68.318","68.318","26.176","26.176","26.176"
"8465.266206648","69.392","69.392","69.392","26.176","26.176","26.176"
"8475.268470184","64.494","64.494","64.494","26.176","26.176","26.176"
"8485.266612965","68.709","68.709","68.709","26.176","26.176","26.176"
"8495.26869236","71.007","71.007","71.007","26.176","26.176","26.176"
"8505.268440931","62.871","62.871","62.871","26.176","26.176","26.176"
"8515.27836093","68.221","68.221","68.221","26.176","26.176","26.176"
"8525.269459114","67.872","67.872","67.872","26.176","26.176","26.176"
"8535.267885106","66.7","66.7","66.7","26.176","26.176","26.176"
"8545.267454357","50.965","50.965","50.965","26.176","26.176","26.176"
"8555.26898574","64.982","64.982","64.982","26.176","26.176","26.176"
"8565.267413992","59.778","59.778","59.778","26.176","26.176","26.176"
"8575.276947969","67.97","67.97","67.97","26.176","26.176","26.176"
"8585.26742504","68.068","68.068","68.068","26.176","26.176","26.176"
"8595.267452625","69.099","69.099","69.099","26.176","26.176","26.176"
"8605.26826857","66.603","66.603","66.603","26.176","26.176","26.176"
"8615.265246389","70.52","70.52","70.52","26.176","26.176","26.176"
"8625.267366157","68.806","68.806","68.806","26.176","26.176","26.176"
"8635.265257041","67.872","67.872","67.872","26.176","26.176","26.176"
"8645.26585124","68.263","68.263","68.263","26.176","26.176","26.176"
"8655.273018165","65.431","65.431","65.431","26.176","26.176","26.176"
"8665.271073848","67.482","67.482","67.482","26.176","26.176","26.176"
"8675.268754561","76.472","76.472","76.472","26.176","26.176","26.176"
"8685.276414871","64.885","64.885","64.885","26.176","26.176","26.176"
"8695.268722379","67.482","67.482","67.482","26.176","26.176","26.176"
"8705.266311138","66.896","66.896","66.896","26.176","26.176","26.176"
"8715.276038951","67.677","67.677","67.677","26.176","26.176","26.176"
"8725.273343637","66.798","66.798","66.798","26.176","26.176","26.176"
"8735.265695031","48.15","48.15","48.15","26.176","26.176","26.176"
"8745.267935587","66.31","66.31","66.31","26.176","26.176","26.176"
"8755.269133347","68.026","68.026","68.026","26.176","26.176","26.176"
"8765.2715031","69.685","69.685","69.685","26.176","26.176","26.176"
"8775.270426213","67.091","67.091","67.091","26.176","26.176","26.176"
"8785.268191937","74.862","74.862","74.862","26.176","26.176","26.176"
"8795.265617615","60.817","60.817","60.817","26.275","26.275","26.275"
"8805.267776307","64.005","64.005","64.005","26.275","26.275","26.275"
"8815.274644143","50.181","50.181","50.181","26.176","26.176","26.176"
"8825.274660978","68.556","68.556","68.556","26.176","26.176","26.176"
"8835.278396458","73.153","73.153","73.153","26.176","26.176","26.176"
"8845.2654304","65.724","65.724","65.724","26.176","26.176","26.176"
"8855.267890467","70.466","70.466","70.466","26.176","26.176","26.176"
"8865.266228091","66.993","66.993","66.993","26.275","26.275","26.275"
"8875.269123862","67.635","67.635","67.635","26.176","26.176","26.176"
"8885.269069715","55.31","55.31","55.31","26.176","26.176","26.176"
"8895.267536322","67.286","67.286","67.286","26.176","26.176","26.176"
"8905.265244871","67.147","67.147","67.147","26.176","26.176","26.176"
"8915.271250323","66.017","66.017","66.017","26.176","26.176","26.176"
"8925.276096093","68.709","68.709","68.709","26.176","26.176","26.176"
"8935.276339074","67.286","67.286","67.286","26.176","26.176","26.176"
"8945.272748088","69.685","69.685","69.685","26.176","26.176","26.176"
"8955.269456822","66.896","66.896","66.896","26.176","26.176","26.176"
"8965.265281538","66.798","66.798","66.798","26.176","26.176","26.176"
"8975.271515029","63.516","63.516","63.516","26.176","26.176","26.176"
"8985.269014141","69.49","69.49","69.49","26.176","26.176","26.176"
"8995.265411324","65.373","65.373","65.373","26.176","26.176","26.176"
"9005.268323305","69.49","69.49","69.49","26.275","26.275","26.275"
"9015.265721188","62.382","62.382","62.382","26.176","26.176","26.176"
"9025.268935439","67.775","67.775","67.775","26.176","26.176","26.176"
"9035.266917739","59.386","59.386","59.386","26.176","26.176","26.176"
"9045.2719885","71.495","71.495","71.495","26.162","26.162","26.162"
"9055.274689111","73.543","73.543","73.543","26.19","26.19","26.19"
"9065.266909936","75.155","75.155","75.155","26.275","26.275","26.275"
"9075.270381377","68.012","68.012","68.012","26.19","26.19","26.19"
"9085.273346033","67.328","67.328","67.328","26.19","26.19","26.19"
"9095.269162505","68.305","68.305","68.305","26.19","26.19","26.19"
"9105.277780919","67.816","67.816","67.816","26.19","26.19","26.19"
"9115.277108299","65.862","65.862","65.862","26.19","26.19","26.19"
"9125.274484144","71.095","71.095","71.095","26.19","26.19","26.19"
"9135.271302515","50.045","50.045","50.045","26.19","26.19","26.19"
"9145.267071038","56.975","56.975","56.975","26.19","26.19","26.19"
"9155.266665828","67.914","67.914","67.914","26.092","26.092","26.092"
"9165.27909498","77.494","77.494","77.494","26.092","26.092","26.092"
"9175.266830065","56.813","56.813","56.813","26.19","26.19","26.19"
"9185.265888464","68.598","68.598","68.598","26.19","26.19","26.19"
"9195.274581797","56.715","56.715","56.715","26.19","26.19","26.19"
"9205.26662533","64.689","64.689","64.689","26.19","26.19","26.19"
"9215.267609008","67.621","67.621","67.621","26.19","26.19","26.19"
"9225.267113125","69.63","69.63","69.63","26.19","26.19","26.19"
"9235.26572732","70.802","70.802","70.802","26.19","26.19","26.19"
"9245.267498435","70.9","70.9","70.9","26.19","26.19","26.19"
"9255.26835974","67.035","67.035","67.035","26.19","26.19","26.19"
"9265.268277893","62.126","62.126","62.126","26.19","26.19","26.19"
"9275.270864159","67.23","67.23","67.23","26.19","26.19","26.19"
"9285.266752477","77.299","77.299","77.299","26.19","26.19","26.19"
"9295.273911527","64.435","64.435","64.435","26.19","26.19","26.19"
"9305.278531191","68.598","68.598","68.598","26.092","26.092","26.092"
"9315.270658917","70.954","70.954","70.954","26.19","26.19","26.19"
"9325.269537607","68.947","68.947","68.947","26.19","26.19","26.19"
"9335.265170431","68.849","68.849","68.849","26.19","26.19","26.19"
"9345.266301986","64.044","64.044","64.044","26.19","26.19","26.19"
"9355.266016364","51.584","51.584","51.584","26.092","26.092","26.092"
"9365.269590554","69.63","69.63","69.63","26.19","26.19","26.19"
"9375.267738864","63.516","63.516","63.516","26.19","26.19","26.19"
"9385.265588342","64.533","64.533","64.533","26.176","26.176","26.176"
"9395.265890702","67.97","67.97","67.97","26.19","26.19","26.19"
"9405.265575858","63.262","63.262","63.262","26.176","26.176","26.176"
"9415.267240293","51.094","51.094","51.094","26.19","26.19","26.19"
"9425.266128459","82.31","82.31","82.31","26.176","26.176","26.176"
"9435.268379195","65.373","65.373","65.373","26.19","26.19","26.19"
"9445.271881495","65.373","65.373","65.373","26.19","26.19","26.19"
"9455.266401686","64.044","64.044","64.044","26.19","26.19","26.19"
"9465.267981138","71.246","71.246","71.246","26.19","26.19","26.19"
"9475.273011463","65.471","65.471","65.471","26.19","26.19","26.19"
"9485.266715943","68.751","68.751","68.751","26.19","26.19","26.19"
"9495.269697907","62.322","62.322","62.322","26.092","26.092","26.092"
"9505.265893114","55.05","55.05","55.05","26.19","26.19","26.19"
"9515.272278192","64.2","64.2","64.2","26.092","26.092","26.092"
"9525.270337106","61.344","61.344","61.344","26.19","26.19","26.19"
"9535.268401599","68.361","68.361","68.361","26.19","26.19","26.19"
"9545.265462722","67.775","67.775","67.775","26.19","26.19","26.19"
"9555.267834371","57.954","57.954","57.954","26.077","26.077","26.077"
"9565.267606317","75.155","75.155","75.155","26.19","26.19","26.19"
"9575.267019192","65.08","65.08","65.08","26.092","26.092","26.092"
"9585.270231227","69.142","69.142","69.142","26.19","26.19","26.19"
"9595.26696636","48.347","48.347","48.347","26.19","26.19","26.19"
"9605.265903156","65.96","65.96","65.96","26.19","26.19","26.19"
"9615.26774542","71.539","71.539","71.539","26.19","26.19","26.19"
"9625.269185254","69.587","69.587","69.587","26.092","26.092","26.092"
"9635.267727176","71.637","71.637","71.637","26.092","26.092","26.092"
"9645.266396759","67.97","67.97","67.97","26.092","26.092","26.092"
"9655.272515105","52.044","52.044","52.044","26.19","26.19","26.19"
"9665.268029718","68.849","68.849","68.849","26.19","26.19","26.19"
"9675.269545992","59.484","59.484","59.484","26.19","26.19","26.19"
"9685.266314763","51.584","51.584","51.584","26.092","26.092","26.092"
"9695.269770489","66.505","66.505","66.505","26.092","26.092","26.092"
"9705.273319382","64.044","64.044","64.044","26.092","26.092","26.092"
"9715.275284489","73.446","73.446","73.446","26.092","26.092","26.092"
"9725.275064875","67.775","67.775","67.775","26.176","26.176","26.176"
"9735.26697469","64.298","64.298","64.298","26.176","26.176","26.176"
"9745.26799186","66.937","66.937","66.937","26.19","26.19","26.19"
"9755.26767202","68.849","68.849","68.849","26.092","26.092","26.092"
"9765.268969869","69.197","69.197","69.197","26.092","26.092","26.092"
"9775.269105248","70.173","70.173","70.173","26.092","26.092","26.092"
"9785.26546911","63.36","63.36","63.36","26.176","26.176","26.176"
"9795.267035891","75.447","75.447","75.447","26.19","26.19","26.19"
"9805.267757588","66.896","66.896","66.896","26.19","26.19","26.19"
"9815.267301091","61.697","61.697","61.697","26.19","26.19","26.19"
"9825.268523093","64.787","64.787","64.787","26.092","26.092","26.092"
"9835.266586706","63.164","63.164","63.164","26.092","26.092","26.092"
"9845.267572181","68.556","68.556","68.556","26.092","26.092","26.092"
"9855.269326867","68.458","68.458","68.458","26.19","26.19","26.19"
"9865.26583842","68.305","68.305","68.305","26.176","26.176","26.176"
"9875.2674505","68.751","68.751","68.751","26.19","26.19","26.19"
"9885.277146634","71.734","71.734","71.734","26.176","26.176","26.176"
"9895.276915435","65.218","65.218","65.218","26.092","26.092","26.092"
"9905.268414401","70.368","70.368","70.368","26.176","26.176","26.176"
"9915.268494173","68.068","68.068","68.068","26.176","26.176","26.176"
"9925.268094982","67.775","67.775","67.775","26.19","26.19","26.19"
"9935.267883178","65.764","65.764","65.764","26.19","26.19","26.19"
"9945.267173253","66.741","66.741","66.741","26.176","26.176","26.176"
"9955.266417081","67.677","67.677","67.677","26.092","26.092","26.092"
"9965.268176628","65.178","65.178","65.178","26.19","26.19","26.19"
"9975.27028202","66.896","66.896","66.896","26.19","26.19","26.19"
"9985.275231515","68.904","68.904","68.904","26.176","26.176","26.176"
"9995.26710852","68.165","68.165","68.165","26.176","26.176","26.176"
"10005.266592913","65.04","65.04","65.04","26.19","26.19","26.19"
"10015.265942395","56.583","56.583","56.583","26.176","26.176","26.176"
"10025.266882367","66.741","66.741","66.741","26.19","26.19","26.19"
"10035.274240376","69.392","69.392","69.392","26.19","26.19","26.19"
"10045.266489421","62.48","62.48","62.48","26.19","26.19","26.19"
"10055.265271964","67.384","67.384","67.384","26.19","26.19","26.19"
"10065.266477145","69.197","69.197","69.197","26.176","26.176","26.176"
"10075.274032717","72.958","72.958","72.958","26.176","26.176","26.176"
"10085.270606121","67.384","67.384","67.384","26.289","26.289","26.289"
"10095.26805613","53.416","53.416","53.416","26.092","26.092","26.092"
"10105.266613224","66.741","66.741","66.741","26.19","26.19","26.19"
"10115.27366137","59.484","59.484","59.484","26.19","26.19","26.19"
"10125.267492647","68.904","68.904","68.904","26.19","26.19","26.19"
"10135.26632014","67.579","67.579","67.579","26.176","26.176","26.176"
"10145.275637772","61.795","61.795","61.795","26.176","26.176","26.176"
"10155.274389073","68.947","68.947","68.947","26.077","26.077","26.077"
"10165.271681037","66.546","66.546","66.546","26.176","26.176","26.176"
"10175.266929476","63.321","63.321","63.321","26.176","26.176","26.176"
"10185.27601364","64.982","64.982","64.982","26.19","26.19","26.19"
"10195.273921894","68.556","68.556","68.556","26.176","26.176","26.176"
"10205.266713278","68.068","68.068","68.068","26.176","26.176","26.176"
"10215.267529133","67.579","67.579","67.579","26.176","26.176","26.176"
"10225.267328462","67.384","67.384","67.384","26.176","26.176","26.176"
"10235.27131089","63.555","63.555","63.555","26.176","26.176","26.176"
"10245.273430352","69.044","69.044","69.044","26.176","26.176","26.176"
"10255.267188324","62.811","62.811","62.811","26.176","26.176","26.176"
"10265.270369132","70.758","70.758","70.758","26.176","26.176","26.176"
"10275.270676559","67.189","67.189","67.189","26.19","26.19","26.19"
"10285.268403167","65.569","65.569","65.569","26.176","26.176","26.176"
"10295.265949616","67.579","67.579","67.579","26.19","26.19","26.19"
"10305.268664659","66.798","66.798","66.798","26.176","26.176","26.176"
"10315.276636771","71.29","71.29","71.29","26.176","26.176","26.176"
"10325.265237176","79.881","79.881","79.881","26.176","26.176","26.176"
"10335.266270359","64.982","64.982","64.982","26.176","26.176","26.176"
"10345.266861708","66.35","66.35","66.35","26.176","26.176","26.176"
"10355.267100542","53.122","53.122","53.122","26.19","26.19","26.19"
"10365.275138559","66.603","66.603","66.603","26.176","26.176","26.176"
"10375.268321371","67.97","67.97","67.97","26.176","26.176","26.176"
"10385.272617733","75.252","75.252","75.252","26.176","26.176","26.176"
"10395.269447646","63.751","63.751","63.751","26.176","26.176","26.176"
"10405.268120934","64.494","64.494","64.494","26.19","26.19","26.19"
"10415.266327655","67.384","67.384","67.384","26.176","26.176","26.176"
"10425.268122194","67.482","67.482","67.482","26.176","26.176","26.176"
"10435.265821154","54.854","54.854","54.854","26.19","26.19","26.19"
"10445.268195629","64.787","64.787","64.787","26.176","26.176","26.176"
"10455.268367537","68.458","68.458","68.458","26.19","26.19","26.19"
"10465.273575112","73.836","73.836","73.836","26.176","26.176","26.176"
"10475.270161828","67.286","67.286","67.286","26.176","26.176","26.176"
"10485.268941863","72.222","72.222","72.222","26.176","26.176","26.176"
"10495.270851705","66.114","66.114","66.114","26.176","26.176","26.176"
"10505.267744754","64.005","64.005","64.005","26.19","26.19","26.19"
"10515.266745681","68.849","68.849","68.849","26.176","26.176","26.176"
"10525.27314148","68.904","68.904","68.904","26.176","26.176","26.176"
"10535.272423582","51.161","51.161","51.161","26.176","26.176","26.176"
"10545.277069862","69.197","69.197","69.197","26.275","26.275","26.275"
"10555.266217128","67.384","67.384","67.384","26.19","26.19","26.19"
"10565.267360402","64.044","64.044","64.044","26.176","26.176","26.176"
"10575.269752817","69.978","69.978","69.978","26.176","26.176","26.176"
"10585.26718195","62.186","62.186","62.186","26.176","26.176","26.176"
"10595.271510357","68.165","68.165","68.165","26.176","26.176","26.176"
"10605.270729018","78.176","78.176","78.176","26.19","26.19","26.19"
"10615.268672148","82.7","82.7","82.7","26.275","26.275","26.275"
"10625.269184481","68.165","68.165","68.165","26.176","26.176","26.176"
"10635.2742625","67.677","67.677","67.677","26.176","26.176","26.176"
"10645.268982781","66.603","66.603","66.603","26.176","26.176","26.176"
"10655.267762667","68.947","68.947","68.947","26.176","26.176","26.176"
"10665.266145121","63.458","63.458","63.458","26.176","26.176","26.176"
"10675.269845119","67.775","67.775","67.775","26.176","26.176","26.176"
"10685.267648117","66.489","66.489","66.489","26.176","26.176","26.176"
"10695.265595034","66.448","66.448","66.448","26.176","26.176","26.176"
"10705.267160422","66.896","66.896","66.896","26.176","26.176","26.176"
"10715.277297908","68.068","68.068","68.068","26.176","26.176","26.176"
"10725.269593704","69.587","69.587","69.587","26.176","26.176","26.176"
"10735.265542756","53.122","53.122","53.122","26.176","26.176","26.176"
"10745.275053239","65.373","65.373","65.373","26.19","26.19","26.19"
"10755.266120147","69.044","69.044","69.044","26.176","26.176","26.176"
"10765.266424015","71.344","71.344","71.344","26.176","26.176","26.176"
"10775.269341847","76.472","76.472","76.472","26.176","26.176","26.176"
"10785.26654148","66.644","66.644","66.644","26.19","26.19","26.19"
"10795.267407098","64.631","64.631","64.631","26.176","26.176","26.176"
"10805.268069518","67.091","67.091","67.091","26.275","26.275","26.275"
"10815.275896005","65.569","65.569","65.569","26.19","26.19","26.19"
"10825.27051549","68.263","68.263","68.263","26.176","26.176","26.176"
"10835.267405828","69.294","69.294","69.294","26.176","26.176","26.176"
"10845.268449971","65.275","65.275","65.275","26.176","26.176","26.176"
"10855.266159456","67.872","67.872","67.872","26.176","26.176","26.176"
"10865.267026153","52.338","52.338","52.338","26.19","26.19","26.19"
"10875.269204538","69.533","69.533","69.533","26.176","26.176","26.176"
"10885.267271872","64.982","64.982","64.982","26.176","26.176","26.176"
"10895.268760155","57.366","57.366","57.366","26.176","26.176","26.176"
"10905.266133112","77.64","77.64","77.64","26.19","26.19","26.19"
"10915.266576658","55.246","55.246","55.246","26.176","26.176","26.176"
"10925.273243576","68.904","68.904","68.904","26.176","26.176","26.176"
"10935.276969204","68.556","68.556","68.556","26.176","26.176","26.176"
"10945.269022399","65.666","65.666","65.666","26.176","26.176","26.176"
"10955.265258336","68.361","68.361","68.361","26.176","26.176","26.176"
"10965.267129206","67.384","67.384","67.384","26.176","26.176","26.176"
"10975.265564529","66.212","66.212","66.212","26.176","26.176","26.176"
"10985.270181721","69.044","69.044","69.044","26.176","26.176","26.176"
"10995.267611034","67.189","67.189","67.189","26.176","26.176","26.176"
"11005.271347643","62.871","62.871","62.871","26.176","26.176","26.176"
"11015.265777065","68.904","68.904","68.904","26.176","26.176","26.176"
"11025.267009504","68.263","68.263","68.263","26.176","26.176","26.176"
"11035.268057168","67.579","67.579","67.579","26.176","26.176","26.176"
"11045.271569455","64.396","64.396","64.396","26.19","26.19","26.19"
"11055.266576665","75.934","75.934","75.934","26.176","26.176","26.176"
"11065.266721744","59.778","59.778","59.778","26.176","26.176","26.176"
"11075.265969225","68.654","68.654","68.654","26.19","26.19","26.19"
"11085.268079755","70.075","70.075","70.075","26.19","26.19","26.19"
"11095.267429576","66.839","66.839","66.839","26.176","26.176","26.176"
"11105.269010686","74.862","74.862","74.862","26.176","26.176","26.176"
"11115.265910048","64.103","64.103","64.103","26.176","26.176","26.176"
"11125.268098988","52.436","52.436","52.436","26.176","26.176","26.176"
"11135.265105005","69.197","69.197","69.197","26.176","26.176","26.176"
"11145.281379656","69.099","69.099","69.099","26.176","26.176","26.176"
"11155.267441517","71.051","71.051","71.051","26.176","26.176","26.176"
"11165.267428142","67.97","67.97","67.97","26.176","26.176","26.176"
"11175.268502918","52.173","52.173","52.173","26.176","26.176","26.176"
"11185.265655758","65.178","65.178","65.178","26.176","26.176","26.176"
"11195.267227589","59.778","59.778","59.778","26.176","26.176","26.176"
"11205.270754276","71.93","71.93","71.93","26.176","26.176","26.176"
"11215.270189063","55.344","55.344","55.344","26.176","26.176","26.176"
"11225.266849414","69.63","69.63","69.63","26.176","26.176","26.176"
"11235.269388101","64.356","64.356","64.356","26.176","26.176","26.176"
"11245.269857195","69.88","69.88","69.88","26.19","26.19","26.19"
"11255.266106521","69.197","69.197","69.197","26.176","26.176","26.176"
"11265.269849527","70.661","70.661","70.661","26.176","26.176","26.176"
"11275.265838888","69.044","69.044","69.044","26.176","26.176","26.176"
"11285.279343117","73.543","73.543","73.543","26.176","26.176","26.176"
"11295.266258346","67.775","67.775","67.775","26.176","26.176","26.176"
"11305.274984812","63.751","63.751","63.751","26.077","26.077","26.077"
"11315.269899843","55.996","55.996","55.996","26.077","26.077","26.077"
"11325.266134502","51.357","51.357","51.357","26.176","26.176","26.176"
"11335.269309369","74.57","74.57","74.57","26.176","26.176","26.176"
"11345.268794346","66.896","66.896","66.896","26.19","26.19","26.19"
"11355.268207606","73.446","73.446","73.446","26.176","26.176","26.176"
"11365.276864589","63.751","63.751","63.751","26.19","26.19","26.19"
"11375.267108886","67.482","67.482","67.482","26.092","26.092","26.092"
"11385.26631145","71.93","71.93","71.93","26.077","26.077","26.077"
"11395.265792404","68.751","68.751","68.751","26.176","26.176","26.176"
"11405.26562448","65.373","65.373","65.373","26.19","26.19","26.19"
"11415.269370685","65.569","65.569","65.569","26.19","26.19","26.19"
"11425.266978692","54.756","54.756","54.756","26.176","26.176","26.176"
"11435.268469647","67.872","67.872","67.872","26.176","26.176","26.176"
"11445.269196826","77.201","77.201","77.201","26.176","26.176","26.176"
"11455.26861219","68.318","68.318","68.318","26.077","26.077","26.077"
"11465.269520704","66.505","66.505","66.505","26.176","26.176","26.176"
"11475.271248197","69.49","69.49","69.49","26.176","26.176","26.176"
"11485.271791869","69.782","69.782","69.782","26.176","26.176","26.176"
"11495.270200963","54.462","54.462","54.462","26.077","26.077","26.077"
"11505.275170661","62.871","62.871","62.871","26.176","26.176","26.176"
"11515.275757952","67.775","67.775","67.775","26.176","26.176","26.176"
"11525.27374778","64.924","64.924","64.924","26.176","26.176","26.176"
"11535.271108855","67.872","67.872","67.872","26.176","26.176","26.176"
"11545.275835937","64.435","64.435","64.435","26.19","26.19","26.19"
"11555.272683491","64.787","64.787","64.787","26.176","26.176","26.176"
"11565.275117109","72.08","72.08","72.08","26.176","26.176","26.176"
"11575.265494234","68.165","68.165","68.165","26.176","26.176","26.176"
"11585.265688503","71.885","71.885","71.885","26.176","26.176","26.176"
"11595.275947864","70.466","70.466","70.466","26.176","26.176","26.176"
"11605.276168739","69.142","69.142","69.142","26.19","26.19","26.19"
"11615.266974412","68.947","68.947","68.947","26.19","26.19","26.19"
"11625.269454221","65.805","65.805","65.805","26.176","26.176","26.176"
"11635.267408474","66.155","66.155","66.155","26.176","26.176","26.176"
"11645.271363075","52.632","52.632","52.632","26.176","26.176","26.176"
"11655.271374483","64.338","64.338","64.338","26.176","26.176","26.176"
"11665.265630965","68.751","68.751","68.751","26.19","26.19","26.19"
"11675.274043697","50.377","50.377","50.377","26.19","26.19","26.19"
"11685.269174239","67.579","67.579","67.579","26.176","26.176","26.176"
"11695.2754325","73.251","73.251","73.251","26.19","26.19","26.19"
"11705.270687622","51.161","51.161","51.161","26.176","26.176","26.176"
"11715.268272857","67.482","67.482","67.482","26.176","26.176","26.176"
"11725.266327501","71.442","71.442","71.442","26.19","26.19","26.19"
"11735.267466078","69.044","69.044","69.044","26.19","26.19","26.19"
"11745.266788337","65.471","65.471","65.471","26.176","26.176","26.176"
"11755.269390328","66.546","66.546","66.546","26.275","26.275","26.275"
"11765.268177158","65.08","65.08","65.08","26.176","26.176","26.176"
"11775.268597701","66.505","66.505","66.505","26.19","26.19","26.19"
"11785.269040545","69.142","69.142","69.142","26.176","26.176","26.176"
"11795.265701444","68.654","68.654","68.654","26.176","26.176","26.176"
"11805.267634503","66.505","66.505","66.505","26.176","26.176","26.176"
"11815.267393265","62.186","62.186","62.186","26.19","26.19","26.19"
"11825.265837074","67.775","67.775","67.775","26.176","26.176","26.176"
"11835.266121312","71.69","71.69","71.69","26.176","26.176","26.176"
"11845.27008683","66.7","66.7","66.7","26.19","26.19","26.19"
"11855.267172017","53.024","53.024","53.024","26.176","26.176","26.176"
"11865.269616657","69.294","69.294","69.294","26.176","26.176","26.176"
"11875.267773727","68.361","68.361","68.361","26.176","26.176","26.176"
"11885.274528276","54.56","54.56","54.56","26.19","26.19","26.19"
"11895.273283695","67.482","67.482","67.482","26.176","26.176","26.176"
"11905.267725231","71.69","71.69","71.69","26.176","26.176","26.176"
"11915.271377549","66.798","66.798","66.798","26.176","26.176","26.176"
"11925.273590003","67.286","67.286","67.286","26.19","26.19","26.19"
"11935.271757615","69.978","69.978","69.978","26.176","26.176","26.176"
"11945.267005046","68.165","68.165","68.165","26.275","26.275","26.275"
"11955.268064745","61.991","61.991","61.991","26.19","26.19","26.19"
"11965.275713815","62.577","62.577","62.577","26.176","26.176","26.176"
"11975.270746359","52.894","52.894","52.894","26.176","26.176","26.176"
"11985.266436403","67.132","67.132","67.132","26.19","26.19","26.19"
"11995.275325648","56.485","56.485","56.485","26.19","26.19","26.19"
"12005.266862467","69.044","69.044","69.044","26.176","26.176","26.176"
"12015.267884114","69.002","69.002","69.002","26.176","26.176","26.176"
"12025.27071965","60.463","60.463","60.463","26.176","26.176","26.176"
"12035.265251765","71.149","71.149","71.149","26.176","26.176","26.176"
"12045.269853346","62.322","62.322","62.322","26.176","26.176","26.176"
"12055.267491079","72.568","72.568","72.568","26.176","26.176","26.176"
"12065.267327754","69.24","69.24","69.24","26.176","26.176","26.176"
"12075.274363218","61.599","61.599","61.599","26.176","26.176","26.176"
"12085.268323544","71.885","71.885","71.885","26.275","26.275","26.275"
"12095.271937996","66.546","66.546","66.546","26.19","26.19","26.19"
"12105.271363841","66.896","66.896","66.896","26.176","26.176","26.176"
"12115.267397436","68.361","68.361","68.361","26.176","26.176","26.176"
"12125.274496153","65.862","65.862","65.862","26.176","26.176","26.176"
"12135.267907072","66.644","66.644","66.644","26.176","26.176","26.176"
"12145.267700611","68.654","68.654","68.654","26.176","26.176","26.176"
"12155.266227418","62.773","62.773","62.773","26.289","26.289","26.289"
"12165.266290599","67.775","67.775","67.775","26.19","26.19","26.19"
"12175.265630587","67.189","67.189","67.189","26.176","26.176","26.176"
"12185.266845295","68.849","68.849","68.849","26.176","26.176","26.176"
"12195.274661728","71.007","71.007","71.007","26.176","26.176","26.176"
"12205.271740414","69.099","69.099","69.099","26.176","26.176","26.176"
"12215.271000064","67.523","67.523","67.523","26.176","26.176","26.176"
"12225.276562369","71.29","71.29","71.29","26.176","26.176","26.176"
"12235.265264339","67.091","67.091","67.091","26.176","26.176","26.176"
"12245.266400752","67.677","67.677","67.677","26.176","26.176","26.176"
"12255.269627388","68.904","68.904","68.904","26.176","26.176","26.176"
"12265.272898991","67.677","67.677","67.677","26.275","26.275","26.275"
"12275.272731171","69.978","69.978","69.978","26.176","26.176","26.176"
"12285.272573181","68.556","68.556","68.556","26.176","26.176","26.176"
"12295.266767254","66.839","66.839","66.839","26.176","26.176","26.176"
"12305.267928064","69.24","69.24","69.24","26.19","26.19","26.19"
"12315.266969221","71.69","71.69","71.69","26.176","26.176","26.176"
"12325.268725579","73.446","73.446","73.446","26.176","26.176","26.176"
"12335.268846955","67.677","67.677","67.677","26.176","26.176","26.176"
"12345.265592148","66.839","66.839","66.839","26.176","26.176","26.176"
"12355.269216502","68.751","68.751","68.751","26.176","26.176","26.176"
"12365.272045079","65.511","65.511","65.511","26.176","26.176","26.176"
"12375.269285387","63.907","63.907","63.907","26.176","26.176","26.176"
"12385.272099657","65.373","65.373","65.373","26.176","26.176","26.176"
"12395.280495319","69.044","69.044","69.044","26.176","26.176","26.176"
"12405.267933802","78.225","78.225","78.225","26.176","26.176","26.176"
"12415.267278289","68.904","68.904","68.904","26.176","26.176","26.176"
"12425.266731581","68.263","68.263","68.263","26.275","26.275","26.275"
"12435.279259321","62.675","62.675","62.675","26.19","26.19","26.19"
"12445.272354694","65.471","65.471","65.471","26.176","26.176","26.176"
"12455.265696145","68.361","68.361","68.361","26.176","26.176","26.176"
"12465.274214987","69.88","69.88","69.88","26.176","26.176","26.176"
"12475.268474355","51.749","51.749","51.749","26.19","26.19","26.19"
"12485.26626747","71.539","71.539","71.539","26.176","26.176","26.176"
"12495.266951018","67.677","67.677","67.677","26.176","26.176","26.176"
"12505.268865841","69.197","69.197","69.197","26.176","26.176","26.176"
"12515.265760342","60.071","60.071","60.071","26.176","26.176","26.176"
"12525.26939346","52.73","52.73","52.73","26.19","26.19","26.19"
"12535.276647872","69.197","69.197","69.197","26.19","26.19","26.19"
"12545.267361241","65.569","65.569","65.569","26.176","26.176","26.176"
"12555.266749886","66.7","66.7","66.7","26.275","26.275","26.275"
"12565.276502009","74.18","74.18","74.18","26.176","26.176","26.176"
"12575.266539019","71.592","71.592","71.592","26.176","26.176","26.176"
"12585.269629984","66.407","66.407","66.407","26.176","26.176","26.176"
"12595.27073349","75.934","75.934","75.934","26.176","26.176","26.176"
"12605.274351484","64.103","64.103","64.103","26.176","26.176","26.176"
"12615.268866744","69.782","69.782","69.782","26.176","26.176","26.176"
"12625.265510852","64.2","64.2","64.2","26.176","26.176","26.176"
"12635.266951617","69.435","69.435","69.435","26.077","26.077","26.077"
"12645.269524736","67.091","67.091","67.091","26.176","26.176","26.176"
"12655.266093784","71.93","71.93","71.93","26.176","26.176","26.176"
"12665.267245065","69.197","69.197","69.197","26.176","26.176","26.176"
"12675.273632815","70.856","70.856","70.856","26.176","26.176","26.176"
"12685.266992428","67.579","67.579","67.579","26.176","26.176","26.176"
"12695.26689422","68.654","68.654","68.654","26.176","26.176","26.176"
"12705.268311872","65.471","65.471","65.471","26.176","26.176","26.176"
"12715.265901968","73.641","73.641","73.641","26.19","26.19","26.19"
"12725.265735418","68.165","68.165","68.165","26.19","26.19","26.19"
"12735.268173582","63.066","63.066","63.066","26.176","26.176","26.176"
"12745.265150377","64.494","64.494","64.494","26.176","26.176","26.176"
"12755.265354609","69.685","69.685","69.685","26.289","26.289","26.289"
"12765.266105652","65.724","65.724","65.724","26.176","26.176","26.176"
"12775.271698672","63.81","63.81","63.81","26.176","26.176","26.176"
"12785.265342144","54.397","54.397","54.397","26.176","26.176","26.176"
"12795.270426017","53.024","53.024","53.024","26.176","26.176","26.176"
"12805.269276446","69.337","69.337","69.337","26.176","26.176","26.176"
"12815.267384355","50.799","50.799","50.799","26.19","26.19","26.19"
"12825.269622485","48.249","48.249","48.249","26.176","26.176","26.176"
"12835.276390595","68.904","68.904","68.904","26.176","26.176","26.176"
"12845.269732581","73.446","73.446","73.446","26.176","26.176","26.176"
"12855.269584015","65.373","65.373","65.373","26.176","26.176","26.176"
"12865.269063744","73.79","73.79","73.79","26.176","26.176","26.176"
"12875.268205567","61.344","61.344","61.344","26.176","26.176","26.176"
"12885.266551482","72.958","72.958","72.958","26.176","26.176","26.176"
"12895.268356317","65.862","65.862","65.862","26.289","26.289","26.289"
"12905.267753647","65.528","65.528","65.528","26.176","26.176","26.176"
"12915.276278731","61.539","61.539","61.539","26.176","26.176","26.176"
"12925.266310371","68.751","68.751","68.751","26.176","26.176","26.176"
"12935.269160322","57.758","57.758","57.758","26.176","26.176","26.176"
"12945.272159906","75.35","75.35","75.35","26.176","26.176","26.176"
"12955.275733197","68.904","68.904","68.904","26.275","26.275","26.275"
"12965.270380553","66.505","66.505","66.505","26.176","26.176","26.176"
"12975.271294877","70.075","70.075","70.075","26.176","26.176","26.176"
"12985.267631093","75.396","75.396","75.396","26.176","26.176","26.176"
"12995.26563779","60.071","60.071","60.071","26.176","26.176","26.176"
"13005.266320517","70.563","70.563","70.563","26.176","26.176","26.176"
"13015.267496005","78.322","78.322","78.322","26.275","26.275","26.275"
"13025.275591635","57.758","57.758","57.758","26.19","26.19","26.19"
"13035.268013426","67.677","67.677","67.677","26.176","26.176","26.176"
"13045.2736964","68.221","68.221","68.221","26.19","26.19","26.19"
"13055.267475757","69.49","69.49","69.49","26.176","26.176","26.176"
"13065.266218994","67.091","67.091","67.091","26.176","26.176","26.176"
"13075.269669946","68.361","68.361","68.361","26.176","26.176","26.176"
"13085.268362479","70.661","70.661","70.661","26.176","26.176","26.176"
"13095.266070308","66.017","66.017","66.017","26.275","26.275","26.275"
"13105.269353336","64.787","64.787","64.787","26.176","26.176","26.176"
"13115.277540591","50.407","50.407","50.407","26.176","26.176","26.176"
"13125.277641284","67.97","67.97","67.97","26.176","26.176","26.176"
"13135.267784994","66.896","66.896","66.896","26.176","26.176","26.176"
"13145.276122155","67.091","67.091","67.091","26.19","26.19","26.19"
"13155.27359626","67.872","67.872","67.872","26.275","26.275","26.275"
"13165.26846478","67.97","67.97","67.97","26.176","26.176","26.176"
"13175.268964853","63.164","63.164","63.164","26.275","26.275","26.275"
"13185.277128387","68.904","68.904","68.904","26.176","26.176","26.176"
"13195.267379563","68.904","68.904","68.904","26.176","26.176","26.176"
"13205.265400955","67.775","67.775","67.775","26.176","26.176","26.176"
"13215.26740156","68.165","68.165","68.165","26.176","26.176","26.176"
"13225.267285194","65.666","65.666","65.666","26.176","26.176","26.176"
"13235.268127691","75.642","75.642","75.642","26.176","26.176","26.176"
"13245.266620334","67.579","67.579","67.579","26.176","26.176","26.176"
"13255.272848807","60.267","60.267","60.267","26.176","26.176","26.176"
"13265.26826921","69.49","69.49","69.49","26.176","26.176","26.176"
"13275.280801906","50.671","50.671","50.671","26.176","26.176","26.176"
"13285.268534915","68.361","68.361","68.361","26.176","26.176","26.176"
"13295.269740741","66.155","66.155","66.155","26.176","26.176","26.176"
"13305.269088486","69.099","69.099","69.099","26.176","26.176","26.176"
"13315.267522259","63.81","63.81","63.81","26.176","26.176","26.176"
"13325.267215017","68.458","68.458","68.458","26.176","26.176","26.176"
"13335.268073319","67.384","67.384","67.384","26.176","26.176","26.176"
"13345.26564311","67.384","67.384","67.384","26.176","26.176","26.176"
"13355.272553054","70.173","70.173","70.173","26.176","26.176","26.176"
"13365.266792107","68.165","68.165","68.165","26.176","26.176","26.176"
"13375.273049343","50.377","50.377","50.377","26.19","26.19","26.19"
"13385.267999428","68.123","68.123","68.123","26.176","26.176","26.176"
"13395.267425644","61.208","61.208","61.208","26.176","26.176","26.176"
"13405.267124142","69.002","69.002","69.002","26.176","26.176","26.176"
"13415.265516166","68.654","68.654","68.654","26.176","26.176","26.176"
"13425.271498278","71.344","71.344","71.344","26.176","26.176","26.176"
"13435.273240948","67.579","67.579","67.579","26.176","26.176","26.176"
"13445.276299375","73.348","73.348","73.348","26.176","26.176","26.176"
"13455.270926914","56.877","56.877","56.877","26.19","26.19","26.19"
"13465.269596076","66.35","66.35","66.35","26.176","26.176","26.176"
"13475.277436541","57.66","57.66","57.66","26.176","26.176","26.176"
"13485.269702326","70.368","70.368","70.368","26.176","26.176","26.176"
"13495.26575536","67.97","67.97","67.97","26.176","26.176","26.176"
"13505.26765581","66.798","66.798","66.798","26.176","26.176","26.176"
"13515.276295325","67.872","67.872","67.872","26.176","26.176","26.176"
"13525.276022136","68.263","68.263","68.263","26.176","26.176","26.176"
"13535.27627935","68.068","68.068","68.068","26.176","26.176","26.176"
"13545.267688516","72.08","72.08","72.08","26.176","26.176","26.176"
"13555.266298328","69.533","69.533","69.533","26.176","26.176","26.176"
"13565.276373667","66.741","66.741","66.741","26.176","26.176","26.176"
"13575.266317798","68.165","68.165","68.165","26.176","26.176","26.176"
"13585.265857983","67.97","67.97","67.97","26.176","26.176","26.176"
"13595.271291391","72.275","72.275","72.275","26.176","26.176","26.176"
"13605.269277043","67.677","67.677","67.677","26.275","26.275","26.275"
"13615.270262396","74.667","74.667","74.667","26.176","26.176","26.176"
"13625.273849432","63.262","63.262","63.262","26.275","26.275","26.275"
"13635.267313588","52.534","52.534","52.534","26.176","26.176","26.176"
"13645.266825115","65.821","65.821","65.821","26.176","26.176","26.176"
"13655.265170602","64.885","64.885","64.885","26.162","26.162","26.162"
"13665.266173332","70.378","70.378","70.378","26.162","26.162","26.162"
"13675.267185317","71.592","71.592","71.592","26.176","26.176","26.176"
"13685.266664427","64.435","64.435","64.435","26.176","26.176","26.176"
"13695.269700089","63.516","63.516","63.516","26.176","26.176","26.176"
"13705.272052584","66.505","66.505","66.505","26.176","26.176","26.176"
"13715.266624303","72.665","72.665","72.665","26.176","26.176","26.176"
"13725.266326191","65.178","65.178","65.178","26.176","26.176","26.176"
"13735.268025369","70.368","70.368","70.368","26.176","26.176","26.176"
"13745.27085077","71.885","71.885","71.885","26.176","26.176","26.176"
"13755.271365516","68.123","68.123","68.123","26.275","26.275","26.275"
"13765.276503647","51.357","51.357","51.357","26.176","26.176","26.176"
"13775.268787699","66.7","66.7","66.7","26.176","26.176","26.176"
"13785.265842741","67.384","67.384","67.384","26.176","26.176","26.176"
"13795.265196294","66.407","66.407","66.407","26.176","26.176","26.176"
"13805.26651527","70.227","70.227","70.227","26.162","26.162","26.162"
"13815.265840167","65.683","65.683","65.683","26.26","26.26","26.26"
"13825.266013531","70.856","70.856","70.856","26.176","26.176","26.176"
"13835.270484096","62.48","62.48","62.48","26.077","26.077","26.077"
"13845.269808457","67.05","67.05","67.05","26.176","26.176","26.176"
"13855.268822154","51.259","51.259","51.259","26.19","26.19","26.19"
"13865.267711011","67.384","67.384","67.384","26.176","26.176","26.176"
"13875.269110898","64.649","64.649","64.649","26.176","26.176","26.176"
"13885.268493689","66.952","66.952","66.952","26.26","26.26","26.26"
"13895.267771328","68.526","68.526","68.526","26.26","26.26","26.26"
"13905.267700194","68.318","68.318","68.318","26.176","26.176","26.176"
"13915.275521495","69.544","69.544","69.544","26.176","26.176","26.176"
"13925.267300761","67.872","67.872","67.872","26.176","26.176","26.176"
"13935.267302446","56.715","56.715","56.715","26.176","26.176","26.176"
"13945.267001672","64.845","64.845","64.845","26.176","26.176","26.176"
"13955.265188173","67.83","67.83","67.83","26.176","26.176","26.176"
"13965.270215628","71.841","71.841","71.841","26.26","26.26","26.26"
"13975.265990456","58.212","58.212","58.212","26.176","26.176","26.176"
"13985.265504628","67.132","67.132","67.132","26.176","26.176","26.176"
"13995.267852072","67.83","67.83","67.83","26.176","26.176","26.176"
"14005.272851055","63.066","63.066","63.066","26.176","26.176","26.176"
"14015.280789529","69.002","69.002","69.002","26.26","26.26","26.26"
"14025.268132628","61.599","61.599","61.599","26.176","26.176","26.176"
"14035.268329493","61.855","61.855","61.855","26.176","26.176","26.176"
"14045.271255687","68.654","68.654","68.654","26.176","26.176","26.176"
"14055.283387048","68.471","68.471","68.471","26.162","26.162","26.162"
"14065.268166009","66.407","66.407","66.407","26.176","26.176","26.176"
"14075.27799069","54.56","54.56","54.56","26.275","26.275","26.275"
"14085.270883463","55.506","55.506","55.506","26.176","26.176","26.176"
"14095.266368827","60.291","60.291","60.291","26.162","26.162","26.162"
"14105.266394786","48.543","48.543","48.543","26.176","26.176","26.176"
"14115.26843246","58.799","58.799","58.799","26.176","26.176","26.176"
"14125.265740162","67.286","67.286","67.286","26.176","26.176","26.176"
"14135.269055079","66.017","66.017","66.017","26.162","26.162","26.162"
"14145.26730688","63.614","63.614","63.614","26.176","26.176","26.176"
"14155.270968103","55.702","55.702","55.702","26.176","26.176","26.176"
"14165.269838095","66.757","66.757","66.757","26.26","26.26","26.26"
"14175.267936164","59.484","59.484","59.484","26.176","26.176","26.176"
"14185.27483906","66.505","66.505","66.505","26.176","26.176","26.176"
"14195.266114426","68.416","68.416","68.416","26.176","26.176","26.176"
"14205.270091246","69.587","69.587","69.587","26.176","26.176","26.176"
"14215.266579938","78.03","78.03","78.03","26.275","26.275","26.275"
"14225.270122539","67.44","67.44","67.44","26.162","26.162","26.162"
"14235.266055328","69.685","69.685","69.685","26.176","26.176","26.176"
"14245.274256541","67.132","67.132","67.132","26.176","26.176","26.176"
"14255.267119151","69.392","69.392","69.392","26.176","26.176","26.176"
"14265.266301658","68.806","68.806","68.806","26.176","26.176","26.176"
"14275.265623413","64.591","64.591","64.591","26.176","26.176","26.176"
"14285.271538621","59.386","59.386","59.386","26.176","26.176","26.176"
"14295.285433962","71.246","71.246","71.246","26.176","26.176","26.176"
"14305.278564321","63.946","63.946","63.946","26.176","26.176","26.176"
"14315.265603642","62.441","62.441","62.441","26.176","26.176","26.176"
"14325.267814348","70.661","70.661","70.661","26.176","26.176","26.176"
"14335.267961075","69.88","69.88","69.88","26.176","26.176","26.176"
"14345.265742273","68.416","68.416","68.416","26.176","26.176","26.176"
"14355.270102395","64.787","64.787","64.787","26.275","26.275","26.275"
"14365.266115105","67.482","67.482","67.482","26.176","26.176","26.176"
"14375.270732565","72.08","72.08","72.08","26.176","26.176","26.176"
"14385.27568783","68.068","68.068","68.068","26.176","26.176","26.176"
"14395.266652234","68.458","68.458","68.458","26.19","26.19","26.19"
"14405.275039852","64.982","64.982","64.982","26.176","26.176","26.176"
"14415.266643388","69.447","69.447","69.447","26.176","26.176","26.176"
"14425.265899921","77.835","77.835","77.835","26.275","26.275","26.275"
"14435.267525062","74.231","74.231","74.231","26.176","26.176","26.176"
"14445.272019727","66.798","66.798","66.798","26.176","26.176","26.176"
"14455.269457223","72.328","72.328","72.328","26.176","26.176","26.176"
"14465.274536939","75.108","75.108","75.108","26.176","26.176","26.176"
"14475.265473467","64.142","64.142","64.142","26.176","26.176","26.176"
"14485.26520935","63.81","63.81","63.81","26.176","26.176","26.176"
"14495.267797593","68.263","68.263","68.263","26.275","26.275","26.275"
"14505.268631443","58.604","58.604","58.604","26.176","26.176","26.176"
"14515.269797401","69.154","69.154","69.154","26.176","26.176","26.176"
"14525.267247547","51.063","51.063","51.063","26.176","26.176","26.176"
"14535.267057434","50.996","50.996","50.996","26.176","26.176","26.176"
"14545.268232064","73.979","73.979","73.979","26.19","26.19","26.19"
"14555.268497093","72.275","72.275","72.275","26.176","26.176","26.176"
"14565.278783151","77.933","77.933","77.933","26.176","26.176","26.176"
"14575.26933475","67.83","67.83","67.83","26.176","26.176","26.176"
"14585.268153618","70.27","70.27","70.27","26.176","26.176","26.176"
"14595.270702146","63.262","63.262","63.262","26.176","26.176","26.176"
"14605.265022005","68.068","68.068","68.068","26.176","26.176","26.176"
"14615.266524231","67.286","67.286","67.286","26.176","26.176","26.176"
"14625.268044768","68.751","68.751","68.751","26.19","26.19","26.19"
"14635.268742676","68.026","68.026","68.026","26.162","26.162","26.162"
"14645.273750457","68.361","68.361","68.361","26.19","26.19","26.19"
"14655.267652631","68.654","68.654","68.654","26.176","26.176","26.176"
"14665.268010571","65.488","65.488","65.488","26.162","26.162","26.162"
"14675.265590035","63.712","63.712","63.712","26.275","26.275","26.275"
"14685.272265332","67.538","67.538","67.538","26.176","26.176","26.176"
"14695.266147858","69.392","69.392","69.392","26.176","26.176","26.176"
"14705.266365829","78.516","78.516","78.516","26.176","26.176","26.176"
"14715.268837929","65.373","65.373","65.373","26.176","26.176","26.176"
"14725.268356439","66.31","66.31","66.31","26.275","26.275","26.275"
"14735.266944043","68.514","68.514","68.514","26.176","26.176","26.176"
"14745.276647089","65.626","65.626","65.626","26.176","26.176","26.176"
"14755.267330248","64.396","64.396","64.396","26.176","26.176","26.176"
"14765.266156141","67.928","67.928","67.928","26.275","26.275","26.275"
"14775.267663537","57.234","57.234","57.234","26.162","26.162","26.162"
"14785.270430042","57.073","57.073","57.073","26.176","26.176","26.176"
"14795.269586772","66.448","66.448","66.448","26.176","26.176","26.176"
"14805.267986548","63.028","63.028","63.028","26.162","26.162","26.162"
"14815.267440146","58.604","58.604","58.604","26.26","26.26","26.26"
"14825.270575942","73.641","73.641","73.641","26.176","26.176","26.176"
"14835.278815471","73.595","73.595","73.595","26.176","26.176","26.176"
"14845.270363798","61.111","61.111","61.111","26.176","26.176","26.176"
"14855.265987438","58.995","58.995","58.995","26.176","26.176","26.176"
"14865.275627417","83.089","83.089","83.089","26.176","26.176","26.176"
"14875.272344081","65.764","65.764","65.764","26.176","26.176","26.176"
"14885.269759778","72.125","72.125","72.125","26.289","26.289","26.289"
"14895.272780099","69.88","69.88","69.88","26.275","26.275","26.275"
"14905.27677227","58.799","58.799","58.799","26.176","26.176","26.176"
"14915.2682258","68.318","68.318","68.318","26.176","26.176","26.176"
"14925.268442494","73.01","73.01","73.01","26.162","26.162","26.162"
"14935.277036265","67.775","67.775","67.775","26.19","26.19","26.19"
"14945.267431979","54.462","54.462","54.462","26.176","26.176","26.176"
"14955.267197981","68.611","68.611","68.611","26.176","26.176","26.176"
"14965.265526825","68.221","68.221","68.221","26.176","26.176","26.176"
"14975.265472468","67.425","67.425","67.425","26.19","26.19","26.19"
"14985.267234722","74.375","74.375","74.375","26.162","26.162","26.162"
"14995.267517258","65.764","65.764","65.764","26.19","26.19","26.19"
"15005.266545503","67.091","67.091","67.091","26.176","26.176","26.176"
"15015.268323536","71.991","71.991","71.991","26.26","26.26","26.26"
"15025.266187","67.189","67.189","67.189","26.176","26.176","26.176"
"15035.268180459","70.227","70.227","70.227","26.176","26.176","26.176"
"15045.268422305","66.896","66.896","66.896","26.176","26.176","26.176"
"15055.273708669","62.246","62.246","62.246","26.176","26.176","26.176"
"15065.27484945","66.644","66.644","66.644","26.176","26.176","26.176"
"15075.275100741","73.836","73.836","73.836","26.176","26.176","26.176"
"15085.269355434","64.845","64.845","64.845","26.176","26.176","26.176"
"15095.267858538","67.482","67.482","67.482","26.275","26.275","26.275"
"15105.266941493","64.552","64.552","64.552","26.162","26.162","26.162"
"15115.265485707","61.05","61.05","61.05","26.162","26.162","26.162"
"15125.266802243","68.165","68.165","68.165","26.176","26.176","26.176"
"15135.266220885","63.712","63.712","63.712","26.176","26.176","26.176"
"15145.267124144","66.993","66.993","66.993","26.176","26.176","26.176"
"15155.271248864","72.373","72.373","72.373","26.176","26.176","26.176"
"15165.265461368","65.96","65.96","65.96","26.26","26.26","26.26"
"15175.275123767","67.635","67.635","67.635","26.162","26.162","26.162"
"15185.26810798","68.776","68.776","68.776","26.176","26.176","26.176"
"15195.266092617","63.614","63.614","63.614","26.176","26.176","26.176"
"15205.272033522","75.544","75.544","75.544","26.176","26.176","26.176"
"15215.271160934","86.676","86.676","86.676","26.176","26.176","26.176"
"15225.273208284","74.18","74.18","74.18","26.176","26.176","26.176"
"15235.273439707","68.904","68.904","68.904","26.176","26.176","26.176"
"15245.26710676","69.002","69.002","69.002","26.176","26.176","26.176"
"15255.268912026","61.855","61.855","61.855","26.162","26.162","26.162"
"15265.266160236","68.458","68.458","68.458","26.176","26.176","26.176"
"15275.269300646","79.004","79.004","79.004","26.077","26.077","26.077"
"15285.269497969","77.933","77.933","77.933","26.275","26.275","26.275"
"15295.275518919","68.068","68.068","68.068","26.176","26.176","26.176"
"15305.270763321","70.563","70.563","70.563","26.176","26.176","26.176"
"15315.266282112","69.197","69.197","69.197","26.176","26.176","26.176"
"15325.2650208","52.796","52.796","52.796","26.176","26.176","26.176"
"15335.273612786","50.346","50.346","50.346","26.176","26.176","26.176"
"15345.275816906","71.149","71.149","71.149","26.176","26.176","26.176"
"15355.267806282","66.366","66.366","66.366","26.162","26.162","26.162"
"15365.267858398","67.928","67.928","67.928","26.176","26.176","26.176"
"15375.267756093","65.275","65.275","65.275","26.077","26.077","26.077"
"15385.267136701","68.611","68.611","68.611","26.176","26.176","26.176"
"15395.277738152","48.935","48.935","48.935","26.176","26.176","26.176"
"15405.28034082","64.298","64.298","64.298","26.19","26.19","26.19"
"15415.275969129","69.544","69.544","69.544","26.26","26.26","26.26"
"15425.267067124","71.397","71.397","71.397","26.176","26.176","26.176"
"15435.265565009","71.69","71.69","71.69","26.176","26.176","26.176"
"15445.27005325","71.495","71.495","71.495","26.176","26.176","26.176"
"15455.266626205","69.294","69.294","69.294","26.176","26.176","26.176"
"15465.268288629","62.773","62.773","62.773","26.176","26.176","26.176"
"15475.272493022","67.635","67.635","67.635","26.147","26.147","26.147"
"15485.266259897","66.993","66.993","66.993","26.275","26.275","26.275"
"15495.268494652","69.685","69.685","69.685","26.176","26.176","26.176"
"15505.267718332","65.821","65.821","65.821","26.176","26.176","26.176"
"15515.26601148","67.23","67.23","67.23","26.19","26.19","26.19"
"15525.270340627","67.872","67.872","67.872","26.19","26.19","26.19"
"15535.2670479","68.221","68.221","68.221","26.162","26.162","26.162"
"15545.265635858","68.263","68.263","68.263","26.176","26.176","26.176"
"15555.273283609","62.735","62.735","62.735","26.176","26.176","26.176"
"15565.267248421","67.091","67.091","67.091","26.176","26.176","26.176"
"15575.266355113","64.396","64.396","64.396","26.176","26.176","26.176"
"15585.269938082","64.005","64.005","64.005","26.176","26.176","26.176"
"15595.278816598","67.189","67.189","67.189","26.176","26.176","26.176"
"15605.267089317","67.579","67.579","67.579","26.077","26.077","26.077"
"15615.270279286","66.366","66.366","66.366","26.176","26.176","26.176"
"15625.267941521","65.919","65.919","65.919","26.275","26.275","26.275"
"15635.27343026","68.806","68.806","68.806","26.275","26.275","26.275"
"15645.26837953","67.482","67.482","67.482","26.176","26.176","26.176"
"15655.27648345","66.798","66.798","66.798","26.176","26.176","26.176"
"15665.270236393","78.079","78.079","78.079","26.176","26.176","26.176"
"15675.270094647","68.751","68.751","68.751","26.176","26.176","26.176"
"15685.266787609","68.514","68.514","68.514","26.176","26.176","26.176"
"15695.268563569","71.007","71.007","71.007","26.176","26.176","26.176"
"15705.267664861","68.068","68.068","68.068","26.077","26.077","26.077"
"15715.278308602","65.08","65.08","65.08","26.176","26.176","26.176"
"15725.268727632","69.88","69.88","69.88","26.176","26.176","26.176"
"15735.271632743","51.094","51.094","51.094","26.19","26.19","26.19"
"15745.264856407","72.568","72.568","72.568","26.176","26.176","26.176"
"15755.268171439","65.96","65.96","65.96","26.176","26.176","26.176"
"15765.265691571","67.579","67.579","67.579","26.176","26.176","26.176"
"15775.269479389","67.97","67.97","67.97","26.176","26.176","26.176"
"15785.272183351","68.666","68.666","68.666","26.162","26.162","26.162"
"15795.269957938","65.586","65.586","65.586","26.176","26.176","26.176"
"15805.270164704","62.989","62.989","62.989","26.162","26.162","26.162"
"15815.267438706","67.44","67.44","67.44","26.176","26.176","26.176"
"15825.267091052","66.505","66.505","66.505","26.176","26.176","26.176"
"15835.268344722","69.49","69.49","69.49","26.176","26.176","26.176"
"15845.266382565","62.93","62.93","62.93","26.162","26.162","26.162"
"15855.26780523","52.24","52.24","52.24","26.176","26.176","26.176"
"15865.269361553","64.433","64.433","64.433","26.176","26.176","26.176"
"15875.26684416","62.05","62.05","62.05","26.162","26.162","26.162"
"15885.26819769","51.816","51.816","51.816","26.176","26.176","26.176"
"15895.267574888","73.738","73.738","73.738","26.19","26.19","26.19"
"15905.269667757","59.191","59.191","59.191","26.19","26.19","26.19"
"15915.270914582","67.579","67.579","67.579","26.176","26.176","26.176"
"15925.267816206","66.057","66.057","66.057","26.176","26.176","26.176"
"15935.268415561","76.082","76.082","76.082","26.162","26.162","26.162"
"15945.267000972","62.794","62.794","62.794","26.162","26.162","26.162"
"15955.266347742","66.407","66.407","66.407","26.162","26.162","26.162"
"15965.268086898","54.658","54.658","54.658","26.19","26.19","26.19"
"15975.267104798","69.49","69.49","69.49","26.176","26.176","26.176"
"15985.268400497","68.611","68.611","68.611","26.176","26.176","26.176"
"15995.276855766","68.654","68.654","68.654","26.176","26.176","26.176"
"16005.266809427","72.665","72.665","72.665","26.176","26.176","26.176"
"16015.267629075","75.739","75.739","75.739","26.176","26.176","26.176"
"16025.26533252","66.839","66.839","66.839","26.19","26.19","26.19"
"16035.270016975","62.675","62.675","62.675","26.19","26.19","26.19"
"16045.266977528","61.441","61.441","61.441","26.19","26.19","26.19"
"16055.267819803","69.63","69.63","69.63","26.176","26.176","26.176"
"16065.267149459","69.978","69.978","69.978","26.176","26.176","26.176"
"16075.266827419","48.347","48.347","48.347","26.176","26.176","26.176"
"16085.265455251","54.756","54.756","54.756","26.176","26.176","26.176"
"16095.269731301","73.348","73.348","73.348","26.275","26.275","26.275"
"16105.269101191","67.189","67.189","67.189","26.176","26.176","26.176"
"16115.268168675","53.058","53.058","53.058","26.176","26.176","26.176"
"16125.26904326","66.114","66.114","66.114","26.176","26.176","26.176"
"16135.270340154","64.942","64.942","64.942","26.176","26.176","26.176"
"16145.267500972","51.357","51.357","51.357","26.176","26.176","26.176"
"16155.26879724","66.017","66.017","66.017","26.176","26.176","26.176"
"16165.265410686","50.965","50.965","50.965","26.19","26.19","26.19"
"16175.268066374","66.952","66.952","66.952","26.176","26.176","26.176"
"16185.26931498","74.277","74.277","74.277","26.176","26.176","26.176"
"16195.266075711","67.189","67.189","67.189","26.176","26.176","26.176"
"16205.269393219","68.318","68.318","68.318","26.176","26.176","26.176"
"16215.271060782","69.49","69.49","69.49","26.176","26.176","26.176"
"16225.270780227","62.969","62.969","62.969","26.176","26.176","26.176"
"16235.267777123","66.7","66.7","66.7","26.176","26.176","26.176"
"16245.272170641","69.099","69.099","69.099","26.176","26.176","26.176"
"16255.267573451","68.416","68.416","68.416","26.077","26.077","26.077"
"16265.265327896","67.97","67.97","67.97","26.176","26.176","26.176"
"16275.268042279","63.164","63.164","63.164","26.19","26.19","26.19"
"16285.267229413","70.954","70.954","70.954","26.19","26.19","26.19"
"16295.276866746","71.3","71.3","71.3","26.176","26.176","26.176"
"16305.27506272","68.654","68.654","68.654","26.176","26.176","26.176"
"16315.266550279","68.751","68.751","68.751","26.176","26.176","26.176"
"16325.267828065","65.821","65.821","65.821","26.162","26.162","26.162"
"16335.270663444","50.573","50.573","50.573","26.176","26.176","26.176"
"16345.266907607","62.186","62.186","62.186","26.19","26.19","26.19"
"16355.26758267","68.904","68.904","68.904","26.176","26.176","26.176"
"16365.26790762","51.718","51.718","51.718","26.162","26.162","26.162"
"16375.270842069","75.692","75.692","75.692","26.176","26.176","26.176"
"16385.269269743","65.333","65.333","65.333","26.162","26.162","26.162"
"16395.276909449","65.569","65.569","65.569","26.19","26.19","26.19"
"16405.273405023","70.661","70.661","70.661","26.275","26.275","26.275"
"16415.278377172","62.382","62.382","62.382","26.176","26.176","26.176"
"16425.276114448","65.528","65.528","65.528","26.176","26.176","26.176"
"16435.266764401","63.419","63.419","63.419","26.176","26.176","26.176"
"16445.267026031","64.298","64.298","64.298","26.162","26.162","26.162"
"16455.266670442","65.569","65.569","65.569","26.176","26.176","26.176"
"16465.266630345","70.075","70.075","70.075","26.176","26.176","26.176"
"16475.274845752","67.872","67.872","67.872","26.176","26.176","26.176"
"16485.268300032","66.407","66.407","66.407","26.176","26.176","26.176"
"16495.268309289","68.611","68.611","68.611","26.176","26.176","26.176"
"16505.271673358","66.7","66.7","66.7","26.176","26.176","26.176"
"16515.274677258","52.534","52.534","52.534","26.176","26.176","26.176"
"16525.277882634","68.221","68.221","68.221","26.176","26.176","26.176"
"16535.26763649","67.482","67.482","67.482","26.19","26.19","26.19"
"16545.26851679","75.591","75.591","75.591","26.19","26.19","26.19"
"16555.266225545","67.286","67.286","67.286","26.176","26.176","26.176"
"16565.274232234","66.741","66.741","66.741","26.176","26.176","26.176"
"16575.274600319","69.544","69.544","69.544","26.162","26.162","26.162"
"16585.267648908","65.724","65.724","65.724","26.162","26.162","26.162"
"16595.268079939","62.773","62.773","62.773","26.176","26.176","26.176"
"16605.271912356","58.408","58.408","58.408","26.176","26.176","26.176"
"16615.278343979","65.431","65.431","65.431","26.176","26.176","26.176"
"16625.266007832","67.97","67.97","67.97","26.176","26.176","26.176"
"16635.268516869","65.275","65.275","65.275","26.275","26.275","26.275"
"16645.265275281","63.516","63.516","63.516","26.176","26.176","26.176"
"16655.271711917","65.862","65.862","65.862","26.176","26.176","26.176"
"16665.271796875","67.775","67.775","67.775","26.176","26.176","26.176"
"16675.267635438","68.654","68.654","68.654","26.19","26.19","26.19"
"16685.267859044","68.263","68.263","68.263","26.176","26.176","26.176"
"16695.266222829","65.919","65.919","65.919","26.176","26.176","26.176"
"16705.267630082","62.735","62.735","62.735","26.176","26.176","26.176"
"16715.265913333","73.303","73.303","73.303","26.077","26.077","26.077"
"16725.267712214","77.104","77.104","77.104","26.19","26.19","26.19"
"16735.277437782","66.212","66.212","66.212","26.19","26.19","26.19"
"16745.268086755","68.751","68.751","68.751","26.176","26.176","26.176"
"16755.267429573","60.915","60.915","60.915","26.176","26.176","26.176"
"16765.267705101","65.976","65.976","65.976","26.26","26.26","26.26"
"16775.274730936","67.482","67.482","67.482","26.19","26.19","26.19"
"16785.277513281","67.872","67.872","67.872","26.176","26.176","26.176"
"16795.266815992","64.259","64.259","64.259","26.162","26.162","26.162"
"16805.26791484","66.212","66.212","66.212","26.176","26.176","26.176"
"16815.271266225","74.96","74.96","74.96","26.176","26.176","26.176"
"16825.271361966","74.226","74.226","74.226","26.176","26.176","26.176"
"16835.266624054","63.164","63.164","63.164","26.19","26.19","26.19"
"16845.26810389","62.284","62.284","62.284","26.19","26.19","26.19"
"16855.267465426","63.653","63.653","63.653","26.176","26.176","26.176"
"16865.267116266","69.685","69.685","69.685","26.176","26.176","26.176"
"16875.268396428","54.364","54.364","54.364","26.176","26.176","26.176"
"16885.266113919","64.2","64.2","64.2","26.19","26.19","26.19"
"16895.266856584","70.173","70.173","70.173","26.289","26.289","26.289"
"16905.267199516","67.733","67.733","67.733","26.275","26.275","26.275"
"16915.277479899","62.675","62.675","62.675","26.176","26.176","26.176"
"16925.266418879","63.419","63.419","63.419","26.176","26.176","26.176"
"16935.270480032","70.129","70.129","70.129","26.162","26.162","26.162"
"16945.265988632","66.31","66.31","66.31","26.176","26.176","26.176"
"16955.276396878","67.496","67.496","67.496","26.162","26.162","26.162"
"16965.275233045","67.384","67.384","67.384","26.176","26.176","26.176"
"16975.273733658","63.849","63.849","63.849","26.176","26.176","26.176"
"16985.270988757","68.806","68.806","68.806","26.077","26.077","26.077"
"16995.27041825","69.197","69.197","69.197","26.176","26.176","26.176"
"17005.266365269","71.504","71.504","71.504","26.275","26.275","26.275"
"17015.265749854","71.007","71.007","71.007","26.162","26.162","26.162"
"17025.26652776","66.993","66.993","66.993","26.176","26.176","26.176"
"17035.271809925","69.837","69.837","69.837","26.162","26.162","26.162"
"17045.267520505","57.821","57.821","57.821","26.077","26.077","26.077"
"17055.267542232","68.263","68.263","68.263","26.077","26.077","26.077"
"17065.266381814","54.266","54.266","54.266","26.176","26.176","26.176"
"17075.265854354","68.207","68.207","68.207","26.19","26.19","26.19"
"17085.26764254","70.466","70.466","70.466","26.176","26.176","26.176"
"17095.266886506","69.197","69.197","69.197","26.275","26.275","26.275"
"17105.268292629","67.482","67.482","67.482","26.176","26.176","26.176"
"17115.267400394","66.952","66.952","66.952","26.162","26.162","26.162"
"17125.273721878","53.58","53.58","53.58","26.176","26.176","26.176"
"17135.269207574","77.007","77.007","77.007","26.176","26.176","26.176"
"17145.266985293","69.044","69.044","69.044","26.092","26.092","26.092"
"17155.266730958","69.685","69.685","69.685","26.176","26.176","26.176"
"17165.27448226","71.495","71.495","71.495","26.162","26.162","26.162"
"17175.272359785","67.677","67.677","67.677","26.275","26.275","26.275"
"17185.269398818","68.751","68.751","68.751","26.19","26.19","26.19"
"17195.271419732","66.31","66.31","66.31","26.176","26.176","26.176"
"17205.27161842","52.306","52.306","52.306","26.176","26.176","26.176"
"17215.265827659","65.96","65.96","65.96","26.176","26.176","26.176"
"17225.266828393","63.907","63.907","63.907","26.176","26.176","26.176"
"17235.26744937","65.724","65.724","65.724","26.176","26.176","26.176"
"17245.272881689","61.404","61.404","61.404","26.176","26.176","26.176"
"17255.267158734","67.579","67.579","67.579","26.077","26.077","26.077"
"17265.265956664","64.689","64.689","64.689","26.176","26.176","26.176"
"17275.26617967","66.741","66.741","66.741","26.176","26.176","26.176"
"17285.26778534","69.044","69.044","69.044","26.176","26.176","26.176"
"17295.27063506","69.685","69.685","69.685","26.176","26.176","26.176"
"17305.267730595","70.227","70.227","70.227","26.176","26.176","26.176"
"17315.267349426","67.189","67.189","67.189","26.176","26.176","26.176"
"17325.268378118","72.86","72.86","72.86","26.176","26.176","26.176"
"17335.267402136","69.392","69.392","69.392","26.176","26.176","26.176"
"17345.266780663","67.189","67.189","67.189","26.176","26.176","26.176"
"17355.270233454","49.396","49.396","49.396","26.176","26.176","26.176"
"17365.265643144","66.407","66.407","66.407","26.176","26.176","26.176"
"17375.271250894","71.105","71.105","71.105","26.275","26.275","26.275"
"17385.272061748","63.458","63.458","63.458","26.19","26.19","26.19"
"17395.268697767","69.099","69.099","69.099","26.147","26.147","26.147"
"17405.269637208","66.31","66.31","66.31","26.176","26.176","26.176"
"17415.277929885","65.373","65.373","65.373","26.176","26.176","26.176"
"17425.268160463","64.649","64.649","64.649","26.176","26.176","26.176"
"17435.268400166","72.47","72.47","72.47","26.176","26.176","26.176"
"17445.267440765","68.416","68.416","68.416","26.176","26.176","26.176"
"17455.27121072","72.035","72.035","72.035","26.176","26.176","26.176"
"17465.267162014","64.982","64.982","64.982","26.176","26.176","26.176"
"17475.268585868","62.989","62.989","62.989","26.162","26.162","26.162"
"17485.282270923","70.812","70.812","70.812","26.176","26.176","26.176"
"17495.273576078","70.758","70.758","70.758","26.176","26.176","26.176"
"17505.268171168","59.289","59.289","59.289","26.289","26.289","26.289"
"17515.26515908","66.798","66.798","66.798","26.176","26.176","26.176"
"17525.268951401","69.392","69.392","69.392","26.19","26.19","26.19"
"17535.269452793","65.08","65.08","65.08","26.19","26.19","26.19"
"17545.266533594","72.86","72.86","72.86","26.176","26.176","26.176"
"17555.275919265","74.082","74.082","74.082","26.176","26.176","26.176"
"17565.268650228","70.724","70.724","70.724","26.162","26.162","26.162"
"17575.272761354","69.978","69.978","69.978","26.176","26.176","26.176"
"17585.268196801","68.318","68.318","68.318","26.162","26.162","26.162"
"17595.274957016","71.3","71.3","71.3","26.162","26.162","26.162"
"17605.266960683","66.896","66.896","66.896","26.176","26.176","26.176"
"17615.274020368","72.718","72.718","72.718","26.162","26.162","26.162"
"17625.269712483","68.514","68.514","68.514","26.176","26.176","26.176"
"17635.27506175","66.757","66.757","66.757","26.162","26.162","26.162"
"17645.265432946","66.896","66.896","66.896","26.176","26.176","26.176"
"17655.266257626","68.458","68.458","68.458","26.19","26.19","26.19"
"17665.270654035","69.24","69.24","69.24","26.19","26.19","26.19"
"17675.273184513","67.482","67.482","67.482","26.176","26.176","26.176"
"17685.267795064","69.337","69.337","69.337","26.19","26.19","26.19"
"17695.269475745","66.269","66.269","66.269","26.176","26.176","26.176"
"17705.269087141","73.887","73.887","73.887","26.176","26.176","26.176"
"17715.2678203","69.294","69.294","69.294","26.176","26.176","26.176"
"17725.266156326","63.77","63.77","63.77","26.176","26.176","26.176"
"17735.266457633","63.321","63.321","63.321","26.176","26.176","26.176"
"17745.27004891","67.482","67.482","67.482","26.176","26.176","26.176"
"17755.266823324","69.49","69.49","69.49","26.176","26.176","26.176"
"17765.277649124","47.926","47.926","47.926","26.176","26.176","26.176"
"17775.278195545","64.103","64.103","64.103","26.275","26.275","26.275"
"17785.266930754","73.933","73.933","73.933","26.19","26.19","26.19"
"17795.267971756","67.97","67.97","67.97","26.275","26.275","26.275"
"17805.279514047","68.123","68.123","68.123","26.275","26.275","26.275"
"17815.269591019","64.747","64.747","64.747","26.162","26.162","26.162"
"17825.270061996","74.128","74.128","74.128","26.176","26.176","26.176"
"17835.271824163","67.384","67.384","67.384","26.176","26.176","26.176"
"17845.26803061","69.252","69.252","69.252","26.162","26.162","26.162"
"17855.267670073","65.764","65.764","65.764","26.077","26.077","26.077"
"17865.269790215","71.788","71.788","71.788","26.176","26.176","26.176"
"17875.26741898","63.614","63.614","63.614","26.176","26.176","26.176"
"17885.273603884","70.758","70.758","70.758","26.176","26.176","26.176"
"17895.268801065","68.806","68.806","68.806","26.176","26.176","26.176"
"17905.267190954","66.31","66.31","66.31","26.176","26.176","26.176"
"17915.266183838","68.556","68.556","68.556","26.176","26.176","26.176"
"17925.273795371","69.49","69.49","69.49","26.176","26.176","26.176"
"17935.272437891","64.885","64.885","64.885","26.176","26.176","26.176"
"17945.267300383","67.97","67.97","67.97","26.176","26.176","26.176"
"17955.267904232","77.738","77.738","77.738","26.162","26.162","26.162"
"17965.269052908","70.422","70.422","70.422","26.26","26.26","26.26"
"17975.266330067","68.123","68.123","68.123","26.176","26.176","26.176"
"17985.269110924","63.066","63.066","63.066","26.077","26.077","26.077"
"17995.266145279","65.764","65.764","65.764","26.077","26.077","26.077"
"18005.273910511","62.675","62.675","62.675","26.176","26.176","26.176"
"18015.271839535","66.407","66.407","66.407","26.176","26.176","26.176"
"18025.266356255","65.724","65.724","65.724","26.162","26.162","26.162"
"18035.265080369","70.368","70.368","70.368","26.19","26.19","26.19"
"18045.273935694","65.195","65.195","65.195","26.162","26.162","26.162"
"18055.266782883","69.685","69.685","69.685","26.176","26.176","26.176"
"18065.27586016","70.52","70.52","70.52","26.176","26.176","26.176"
"18075.270207904","73.153","73.153","73.153","26.176","26.176","26.176"
"18085.265237079","64.885","64.885","64.885","26.19","26.19","26.19"
"18095.274436704","67.05","67.05","67.05","26.162","26.162","26.162"
"18105.28035631","71.548","71.548","71.548","26.162","26.162","26.162"
"18115.266027006","66.937","66.937","66.937","26.077","26.077","26.077"
"18125.270061676","68.904","68.904","68.904","26.176","26.176","26.176"
"18135.272021064","71.841","71.841","71.841","26.162","26.162","26.162"
"18145.279368302","68.123","68.123","68.123","26.176","26.176","26.176"
"18155.26698681","63.673","63.673","63.673","26.147","26.147","26.147"
"18165.267423983","68.458","68.458","68.458","26.19","26.19","26.19"
"18175.270756687","72.08","72.08","72.08","26.176","26.176","26.176"
"18185.267282018","71.007","71.007","71.007","26.077","26.077","26.077"
"18195.266100812","61.111","61.111","61.111","26.092","26.092","26.092"
"18205.26701551","65.862","65.862","65.862","26.176","26.176","26.176"
"18215.271504333","71.832","71.832","71.832","26.176","26.176","26.176"
"18225.267486552","69.782","69.782","69.782","26.176","26.176","26.176"
"18235.265482844","66.7","66.7","66.7","26.176","26.176","26.176"
"18245.266710183","72.08","72.08","72.08","26.176","26.176","26.176"
"18255.267767778","72.568","72.568","72.568","26.176","26.176","26.176"
"18265.267328932","68.221","68.221","68.221","26.176","26.176","26.176"
"18275.266077447","70.173","70.173","70.173","26.19","26.19","26.19"
"18285.276480207","65.373","65.373","65.373","26.19","26.19","26.19"
"18295.271579858","67.189","67.189","67.189","26.176","26.176","26.176"
"18305.266790475","68.764","68.764","68.764","26.26","26.26","26.26"
"18315.267231524","64.435","64.435","64.435","26.19","26.19","26.19"
"18325.271618059","67.091","67.091","67.091","26.176","26.176","26.176"
"18335.277495081","68.806","68.806","68.806","26.176","26.176","26.176"
"18345.27480356","65.821","65.821","65.821","26.176","26.176","26.176"
"18355.276915403","67.245","67.245","67.245","26.162","26.162","26.162"
"18365.274037109","69.642","69.642","69.642","26.176","26.176","26.176"
"18375.269240431","63.516","63.516","63.516","26.176","26.176","26.176"
"18385.273895017","64.494","64.494","64.494","26.176","26.176","26.176"
"18395.272742187","70.466","70.466","70.466","26.176","26.176","26.176"
"18405.276071668","66.464","66.464","66.464","26.176","26.176","26.176"
"18415.266060888","78.761","78.761","78.761","26.176","26.176","26.176"
"18425.268418275","76.179","76.179","76.179","26.176","26.176","26.176"
"18435.270287948","68.849","68.849","68.849","26.176","26.176","26.176"
"18445.27354475","74.519","74.519","74.519","26.176","26.176","26.176"
"18455.267122418","65.724","65.724","65.724","26.162","26.162","26.162"
"18465.271811288","72.222","72.222","72.222","26.19","26.19","26.19"
"18475.27081905","68.068","68.068","68.068","26.176","26.176","26.176"
"18485.26541244","68.318","68.318","68.318","26.176","26.176","26.176"
"18495.271555324","59.129","59.129","59.129","26.19","26.19","26.19"
"18505.267832353","68.904","68.904","68.904","26.176","26.176","26.176"
"18515.266732412","70.032","70.032","70.032","26.162","26.162","26.162"
"18525.266355675","64.044","64.044","64.044","26.19","26.19","26.19"
"18535.270500174","68.751","68.751","68.751","26.19","26.19","26.19"
"18545.273563592","70.27","70.27","70.27","26.19","26.19","26.19"
"18555.269769418","70.661","70.661","70.661","26.176","26.176","26.176"
"18565.267785226","67.482","67.482","67.482","26.176","26.176","26.176"
"18575.267475876","63.438","63.438","63.438","26.162","26.162","26.162"
"18585.275880229","50.279","50.279","50.279","26.176","26.176","26.176"
"18595.269194884","77.251","77.251","77.251","26.176","26.176","26.176"
"18605.266042408","67.886","67.886","67.886","26.176","26.176","26.176"
"18615.27605467","66.7","66.7","66.7","26.176","26.176","26.176"
"18625.268696211","70.324","70.324","70.324","26.176","26.176","26.176"
"18635.273787376","67.579","67.579","67.579","26.19","26.19","26.19"
"18645.268659872","66.057","66.057","66.057","26.19","26.19","26.19"
"18655.269623654","58.506","58.506","58.506","26.176","26.176","26.176"
"18665.266096033","50.113","50.113","50.113","26.19","26.19","26.19"
"18675.268245932","64.2","64.2","64.2","26.176","26.176","26.176"
"18685.267688686","65.919","65.919","65.919","26.162","26.162","26.162"
"18695.268959173","53.514","53.514","53.514","26.19","26.19","26.19"
"18705.267492369","64.787","64.787","64.787","26.176","26.176","26.176"
"18715.273139311","70.91","70.91","70.91","26.176","26.176","26.176"
"18725.267585609","68.556","68.556","68.556","26.176","26.176","26.176"
"18735.268802949","71.495","71.495","71.495","26.176","26.176","26.176"
"18745.266922048","57.366","57.366","57.366","26.19","26.19","26.19"
"18755.266907934","70.227","70.227","70.227","26.176","26.176","26.176"
"18765.272459815","67.579","67.579","67.579","26.19","26.19","26.19"
"18775.269118368","68.263","68.263","68.263","26.176","26.176","26.176"
"18785.277821136","64.885","64.885","64.885","26.176","26.176","26.176"
"18795.273333176","66.212","66.212","66.212","26.176","26.176","26.176"
"18805.267034245","68.123","68.123","68.123","26.176","26.176","26.176"
"18815.271389003","72.275","72.275","72.275","26.176","26.176","26.176"
"18825.267896317","67.384","67.384","67.384","26.077","26.077","26.077"
"18835.266384935","69.978","69.978","69.978","26.176","26.176","26.176"
"18845.271046046","65.275","65.275","65.275","26.176","26.176","26.176"
"18855.267490844","66.896","66.896","66.896","26.176","26.176","26.176"
"18865.266265951","66.114","66.114","66.114","26.176","26.176","26.176"
"18875.266054863","68.221","68.221","68.221","26.176","26.176","26.176"
"18885.268327089","67.05","67.05","67.05","26.162","26.162","26.162"
"18895.268509146","68.654","68.654","68.654","26.19","26.19","26.19"
"18905.267378832","69.435","69.435","69.435","26.19","26.19","26.19"
"18915.273659872","48.965","48.965","48.965","26.19","26.19","26.19"
"18925.266288228","66.896","66.896","66.896","26.176","26.176","26.176"
"18935.266467973","67.342","67.342","67.342","26.162","26.162","26.162"
"18945.267974705","67.775","67.775","67.775","26.176","26.176","26.176"
"18955.265913147","68.458","68.458","68.458","26.176","26.176","26.176"
"18965.266265118","72.47","72.47","72.47","26.176","26.176","26.176"
"18975.275199161","64.552","64.552","64.552","26.162","26.162","26.162"
"18985.275328832","69.099","69.099","69.099","26.077","26.077","26.077"
"18995.269108308","68.361","68.361","68.361","26.077","26.077","26.077"
"19005.266414887","65.96","65.96","65.96","26.176","26.176","26.176"
"19015.267211739","70.856","70.856","70.856","26.176","26.176","26.176"
"19025.276098937","70.466","70.466","70.466","26.176","26.176","26.176"
"19035.26585234","66.603","66.603","66.603","26.176","26.176","26.176"
"19045.269912025","70.661","70.661","70.661","26.176","26.176","26.176"
"19055.28117832","63.653","63.653","63.653","26.077","26.077","26.077"
"19065.267851011","51.62","51.62","51.62","26.176","26.176","26.176"
"19075.267422994","54.364","54.364","54.364","26.176","26.176","26.176"
"19085.269721692","69.057","69.057","69.057","26.162","26.162","26.162"
"19095.271279965","63.907","63.907","63.907","26.176","26.176","26.176"
"19105.268389166","64.435","64.435","64.435","26.275","26.275","26.275"
"19115.268018127","70.812","70.812","70.812","26.176","26.176","26.176"
"19125.269935355","66.366","66.366","66.366","26.176","26.176","26.176"
"19135.267790748","71.734","71.734","71.734","26.19","26.19","26.19"
"19145.267543858","74.082","74.082","74.082","26.19","26.19","26.19"
"19155.269145969","70.91","70.91","70.91","26.162","26.162","26.162"
"19165.270048711","67.593","67.593","67.593","26.147","26.147","26.147"
"19175.267828042","67.44","67.44","67.44","26.176","26.176","26.176"
"19185.268115385","67.733","67.733","67.733","26.077","26.077","26.077"
"19195.267564221","68.123","68.123","68.123","26.176","26.176","26.176"
"19205.267801383","67.189","67.189","67.189","26.176","26.176","26.176"
"19215.268777592","63.164","63.164","63.164","26.19","26.19","26.19"
"19225.267099193","62.969","62.969","62.969","26.176","26.176","26.176"
"19235.273727586","66.407","66.407","66.407","26.162","26.162","26.162"
"19245.268638825","67.677","67.677","67.677","26.176","26.176","26.176"
"19255.267406841","60.622","60.622","60.622","26.162","26.162","26.162"
"19265.271735897","67.97","67.97","67.97","26.176","26.176","26.176"
"19275.269903163","63.907","63.907","63.907","26.176","26.176","26.176"
"19285.265540874","66.155","66.155","66.155","26.19","26.19","26.19"
"19295.266968222","67.035","67.035","67.035","26.19","26.19","26.19"
"19305.267115978","67.44","67.44","67.44","26.176","26.176","26.176"
"19315.266656057","66.896","66.896","66.896","26.176","26.176","26.176"
"19325.27093873","54.854","54.854","54.854","26.176","26.176","26.176"
"19335.277933246","64.396","64.396","64.396","26.176","26.176","26.176"
"19345.266667019","64.591","64.591","64.591","26.176","26.176","26.176"
"19355.268659089","68.318","68.318","68.318","26.176","26.176","26.176"
"19365.277687197","64.005","64.005","64.005","26.176","26.176","26.176"
"19375.268581658","68.123","68.123","68.123","26.176","26.176","26.176"
"19385.266324726","63.751","63.751","63.751","26.176","26.176","26.176"
"19395.274102665","67.482","67.482","67.482","26.176","26.176","26.176"
"19405.270526973","68.374","68.374","68.374","26.162","26.162","26.162"
"19415.265966053","67.245","67.245","67.245","26.162","26.162","26.162"
"19425.266768985","68.654","68.654","68.654","26.077","26.077","26.077"
"19435.267897158","51.847","51.847","51.847","26.176","26.176","26.176"
"19445.269688371","72.125","72.125","72.125","26.19","26.19","26.19"
"19455.26933315","68.361","68.361","68.361","26.077","26.077","26.077"
"19465.26963784","66.798","66.798","66.798","26.176","26.176","26.176"
"19475.267519043","67.872","67.872","67.872","26.176","26.176","26.176"
"19485.267813907","68.904","68.904","68.904","26.176","26.176","26.176"
"19495.267403955","69.002","69.002","69.002","26.176","26.176","26.176"
"19505.280413686","68.361","68.361","68.361","26.176","26.176","26.176"
"19515.26764924","61.111","61.111","61.111","26.162","26.162","26.162"
"19525.269813851","66.407","66.407","66.407","26.176","26.176","26.176"
"19535.267458014","68.751","68.751","68.751","26.176","26.176","26.176"
"19545.274397443","71.149","71.149","71.149","26.19","26.19","26.19"
"19555.276986685","65.724","65.724","65.724","26.176","26.176","26.176"
"19565.267381545","57.919","57.919","57.919","26.176","26.176","26.176"
"19575.266617954","65.04","65.04","65.04","26.176","26.176","26.176"
"19585.265977942","72.913","72.913","72.913","26.162","26.162","26.162"
"19595.266903305","66.798","66.798","66.798","26.176","26.176","26.176"
"19605.2739174","60.206","60.206","60.206","26.19","26.19","26.19"
"19615.26859333","69.88","69.88","69.88","26.077","26.077","26.077"
"19625.265692785","67.775","67.775","67.775","26.176","26.176","26.176"
"19635.268219081","65.569","65.569","65.569","26.077","26.077","26.077"
"19645.273191445","62.539","62.539","62.539","26.176","26.176","26.176"
"19655.26680192","70.661","70.661","70.661","26.176","26.176","26.176"
"19665.275435698","57.562","57.562","57.562","26.19","26.19","26.19"
"19675.269243177","68.654","68.654","68.654","26.19","26.19","26.19"
"19685.268825351","65.471","65.471","65.471","26.176","26.176","26.176"
"19695.26692255","65.626","65.626","65.626","26.176","26.176","26.176"
"19705.266034451","66.155","66.155","66.155","26.19","26.19","26.19"
"19715.266304412","71.788","71.788","71.788","26.176","26.176","26.176"
"19725.26777561","64.005","64.005","64.005","26.19","26.19","26.19"
"19735.265830155","70.617","70.617","70.617","26.176","26.176","26.176"
"19745.275418375","66.603","66.603","66.603","26.176","26.176","26.176"
"19755.267863838","65.431","65.431","65.431","26.176","26.176","26.176"
"19765.265842439","68.318","68.318","68.318","26.176","26.176","26.176"
"19775.267780258","70.032","70.032","70.032","26.275","26.275","26.275"
"19785.267570961","67.635","67.635","67.635","26.162","26.162","26.162"
"19795.268287175","67.858","67.858","67.858","26.19","26.19","26.19"
"19805.266074941","67.23","67.23","67.23","26.19","26.19","26.19"
"19815.274512532","67.984","67.984","67.984","26.176","26.176","26.176"
"19825.26960977","67.775","67.775","67.775","26.176","26.176","26.176"
"19835.267077515","64.591","64.591","64.591","26.176","26.176","26.176"
"19845.265638707","70.422","70.422","70.422","26.162","26.162","26.162"
"20645.267958144","30.084","30.084","30.084","29.182","29.182","29.182"
"21775.267899982","30.675","30.675","30.675","29.199","29.199","29.199"
"21785.267030066","34.002","34.002","34.002","29.199","29.199","29.199"
"21795.266270352","30.183","30.183","30.183","29.1","29.1","29.1"
"21805.266304699","30.183","30.183","30.183","29.1","29.1","29.1"