"Relative Time (Process)","StudyAbroadGPT-7B-continued - system/gpu.0.memoryAllocatedBytes","StudyAbroadGPT-7B-continued - system/gpu.0.memoryAllocatedBytes__MIN","StudyAbroadGPT-7B-continued - system/gpu.0.memoryAllocatedBytes__MAX","StudyAbroadGPT-7B-continued - system/gpu.1.memoryAllocatedBytes","StudyAbroadGPT-7B-continued - system/gpu.1.memoryAllocatedBytes__MIN","StudyAbroadGPT-7B-continued - system/gpu.1.memoryAllocatedBytes__MAX"
"15.282726015","427687936","427687936","427687936","406716416","406716416","406716416"
"25.265648523","4584243200","4584243200","4584243200","406716416","406716416","406716416"
"35.268134699","4940759040","4940759040","4940759040","406716416","406716416","406716416"
"45.276054403","7975337984","7975337984","7975337984","406716416","406716416","406716416"
"55.269090567","9185394688","9185394688","9185394688","406716416","406716416","406716416"
"65.271829729","9344778240","9344778240","9344778240","406716416","406716416","406716416"
"75.268575932","9357361152","9357361152","9357361152","410910720","410910720","410910720"
"85.276529561","9359458304","9359458304","9359458304","410910720","410910720","410910720"
"95.267709641","9359458304","9359458304","9359458304","410910720","410910720","410910720"
"105.26622235","9359458304","9359458304","9359458304","410910720","410910720","410910720"
"115.265448016","9359458304","9359458304","9359458304","410910720","410910720","410910720"
"125.268289862","9359458304","9359458304","9359458304","410910720","410910720","410910720"
"135.268787834","9361555456","9361555456","9361555456","413007872","413007872","413007872"
"145.267607564","9361555456","9361555456","9361555456","413007872","413007872","413007872"
"155.266615147","9361555456","9361555456","9361555456","413007872","413007872","413007872"
"165.273888851","9361555456","9361555456","9361555456","413007872","413007872","413007872"
"175.266194678","9361555456","9361555456","9361555456","413007872","413007872","413007872"
"945.267685732","9439150080","9439150080","9439150080","413007872","413007872","413007872"
"955.265614151","9439150080","9439150080","9439150080","413007872","413007872","413007872"
"965.266567442","9439150080","9439150080","9439150080","413007872","413007872","413007872"
"975.267032727","9439150080","9439150080","9439150080","413007872","413007872","413007872"
"985.267835171","9439150080","9439150080","9439150080","413007872","413007872","413007872"
"995.265477487","9439150080","9439150080","9439150080","413007872","413007872","413007872"
"1005.267035756","9439150080","9439150080","9439150080","413007872","413007872","413007872"
"1015.265546242","9439150080","9439150080","9439150080","413007872","413007872","413007872"
"1035.2668394","9214754816","9214754816","9214754816","413007872","413007872","413007872"
"1045.266411634","11167203328","11167203328","11167203328","413007872","413007872","413007872"
"1055.265837761","11771183104","11771183104","11771183104","413007872","413007872","413007872"
"1065.271039921","11842486272","11842486272","11842486272","413007872","413007872","413007872"
"1075.268876502","11846680576","11846680576","11846680576","413007872","413007872","413007872"
"1085.273139789","11846680576","11846680576","11846680576","413007872","413007872","413007872"
"1095.267500395","11846680576","11846680576","11846680576","413007872","413007872","413007872"
"1105.265939952","11846680576","11846680576","11846680576","413007872","413007872","413007872"
"1115.26547951","11846680576","11846680576","11846680576","413007872","413007872","413007872"
"1125.268191527","11846680576","11846680576","11846680576","413007872","413007872","413007872"
"1135.267267404","11846680576","11846680576","11846680576","413007872","413007872","413007872"
"1145.265542271","11846680576","11846680576","11846680576","413007872","413007872","413007872"
"1155.270195255","11846680576","11846680576","11846680576","413007872","413007872","413007872"
"1165.265521817","11846680576","11846680576","11846680576","413007872","413007872","413007872"
"1175.26691707","11846680576","11846680576","11846680576","413007872","413007872","413007872"
"1185.272515968","11924275200","11924275200","11924275200","413007872","413007872","413007872"
"1195.266001313","11930566656","11930566656","11930566656","413007872","413007872","413007872"
"1205.265507775","11934760960","11934760960","11934760960","413007872","413007872","413007872"
"1215.273814613","11936858112","11936858112","11936858112","413007872","413007872","413007872"
"1225.265528457","11936858112","11936858112","11936858112","413007872","413007872","413007872"
"1235.265692333","11936858112","11936858112","11936858112","413007872","413007872","413007872"
"1245.274446643","11936858112","11936858112","11936858112","413007872","413007872","413007872"
"1255.275641964","11936858112","11936858112","11936858112","413007872","413007872","413007872"
"1265.265354113","11936858112","11936858112","11936858112","413007872","413007872","413007872"
"1275.270426836","11936858112","11936858112","11936858112","413007872","413007872","413007872"
"1285.265503381","11936858112","11936858112","11936858112","413007872","413007872","413007872"
"1295.268258961","11936858112","11936858112","11936858112","413007872","413007872","413007872"
"1305.271934497","11936858112","11936858112","11936858112","413007872","413007872","413007872"
"1315.265738672","11936858112","11936858112","11936858112","413007872","413007872","413007872"
"1325.272673178","11936858112","11936858112","11936858112","413007872","413007872","413007872"
"1335.275614913","11936858112","11936858112","11936858112","413007872","413007872","413007872"
"1345.267954801","11936858112","11936858112","11936858112","413007872","413007872","413007872"
"1355.265229372","11936858112","11936858112","11936858112","413007872","413007872","413007872"
"1365.268519901","11936858112","11936858112","11936858112","413007872","413007872","413007872"
"1375.267413549","11936858112","11936858112","11936858112","413007872","413007872","413007872"
"1385.272998202","11936858112","11936858112","11936858112","413007872","413007872","413007872"
"1395.268350244","11936858112","11936858112","11936858112","413007872","413007872","413007872"
"1405.268613342","11936858112","11936858112","11936858112","413007872","413007872","413007872"
"1415.267982808","11936858112","11936858112","11936858112","413007872","413007872","413007872"
"1425.267386786","11936858112","11936858112","11936858112","413007872","413007872","413007872"
"1435.26550606","11936858112","11936858112","11936858112","413007872","413007872","413007872"
"1445.277250061","11936858112","11936858112","11936858112","413007872","413007872","413007872"
"1455.266123245","11936858112","11936858112","11936858112","413007872","413007872","413007872"
"1465.267954251","11938955264","11938955264","11938955264","413007872","413007872","413007872"
"1475.271793395","11938955264","11938955264","11938955264","413007872","413007872","413007872"
"1485.278676568","11938955264","11938955264","11938955264","413007872","413007872","413007872"
"1495.266083721","11938955264","11938955264","11938955264","413007872","413007872","413007872"
"1505.269389895","11938955264","11938955264","11938955264","413007872","413007872","413007872"
"1515.26953179","11938955264","11938955264","11938955264","413007872","413007872","413007872"
"1525.266012213","11938955264","11938955264","11938955264","413007872","413007872","413007872"
"1535.266745837","11938955264","11938955264","11938955264","413007872","413007872","413007872"
"1545.275819445","11938955264","11938955264","11938955264","413007872","413007872","413007872"
"1555.271631822","11938955264","11938955264","11938955264","413007872","413007872","413007872"
"1565.266599464","11938955264","11938955264","11938955264","413007872","413007872","413007872"
"1575.265281584","11938955264","11938955264","11938955264","413007872","413007872","413007872"
"1585.269237838","11938955264","11938955264","11938955264","413007872","413007872","413007872"
"1595.26853866","11938955264","11938955264","11938955264","413007872","413007872","413007872"
"1605.267992268","11938955264","11938955264","11938955264","413007872","413007872","413007872"
"1615.267880841","11938955264","11938955264","11938955264","413007872","413007872","413007872"
"1625.271129483","11938955264","11938955264","11938955264","413007872","413007872","413007872"
"1635.276349915","11938955264","11938955264","11938955264","413007872","413007872","413007872"
"1645.270105984","11938955264","11938955264","11938955264","413007872","413007872","413007872"
"1655.265537282","11938955264","11938955264","11938955264","413007872","413007872","413007872"
"1665.27384965","11938955264","11938955264","11938955264","413007872","413007872","413007872"
"1675.26928571","11938955264","11938955264","11938955264","413007872","413007872","413007872"
"1685.277326669","11938955264","11938955264","11938955264","413007872","413007872","413007872"
"1695.268443525","11938955264","11938955264","11938955264","413007872","413007872","413007872"
"1705.267053081","11938955264","11938955264","11938955264","413007872","413007872","413007872"
"1715.269343698","11938955264","11938955264","11938955264","413007872","413007872","413007872"
"1725.273265352","11938955264","11938955264","11938955264","413007872","413007872","413007872"
"1735.268585195","11938955264","11938955264","11938955264","413007872","413007872","413007872"
"1745.267097476","11938955264","11938955264","11938955264","413007872","413007872","413007872"
"1755.265345918","11938955264","11938955264","11938955264","413007872","413007872","413007872"
"1765.269911679","11941052416","11941052416","11941052416","413007872","413007872","413007872"
"1775.266144078","11941052416","11941052416","11941052416","413007872","413007872","413007872"
"1785.266635934","11941052416","11941052416","11941052416","413007872","413007872","413007872"
"1795.267275418","11941052416","11941052416","11941052416","413007872","413007872","413007872"
"1805.267045778","11941052416","11941052416","11941052416","413007872","413007872","413007872"
"1815.26689334","11941052416","11941052416","11941052416","413007872","413007872","413007872"
"1825.26683354","11941052416","11941052416","11941052416","413007872","413007872","413007872"
"1835.271801952","11941052416","11941052416","11941052416","413007872","413007872","413007872"
"1845.269770361","11941052416","11941052416","11941052416","413007872","413007872","413007872"
"1855.27610869","11941052416","11941052416","11941052416","413007872","413007872","413007872"
"1865.278790661","11941052416","11941052416","11941052416","413007872","413007872","413007872"
"1875.266656143","11941052416","11941052416","11941052416","413007872","413007872","413007872"
"1885.276794145","11941052416","11941052416","11941052416","413007872","413007872","413007872"
"1895.271543898","11941052416","11941052416","11941052416","413007872","413007872","413007872"
"1905.269028552","11941052416","11941052416","11941052416","413007872","413007872","413007872"
"1915.270332614","11941052416","11941052416","11941052416","413007872","413007872","413007872"
"1925.265761443","11941052416","11941052416","11941052416","413007872","413007872","413007872"
"1935.272480052","11941052416","11941052416","11941052416","413007872","413007872","413007872"
"1945.266799366","11941052416","11941052416","11941052416","413007872","413007872","413007872"
"1955.271863979","11941052416","11941052416","11941052416","413007872","413007872","413007872"
"1965.267282401","11941052416","11941052416","11941052416","413007872","413007872","413007872"
"1975.267491962","11941052416","11941052416","11941052416","413007872","413007872","413007872"
"1985.265093311","11941052416","11941052416","11941052416","413007872","413007872","413007872"
"1995.268007845","11941052416","11941052416","11941052416","413007872","413007872","413007872"
"2005.266706374","11941052416","11941052416","11941052416","413007872","413007872","413007872"
"2015.266817986","11941052416","11941052416","11941052416","413007872","413007872","413007872"
"2025.266251374","11941052416","11941052416","11941052416","413007872","413007872","413007872"
"2035.265732348","11941052416","11941052416","11941052416","413007872","413007872","413007872"
"2045.267223778","11941052416","11941052416","11941052416","413007872","413007872","413007872"
"2055.274725907","11941052416","11941052416","11941052416","413007872","413007872","413007872"
"2065.27115954","11941052416","11941052416","11941052416","413007872","413007872","413007872"
"2075.26774375","11941052416","11941052416","11941052416","413007872","413007872","413007872"
"2085.265976736","11941052416","11941052416","11941052416","413007872","413007872","413007872"
"2095.270005366","11941052416","11941052416","11941052416","413007872","413007872","413007872"
"2105.276182641","11941052416","11941052416","11941052416","413007872","413007872","413007872"
"2115.268211421","11941052416","11941052416","11941052416","413007872","413007872","413007872"
"2125.267017844","11941052416","11941052416","11941052416","413007872","413007872","413007872"
"2135.266607762","11941052416","11941052416","11941052416","413007872","413007872","413007872"
"2145.267921145","11941052416","11941052416","11941052416","413007872","413007872","413007872"
"2155.269618332","11941052416","11941052416","11941052416","413007872","413007872","413007872"
"2165.267561466","11941052416","11941052416","11941052416","413007872","413007872","413007872"
"2175.266147109","11941052416","11941052416","11941052416","413007872","413007872","413007872"
"2185.266571834","11941052416","11941052416","11941052416","413007872","413007872","413007872"
"2195.269245093","11941052416","11941052416","11941052416","413007872","413007872","413007872"
"2205.27263517","11941052416","11941052416","11941052416","413007872","413007872","413007872"
"2215.265277177","11941052416","11941052416","11941052416","413007872","413007872","413007872"
"2225.272642469","11941052416","11941052416","11941052416","413007872","413007872","413007872"
"2235.267314278","11941052416","11941052416","11941052416","413007872","413007872","413007872"
"2245.267459558","11941052416","11941052416","11941052416","413007872","413007872","413007872"
"2255.274675387","11941052416","11941052416","11941052416","413007872","413007872","413007872"
"2265.270022487","11941052416","11941052416","11941052416","413007872","413007872","413007872"
"2275.281602606","11941052416","11941052416","11941052416","413007872","413007872","413007872"
"2285.270281626","11941052416","11941052416","11941052416","413007872","413007872","413007872"
"2295.27745621","11941052416","11941052416","11941052416","413007872","413007872","413007872"
"2305.269133449","11941052416","11941052416","11941052416","413007872","413007872","413007872"
"2315.268426861","11941052416","11941052416","11941052416","413007872","413007872","413007872"
"2325.269286617","11941052416","11941052416","11941052416","413007872","413007872","413007872"
"2335.269805861","11941052416","11941052416","11941052416","413007872","413007872","413007872"
"2345.268670194","11941052416","11941052416","11941052416","413007872","413007872","413007872"
"2355.268776163","11941052416","11941052416","11941052416","413007872","413007872","413007872"
"2365.269933866","11941052416","11941052416","11941052416","413007872","413007872","413007872"
"2375.270735103","11941052416","11941052416","11941052416","413007872","413007872","413007872"
"2385.278791673","11941052416","11941052416","11941052416","413007872","413007872","413007872"
"2395.26693152","11941052416","11941052416","11941052416","413007872","413007872","413007872"
"2405.268414341","11941052416","11941052416","11941052416","413007872","413007872","413007872"
"2415.268109819","11941052416","11941052416","11941052416","413007872","413007872","413007872"
"2425.267155547","11941052416","11941052416","11941052416","413007872","413007872","413007872"
"2435.266346117","11941052416","11941052416","11941052416","413007872","413007872","413007872"
"2445.266166085","11941052416","11941052416","11941052416","413007872","413007872","413007872"
"2455.273274064","11941052416","11941052416","11941052416","413007872","413007872","413007872"
"2465.267590452","11941052416","11941052416","11941052416","413007872","413007872","413007872"
"2475.266043811","11941052416","11941052416","11941052416","413007872","413007872","413007872"
"2485.265839923","11941052416","11941052416","11941052416","413007872","413007872","413007872"
"2495.266739408","11941052416","11941052416","11941052416","413007872","413007872","413007872"
"2505.267934602","11941052416","11941052416","11941052416","413007872","413007872","413007872"
"2515.271041929","11941052416","11941052416","11941052416","413007872","413007872","413007872"
"2525.267353795","11941052416","11941052416","11941052416","413007872","413007872","413007872"
"2535.26976709","11941052416","11941052416","11941052416","413007872","413007872","413007872"
"2545.27037988","11941052416","11941052416","11941052416","413007872","413007872","413007872"
"2555.267816106","11941052416","11941052416","11941052416","413007872","413007872","413007872"
"2565.267601776","11941052416","11941052416","11941052416","413007872","413007872","413007872"
"2575.265118334","11941052416","11941052416","11941052416","413007872","413007872","413007872"
"2585.265934865","11941052416","11941052416","11941052416","413007872","413007872","413007872"
"2595.268348133","11941052416","11941052416","11941052416","413007872","413007872","413007872"
"2605.265436982","11941052416","11941052416","11941052416","413007872","413007872","413007872"
"2615.271201909","11941052416","11941052416","11941052416","413007872","413007872","413007872"
"2625.269559732","11941052416","11941052416","11941052416","413007872","413007872","413007872"
"2635.273707077","11941052416","11941052416","11941052416","413007872","413007872","413007872"
"2645.268105033","11941052416","11941052416","11941052416","413007872","413007872","413007872"
"2655.267836099","11941052416","11941052416","11941052416","413007872","413007872","413007872"
"2665.266293895","11941052416","11941052416","11941052416","413007872","413007872","413007872"
"2675.278267345","11941052416","11941052416","11941052416","413007872","413007872","413007872"
"2685.265511633","11941052416","11941052416","11941052416","413007872","413007872","413007872"
"2695.266600786","11941052416","11941052416","11941052416","413007872","413007872","413007872"
"2705.272781807","11941052416","11941052416","11941052416","413007872","413007872","413007872"
"2715.269744156","11941052416","11941052416","11941052416","413007872","413007872","413007872"
"2725.265505364","11941052416","11941052416","11941052416","413007872","413007872","413007872"
"2735.270146616","11941052416","11941052416","11941052416","413007872","413007872","413007872"
"2745.280402169","11941052416","11941052416","11941052416","413007872","413007872","413007872"
"2755.276097714","11941052416","11941052416","11941052416","413007872","413007872","413007872"
"2765.268603386","11941052416","11941052416","11941052416","413007872","413007872","413007872"
"2775.268015315","11941052416","11941052416","11941052416","413007872","413007872","413007872"
"2785.267317265","11941052416","11941052416","11941052416","413007872","413007872","413007872"
"2795.267111057","11941052416","11941052416","11941052416","413007872","413007872","413007872"
"2805.266532622","11941052416","11941052416","11941052416","413007872","413007872","413007872"
"2815.270501722","11941052416","11941052416","11941052416","413007872","413007872","413007872"
"2825.266518576","11941052416","11941052416","11941052416","413007872","413007872","413007872"
"2835.267824103","11941052416","11941052416","11941052416","413007872","413007872","413007872"
"2845.265712586","11941052416","11941052416","11941052416","413007872","413007872","413007872"
"2855.265060446","11941052416","11941052416","11941052416","413007872","413007872","413007872"
"2865.266951665","11941052416","11941052416","11941052416","413007872","413007872","413007872"
"2875.267031396","11941052416","11941052416","11941052416","413007872","413007872","413007872"
"2885.268632402","11941052416","11941052416","11941052416","413007872","413007872","413007872"
"2895.265928464","11941052416","11941052416","11941052416","413007872","413007872","413007872"
"2905.267130844","11941052416","11941052416","11941052416","413007872","413007872","413007872"
"2915.269853103","11941052416","11941052416","11941052416","413007872","413007872","413007872"
"2925.278221941","11941052416","11941052416","11941052416","413007872","413007872","413007872"
"2935.276070701","11941052416","11941052416","11941052416","413007872","413007872","413007872"
"2945.265646511","11941052416","11941052416","11941052416","413007872","413007872","413007872"
"2955.272268848","11941052416","11941052416","11941052416","413007872","413007872","413007872"
"2965.265286886","11941052416","11941052416","11941052416","413007872","413007872","413007872"
"2975.26700083","11941052416","11941052416","11941052416","413007872","413007872","413007872"
"2985.2660491","11941052416","11941052416","11941052416","413007872","413007872","413007872"
"2995.268222264","11941052416","11941052416","11941052416","413007872","413007872","413007872"
"3005.269070349","11941052416","11941052416","11941052416","413007872","413007872","413007872"
"3015.265623971","11941052416","11941052416","11941052416","413007872","413007872","413007872"
"3025.269203756","11941052416","11941052416","11941052416","413007872","413007872","413007872"
"3035.269152952","11941052416","11941052416","11941052416","413007872","413007872","413007872"
"3045.269588767","11941052416","11941052416","11941052416","413007872","413007872","413007872"
"3055.269526513","11941052416","11941052416","11941052416","413007872","413007872","413007872"
"3065.267139719","11941052416","11941052416","11941052416","413007872","413007872","413007872"
"3075.279191049","11941052416","11941052416","11941052416","413007872","413007872","413007872"
"3085.270902954","11941052416","11941052416","11941052416","413007872","413007872","413007872"
"3095.270076773","11941052416","11941052416","11941052416","413007872","413007872","413007872"
"3105.274963408","11941052416","11941052416","11941052416","413007872","413007872","413007872"
"3115.270393832","11941052416","11941052416","11941052416","413007872","413007872","413007872"
"3125.26795194","11941052416","11941052416","11941052416","413007872","413007872","413007872"
"3135.268784579","11941052416","11941052416","11941052416","413007872","413007872","413007872"
"3145.266816525","11941052416","11941052416","11941052416","413007872","413007872","413007872"
"3155.27051942","11941052416","11941052416","11941052416","413007872","413007872","413007872"
"3165.268498837","11941052416","11941052416","11941052416","413007872","413007872","413007872"
"3175.267251274","11941052416","11941052416","11941052416","413007872","413007872","413007872"
"3185.265566903","11941052416","11941052416","11941052416","413007872","413007872","413007872"
"3195.275283592","11941052416","11941052416","11941052416","413007872","413007872","413007872"
"3205.266435502","11941052416","11941052416","11941052416","413007872","413007872","413007872"
"3215.268662772","11941052416","11941052416","11941052416","413007872","413007872","413007872"
"3225.268206969","11941052416","11941052416","11941052416","413007872","413007872","413007872"
"3235.273724345","11941052416","11941052416","11941052416","413007872","413007872","413007872"
"3245.268435264","11941052416","11941052416","11941052416","413007872","413007872","413007872"
"3255.271103186","11941052416","11941052416","11941052416","413007872","413007872","413007872"
"3265.267122801","11941052416","11941052416","11941052416","413007872","413007872","413007872"
"3275.265538709","11941052416","11941052416","11941052416","413007872","413007872","413007872"
"3285.266646826","11941052416","11941052416","11941052416","413007872","413007872","413007872"
"3295.267352692","11941052416","11941052416","11941052416","413007872","413007872","413007872"
"3305.264893953","11941052416","11941052416","11941052416","413007872","413007872","413007872"
"3315.268723197","11941052416","11941052416","11941052416","413007872","413007872","413007872"
"3325.266827672","11941052416","11941052416","11941052416","413007872","413007872","413007872"
"3335.276772017","11941052416","11941052416","11941052416","413007872","413007872","413007872"
"3345.268926769","11941052416","11941052416","11941052416","413007872","413007872","413007872"
"3355.268556798","11941052416","11941052416","11941052416","413007872","413007872","413007872"
"3365.26710819","11941052416","11941052416","11941052416","413007872","413007872","413007872"
"3375.267515237","11941052416","11941052416","11941052416","413007872","413007872","413007872"
"3385.267909624","11941052416","11941052416","11941052416","413007872","413007872","413007872"
"3395.265377318","11941052416","11941052416","11941052416","413007872","413007872","413007872"
"3405.274094482","11941052416","11941052416","11941052416","413007872","413007872","413007872"
"3415.272278842","11941052416","11941052416","11941052416","413007872","413007872","413007872"
"3425.26842753","11941052416","11941052416","11941052416","413007872","413007872","413007872"
"3435.270209751","11941052416","11941052416","11941052416","413007872","413007872","413007872"
"3445.270338098","11941052416","11941052416","11941052416","413007872","413007872","413007872"
"3455.2669032","11941052416","11941052416","11941052416","413007872","413007872","413007872"
"3465.273420404","11941052416","11941052416","11941052416","413007872","413007872","413007872"
"3475.269653671","11941052416","11941052416","11941052416","413007872","413007872","413007872"
"3485.269522908","11941052416","11941052416","11941052416","413007872","413007872","413007872"
"3495.26729341","11941052416","11941052416","11941052416","413007872","413007872","413007872"
"3505.267397557","11941052416","11941052416","11941052416","413007872","413007872","413007872"
"3515.267857542","11941052416","11941052416","11941052416","413007872","413007872","413007872"
"3525.27032725","11941052416","11941052416","11941052416","413007872","413007872","413007872"
"3535.268625025","11941052416","11941052416","11941052416","413007872","413007872","413007872"
"3545.265003903","11941052416","11941052416","11941052416","413007872","413007872","413007872"
"3555.26997253","11941052416","11941052416","11941052416","413007872","413007872","413007872"
"3565.273418996","11941052416","11941052416","11941052416","413007872","413007872","413007872"
"3575.268195737","11941052416","11941052416","11941052416","413007872","413007872","413007872"
"3585.26582559","11941052416","11941052416","11941052416","413007872","413007872","413007872"
"3595.268121905","11941052416","11941052416","11941052416","413007872","413007872","413007872"
"3605.267472908","11941052416","11941052416","11941052416","413007872","413007872","413007872"
"3615.273141294","11941052416","11941052416","11941052416","413007872","413007872","413007872"
"3625.266851376","11941052416","11941052416","11941052416","413007872","413007872","413007872"
"3635.26565782","11941052416","11941052416","11941052416","413007872","413007872","413007872"
"3645.267749578","11941052416","11941052416","11941052416","413007872","413007872","413007872"
"3655.272397374","11941052416","11941052416","11941052416","413007872","413007872","413007872"
"3665.269606543","11941052416","11941052416","11941052416","413007872","413007872","413007872"
"3675.270597783","11941052416","11941052416","11941052416","413007872","413007872","413007872"
"3685.267994311","11941052416","11941052416","11941052416","413007872","413007872","413007872"
"3695.268590445","11941052416","11941052416","11941052416","413007872","413007872","413007872"
"3705.266582141","11941052416","11941052416","11941052416","413007872","413007872","413007872"
"3715.268723163","11941052416","11941052416","11941052416","413007872","413007872","413007872"
"3725.269654647","11941052416","11941052416","11941052416","413007872","413007872","413007872"
"3735.269984925","11941052416","11941052416","11941052416","413007872","413007872","413007872"
"3745.265890704","11941052416","11941052416","11941052416","413007872","413007872","413007872"
"3755.267749161","11941052416","11941052416","11941052416","413007872","413007872","413007872"
"3765.266643494","11941052416","11941052416","11941052416","413007872","413007872","413007872"
"3775.265299793","11941052416","11941052416","11941052416","413007872","413007872","413007872"
"3785.268005147","11941052416","11941052416","11941052416","413007872","413007872","413007872"
"3795.267068091","11941052416","11941052416","11941052416","413007872","413007872","413007872"
"3805.267598656","11941052416","11941052416","11941052416","413007872","413007872","413007872"
"3815.267139402","11941052416","11941052416","11941052416","413007872","413007872","413007872"
"3825.267305784","11941052416","11941052416","11941052416","413007872","413007872","413007872"
"3835.265849396","11941052416","11941052416","11941052416","413007872","413007872","413007872"
"3845.271409916","11941052416","11941052416","11941052416","413007872","413007872","413007872"
"3855.267823007","11941052416","11941052416","11941052416","413007872","413007872","413007872"
"3865.270247847","11941052416","11941052416","11941052416","413007872","413007872","413007872"
"3875.266918617","11941052416","11941052416","11941052416","413007872","413007872","413007872"
"3885.272401969","11941052416","11941052416","11941052416","413007872","413007872","413007872"
"3895.27121305","11941052416","11941052416","11941052416","413007872","413007872","413007872"
"3905.267759192","11941052416","11941052416","11941052416","413007872","413007872","413007872"
"3915.272368051","11941052416","11941052416","11941052416","413007872","413007872","413007872"
"3925.266281319","11941052416","11941052416","11941052416","413007872","413007872","413007872"
"3935.268206974","11941052416","11941052416","11941052416","413007872","413007872","413007872"
"3945.267196585","11941052416","11941052416","11941052416","413007872","413007872","413007872"
"3955.265771097","11941052416","11941052416","11941052416","413007872","413007872","413007872"
"3965.268397943","11941052416","11941052416","11941052416","413007872","413007872","413007872"
"3975.267625979","11941052416","11941052416","11941052416","413007872","413007872","413007872"
"3985.271219111","11941052416","11941052416","11941052416","413007872","413007872","413007872"
"3995.266610805","11941052416","11941052416","11941052416","413007872","413007872","413007872"
"4005.273735553","11941052416","11941052416","11941052416","413007872","413007872","413007872"
"4015.266686821","11941052416","11941052416","11941052416","413007872","413007872","413007872"
"4025.267165875","11941052416","11941052416","11941052416","413007872","413007872","413007872"
"4035.276413417","11941052416","11941052416","11941052416","413007872","413007872","413007872"
"4045.267300774","11941052416","11941052416","11941052416","413007872","413007872","413007872"
"4055.264957835","11941052416","11941052416","11941052416","413007872","413007872","413007872"
"4065.267786781","11941052416","11941052416","11941052416","413007872","413007872","413007872"
"4075.275773729","11941052416","11941052416","11941052416","413007872","413007872","413007872"
"4085.267142924","11941052416","11941052416","11941052416","413007872","413007872","413007872"
"4095.266520784","11941052416","11941052416","11941052416","413007872","413007872","413007872"
"4105.275108667","11941052416","11941052416","11941052416","413007872","413007872","413007872"
"4115.276663836","11941052416","11941052416","11941052416","413007872","413007872","413007872"
"4125.265455144","11941052416","11941052416","11941052416","413007872","413007872","413007872"
"4135.26946361","11941052416","11941052416","11941052416","413007872","413007872","413007872"
"4145.276639446","11941052416","11941052416","11941052416","413007872","413007872","413007872"
"4155.267319856","11941052416","11941052416","11941052416","413007872","413007872","413007872"
"4165.274283927","11941052416","11941052416","11941052416","413007872","413007872","413007872"
"4175.26712252","11941052416","11941052416","11941052416","413007872","413007872","413007872"
"4185.266233895","12024938496","12024938496","12024938496","413007872","413007872","413007872"
"4195.26635952","12024938496","12024938496","12024938496","413007872","413007872","413007872"
"4205.269411148","12024938496","12024938496","12024938496","413007872","413007872","413007872"
"4215.26673456","12024938496","12024938496","12024938496","413007872","413007872","413007872"
"4225.26550228","12024938496","12024938496","12024938496","413007872","413007872","413007872"
"4235.267328264","12024938496","12024938496","12024938496","413007872","413007872","413007872"
"4245.266318214","12024938496","12024938496","12024938496","413007872","413007872","413007872"
"4255.266614958","12024938496","12024938496","12024938496","413007872","413007872","413007872"
"4265.265517181","12024938496","12024938496","12024938496","413007872","413007872","413007872"
"4275.272976763","12024938496","12024938496","12024938496","413007872","413007872","413007872"
"4285.273362119","12024938496","12024938496","12024938496","413007872","413007872","413007872"
"4295.265061183","12024938496","12024938496","12024938496","413007872","413007872","413007872"
"4305.267671354","12024938496","12024938496","12024938496","413007872","413007872","413007872"
"4315.265926034","12024938496","12024938496","12024938496","413007872","413007872","413007872"
"4325.267251009","12024938496","12024938496","12024938496","413007872","413007872","413007872"
"4335.269224025","12024938496","12024938496","12024938496","413007872","413007872","413007872"
"4345.26694564","12024938496","12024938496","12024938496","413007872","413007872","413007872"
"4355.270572955","12024938496","12024938496","12024938496","413007872","413007872","413007872"
"4365.266378654","12024938496","12024938496","12024938496","413007872","413007872","413007872"
"4375.265651501","12024938496","12024938496","12024938496","413007872","413007872","413007872"
"4385.268049793","12024938496","12024938496","12024938496","413007872","413007872","413007872"
"4395.268211414","12024938496","12024938496","12024938496","413007872","413007872","413007872"
"4405.267714614","12024938496","12024938496","12024938496","413007872","413007872","413007872"
"4415.271363374","12024938496","12024938496","12024938496","413007872","413007872","413007872"
"4425.268786165","12024938496","12024938496","12024938496","413007872","413007872","413007872"
"4435.267331869","12024938496","12024938496","12024938496","413007872","413007872","413007872"
"4445.26683265","12024938496","12024938496","12024938496","413007872","413007872","413007872"
"4455.26782635","12024938496","12024938496","12024938496","413007872","413007872","413007872"
"4465.267118286","12024938496","12024938496","12024938496","413007872","413007872","413007872"
"4475.268633217","12024938496","12024938496","12024938496","413007872","413007872","413007872"
"4485.26775339","12024938496","12024938496","12024938496","413007872","413007872","413007872"
"4495.266762529","12024938496","12024938496","12024938496","413007872","413007872","413007872"
"4505.274477632","12024938496","12024938496","12024938496","413007872","413007872","413007872"
"4515.274520474","12024938496","12024938496","12024938496","413007872","413007872","413007872"
"4525.266903626","12024938496","12024938496","12024938496","413007872","413007872","413007872"
"4535.265560312","12024938496","12024938496","12024938496","413007872","413007872","413007872"
"4545.273385161","12024938496","12024938496","12024938496","413007872","413007872","413007872"
"4555.26721518","12024938496","12024938496","12024938496","413007872","413007872","413007872"
"4565.265499896","12024938496","12024938496","12024938496","413007872","413007872","413007872"
"4575.269778184","12024938496","12024938496","12024938496","413007872","413007872","413007872"
"4585.266883774","12024938496","12024938496","12024938496","413007872","413007872","413007872"
"4595.265222364","12024938496","12024938496","12024938496","413007872","413007872","413007872"
"4605.269847287","12024938496","12024938496","12024938496","413007872","413007872","413007872"
"4615.267013194","12024938496","12024938496","12024938496","413007872","413007872","413007872"
"4625.267484232","12024938496","12024938496","12024938496","413007872","413007872","413007872"
"4635.267860473","12024938496","12024938496","12024938496","413007872","413007872","413007872"
"4645.267600478","12024938496","12024938496","12024938496","413007872","413007872","413007872"
"4655.271608586","12024938496","12024938496","12024938496","413007872","413007872","413007872"
"4665.268299989","12024938496","12024938496","12024938496","413007872","413007872","413007872"
"4675.26751027","12024938496","12024938496","12024938496","413007872","413007872","413007872"
"4685.266286575","12024938496","12024938496","12024938496","413007872","413007872","413007872"
"4695.269020222","12024938496","12024938496","12024938496","413007872","413007872","413007872"
"4705.26771586","12024938496","12024938496","12024938496","413007872","413007872","413007872"
"4715.266606133","12024938496","12024938496","12024938496","413007872","413007872","413007872"
"4725.265748255","12024938496","12024938496","12024938496","413007872","413007872","413007872"
"4735.270064113","12024938496","12024938496","12024938496","413007872","413007872","413007872"
"4745.267499407","12024938496","12024938496","12024938496","413007872","413007872","413007872"
"4755.266979495","12024938496","12024938496","12024938496","413007872","413007872","413007872"
"4765.267470766","12024938496","12024938496","12024938496","413007872","413007872","413007872"
"4775.266436876","12024938496","12024938496","12024938496","413007872","413007872","413007872"
"4785.267799305","12024938496","12024938496","12024938496","413007872","413007872","413007872"
"4795.265684789","12024938496","12024938496","12024938496","413007872","413007872","413007872"
"4805.265177495","12024938496","12024938496","12024938496","413007872","413007872","413007872"
"4815.266807389","12024938496","12024938496","12024938496","413007872","413007872","413007872"
"4825.270000143","12024938496","12024938496","12024938496","413007872","413007872","413007872"
"4835.265750418","12024938496","12024938496","12024938496","413007872","413007872","413007872"
"4845.274690517","12024938496","12024938496","12024938496","413007872","413007872","413007872"
"4855.269076041","12024938496","12024938496","12024938496","413007872","413007872","413007872"
"4865.276600762","12024938496","12024938496","12024938496","413007872","413007872","413007872"
"4875.266924693","12024938496","12024938496","12024938496","413007872","413007872","413007872"
"4885.268453481","12024938496","12024938496","12024938496","413007872","413007872","413007872"
"4895.268693889","12024938496","12024938496","12024938496","413007872","413007872","413007872"
"4905.275992369","12024938496","12024938496","12024938496","413007872","413007872","413007872"
"4915.268371933","12024938496","12024938496","12024938496","413007872","413007872","413007872"
"4925.267113892","12024938496","12024938496","12024938496","413007872","413007872","413007872"
"4935.27919284","12024938496","12024938496","12024938496","413007872","413007872","413007872"
"4945.266736385","12024938496","12024938496","12024938496","413007872","413007872","413007872"
"4955.264933407","12024938496","12024938496","12024938496","413007872","413007872","413007872"
"4965.267596265","12024938496","12024938496","12024938496","413007872","413007872","413007872"
"4975.267483481","12024938496","12024938496","12024938496","413007872","413007872","413007872"
"4985.266788367","12024938496","12024938496","12024938496","413007872","413007872","413007872"
"4995.267532653","12024938496","12024938496","12024938496","413007872","413007872","413007872"
"5005.265115437","12024938496","12024938496","12024938496","413007872","413007872","413007872"
"5015.27153468","12024938496","12024938496","12024938496","413007872","413007872","413007872"
"5025.272049529","12024938496","12024938496","12024938496","413007872","413007872","413007872"
"5035.268537376","12024938496","12024938496","12024938496","413007872","413007872","413007872"
"5045.26741715","12024938496","12024938496","12024938496","413007872","413007872","413007872"
"5055.267841617","12024938496","12024938496","12024938496","413007872","413007872","413007872"
"5065.26559602","12024938496","12024938496","12024938496","413007872","413007872","413007872"
"5075.267271604","12024938496","12024938496","12024938496","413007872","413007872","413007872"
"5085.269293544","12024938496","12024938496","12024938496","413007872","413007872","413007872"
"5095.267006693","12024938496","12024938496","12024938496","413007872","413007872","413007872"
"5105.267314922","12024938496","12024938496","12024938496","413007872","413007872","413007872"
"5115.266291201","12024938496","12024938496","12024938496","413007872","413007872","413007872"
"5125.265724615","12024938496","12024938496","12024938496","413007872","413007872","413007872"
"5135.266187905","12024938496","12024938496","12024938496","413007872","413007872","413007872"
"5145.267763353","12024938496","12024938496","12024938496","413007872","413007872","413007872"
"5155.273462842","12024938496","12024938496","12024938496","413007872","413007872","413007872"
"5165.276403101","12024938496","12024938496","12024938496","413007872","413007872","413007872"
"5175.271563312","12024938496","12024938496","12024938496","413007872","413007872","413007872"
"5185.267206336","12024938496","12024938496","12024938496","413007872","413007872","413007872"
"5195.265589683","12024938496","12024938496","12024938496","413007872","413007872","413007872"
"5205.267792648","12024938496","12024938496","12024938496","413007872","413007872","413007872"
"5215.270969732","12024938496","12024938496","12024938496","413007872","413007872","413007872"
"5225.268759099","12024938496","12024938496","12024938496","413007872","413007872","413007872"
"5235.265610403","12024938496","12024938496","12024938496","413007872","413007872","413007872"
"5245.271084424","12024938496","12024938496","12024938496","413007872","413007872","413007872"
"5255.269715935","12024938496","12024938496","12024938496","413007872","413007872","413007872"
"5265.27437571","12024938496","12024938496","12024938496","413007872","413007872","413007872"
"5275.268382728","12024938496","12024938496","12024938496","413007872","413007872","413007872"
"5285.267564397","12024938496","12024938496","12024938496","413007872","413007872","413007872"
"5295.276783446","12024938496","12024938496","12024938496","413007872","413007872","413007872"
"5305.269612032","12024938496","12024938496","12024938496","413007872","413007872","413007872"
"5315.274516796","12024938496","12024938496","12024938496","413007872","413007872","413007872"
"5325.284928808","12024938496","12024938496","12024938496","413007872","413007872","413007872"
"5335.265507851","12024938496","12024938496","12024938496","413007872","413007872","413007872"
"5345.267073313","12024938496","12024938496","12024938496","413007872","413007872","413007872"
"5355.266314418","12024938496","12024938496","12024938496","413007872","413007872","413007872"
"5365.267197447","12024938496","12024938496","12024938496","413007872","413007872","413007872"
"5375.266294043","12024938496","12024938496","12024938496","413007872","413007872","413007872"
"5385.266353087","12024938496","12024938496","12024938496","413007872","413007872","413007872"
"5395.267773171","12024938496","12024938496","12024938496","413007872","413007872","413007872"
"5405.265548585","12024938496","12024938496","12024938496","413007872","413007872","413007872"
"5415.268658984","12024938496","12024938496","12024938496","413007872","413007872","413007872"
"5425.26856957","12024938496","12024938496","12024938496","413007872","413007872","413007872"
"5435.265833728","12024938496","12024938496","12024938496","413007872","413007872","413007872"
"5445.266763277","12024938496","12024938496","12024938496","413007872","413007872","413007872"
"5455.267821483","12024938496","12024938496","12024938496","413007872","413007872","413007872"
"5465.265281319","12024938496","12024938496","12024938496","413007872","413007872","413007872"
"5475.269933096","12024938496","12024938496","12024938496","413007872","413007872","413007872"
"5485.275016494","12024938496","12024938496","12024938496","413007872","413007872","413007872"
"5495.275487052","12024938496","12024938496","12024938496","413007872","413007872","413007872"
"5505.275937652","12024938496","12024938496","12024938496","413007872","413007872","413007872"
"5515.27613732","12024938496","12024938496","12024938496","413007872","413007872","413007872"
"5525.268709063","12024938496","12024938496","12024938496","413007872","413007872","413007872"
"5535.265588392","12024938496","12024938496","12024938496","413007872","413007872","413007872"
"5545.266375728","12024938496","12024938496","12024938496","413007872","413007872","413007872"
"5555.274225934","12024938496","12024938496","12024938496","413007872","413007872","413007872"
"5565.266261212","12024938496","12024938496","12024938496","413007872","413007872","413007872"
"5575.268900167","12024938496","12024938496","12024938496","413007872","413007872","413007872"
"5585.264945965","12024938496","12024938496","12024938496","413007872","413007872","413007872"
"5595.265300676","12024938496","12024938496","12024938496","413007872","413007872","413007872"
"5605.267850455","12024938496","12024938496","12024938496","413007872","413007872","413007872"
"5615.267553434","12024938496","12024938496","12024938496","413007872","413007872","413007872"
"5625.270299357","12024938496","12024938496","12024938496","413007872","413007872","413007872"
"5635.267216317","12024938496","12024938496","12024938496","413007872","413007872","413007872"
"5645.267517139","12024938496","12024938496","12024938496","413007872","413007872","413007872"
"5655.268127221","12024938496","12024938496","12024938496","413007872","413007872","413007872"
"5665.274790712","12024938496","12024938496","12024938496","413007872","413007872","413007872"
"5675.26996395","12024938496","12024938496","12024938496","413007872","413007872","413007872"
"5685.26583713","12024938496","12024938496","12024938496","413007872","413007872","413007872"
"5695.268494597","12024938496","12024938496","12024938496","413007872","413007872","413007872"
"5705.26754324","12024938496","12024938496","12024938496","413007872","413007872","413007872"
"5715.266630139","12024938496","12024938496","12024938496","413007872","413007872","413007872"
"5725.266980088","12024938496","12024938496","12024938496","413007872","413007872","413007872"
"5735.267281439","12024938496","12024938496","12024938496","413007872","413007872","413007872"
"5745.266848198","12024938496","12024938496","12024938496","413007872","413007872","413007872"
"5755.269077492","12024938496","12024938496","12024938496","413007872","413007872","413007872"
"5765.266697905","12024938496","12024938496","12024938496","413007872","413007872","413007872"
"5775.267668704","12024938496","12024938496","12024938496","413007872","413007872","413007872"
"5785.268586364","12024938496","12024938496","12024938496","413007872","413007872","413007872"
"5795.274239431","12024938496","12024938496","12024938496","413007872","413007872","413007872"
"5805.272994608","12024938496","12024938496","12024938496","413007872","413007872","413007872"
"5815.268130037","12024938496","12024938496","12024938496","413007872","413007872","413007872"
"5825.267222938","12024938496","12024938496","12024938496","413007872","413007872","413007872"
"5835.266150224","12024938496","12024938496","12024938496","413007872","413007872","413007872"
"5845.266233999","12024938496","12024938496","12024938496","413007872","413007872","413007872"
"5855.26735575","12024938496","12024938496","12024938496","413007872","413007872","413007872"
"5865.265848487","12024938496","12024938496","12024938496","413007872","413007872","413007872"
"5875.268683511","12024938496","12024938496","12024938496","413007872","413007872","413007872"
"5885.266616603","12024938496","12024938496","12024938496","413007872","413007872","413007872"
"5895.26607862","12024938496","12024938496","12024938496","413007872","413007872","413007872"
"5905.266242639","12024938496","12024938496","12024938496","413007872","413007872","413007872"
"5915.267273191","12024938496","12024938496","12024938496","413007872","413007872","413007872"
"5925.268047209","12024938496","12024938496","12024938496","413007872","413007872","413007872"
"5935.273666155","12024938496","12024938496","12024938496","413007872","413007872","413007872"
"5945.274342229","12024938496","12024938496","12024938496","413007872","413007872","413007872"
"5955.268847884","12024938496","12024938496","12024938496","413007872","413007872","413007872"
"5965.271374737","12027035648","12027035648","12027035648","413007872","413007872","413007872"
"5975.271199327","12027035648","12027035648","12027035648","413007872","413007872","413007872"
"5985.267929389","12027035648","12027035648","12027035648","413007872","413007872","413007872"
"5995.265582978","12027035648","12027035648","12027035648","413007872","413007872","413007872"
"6005.265023539","12027035648","12027035648","12027035648","413007872","413007872","413007872"
"6015.271016868","12027035648","12027035648","12027035648","413007872","413007872","413007872"
"6025.275186198","12027035648","12027035648","12027035648","413007872","413007872","413007872"
"6035.267221564","12027035648","12027035648","12027035648","413007872","413007872","413007872"
"6045.276702736","12027035648","12027035648","12027035648","413007872","413007872","413007872"
"6055.275606555","12027035648","12027035648","12027035648","413007872","413007872","413007872"
"6065.265721934","12027035648","12027035648","12027035648","413007872","413007872","413007872"
"6075.267693803","12027035648","12027035648","12027035648","413007872","413007872","413007872"
"6085.271742501","12027035648","12027035648","12027035648","413007872","413007872","413007872"
"6095.275981395","12027035648","12027035648","12027035648","413007872","413007872","413007872"
"6105.274769634","12027035648","12027035648","12027035648","413007872","413007872","413007872"
"6115.267056885","12027035648","12027035648","12027035648","413007872","413007872","413007872"
"6125.268451437","12027035648","12027035648","12027035648","413007872","413007872","413007872"
"6135.268369822","12027035648","12027035648","12027035648","413007872","413007872","413007872"
"6145.267553346","12027035648","12027035648","12027035648","413007872","413007872","413007872"
"6155.269519362","12027035648","12027035648","12027035648","413007872","413007872","413007872"
"6165.277378796","12027035648","12027035648","12027035648","413007872","413007872","413007872"
"6175.26903679","12027035648","12027035648","12027035648","413007872","413007872","413007872"
"6185.265467123","12027035648","12027035648","12027035648","413007872","413007872","413007872"
"6195.274305167","12027035648","12027035648","12027035648","413007872","413007872","413007872"
"6205.268079926","12027035648","12027035648","12027035648","413007872","413007872","413007872"
"6215.268737001","12027035648","12027035648","12027035648","413007872","413007872","413007872"
"6225.2660367","12027035648","12027035648","12027035648","413007872","413007872","413007872"
"6235.268565539","12027035648","12027035648","12027035648","413007872","413007872","413007872"
"6245.26642663","12027035648","12027035648","12027035648","413007872","413007872","413007872"
"6255.267623485","12027035648","12027035648","12027035648","413007872","413007872","413007872"
"6265.267818046","12027035648","12027035648","12027035648","413007872","413007872","413007872"
"6275.26917742","12027035648","12027035648","12027035648","413007872","413007872","413007872"
"6285.267225709","12027035648","12027035648","12027035648","413007872","413007872","413007872"
"6295.272194858","12027035648","12027035648","12027035648","413007872","413007872","413007872"
"6305.268300583","12027035648","12027035648","12027035648","413007872","413007872","413007872"
"6315.268093415","12027035648","12027035648","12027035648","413007872","413007872","413007872"
"6325.270108898","12027035648","12027035648","12027035648","413007872","413007872","413007872"
"6335.265033828","12027035648","12027035648","12027035648","413007872","413007872","413007872"
"6345.268498901","12027035648","12027035648","12027035648","413007872","413007872","413007872"
"6355.266392848","12027035648","12027035648","12027035648","413007872","413007872","413007872"
"6365.268633069","12027035648","12027035648","12027035648","413007872","413007872","413007872"
"6375.267425707","12027035648","12027035648","12027035648","413007872","413007872","413007872"
"6385.271801035","12027035648","12027035648","12027035648","413007872","413007872","413007872"
"6395.271626093","12027035648","12027035648","12027035648","413007872","413007872","413007872"
"6405.265698111","12027035648","12027035648","12027035648","413007872","413007872","413007872"
"6415.27540635","12027035648","12027035648","12027035648","413007872","413007872","413007872"
"6425.269061306","12027035648","12027035648","12027035648","413007872","413007872","413007872"
"6435.267782121","12027035648","12027035648","12027035648","413007872","413007872","413007872"
"6445.270612672","12027035648","12027035648","12027035648","413007872","413007872","413007872"
"6455.267347696","12027035648","12027035648","12027035648","413007872","413007872","413007872"
"6465.275207677","12027035648","12027035648","12027035648","413007872","413007872","413007872"
"6475.274585848","12027035648","12027035648","12027035648","413007872","413007872","413007872"
"6485.278296682","12027035648","12027035648","12027035648","413007872","413007872","413007872"
"6495.269740958","12027035648","12027035648","12027035648","413007872","413007872","413007872"
"6505.276111694","12027035648","12027035648","12027035648","413007872","413007872","413007872"
"6515.268265732","12027035648","12027035648","12027035648","413007872","413007872","413007872"
"6525.274278702","12027035648","12027035648","12027035648","413007872","413007872","413007872"
"6535.270680161","12027035648","12027035648","12027035648","413007872","413007872","413007872"
"6545.273087391","12027035648","12027035648","12027035648","413007872","413007872","413007872"
"6555.277248723","12027035648","12027035648","12027035648","413007872","413007872","413007872"
"6565.26728664","12027035648","12027035648","12027035648","413007872","413007872","413007872"
"6575.268910592","12027035648","12027035648","12027035648","413007872","413007872","413007872"
"6585.27318068","12027035648","12027035648","12027035648","413007872","413007872","413007872"
"6595.266668499","12027035648","12027035648","12027035648","413007872","413007872","413007872"
"6605.268957463","12027035648","12027035648","12027035648","413007872","413007872","413007872"
"6615.266056867","12027035648","12027035648","12027035648","413007872","413007872","413007872"
"6625.266957279","12027035648","12027035648","12027035648","413007872","413007872","413007872"
"6635.265473202","12027035648","12027035648","12027035648","413007872","413007872","413007872"
"6645.275069982","12027035648","12027035648","12027035648","413007872","413007872","413007872"
"6655.266185363","12027035648","12027035648","12027035648","413007872","413007872","413007872"
"6665.272476164","12027035648","12027035648","12027035648","413007872","413007872","413007872"
"6675.27379124","12027035648","12027035648","12027035648","413007872","413007872","413007872"
"6685.265847748","12027035648","12027035648","12027035648","413007872","413007872","413007872"
"6695.267210123","12027035648","12027035648","12027035648","413007872","413007872","413007872"
"6705.266051453","12027035648","12027035648","12027035648","413007872","413007872","413007872"
"6715.266638701","12027035648","12027035648","12027035648","413007872","413007872","413007872"
"6725.26536817","12027035648","12027035648","12027035648","413007872","413007872","413007872"
"6735.266781159","12027035648","12027035648","12027035648","413007872","413007872","413007872"
"6745.265794792","12027035648","12027035648","12027035648","413007872","413007872","413007872"
"6755.265247524","12027035648","12027035648","12027035648","413007872","413007872","413007872"
"6765.27254652","12027035648","12027035648","12027035648","413007872","413007872","413007872"
"6775.274140466","12027035648","12027035648","12027035648","413007872","413007872","413007872"
"6785.276503779","12027035648","12027035648","12027035648","413007872","413007872","413007872"
"6795.267739525","12027035648","12027035648","12027035648","413007872","413007872","413007872"
"6805.268997297","12027035648","12027035648","12027035648","413007872","413007872","413007872"
"6815.266827316","12027035648","12027035648","12027035648","413007872","413007872","413007872"
"6825.27073043","12027035648","12027035648","12027035648","413007872","413007872","413007872"
"6835.266803449","12027035648","12027035648","12027035648","413007872","413007872","413007872"
"6845.26717991","12027035648","12027035648","12027035648","413007872","413007872","413007872"
"6855.265820758","12027035648","12027035648","12027035648","413007872","413007872","413007872"
"6865.26973258","12027035648","12027035648","12027035648","413007872","413007872","413007872"
"6875.271815064","12027035648","12027035648","12027035648","413007872","413007872","413007872"
"6885.270234538","12027035648","12027035648","12027035648","413007872","413007872","413007872"
"6895.271394991","12027035648","12027035648","12027035648","413007872","413007872","413007872"
"6905.276211751","12027035648","12027035648","12027035648","413007872","413007872","413007872"
"6915.271879911","12027035648","12027035648","12027035648","413007872","413007872","413007872"
"6925.265851547","12027035648","12027035648","12027035648","413007872","413007872","413007872"
"6935.270209841","12027035648","12027035648","12027035648","413007872","413007872","413007872"
"6945.266836505","12027035648","12027035648","12027035648","413007872","413007872","413007872"
"6955.281024488","12027035648","12027035648","12027035648","413007872","413007872","413007872"
"6965.267114641","12027035648","12027035648","12027035648","413007872","413007872","413007872"
"6975.269447562","12027035648","12027035648","12027035648","413007872","413007872","413007872"
"6985.266076322","12027035648","12027035648","12027035648","413007872","413007872","413007872"
"6995.268032843","12027035648","12027035648","12027035648","413007872","413007872","413007872"
"7005.269211666","12027035648","12027035648","12027035648","413007872","413007872","413007872"
"7015.275973268","12027035648","12027035648","12027035648","413007872","413007872","413007872"
"7025.266663436","12027035648","12027035648","12027035648","413007872","413007872","413007872"
"7035.275966887","12027035648","12027035648","12027035648","413007872","413007872","413007872"
"7045.266856179","12027035648","12027035648","12027035648","413007872","413007872","413007872"
"7055.273738355","12027035648","12027035648","12027035648","413007872","413007872","413007872"
"7065.27536408","12027035648","12027035648","12027035648","413007872","413007872","413007872"
"7075.270250738","12027035648","12027035648","12027035648","413007872","413007872","413007872"
"7085.268842805","12027035648","12027035648","12027035648","413007872","413007872","413007872"
"7095.27530527","12027035648","12027035648","12027035648","413007872","413007872","413007872"
"7105.26739402","12027035648","12027035648","12027035648","413007872","413007872","413007872"
"7115.269227128","12027035648","12027035648","12027035648","413007872","413007872","413007872"
"7125.268434927","12027035648","12027035648","12027035648","413007872","413007872","413007872"
"7135.267049822","12027035648","12027035648","12027035648","413007872","413007872","413007872"
"7145.268309409","12027035648","12027035648","12027035648","413007872","413007872","413007872"
"7155.271621196","12027035648","12027035648","12027035648","413007872","413007872","413007872"
"7165.276411092","12027035648","12027035648","12027035648","413007872","413007872","413007872"
"7175.27169243","12027035648","12027035648","12027035648","413007872","413007872","413007872"
"7185.269609123","12027035648","12027035648","12027035648","413007872","413007872","413007872"
"7195.267688967","12027035648","12027035648","12027035648","413007872","413007872","413007872"
"7205.273443367","12027035648","12027035648","12027035648","413007872","413007872","413007872"
"7215.268201523","12027035648","12027035648","12027035648","413007872","413007872","413007872"
"7225.274729161","12027035648","12027035648","12027035648","413007872","413007872","413007872"
"7235.267122906","12027035648","12027035648","12027035648","413007872","413007872","413007872"
"7245.268250767","12027035648","12027035648","12027035648","413007872","413007872","413007872"
"7255.266945083","12027035648","12027035648","12027035648","413007872","413007872","413007872"
"7265.268025972","12027035648","12027035648","12027035648","413007872","413007872","413007872"
"7275.266990506","12027035648","12027035648","12027035648","413007872","413007872","413007872"
"7285.268288821","12027035648","12027035648","12027035648","413007872","413007872","413007872"
"7295.271218815","12027035648","12027035648","12027035648","413007872","413007872","413007872"
"7305.267316563","12027035648","12027035648","12027035648","413007872","413007872","413007872"
"7315.275952994","12027035648","12027035648","12027035648","413007872","413007872","413007872"
"7325.276754874","12027035648","12027035648","12027035648","413007872","413007872","413007872"
"7335.26584027","12027035648","12027035648","12027035648","413007872","413007872","413007872"
"7345.26973949","12027035648","12027035648","12027035648","413007872","413007872","413007872"
"7355.267208853","12027035648","12027035648","12027035648","413007872","413007872","413007872"
"7365.272405433","12027035648","12027035648","12027035648","413007872","413007872","413007872"
"7375.267501486","12027035648","12027035648","12027035648","413007872","413007872","413007872"
"7385.267184918","12027035648","12027035648","12027035648","413007872","413007872","413007872"
"7395.268658993","12027035648","12027035648","12027035648","413007872","413007872","413007872"
"7405.268187202","12027035648","12027035648","12027035648","413007872","413007872","413007872"
"7415.271778622","12027035648","12027035648","12027035648","413007872","413007872","413007872"
"7425.269521687","12027035648","12027035648","12027035648","413007872","413007872","413007872"
"7435.267732106","12027035648","12027035648","12027035648","413007872","413007872","413007872"
"7445.269841448","12027035648","12027035648","12027035648","413007872","413007872","413007872"
"7455.268043542","12027035648","12027035648","12027035648","413007872","413007872","413007872"
"7465.267290735","12027035648","12027035648","12027035648","413007872","413007872","413007872"
"7475.265605866","12027035648","12027035648","12027035648","413007872","413007872","413007872"
"7485.275522122","12027035648","12027035648","12027035648","413007872","413007872","413007872"
"7495.267926875","12027035648","12027035648","12027035648","413007872","413007872","413007872"
"7505.268156785","12027035648","12027035648","12027035648","413007872","413007872","413007872"
"7515.267006019","12027035648","12027035648","12027035648","413007872","413007872","413007872"
"7525.265817928","12027035648","12027035648","12027035648","413007872","413007872","413007872"
"7535.269340155","12027035648","12027035648","12027035648","413007872","413007872","413007872"
"7545.267848139","12027035648","12027035648","12027035648","413007872","413007872","413007872"
"7555.26651911","12027035648","12027035648","12027035648","413007872","413007872","413007872"
"7565.266729548","12027035648","12027035648","12027035648","413007872","413007872","413007872"
"7575.268433576","12027035648","12027035648","12027035648","413007872","413007872","413007872"
"7585.268014819","12027035648","12027035648","12027035648","413007872","413007872","413007872"
"7595.266647835","12027035648","12027035648","12027035648","413007872","413007872","413007872"
"7605.269019198","12027035648","12027035648","12027035648","413007872","413007872","413007872"
"7615.275087414","12027035648","12027035648","12027035648","413007872","413007872","413007872"
"7625.269495016","12027035648","12027035648","12027035648","413007872","413007872","413007872"
"7635.266044262","12027035648","12027035648","12027035648","413007872","413007872","413007872"
"7645.265143907","12027035648","12027035648","12027035648","413007872","413007872","413007872"
"7655.277921309","12027035648","12027035648","12027035648","413007872","413007872","413007872"
"7665.266522874","12027035648","12027035648","12027035648","413007872","413007872","413007872"
"7675.267885473","12027035648","12027035648","12027035648","413007872","413007872","413007872"
"7685.275161061","12027035648","12027035648","12027035648","413007872","413007872","413007872"
"7695.271766802","12027035648","12027035648","12027035648","413007872","413007872","413007872"
"7705.266417373","12027035648","12027035648","12027035648","413007872","413007872","413007872"
"7715.275600026","12027035648","12027035648","12027035648","413007872","413007872","413007872"
"7725.267828934","12027035648","12027035648","12027035648","413007872","413007872","413007872"
"7735.266397064","12027035648","12027035648","12027035648","413007872","413007872","413007872"
"7745.266627238","12027035648","12027035648","12027035648","413007872","413007872","413007872"
"7755.267746496","12027035648","12027035648","12027035648","413007872","413007872","413007872"
"7765.268902114","12027035648","12027035648","12027035648","413007872","413007872","413007872"
"7775.275217284","12027035648","12027035648","12027035648","413007872","413007872","413007872"
"7785.266388161","12027035648","12027035648","12027035648","413007872","413007872","413007872"
"7795.275377311","12027035648","12027035648","12027035648","413007872","413007872","413007872"
"7805.268452872","12027035648","12027035648","12027035648","413007872","413007872","413007872"
"7815.267062358","12027035648","12027035648","12027035648","413007872","413007872","413007872"
"7825.266807005","12027035648","12027035648","12027035648","413007872","413007872","413007872"
"7835.265294444","12027035648","12027035648","12027035648","413007872","413007872","413007872"
"7845.267664299","12027035648","12027035648","12027035648","413007872","413007872","413007872"
"7855.272770023","12027035648","12027035648","12027035648","413007872","413007872","413007872"
"7865.269935167","12027035648","12027035648","12027035648","413007872","413007872","413007872"
"7875.266498156","12027035648","12027035648","12027035648","413007872","413007872","413007872"
"7885.265273881","12027035648","12027035648","12027035648","413007872","413007872","413007872"
"7895.27022877","12027035648","12027035648","12027035648","413007872","413007872","413007872"
"7905.266345841","12027035648","12027035648","12027035648","413007872","413007872","413007872"
"7915.276220111","12027035648","12027035648","12027035648","413007872","413007872","413007872"
"7925.272496546","12027035648","12027035648","12027035648","413007872","413007872","413007872"
"7935.26792506","12027035648","12027035648","12027035648","413007872","413007872","413007872"
"7945.272976741","12027035648","12027035648","12027035648","413007872","413007872","413007872"
"7955.265820771","12027035648","12027035648","12027035648","413007872","413007872","413007872"
"7965.268185421","12027035648","12027035648","12027035648","413007872","413007872","413007872"
"7975.26763435","12027035648","12027035648","12027035648","413007872","413007872","413007872"
"7985.267074625","12027035648","12027035648","12027035648","413007872","413007872","413007872"
"7995.277509251","12027035648","12027035648","12027035648","413007872","413007872","413007872"
"8005.266427183","12027035648","12027035648","12027035648","413007872","413007872","413007872"
"8015.269814234","12027035648","12027035648","12027035648","413007872","413007872","413007872"
"8025.27158616","12027035648","12027035648","12027035648","413007872","413007872","413007872"
"8035.275325862","12027035648","12027035648","12027035648","413007872","413007872","413007872"
"8045.268843485","12027035648","12027035648","12027035648","413007872","413007872","413007872"
"8055.266481915","12027035648","12027035648","12027035648","413007872","413007872","413007872"
"8065.267674196","12027035648","12027035648","12027035648","413007872","413007872","413007872"
"8075.268127008","12027035648","12027035648","12027035648","413007872","413007872","413007872"
"8085.266431397","12027035648","12027035648","12027035648","413007872","413007872","413007872"
"8095.27480162","12027035648","12027035648","12027035648","413007872","413007872","413007872"
"8105.273339241","12027035648","12027035648","12027035648","413007872","413007872","413007872"
"8115.269563651","12027035648","12027035648","12027035648","413007872","413007872","413007872"
"8125.267104395","12027035648","12027035648","12027035648","413007872","413007872","413007872"
"8135.2686717","12027035648","12027035648","12027035648","413007872","413007872","413007872"
"8145.269789294","12027035648","12027035648","12027035648","413007872","413007872","413007872"
"8155.266340802","12027035648","12027035648","12027035648","413007872","413007872","413007872"
"8165.267592278","12027035648","12027035648","12027035648","413007872","413007872","413007872"
"8175.271068852","12027035648","12027035648","12027035648","413007872","413007872","413007872"
"8185.276717066","12027035648","12027035648","12027035648","413007872","413007872","413007872"
"8195.268802094","12027035648","12027035648","12027035648","413007872","413007872","413007872"
"8205.267729504","12027035648","12027035648","12027035648","413007872","413007872","413007872"
"8215.268193634","12027035648","12027035648","12027035648","413007872","413007872","413007872"
"8225.270518576","12027035648","12027035648","12027035648","413007872","413007872","413007872"
"8235.267365274","12027035648","12027035648","12027035648","413007872","413007872","413007872"
"8245.274156326","12027035648","12027035648","12027035648","413007872","413007872","413007872"
"8255.273009137","12027035648","12027035648","12027035648","413007872","413007872","413007872"
"8265.274999011","12027035648","12027035648","12027035648","413007872","413007872","413007872"
"8275.265605066","12027035648","12027035648","12027035648","413007872","413007872","413007872"
"8285.268252333","12027035648","12027035648","12027035648","413007872","413007872","413007872"
"8295.269829436","12027035648","12027035648","12027035648","413007872","413007872","413007872"
"8305.266998827","12027035648","12027035648","12027035648","413007872","413007872","413007872"
"8315.265139827","12027035648","12027035648","12027035648","413007872","413007872","413007872"
"8325.269405514","12027035648","12027035648","12027035648","413007872","413007872","413007872"
"8335.274539372","12027035648","12027035648","12027035648","413007872","413007872","413007872"
"8345.265611752","12027035648","12027035648","12027035648","413007872","413007872","413007872"
"8355.267793384","12027035648","12027035648","12027035648","413007872","413007872","413007872"
"8365.268409953","12027035648","12027035648","12027035648","413007872","413007872","413007872"
"8375.276332272","12027035648","12027035648","12027035648","413007872","413007872","413007872"
"8385.266576488","12027035648","12027035648","12027035648","413007872","413007872","413007872"
"8395.266200728","12027035648","12027035648","12027035648","413007872","413007872","413007872"
"8405.268607634","12027035648","12027035648","12027035648","413007872","413007872","413007872"
"8415.276418391","12027035648","12027035648","12027035648","413007872","413007872","413007872"
"8425.265950247","12027035648","12027035648","12027035648","413007872","413007872","413007872"
"8435.272815348","12027035648","12027035648","12027035648","413007872","413007872","413007872"
"8445.270626781","12027035648","12027035648","12027035648","413007872","413007872","413007872"
"8455.267598784","12027035648","12027035648","12027035648","413007872","413007872","413007872"
"8465.266206648","12027035648","12027035648","12027035648","413007872","413007872","413007872"
"8475.268470184","12027035648","12027035648","12027035648","413007872","413007872","413007872"
"8485.266612965","12027035648","12027035648","12027035648","413007872","413007872","413007872"
"8495.26869236","12027035648","12027035648","12027035648","413007872","413007872","413007872"
"8505.268440931","12027035648","12027035648","12027035648","413007872","413007872","413007872"
"8515.27836093","12027035648","12027035648","12027035648","413007872","413007872","413007872"
"8525.269459114","12027035648","12027035648","12027035648","413007872","413007872","413007872"
"8535.267885106","12027035648","12027035648","12027035648","413007872","413007872","413007872"
"8545.267454357","12027035648","12027035648","12027035648","413007872","413007872","413007872"
"8555.26898574","12027035648","12027035648","12027035648","413007872","413007872","413007872"
"8565.267413992","12027035648","12027035648","12027035648","413007872","413007872","413007872"
"8575.276947969","12027035648","12027035648","12027035648","413007872","413007872","413007872"
"8585.26742504","12027035648","12027035648","12027035648","413007872","413007872","413007872"
"8595.267452625","12027035648","12027035648","12027035648","413007872","413007872","413007872"
"8605.26826857","12027035648","12027035648","12027035648","413007872","413007872","413007872"
"8615.265246389","12027035648","12027035648","12027035648","413007872","413007872","413007872"
"8625.267366157","12027035648","12027035648","12027035648","413007872","413007872","413007872"
"8635.265257041","12027035648","12027035648","12027035648","413007872","413007872","413007872"
"8645.26585124","12027035648","12027035648","12027035648","413007872","413007872","413007872"
"8655.273018165","12027035648","12027035648","12027035648","413007872","413007872","413007872"
"8665.271073848","12027035648","12027035648","12027035648","413007872","413007872","413007872"
"8675.268754561","12027035648","12027035648","12027035648","413007872","413007872","413007872"
"8685.276414871","12027035648","12027035648","12027035648","413007872","413007872","413007872"
"8695.268722379","12027035648","12027035648","12027035648","413007872","413007872","413007872"
"8705.266311138","12027035648","12027035648","12027035648","413007872","413007872","413007872"
"8715.276038951","12027035648","12027035648","12027035648","413007872","413007872","413007872"
"8725.273343637","12027035648","12027035648","12027035648","413007872","413007872","413007872"
"8735.265695031","12027035648","12027035648","12027035648","413007872","413007872","413007872"
"8745.267935587","12027035648","12027035648","12027035648","413007872","413007872","413007872"
"8755.269133347","12027035648","12027035648","12027035648","413007872","413007872","413007872"
"8765.2715031","12027035648","12027035648","12027035648","413007872","413007872","413007872"
"8775.270426213","12027035648","12027035648","12027035648","413007872","413007872","413007872"
"8785.268191937","12027035648","12027035648","12027035648","413007872","413007872","413007872"
"8795.265617615","12027035648","12027035648","12027035648","413007872","413007872","413007872"
"8805.267776307","12027035648","12027035648","12027035648","413007872","413007872","413007872"
"8815.274644143","12027035648","12027035648","12027035648","413007872","413007872","413007872"
"8825.274660978","12027035648","12027035648","12027035648","413007872","413007872","413007872"
"8835.278396458","12027035648","12027035648","12027035648","413007872","413007872","413007872"
"8845.2654304","12027035648","12027035648","12027035648","413007872","413007872","413007872"
"8855.267890467","12027035648","12027035648","12027035648","413007872","413007872","413007872"
"8865.266228091","12027035648","12027035648","12027035648","413007872","413007872","413007872"
"8875.269123862","12027035648","12027035648","12027035648","413007872","413007872","413007872"
"8885.269069715","12027035648","12027035648","12027035648","413007872","413007872","413007872"
"8895.267536322","12027035648","12027035648","12027035648","413007872","413007872","413007872"
"8905.265244871","12027035648","12027035648","12027035648","413007872","413007872","413007872"
"8915.271250323","12027035648","12027035648","12027035648","413007872","413007872","413007872"
"8925.276096093","12027035648","12027035648","12027035648","413007872","413007872","413007872"
"8935.276339074","12027035648","12027035648","12027035648","413007872","413007872","413007872"
"8945.272748088","12027035648","12027035648","12027035648","413007872","413007872","413007872"
"8955.269456822","12027035648","12027035648","12027035648","413007872","413007872","413007872"
"8965.265281538","12027035648","12027035648","12027035648","413007872","413007872","413007872"
"8975.271515029","12027035648","12027035648","12027035648","413007872","413007872","413007872"
"8985.269014141","12027035648","12027035648","12027035648","413007872","413007872","413007872"
"8995.265411324","12027035648","12027035648","12027035648","413007872","413007872","413007872"
"9005.268323305","12027035648","12027035648","12027035648","413007872","413007872","413007872"
"9015.265721188","12027035648","12027035648","12027035648","413007872","413007872","413007872"
"9025.268935439","12027035648","12027035648","12027035648","413007872","413007872","413007872"
"9035.266917739","12027035648","12027035648","12027035648","413007872","413007872","413007872"
"9045.2719885","12027035648","12027035648","12027035648","413007872","413007872","413007872"
"9055.274689111","12027035648","12027035648","12027035648","413007872","413007872","413007872"
"9065.266909936","12027035648","12027035648","12027035648","413007872","413007872","413007872"
"9075.270381377","12027035648","12027035648","12027035648","413007872","413007872","413007872"
"9085.273346033","12027035648","12027035648","12027035648","413007872","413007872","413007872"
"9095.269162505","12027035648","12027035648","12027035648","413007872","413007872","413007872"
"9105.277780919","12027035648","12027035648","12027035648","413007872","413007872","413007872"
"9115.277108299","12027035648","12027035648","12027035648","413007872","413007872","413007872"
"9125.274484144","12027035648","12027035648","12027035648","413007872","413007872","413007872"
"9135.271302515","12027035648","12027035648","12027035648","413007872","413007872","413007872"
"9145.267071038","12027035648","12027035648","12027035648","413007872","413007872","413007872"
"9155.266665828","12027035648","12027035648","12027035648","413007872","413007872","413007872"
"9165.27909498","12027035648","12027035648","12027035648","413007872","413007872","413007872"
"9175.266830065","12027035648","12027035648","12027035648","413007872","413007872","413007872"
"9185.265888464","12027035648","12027035648","12027035648","413007872","413007872","413007872"
"9195.274581797","12027035648","12027035648","12027035648","413007872","413007872","413007872"
"9205.26662533","12027035648","12027035648","12027035648","413007872","413007872","413007872"
"9215.267609008","12027035648","12027035648","12027035648","413007872","413007872","413007872"
"9225.267113125","12027035648","12027035648","12027035648","413007872","413007872","413007872"
"9235.26572732","12027035648","12027035648","12027035648","413007872","413007872","413007872"
"9245.267498435","12027035648","12027035648","12027035648","413007872","413007872","413007872"
"9255.26835974","12027035648","12027035648","12027035648","413007872","413007872","413007872"
"9265.268277893","12027035648","12027035648","12027035648","413007872","413007872","413007872"
"9275.270864159","12027035648","12027035648","12027035648","413007872","413007872","413007872"
"9285.266752477","12027035648","12027035648","12027035648","413007872","413007872","413007872"
"9295.273911527","12027035648","12027035648","12027035648","413007872","413007872","413007872"
"9305.278531191","12027035648","12027035648","12027035648","413007872","413007872","413007872"
"9315.270658917","12027035648","12027035648","12027035648","413007872","413007872","413007872"
"9325.269537607","12027035648","12027035648","12027035648","413007872","413007872","413007872"
"9335.265170431","12027035648","12027035648","12027035648","413007872","413007872","413007872"
"9345.266301986","12027035648","12027035648","12027035648","413007872","413007872","413007872"
"9355.266016364","12027035648","12027035648","12027035648","413007872","413007872","413007872"
"9365.269590554","12027035648","12027035648","12027035648","413007872","413007872","413007872"
"9375.267738864","12027035648","12027035648","12027035648","413007872","413007872","413007872"
"9385.265588342","12027035648","12027035648","12027035648","413007872","413007872","413007872"
"9395.265890702","12027035648","12027035648","12027035648","413007872","413007872","413007872"
"9405.265575858","12027035648","12027035648","12027035648","413007872","413007872","413007872"
"9415.267240293","12027035648","12027035648","12027035648","413007872","413007872","413007872"
"9425.266128459","12027035648","12027035648","12027035648","413007872","413007872","413007872"
"9435.268379195","12027035648","12027035648","12027035648","413007872","413007872","413007872"
"9445.271881495","12027035648","12027035648","12027035648","413007872","413007872","413007872"
"9455.266401686","12027035648","12027035648","12027035648","413007872","413007872","413007872"
"9465.267981138","12027035648","12027035648","12027035648","413007872","413007872","413007872"
"9475.273011463","12027035648","12027035648","12027035648","413007872","413007872","413007872"
"9485.266715943","12027035648","12027035648","12027035648","413007872","413007872","413007872"
"9495.269697907","12027035648","12027035648","12027035648","413007872","413007872","413007872"
"9505.265893114","12027035648","12027035648","12027035648","413007872","413007872","413007872"
"9515.272278192","12027035648","12027035648","12027035648","413007872","413007872","413007872"
"9525.270337106","12027035648","12027035648","12027035648","413007872","413007872","413007872"
"9535.268401599","12027035648","12027035648","12027035648","413007872","413007872","413007872"
"9545.265462722","12027035648","12027035648","12027035648","413007872","413007872","413007872"
"9555.267834371","12027035648","12027035648","12027035648","413007872","413007872","413007872"
"9565.267606317","12027035648","12027035648","12027035648","413007872","413007872","413007872"
"9575.267019192","12027035648","12027035648","12027035648","413007872","413007872","413007872"
"9585.270231227","12027035648","12027035648","12027035648","413007872","413007872","413007872"
"9595.26696636","12027035648","12027035648","12027035648","413007872","413007872","413007872"
"9605.265903156","12027035648","12027035648","12027035648","413007872","413007872","413007872"
"9615.26774542","12027035648","12027035648","12027035648","413007872","413007872","413007872"
"9625.269185254","12027035648","12027035648","12027035648","413007872","413007872","413007872"
"9635.267727176","12027035648","12027035648","12027035648","413007872","413007872","413007872"
"9645.266396759","12027035648","12027035648","12027035648","413007872","413007872","413007872"
"9655.272515105","12027035648","12027035648","12027035648","413007872","413007872","413007872"
"9665.268029718","12027035648","12027035648","12027035648","413007872","413007872","413007872"
"9675.269545992","12027035648","12027035648","12027035648","413007872","413007872","413007872"
"9685.266314763","12027035648","12027035648","12027035648","413007872","413007872","413007872"
"9695.269770489","12027035648","12027035648","12027035648","413007872","413007872","413007872"
"9705.273319382","12027035648","12027035648","12027035648","413007872","413007872","413007872"
"9715.275284489","12027035648","12027035648","12027035648","413007872","413007872","413007872"
"9725.275064875","12027035648","12027035648","12027035648","413007872","413007872","413007872"
"9735.26697469","12027035648","12027035648","12027035648","413007872","413007872","413007872"
"9745.26799186","12027035648","12027035648","12027035648","413007872","413007872","413007872"
"9755.26767202","12027035648","12027035648","12027035648","413007872","413007872","413007872"
"9765.268969869","12027035648","12027035648","12027035648","413007872","413007872","413007872"
"9775.269105248","12027035648","12027035648","12027035648","413007872","413007872","413007872"
"9785.26546911","12027035648","12027035648","12027035648","413007872","413007872","413007872"
"9795.267035891","12027035648","12027035648","12027035648","413007872","413007872","413007872"
"9805.267757588","12027035648","12027035648","12027035648","413007872","413007872","413007872"
"9815.267301091","12027035648","12027035648","12027035648","413007872","413007872","413007872"
"9825.268523093","12027035648","12027035648","12027035648","413007872","413007872","413007872"
"9835.266586706","12027035648","12027035648","12027035648","413007872","413007872","413007872"
"9845.267572181","12027035648","12027035648","12027035648","413007872","413007872","413007872"
"9855.269326867","12027035648","12027035648","12027035648","413007872","413007872","413007872"
"9865.26583842","12027035648","12027035648","12027035648","413007872","413007872","413007872"
"9875.2674505","12027035648","12027035648","12027035648","413007872","413007872","413007872"
"9885.277146634","12027035648","12027035648","12027035648","413007872","413007872","413007872"
"9895.276915435","12027035648","12027035648","12027035648","413007872","413007872","413007872"
"9905.268414401","12027035648","12027035648","12027035648","413007872","413007872","413007872"
"9915.268494173","12027035648","12027035648","12027035648","413007872","413007872","413007872"
"9925.268094982","12027035648","12027035648","12027035648","413007872","413007872","413007872"
"9935.267883178","12027035648","12027035648","12027035648","413007872","413007872","413007872"
"9945.267173253","12027035648","12027035648","12027035648","413007872","413007872","413007872"
"9955.266417081","12027035648","12027035648","12027035648","413007872","413007872","413007872"
"9965.268176628","12027035648","12027035648","12027035648","413007872","413007872","413007872"
"9975.27028202","12027035648","12027035648","12027035648","413007872","413007872","413007872"
"9985.275231515","12027035648","12027035648","12027035648","413007872","413007872","413007872"
"9995.26710852","12027035648","12027035648","12027035648","413007872","413007872","413007872"
"10005.266592913","12027035648","12027035648","12027035648","413007872","413007872","413007872"
"10015.265942395","12027035648","12027035648","12027035648","413007872","413007872","413007872"
"10025.266882367","12027035648","12027035648","12027035648","413007872","413007872","413007872"
"10035.274240376","12027035648","12027035648","12027035648","413007872","413007872","413007872"
"10045.266489421","12027035648","12027035648","12027035648","413007872","413007872","413007872"
"10055.265271964","12027035648","12027035648","12027035648","413007872","413007872","413007872"
"10065.266477145","12027035648","12027035648","12027035648","413007872","413007872","413007872"
"10075.274032717","12027035648","12027035648","12027035648","413007872","413007872","413007872"
"10085.270606121","12027035648","12027035648","12027035648","413007872","413007872","413007872"
"10095.26805613","12027035648","12027035648","12027035648","413007872","413007872","413007872"
"10105.266613224","12027035648","12027035648","12027035648","413007872","413007872","413007872"
"10115.27366137","12027035648","12027035648","12027035648","413007872","413007872","413007872"
"10125.267492647","12027035648","12027035648","12027035648","413007872","413007872","413007872"
"10135.26632014","12027035648","12027035648","12027035648","413007872","413007872","413007872"
"10145.275637772","12027035648","12027035648","12027035648","413007872","413007872","413007872"
"10155.274389073","12027035648","12027035648","12027035648","413007872","413007872","413007872"
"10165.271681037","12027035648","12027035648","12027035648","413007872","413007872","413007872"
"10175.266929476","12027035648","12027035648","12027035648","413007872","413007872","413007872"
"10185.27601364","12027035648","12027035648","12027035648","413007872","413007872","413007872"
"10195.273921894","12027035648","12027035648","12027035648","413007872","413007872","413007872"
"10205.266713278","12027035648","12027035648","12027035648","413007872","413007872","413007872"
"10215.267529133","12027035648","12027035648","12027035648","413007872","413007872","413007872"
"10225.267328462","12027035648","12027035648","12027035648","413007872","413007872","413007872"
"10235.27131089","12027035648","12027035648","12027035648","413007872","413007872","413007872"
"10245.273430352","12027035648","12027035648","12027035648","413007872","413007872","413007872"
"10255.267188324","12027035648","12027035648","12027035648","413007872","413007872","413007872"
"10265.270369132","12027035648","12027035648","12027035648","413007872","413007872","413007872"
"10275.270676559","12027035648","12027035648","12027035648","413007872","413007872","413007872"
"10285.268403167","12027035648","12027035648","12027035648","413007872","413007872","413007872"
"10295.265949616","12027035648","12027035648","12027035648","413007872","413007872","413007872"
"10305.268664659","12027035648","12027035648","12027035648","413007872","413007872","413007872"
"10315.276636771","12027035648","12027035648","12027035648","413007872","413007872","413007872"
"10325.265237176","12027035648","12027035648","12027035648","413007872","413007872","413007872"
"10335.266270359","12027035648","12027035648","12027035648","413007872","413007872","413007872"
"10345.266861708","12027035648","12027035648","12027035648","413007872","413007872","413007872"
"10355.267100542","12027035648","12027035648","12027035648","413007872","413007872","413007872"
"10365.275138559","12027035648","12027035648","12027035648","413007872","413007872","413007872"
"10375.268321371","12027035648","12027035648","12027035648","413007872","413007872","413007872"
"10385.272617733","12027035648","12027035648","12027035648","413007872","413007872","413007872"
"10395.269447646","12027035648","12027035648","12027035648","413007872","413007872","413007872"
"10405.268120934","12027035648","12027035648","12027035648","413007872","413007872","413007872"
"10415.266327655","12027035648","12027035648","12027035648","413007872","413007872","413007872"
"10425.268122194","12027035648","12027035648","12027035648","413007872","413007872","413007872"
"10435.265821154","12027035648","12027035648","12027035648","413007872","413007872","413007872"
"10445.268195629","12027035648","12027035648","12027035648","413007872","413007872","413007872"
"10455.268367537","12027035648","12027035648","12027035648","413007872","413007872","413007872"
"10465.273575112","12027035648","12027035648","12027035648","413007872","413007872","413007872"
"10475.270161828","12027035648","12027035648","12027035648","413007872","413007872","413007872"
"10485.268941863","12027035648","12027035648","12027035648","413007872","413007872","413007872"
"10495.270851705","12027035648","12027035648","12027035648","413007872","413007872","413007872"
"10505.267744754","12027035648","12027035648","12027035648","413007872","413007872","413007872"
"10515.266745681","12027035648","12027035648","12027035648","413007872","413007872","413007872"
"10525.27314148","12027035648","12027035648","12027035648","413007872","413007872","413007872"
"10535.272423582","12027035648","12027035648","12027035648","413007872","413007872","413007872"
"10545.277069862","12027035648","12027035648","12027035648","413007872","413007872","413007872"
"10555.266217128","12027035648","12027035648","12027035648","413007872","413007872","413007872"
"10565.267360402","12027035648","12027035648","12027035648","413007872","413007872","413007872"
"10575.269752817","12027035648","12027035648","12027035648","413007872","413007872","413007872"
"10585.26718195","12027035648","12027035648","12027035648","413007872","413007872","413007872"
"10595.271510357","12027035648","12027035648","12027035648","413007872","413007872","413007872"
"10605.270729018","12027035648","12027035648","12027035648","413007872","413007872","413007872"
"10615.268672148","12027035648","12027035648","12027035648","413007872","413007872","413007872"
"10625.269184481","12027035648","12027035648","12027035648","413007872","413007872","413007872"
"10635.2742625","12027035648","12027035648","12027035648","413007872","413007872","413007872"
"10645.268982781","12027035648","12027035648","12027035648","413007872","413007872","413007872"
"10655.267762667","12027035648","12027035648","12027035648","413007872","413007872","413007872"
"10665.266145121","12027035648","12027035648","12027035648","413007872","413007872","413007872"
"10675.269845119","12027035648","12027035648","12027035648","413007872","413007872","413007872"
"10685.267648117","12027035648","12027035648","12027035648","413007872","413007872","413007872"
"10695.265595034","12027035648","12027035648","12027035648","413007872","413007872","413007872"
"10705.267160422","12027035648","12027035648","12027035648","413007872","413007872","413007872"
"10715.277297908","12027035648","12027035648","12027035648","413007872","413007872","413007872"
"10725.269593704","12027035648","12027035648","12027035648","413007872","413007872","413007872"
"10735.265542756","12027035648","12027035648","12027035648","413007872","413007872","413007872"
"10745.275053239","12027035648","12027035648","12027035648","413007872","413007872","413007872"
"10755.266120147","12027035648","12027035648","12027035648","413007872","413007872","413007872"
"10765.266424015","12027035648","12027035648","12027035648","413007872","413007872","413007872"
"10775.269341847","12027035648","12027035648","12027035648","413007872","413007872","413007872"
"10785.26654148","12027035648","12027035648","12027035648","413007872","413007872","413007872"
"10795.267407098","12027035648","12027035648","12027035648","413007872","413007872","413007872"
"10805.268069518","12027035648","12027035648","12027035648","413007872","413007872","413007872"
"10815.275896005","12027035648","12027035648","12027035648","413007872","413007872","413007872"
"10825.27051549","12027035648","12027035648","12027035648","413007872","413007872","413007872"
"10835.267405828","12027035648","12027035648","12027035648","413007872","413007872","413007872"
"10845.268449971","12027035648","12027035648","12027035648","413007872","413007872","413007872"
"10855.266159456","12027035648","12027035648","12027035648","413007872","413007872","413007872"
"10865.267026153","12027035648","12027035648","12027035648","413007872","413007872","413007872"
"10875.269204538","12027035648","12027035648","12027035648","413007872","413007872","413007872"
"10885.267271872","12027035648","12027035648","12027035648","413007872","413007872","413007872"
"10895.268760155","12027035648","12027035648","12027035648","413007872","413007872","413007872"
"10905.266133112","12027035648","12027035648","12027035648","413007872","413007872","413007872"
"10915.266576658","12027035648","12027035648","12027035648","413007872","413007872","413007872"
"10925.273243576","12027035648","12027035648","12027035648","413007872","413007872","413007872"
"10935.276969204","12027035648","12027035648","12027035648","413007872","413007872","413007872"
"10945.269022399","12027035648","12027035648","12027035648","413007872","413007872","413007872"
"10955.265258336","12027035648","12027035648","12027035648","413007872","413007872","413007872"
"10965.267129206","12027035648","12027035648","12027035648","413007872","413007872","413007872"
"10975.265564529","12027035648","12027035648","12027035648","413007872","413007872","413007872"
"10985.270181721","12027035648","12027035648","12027035648","413007872","413007872","413007872"
"10995.267611034","12027035648","12027035648","12027035648","413007872","413007872","413007872"
"11005.271347643","12027035648","12027035648","12027035648","413007872","413007872","413007872"
"11015.265777065","12027035648","12027035648","12027035648","413007872","413007872","413007872"
"11025.267009504","12027035648","12027035648","12027035648","413007872","413007872","413007872"
"11035.268057168","12027035648","12027035648","12027035648","413007872","413007872","413007872"
"11045.271569455","12027035648","12027035648","12027035648","413007872","413007872","413007872"
"11055.266576665","12027035648","12027035648","12027035648","413007872","413007872","413007872"
"11065.266721744","12027035648","12027035648","12027035648","413007872","413007872","413007872"
"11075.265969225","12027035648","12027035648","12027035648","413007872","413007872","413007872"
"11085.268079755","12027035648","12027035648","12027035648","413007872","413007872","413007872"
"11095.267429576","12027035648","12027035648","12027035648","413007872","413007872","413007872"
"11105.269010686","12027035648","12027035648","12027035648","413007872","413007872","413007872"
"11115.265910048","12027035648","12027035648","12027035648","413007872","413007872","413007872"
"11125.268098988","12027035648","12027035648","12027035648","413007872","413007872","413007872"
"11135.265105005","12027035648","12027035648","12027035648","413007872","413007872","413007872"
"11145.281379656","12027035648","12027035648","12027035648","413007872","413007872","413007872"
"11155.267441517","12027035648","12027035648","12027035648","413007872","413007872","413007872"
"11165.267428142","12027035648","12027035648","12027035648","413007872","413007872","413007872"
"11175.268502918","12027035648","12027035648","12027035648","413007872","413007872","413007872"
"11185.265655758","12027035648","12027035648","12027035648","413007872","413007872","413007872"
"11195.267227589","12027035648","12027035648","12027035648","413007872","413007872","413007872"
"11205.270754276","12027035648","12027035648","12027035648","413007872","413007872","413007872"
"11215.270189063","12027035648","12027035648","12027035648","413007872","413007872","413007872"
"11225.266849414","12027035648","12027035648","12027035648","413007872","413007872","413007872"
"11235.269388101","12027035648","12027035648","12027035648","413007872","413007872","413007872"
"11245.269857195","12027035648","12027035648","12027035648","413007872","413007872","413007872"
"11255.266106521","12027035648","12027035648","12027035648","413007872","413007872","413007872"
"11265.269849527","12027035648","12027035648","12027035648","413007872","413007872","413007872"
"11275.265838888","12027035648","12027035648","12027035648","413007872","413007872","413007872"
"11285.279343117","12027035648","12027035648","12027035648","413007872","413007872","413007872"
"11295.266258346","12027035648","12027035648","12027035648","413007872","413007872","413007872"
"11305.274984812","12027035648","12027035648","12027035648","413007872","413007872","413007872"
"11315.269899843","12027035648","12027035648","12027035648","413007872","413007872","413007872"
"11325.266134502","12027035648","12027035648","12027035648","413007872","413007872","413007872"
"11335.269309369","12027035648","12027035648","12027035648","413007872","413007872","413007872"
"11345.268794346","12027035648","12027035648","12027035648","413007872","413007872","413007872"
"11355.268207606","12027035648","12027035648","12027035648","413007872","413007872","413007872"
"11365.276864589","12027035648","12027035648","12027035648","413007872","413007872","413007872"
"11375.267108886","12027035648","12027035648","12027035648","413007872","413007872","413007872"
"11385.26631145","12027035648","12027035648","12027035648","413007872","413007872","413007872"
"11395.265792404","12027035648","12027035648","12027035648","413007872","413007872","413007872"
"11405.26562448","12027035648","12027035648","12027035648","413007872","413007872","413007872"
"11415.269370685","12027035648","12027035648","12027035648","413007872","413007872","413007872"
"11425.266978692","12027035648","12027035648","12027035648","413007872","413007872","413007872"
"11435.268469647","12027035648","12027035648","12027035648","413007872","413007872","413007872"
"11445.269196826","12027035648","12027035648","12027035648","413007872","413007872","413007872"
"11455.26861219","12027035648","12027035648","12027035648","413007872","413007872","413007872"
"11465.269520704","12027035648","12027035648","12027035648","413007872","413007872","413007872"
"11475.271248197","12027035648","12027035648","12027035648","413007872","413007872","413007872"
"11485.271791869","12027035648","12027035648","12027035648","413007872","413007872","413007872"
"11495.270200963","12027035648","12027035648","12027035648","413007872","413007872","413007872"
"11505.275170661","12027035648","12027035648","12027035648","413007872","413007872","413007872"
"11515.275757952","12027035648","12027035648","12027035648","413007872","413007872","413007872"
"11525.27374778","12027035648","12027035648","12027035648","413007872","413007872","413007872"
"11535.271108855","12027035648","12027035648","12027035648","413007872","413007872","413007872"
"11545.275835937","12027035648","12027035648","12027035648","413007872","413007872","413007872"
"11555.272683491","12027035648","12027035648","12027035648","413007872","413007872","413007872"
"11565.275117109","12027035648","12027035648","12027035648","413007872","413007872","413007872"
"11575.265494234","12027035648","12027035648","12027035648","413007872","413007872","413007872"
"11585.265688503","12027035648","12027035648","12027035648","413007872","413007872","413007872"
"11595.275947864","12027035648","12027035648","12027035648","413007872","413007872","413007872"
"11605.276168739","12027035648","12027035648","12027035648","413007872","413007872","413007872"
"11615.266974412","12027035648","12027035648","12027035648","413007872","413007872","413007872"
"11625.269454221","12027035648","12027035648","12027035648","413007872","413007872","413007872"
"11635.267408474","12027035648","12027035648","12027035648","413007872","413007872","413007872"
"11645.271363075","12027035648","12027035648","12027035648","413007872","413007872","413007872"
"11655.271374483","12027035648","12027035648","12027035648","413007872","413007872","413007872"
"11665.265630965","12027035648","12027035648","12027035648","413007872","413007872","413007872"
"11675.274043697","12027035648","12027035648","12027035648","413007872","413007872","413007872"
"11685.269174239","12027035648","12027035648","12027035648","413007872","413007872","413007872"
"11695.2754325","12027035648","12027035648","12027035648","413007872","413007872","413007872"
"11705.270687622","12027035648","12027035648","12027035648","413007872","413007872","413007872"
"11715.268272857","12027035648","12027035648","12027035648","413007872","413007872","413007872"
"11725.266327501","12027035648","12027035648","12027035648","413007872","413007872","413007872"
"11735.267466078","12027035648","12027035648","12027035648","413007872","413007872","413007872"
"11745.266788337","12027035648","12027035648","12027035648","413007872","413007872","413007872"
"11755.269390328","12027035648","12027035648","12027035648","413007872","413007872","413007872"
"11765.268177158","12027035648","12027035648","12027035648","413007872","413007872","413007872"
"11775.268597701","12027035648","12027035648","12027035648","413007872","413007872","413007872"
"11785.269040545","12027035648","12027035648","12027035648","413007872","413007872","413007872"
"11795.265701444","12027035648","12027035648","12027035648","413007872","413007872","413007872"
"11805.267634503","12027035648","12027035648","12027035648","413007872","413007872","413007872"
"11815.267393265","12027035648","12027035648","12027035648","413007872","413007872","413007872"
"11825.265837074","12027035648","12027035648","12027035648","413007872","413007872","413007872"
"11835.266121312","12027035648","12027035648","12027035648","413007872","413007872","413007872"
"11845.27008683","12027035648","12027035648","12027035648","413007872","413007872","413007872"
"11855.267172017","12027035648","12027035648","12027035648","413007872","413007872","413007872"
"11865.269616657","12027035648","12027035648","12027035648","413007872","413007872","413007872"
"11875.267773727","12027035648","12027035648","12027035648","413007872","413007872","413007872"
"11885.274528276","12027035648","12027035648","12027035648","413007872","413007872","413007872"
"11895.273283695","12027035648","12027035648","12027035648","413007872","413007872","413007872"
"11905.267725231","12027035648","12027035648","12027035648","413007872","413007872","413007872"
"11915.271377549","12027035648","12027035648","12027035648","413007872","413007872","413007872"
"11925.273590003","12027035648","12027035648","12027035648","413007872","413007872","413007872"
"11935.271757615","12027035648","12027035648","12027035648","413007872","413007872","413007872"
"11945.267005046","12027035648","12027035648","12027035648","413007872","413007872","413007872"
"11955.268064745","12027035648","12027035648","12027035648","413007872","413007872","413007872"
"11965.275713815","12027035648","12027035648","12027035648","413007872","413007872","413007872"
"11975.270746359","12027035648","12027035648","12027035648","413007872","413007872","413007872"
"11985.266436403","12027035648","12027035648","12027035648","413007872","413007872","413007872"
"11995.275325648","12027035648","12027035648","12027035648","413007872","413007872","413007872"
"12005.266862467","12027035648","12027035648","12027035648","413007872","413007872","413007872"
"12015.267884114","12027035648","12027035648","12027035648","413007872","413007872","413007872"
"12025.27071965","12027035648","12027035648","12027035648","413007872","413007872","413007872"
"12035.265251765","12027035648","12027035648","12027035648","413007872","413007872","413007872"
"12045.269853346","12027035648","12027035648","12027035648","413007872","413007872","413007872"
"12055.267491079","12027035648","12027035648","12027035648","413007872","413007872","413007872"
"12065.267327754","12027035648","12027035648","12027035648","413007872","413007872","413007872"
"12075.274363218","12027035648","12027035648","12027035648","413007872","413007872","413007872"
"12085.268323544","12027035648","12027035648","12027035648","413007872","413007872","413007872"
"12095.271937996","12027035648","12027035648","12027035648","413007872","413007872","413007872"
"12105.271363841","12027035648","12027035648","12027035648","413007872","413007872","413007872"
"12115.267397436","12027035648","12027035648","12027035648","413007872","413007872","413007872"
"12125.274496153","12027035648","12027035648","12027035648","413007872","413007872","413007872"
"12135.267907072","12027035648","12027035648","12027035648","413007872","413007872","413007872"
"12145.267700611","12027035648","12027035648","12027035648","413007872","413007872","413007872"
"12155.266227418","12027035648","12027035648","12027035648","413007872","413007872","413007872"
"12165.266290599","12027035648","12027035648","12027035648","413007872","413007872","413007872"
"12175.265630587","12027035648","12027035648","12027035648","413007872","413007872","413007872"
"12185.266845295","12027035648","12027035648","12027035648","413007872","413007872","413007872"
"12195.274661728","12027035648","12027035648","12027035648","413007872","413007872","413007872"
"12205.271740414","12027035648","12027035648","12027035648","413007872","413007872","413007872"
"12215.271000064","12027035648","12027035648","12027035648","413007872","413007872","413007872"
"12225.276562369","12027035648","12027035648","12027035648","413007872","413007872","413007872"
"12235.265264339","12027035648","12027035648","12027035648","413007872","413007872","413007872"
"12245.266400752","12027035648","12027035648","12027035648","413007872","413007872","413007872"
"12255.269627388","12027035648","12027035648","12027035648","413007872","413007872","413007872"
"12265.272898991","12027035648","12027035648","12027035648","413007872","413007872","413007872"
"12275.272731171","12027035648","12027035648","12027035648","413007872","413007872","413007872"
"12285.272573181","12027035648","12027035648","12027035648","413007872","413007872","413007872"
"12295.266767254","12027035648","12027035648","12027035648","413007872","413007872","413007872"
"12305.267928064","12027035648","12027035648","12027035648","413007872","413007872","413007872"
"12315.266969221","12027035648","12027035648","12027035648","413007872","413007872","413007872"
"12325.268725579","12027035648","12027035648","12027035648","413007872","413007872","413007872"
"12335.268846955","12027035648","12027035648","12027035648","413007872","413007872","413007872"
"12345.265592148","12027035648","12027035648","12027035648","413007872","413007872","413007872"
"12355.269216502","12027035648","12027035648","12027035648","413007872","413007872","413007872"
"12365.272045079","12027035648","12027035648","12027035648","413007872","413007872","413007872"
"12375.269285387","12027035648","12027035648","12027035648","413007872","413007872","413007872"
"12385.272099657","12027035648","12027035648","12027035648","413007872","413007872","413007872"
"12395.280495319","12027035648","12027035648","12027035648","413007872","413007872","413007872"
"12405.267933802","12027035648","12027035648","12027035648","413007872","413007872","413007872"
"12415.267278289","12027035648","12027035648","12027035648","413007872","413007872","413007872"
"12425.266731581","12027035648","12027035648","12027035648","413007872","413007872","413007872"
"12435.279259321","12027035648","12027035648","12027035648","413007872","413007872","413007872"
"12445.272354694","12027035648","12027035648","12027035648","413007872","413007872","413007872"
"12455.265696145","12027035648","12027035648","12027035648","413007872","413007872","413007872"
"12465.274214987","12027035648","12027035648","12027035648","413007872","413007872","413007872"
"12475.268474355","12027035648","12027035648","12027035648","413007872","413007872","413007872"
"12485.26626747","12027035648","12027035648","12027035648","413007872","413007872","413007872"
"12495.266951018","12027035648","12027035648","12027035648","413007872","413007872","413007872"
"12505.268865841","12027035648","12027035648","12027035648","413007872","413007872","413007872"
"12515.265760342","12027035648","12027035648","12027035648","413007872","413007872","413007872"
"12525.26939346","12027035648","12027035648","12027035648","413007872","413007872","413007872"
"12535.276647872","12027035648","12027035648","12027035648","413007872","413007872","413007872"
"12545.267361241","12027035648","12027035648","12027035648","413007872","413007872","413007872"
"12555.266749886","12027035648","12027035648","12027035648","413007872","413007872","413007872"
"12565.276502009","12027035648","12027035648","12027035648","413007872","413007872","413007872"
"12575.266539019","12027035648","12027035648","12027035648","413007872","413007872","413007872"
"12585.269629984","12027035648","12027035648","12027035648","413007872","413007872","413007872"
"12595.27073349","12027035648","12027035648","12027035648","413007872","413007872","413007872"
"12605.274351484","12027035648","12027035648","12027035648","413007872","413007872","413007872"
"12615.268866744","12027035648","12027035648","12027035648","413007872","413007872","413007872"
"12625.265510852","12027035648","12027035648","12027035648","413007872","413007872","413007872"
"12635.266951617","12027035648","12027035648","12027035648","413007872","413007872","413007872"
"12645.269524736","12027035648","12027035648","12027035648","413007872","413007872","413007872"
"12655.266093784","12027035648","12027035648","12027035648","413007872","413007872","413007872"
"12665.267245065","12027035648","12027035648","12027035648","413007872","413007872","413007872"
"12675.273632815","12027035648","12027035648","12027035648","413007872","413007872","413007872"
"12685.266992428","12027035648","12027035648","12027035648","413007872","413007872","413007872"
"12695.26689422","12027035648","12027035648","12027035648","413007872","413007872","413007872"
"12705.268311872","12027035648","12027035648","12027035648","413007872","413007872","413007872"
"12715.265901968","12027035648","12027035648","12027035648","413007872","413007872","413007872"
"12725.265735418","12027035648","12027035648","12027035648","413007872","413007872","413007872"
"12735.268173582","12027035648","12027035648","12027035648","413007872","413007872","413007872"
"12745.265150377","12027035648","12027035648","12027035648","413007872","413007872","413007872"
"12755.265354609","12027035648","12027035648","12027035648","413007872","413007872","413007872"
"12765.266105652","12027035648","12027035648","12027035648","413007872","413007872","413007872"
"12775.271698672","12027035648","12027035648","12027035648","413007872","413007872","413007872"
"12785.265342144","12027035648","12027035648","12027035648","413007872","413007872","413007872"
"12795.270426017","12027035648","12027035648","12027035648","413007872","413007872","413007872"
"12805.269276446","12027035648","12027035648","12027035648","413007872","413007872","413007872"
"12815.267384355","12027035648","12027035648","12027035648","413007872","413007872","413007872"
"12825.269622485","12027035648","12027035648","12027035648","413007872","413007872","413007872"
"12835.276390595","12027035648","12027035648","12027035648","413007872","413007872","413007872"
"12845.269732581","12027035648","12027035648","12027035648","413007872","413007872","413007872"
"12855.269584015","12027035648","12027035648","12027035648","413007872","413007872","413007872"
"12865.269063744","12027035648","12027035648","12027035648","413007872","413007872","413007872"
"12875.268205567","12027035648","12027035648","12027035648","413007872","413007872","413007872"
"12885.266551482","12027035648","12027035648","12027035648","413007872","413007872","413007872"
"12895.268356317","12027035648","12027035648","12027035648","413007872","413007872","413007872"
"12905.267753647","12027035648","12027035648","12027035648","413007872","413007872","413007872"
"12915.276278731","12027035648","12027035648","12027035648","413007872","413007872","413007872"
"12925.266310371","12027035648","12027035648","12027035648","413007872","413007872","413007872"
"12935.269160322","12027035648","12027035648","12027035648","413007872","413007872","413007872"
"12945.272159906","12027035648","12027035648","12027035648","413007872","413007872","413007872"
"12955.275733197","12027035648","12027035648","12027035648","413007872","413007872","413007872"
"12965.270380553","12027035648","12027035648","12027035648","413007872","413007872","413007872"
"12975.271294877","12027035648","12027035648","12027035648","413007872","413007872","413007872"
"12985.267631093","12027035648","12027035648","12027035648","413007872","413007872","413007872"
"12995.26563779","12027035648","12027035648","12027035648","413007872","413007872","413007872"
"13005.266320517","12027035648","12027035648","12027035648","413007872","413007872","413007872"
"13015.267496005","12027035648","12027035648","12027035648","413007872","413007872","413007872"
"13025.275591635","12027035648","12027035648","12027035648","413007872","413007872","413007872"
"13035.268013426","12027035648","12027035648","12027035648","413007872","413007872","413007872"
"13045.2736964","12027035648","12027035648","12027035648","413007872","413007872","413007872"
"13055.267475757","12027035648","12027035648","12027035648","413007872","413007872","413007872"
"13065.266218994","12027035648","12027035648","12027035648","413007872","413007872","413007872"
"13075.269669946","12027035648","12027035648","12027035648","413007872","413007872","413007872"
"13085.268362479","12027035648","12027035648","12027035648","413007872","413007872","413007872"
"13095.266070308","12027035648","12027035648","12027035648","413007872","413007872","413007872"
"13105.269353336","12027035648","12027035648","12027035648","413007872","413007872","413007872"
"13115.277540591","12027035648","12027035648","12027035648","413007872","413007872","413007872"
"13125.277641284","12027035648","12027035648","12027035648","413007872","413007872","413007872"
"13135.267784994","12027035648","12027035648","12027035648","413007872","413007872","413007872"
"13145.276122155","12027035648","12027035648","12027035648","413007872","413007872","413007872"
"13155.27359626","12027035648","12027035648","12027035648","413007872","413007872","413007872"
"13165.26846478","12027035648","12027035648","12027035648","413007872","413007872","413007872"
"13175.268964853","12027035648","12027035648","12027035648","413007872","413007872","413007872"
"13185.277128387","12027035648","12027035648","12027035648","413007872","413007872","413007872"
"13195.267379563","12027035648","12027035648","12027035648","413007872","413007872","413007872"
"13205.265400955","12027035648","12027035648","12027035648","413007872","413007872","413007872"
"13215.26740156","12027035648","12027035648","12027035648","413007872","413007872","413007872"
"13225.267285194","12027035648","12027035648","12027035648","413007872","413007872","413007872"
"13235.268127691","12027035648","12027035648","12027035648","413007872","413007872","413007872"
"13245.266620334","12027035648","12027035648","12027035648","413007872","413007872","413007872"
"13255.272848807","12027035648","12027035648","12027035648","413007872","413007872","413007872"
"13265.26826921","12027035648","12027035648","12027035648","413007872","413007872","413007872"
"13275.280801906","12027035648","12027035648","12027035648","413007872","413007872","413007872"
"13285.268534915","12027035648","12027035648","12027035648","413007872","413007872","413007872"
"13295.269740741","12027035648","12027035648","12027035648","413007872","413007872","413007872"
"13305.269088486","12027035648","12027035648","12027035648","413007872","413007872","413007872"
"13315.267522259","12027035648","12027035648","12027035648","413007872","413007872","413007872"
"13325.267215017","12027035648","12027035648","12027035648","413007872","413007872","413007872"
"13335.268073319","12027035648","12027035648","12027035648","413007872","413007872","413007872"
"13345.26564311","12027035648","12027035648","12027035648","413007872","413007872","413007872"
"13355.272553054","12027035648","12027035648","12027035648","413007872","413007872","413007872"
"13365.266792107","12027035648","12027035648","12027035648","413007872","413007872","413007872"
"13375.273049343","12027035648","12027035648","12027035648","413007872","413007872","413007872"
"13385.267999428","12027035648","12027035648","12027035648","413007872","413007872","413007872"
"13395.267425644","12027035648","12027035648","12027035648","413007872","413007872","413007872"
"13405.267124142","12027035648","12027035648","12027035648","413007872","413007872","413007872"
"13415.265516166","12027035648","12027035648","12027035648","413007872","413007872","413007872"
"13425.271498278","12027035648","12027035648","12027035648","413007872","413007872","413007872"
"13435.273240948","12027035648","12027035648","12027035648","413007872","413007872","413007872"
"13445.276299375","12027035648","12027035648","12027035648","413007872","413007872","413007872"
"13455.270926914","12027035648","12027035648","12027035648","413007872","413007872","413007872"
"13465.269596076","12027035648","12027035648","12027035648","413007872","413007872","413007872"
"13475.277436541","12027035648","12027035648","12027035648","413007872","413007872","413007872"
"13485.269702326","12027035648","12027035648","12027035648","413007872","413007872","413007872"
"13495.26575536","12027035648","12027035648","12027035648","413007872","413007872","413007872"
"13505.26765581","12027035648","12027035648","12027035648","413007872","413007872","413007872"
"13515.276295325","12027035648","12027035648","12027035648","413007872","413007872","413007872"
"13525.276022136","12027035648","12027035648","12027035648","413007872","413007872","413007872"
"13535.27627935","12027035648","12027035648","12027035648","413007872","413007872","413007872"
"13545.267688516","12027035648","12027035648","12027035648","413007872","413007872","413007872"
"13555.266298328","12027035648","12027035648","12027035648","413007872","413007872","413007872"
"13565.276373667","12027035648","12027035648","12027035648","413007872","413007872","413007872"
"13575.266317798","12027035648","12027035648","12027035648","413007872","413007872","413007872"
"13585.265857983","12027035648","12027035648","12027035648","413007872","413007872","413007872"
"13595.271291391","12027035648","12027035648","12027035648","413007872","413007872","413007872"
"13605.269277043","12027035648","12027035648","12027035648","413007872","413007872","413007872"
"13615.270262396","12027035648","12027035648","12027035648","413007872","413007872","413007872"
"13625.273849432","12027035648","12027035648","12027035648","413007872","413007872","413007872"
"13635.267313588","12027035648","12027035648","12027035648","413007872","413007872","413007872"
"13645.266825115","12027035648","12027035648","12027035648","413007872","413007872","413007872"
"13655.265170602","12027035648","12027035648","12027035648","413007872","413007872","413007872"
"13665.266173332","12027035648","12027035648","12027035648","413007872","413007872","413007872"
"13675.267185317","12027035648","12027035648","12027035648","413007872","413007872","413007872"
"13685.266664427","12027035648","12027035648","12027035648","413007872","413007872","413007872"
"13695.269700089","12027035648","12027035648","12027035648","413007872","413007872","413007872"
"13705.272052584","12027035648","12027035648","12027035648","413007872","413007872","413007872"
"13715.266624303","12027035648","12027035648","12027035648","413007872","413007872","413007872"
"13725.266326191","12027035648","12027035648","12027035648","413007872","413007872","413007872"
"13735.268025369","12027035648","12027035648","12027035648","413007872","413007872","413007872"
"13745.27085077","12027035648","12027035648","12027035648","413007872","413007872","413007872"
"13755.271365516","12027035648","12027035648","12027035648","413007872","413007872","413007872"
"13765.276503647","12027035648","12027035648","12027035648","413007872","413007872","413007872"
"13775.268787699","12027035648","12027035648","12027035648","413007872","413007872","413007872"
"13785.265842741","12027035648","12027035648","12027035648","413007872","413007872","413007872"
"13795.265196294","12027035648","12027035648","12027035648","413007872","413007872","413007872"
"13805.26651527","12027035648","12027035648","12027035648","413007872","413007872","413007872"
"13815.265840167","12027035648","12027035648","12027035648","413007872","413007872","413007872"
"13825.266013531","12027035648","12027035648","12027035648","413007872","413007872","413007872"
"13835.270484096","12027035648","12027035648","12027035648","413007872","413007872","413007872"
"13845.269808457","12027035648","12027035648","12027035648","413007872","413007872","413007872"
"13855.268822154","12027035648","12027035648","12027035648","413007872","413007872","413007872"
"13865.267711011","12027035648","12027035648","12027035648","413007872","413007872","413007872"
"13875.269110898","12027035648","12027035648","12027035648","413007872","413007872","413007872"
"13885.268493689","12027035648","12027035648","12027035648","413007872","413007872","413007872"
"13895.267771328","12027035648","12027035648","12027035648","413007872","413007872","413007872"
"13905.267700194","12027035648","12027035648","12027035648","413007872","413007872","413007872"
"13915.275521495","12027035648","12027035648","12027035648","413007872","413007872","413007872"
"13925.267300761","12027035648","12027035648","12027035648","413007872","413007872","413007872"
"13935.267302446","12027035648","12027035648","12027035648","413007872","413007872","413007872"
"13945.267001672","12027035648","12027035648","12027035648","413007872","413007872","413007872"
"13955.265188173","12027035648","12027035648","12027035648","413007872","413007872","413007872"
"13965.270215628","12027035648","12027035648","12027035648","413007872","413007872","413007872"
"13975.265990456","12027035648","12027035648","12027035648","413007872","413007872","413007872"
"13985.265504628","12027035648","12027035648","12027035648","413007872","413007872","413007872"
"13995.267852072","12027035648","12027035648","12027035648","413007872","413007872","413007872"
"14005.272851055","12027035648","12027035648","12027035648","413007872","413007872","413007872"
"14015.280789529","12027035648","12027035648","12027035648","413007872","413007872","413007872"
"14025.268132628","12027035648","12027035648","12027035648","413007872","413007872","413007872"
"14035.268329493","12027035648","12027035648","12027035648","413007872","413007872","413007872"
"14045.271255687","12027035648","12027035648","12027035648","413007872","413007872","413007872"
"14055.283387048","12027035648","12027035648","12027035648","413007872","413007872","413007872"
"14065.268166009","12027035648","12027035648","12027035648","413007872","413007872","413007872"
"14075.27799069","12027035648","12027035648","12027035648","413007872","413007872","413007872"
"14085.270883463","12027035648","12027035648","12027035648","413007872","413007872","413007872"
"14095.266368827","12027035648","12027035648","12027035648","413007872","413007872","413007872"
"14105.266394786","12027035648","12027035648","12027035648","413007872","413007872","413007872"
"14115.26843246","12027035648","12027035648","12027035648","413007872","413007872","413007872"
"14125.265740162","12027035648","12027035648","12027035648","413007872","413007872","413007872"
"14135.269055079","12027035648","12027035648","12027035648","413007872","413007872","413007872"
"14145.26730688","12027035648","12027035648","12027035648","413007872","413007872","413007872"
"14155.270968103","12027035648","12027035648","12027035648","413007872","413007872","413007872"
"14165.269838095","12027035648","12027035648","12027035648","413007872","413007872","413007872"
"14175.267936164","12027035648","12027035648","12027035648","413007872","413007872","413007872"
"14185.27483906","12027035648","12027035648","12027035648","413007872","413007872","413007872"
"14195.266114426","12027035648","12027035648","12027035648","413007872","413007872","413007872"
"14205.270091246","12027035648","12027035648","12027035648","413007872","413007872","413007872"
"14215.266579938","12027035648","12027035648","12027035648","413007872","413007872","413007872"
"14225.270122539","12027035648","12027035648","12027035648","413007872","413007872","413007872"
"14235.266055328","12027035648","12027035648","12027035648","413007872","413007872","413007872"
"14245.274256541","12027035648","12027035648","12027035648","413007872","413007872","413007872"
"14255.267119151","12027035648","12027035648","12027035648","413007872","413007872","413007872"
"14265.266301658","12027035648","12027035648","12027035648","413007872","413007872","413007872"
"14275.265623413","12027035648","12027035648","12027035648","413007872","413007872","413007872"
"14285.271538621","12027035648","12027035648","12027035648","413007872","413007872","413007872"
"14295.285433962","12027035648","12027035648","12027035648","413007872","413007872","413007872"
"14305.278564321","12027035648","12027035648","12027035648","413007872","413007872","413007872"
"14315.265603642","12027035648","12027035648","12027035648","413007872","413007872","413007872"
"14325.267814348","12027035648","12027035648","12027035648","413007872","413007872","413007872"
"14335.267961075","12027035648","12027035648","12027035648","413007872","413007872","413007872"
"14345.265742273","12027035648","12027035648","12027035648","413007872","413007872","413007872"
"14355.270102395","12027035648","12027035648","12027035648","413007872","413007872","413007872"
"14365.266115105","12027035648","12027035648","12027035648","413007872","413007872","413007872"
"14375.270732565","12027035648","12027035648","12027035648","413007872","413007872","413007872"
"14385.27568783","12027035648","12027035648","12027035648","413007872","413007872","413007872"
"14395.266652234","12027035648","12027035648","12027035648","413007872","413007872","413007872"
"14405.275039852","12027035648","12027035648","12027035648","413007872","413007872","413007872"
"14415.266643388","12027035648","12027035648","12027035648","413007872","413007872","413007872"
"14425.265899921","12027035648","12027035648","12027035648","413007872","413007872","413007872"
"14435.267525062","12027035648","12027035648","12027035648","413007872","413007872","413007872"
"14445.272019727","12027035648","12027035648","12027035648","413007872","413007872","413007872"
"14455.269457223","12027035648","12027035648","12027035648","413007872","413007872","413007872"
"14465.274536939","12027035648","12027035648","12027035648","413007872","413007872","413007872"
"14475.265473467","12027035648","12027035648","12027035648","413007872","413007872","413007872"
"14485.26520935","12027035648","12027035648","12027035648","413007872","413007872","413007872"
"14495.267797593","12027035648","12027035648","12027035648","413007872","413007872","413007872"
"14505.268631443","12027035648","12027035648","12027035648","413007872","413007872","413007872"
"14515.269797401","12027035648","12027035648","12027035648","413007872","413007872","413007872"
"14525.267247547","12027035648","12027035648","12027035648","413007872","413007872","413007872"
"14535.267057434","12027035648","12027035648","12027035648","413007872","413007872","413007872"
"14545.268232064","12027035648","12027035648","12027035648","413007872","413007872","413007872"
"14555.268497093","12027035648","12027035648","12027035648","413007872","413007872","413007872"
"14565.278783151","12027035648","12027035648","12027035648","413007872","413007872","413007872"
"14575.26933475","12027035648","12027035648","12027035648","413007872","413007872","413007872"
"14585.268153618","12027035648","12027035648","12027035648","413007872","413007872","413007872"
"14595.270702146","12027035648","12027035648","12027035648","413007872","413007872","413007872"
"14605.265022005","12027035648","12027035648","12027035648","413007872","413007872","413007872"
"14615.266524231","12027035648","12027035648","12027035648","413007872","413007872","413007872"
"14625.268044768","12027035648","12027035648","12027035648","413007872","413007872","413007872"
"14635.268742676","12027035648","12027035648","12027035648","413007872","413007872","413007872"
"14645.273750457","12027035648","12027035648","12027035648","413007872","413007872","413007872"
"14655.267652631","12027035648","12027035648","12027035648","413007872","413007872","413007872"
"14665.268010571","12027035648","12027035648","12027035648","413007872","413007872","413007872"
"14675.265590035","12027035648","12027035648","12027035648","413007872","413007872","413007872"
"14685.272265332","12027035648","12027035648","12027035648","413007872","413007872","413007872"
"14695.266147858","12027035648","12027035648","12027035648","413007872","413007872","413007872"
"14705.266365829","12027035648","12027035648","12027035648","413007872","413007872","413007872"
"14715.268837929","12027035648","12027035648","12027035648","413007872","413007872","413007872"
"14725.268356439","12027035648","12027035648","12027035648","413007872","413007872","413007872"
"14735.266944043","12027035648","12027035648","12027035648","413007872","413007872","413007872"
"14745.276647089","12027035648","12027035648","12027035648","413007872","413007872","413007872"
"14755.267330248","12027035648","12027035648","12027035648","413007872","413007872","413007872"
"14765.266156141","12027035648","12027035648","12027035648","413007872","413007872","413007872"
"14775.267663537","12027035648","12027035648","12027035648","413007872","413007872","413007872"
"14785.270430042","12027035648","12027035648","12027035648","413007872","413007872","413007872"
"14795.269586772","12027035648","12027035648","12027035648","413007872","413007872","413007872"
"14805.267986548","12027035648","12027035648","12027035648","413007872","413007872","413007872"
"14815.267440146","12027035648","12027035648","12027035648","413007872","413007872","413007872"
"14825.270575942","12027035648","12027035648","12027035648","413007872","413007872","413007872"
"14835.278815471","12027035648","12027035648","12027035648","413007872","413007872","413007872"
"14845.270363798","12027035648","12027035648","12027035648","413007872","413007872","413007872"
"14855.265987438","12027035648","12027035648","12027035648","413007872","413007872","413007872"
"14865.275627417","12027035648","12027035648","12027035648","413007872","413007872","413007872"
"14875.272344081","12027035648","12027035648","12027035648","413007872","413007872","413007872"
"14885.269759778","12027035648","12027035648","12027035648","413007872","413007872","413007872"
"14895.272780099","12027035648","12027035648","12027035648","413007872","413007872","413007872"
"14905.27677227","12027035648","12027035648","12027035648","413007872","413007872","413007872"
"14915.2682258","12027035648","12027035648","12027035648","413007872","413007872","413007872"
"14925.268442494","12027035648","12027035648","12027035648","413007872","413007872","413007872"
"14935.277036265","12027035648","12027035648","12027035648","413007872","413007872","413007872"
"14945.267431979","12027035648","12027035648","12027035648","413007872","413007872","413007872"
"14955.267197981","12027035648","12027035648","12027035648","413007872","413007872","413007872"
"14965.265526825","12027035648","12027035648","12027035648","413007872","413007872","413007872"
"14975.265472468","12027035648","12027035648","12027035648","413007872","413007872","413007872"
"14985.267234722","12027035648","12027035648","12027035648","413007872","413007872","413007872"
"14995.267517258","12027035648","12027035648","12027035648","413007872","413007872","413007872"
"15005.266545503","12027035648","12027035648","12027035648","413007872","413007872","413007872"
"15015.268323536","12027035648","12027035648","12027035648","413007872","413007872","413007872"
"15025.266187","12027035648","12027035648","12027035648","413007872","413007872","413007872"
"15035.268180459","12027035648","12027035648","12027035648","413007872","413007872","413007872"
"15045.268422305","12027035648","12027035648","12027035648","413007872","413007872","413007872"
"15055.273708669","12027035648","12027035648","12027035648","413007872","413007872","413007872"
"15065.27484945","12027035648","12027035648","12027035648","413007872","413007872","413007872"
"15075.275100741","12027035648","12027035648","12027035648","413007872","413007872","413007872"
"15085.269355434","12027035648","12027035648","12027035648","413007872","413007872","413007872"
"15095.267858538","12027035648","12027035648","12027035648","413007872","413007872","413007872"
"15105.266941493","12027035648","12027035648","12027035648","413007872","413007872","413007872"
"15115.265485707","12027035648","12027035648","12027035648","413007872","413007872","413007872"
"15125.266802243","12027035648","12027035648","12027035648","413007872","413007872","413007872"
"15135.266220885","12027035648","12027035648","12027035648","413007872","413007872","413007872"
"15145.267124144","12027035648","12027035648","12027035648","413007872","413007872","413007872"
"15155.271248864","12027035648","12027035648","12027035648","413007872","413007872","413007872"
"15165.265461368","12027035648","12027035648","12027035648","413007872","413007872","413007872"
"15175.275123767","12027035648","12027035648","12027035648","413007872","413007872","413007872"
"15185.26810798","12027035648","12027035648","12027035648","413007872","413007872","413007872"
"15195.266092617","12027035648","12027035648","12027035648","413007872","413007872","413007872"
"15205.272033522","12027035648","12027035648","12027035648","413007872","413007872","413007872"
"15215.271160934","12027035648","12027035648","12027035648","413007872","413007872","413007872"
"15225.273208284","12027035648","12027035648","12027035648","413007872","413007872","413007872"
"15235.273439707","12027035648","12027035648","12027035648","413007872","413007872","413007872"
"15245.26710676","12027035648","12027035648","12027035648","413007872","413007872","413007872"
"15255.268912026","12027035648","12027035648","12027035648","413007872","413007872","413007872"
"15265.266160236","12027035648","12027035648","12027035648","413007872","413007872","413007872"
"15275.269300646","12027035648","12027035648","12027035648","413007872","413007872","413007872"
"15285.269497969","12027035648","12027035648","12027035648","413007872","413007872","413007872"
"15295.275518919","12027035648","12027035648","12027035648","413007872","413007872","413007872"
"15305.270763321","12027035648","12027035648","12027035648","413007872","413007872","413007872"
"15315.266282112","12027035648","12027035648","12027035648","413007872","413007872","413007872"
"15325.2650208","12027035648","12027035648","12027035648","413007872","413007872","413007872"
"15335.273612786","12027035648","12027035648","12027035648","413007872","413007872","413007872"
"15345.275816906","12027035648","12027035648","12027035648","413007872","413007872","413007872"
"15355.267806282","12027035648","12027035648","12027035648","413007872","413007872","413007872"
"15365.267858398","12027035648","12027035648","12027035648","413007872","413007872","413007872"
"15375.267756093","12027035648","12027035648","12027035648","413007872","413007872","413007872"
"15385.267136701","12027035648","12027035648","12027035648","413007872","413007872","413007872"
"15395.277738152","12027035648","12027035648","12027035648","413007872","413007872","413007872"
"15405.28034082","12027035648","12027035648","12027035648","413007872","413007872","413007872"
"15415.275969129","12027035648","12027035648","12027035648","413007872","413007872","413007872"
"15425.267067124","12027035648","12027035648","12027035648","413007872","413007872","413007872"
"15435.265565009","12027035648","12027035648","12027035648","413007872","413007872","413007872"
"15445.27005325","12027035648","12027035648","12027035648","413007872","413007872","413007872"
"15455.266626205","12027035648","12027035648","12027035648","413007872","413007872","413007872"
"15465.268288629","12027035648","12027035648","12027035648","413007872","413007872","413007872"
"15475.272493022","12027035648","12027035648","12027035648","413007872","413007872","413007872"
"15485.266259897","12027035648","12027035648","12027035648","413007872","413007872","413007872"
"15495.268494652","12027035648","12027035648","12027035648","413007872","413007872","413007872"
"15505.267718332","12027035648","12027035648","12027035648","413007872","413007872","413007872"
"15515.26601148","12027035648","12027035648","12027035648","413007872","413007872","413007872"
"15525.270340627","12027035648","12027035648","12027035648","413007872","413007872","413007872"
"15535.2670479","12027035648","12027035648","12027035648","413007872","413007872","413007872"
"15545.265635858","12027035648","12027035648","12027035648","413007872","413007872","413007872"
"15555.273283609","12027035648","12027035648","12027035648","413007872","413007872","413007872"
"15565.267248421","12027035648","12027035648","12027035648","413007872","413007872","413007872"
"15575.266355113","12027035648","12027035648","12027035648","413007872","413007872","413007872"
"15585.269938082","12027035648","12027035648","12027035648","413007872","413007872","413007872"
"15595.278816598","12027035648","12027035648","12027035648","413007872","413007872","413007872"
"15605.267089317","12027035648","12027035648","12027035648","413007872","413007872","413007872"
"15615.270279286","12027035648","12027035648","12027035648","413007872","413007872","413007872"
"15625.267941521","12027035648","12027035648","12027035648","413007872","413007872","413007872"
"15635.27343026","12027035648","12027035648","12027035648","413007872","413007872","413007872"
"15645.26837953","12027035648","12027035648","12027035648","413007872","413007872","413007872"
"15655.27648345","12027035648","12027035648","12027035648","413007872","413007872","413007872"
"15665.270236393","12027035648","12027035648","12027035648","413007872","413007872","413007872"
"15675.270094647","12027035648","12027035648","12027035648","413007872","413007872","413007872"
"15685.266787609","12027035648","12027035648","12027035648","413007872","413007872","413007872"
"15695.268563569","12027035648","12027035648","12027035648","413007872","413007872","413007872"
"15705.267664861","12027035648","12027035648","12027035648","413007872","413007872","413007872"
"15715.278308602","12027035648","12027035648","12027035648","413007872","413007872","413007872"
"15725.268727632","12027035648","12027035648","12027035648","413007872","413007872","413007872"
"15735.271632743","12027035648","12027035648","12027035648","413007872","413007872","413007872"
"15745.264856407","12027035648","12027035648","12027035648","413007872","413007872","413007872"
"15755.268171439","12027035648","12027035648","12027035648","413007872","413007872","413007872"
"15765.265691571","12027035648","12027035648","12027035648","413007872","413007872","413007872"
"15775.269479389","12027035648","12027035648","12027035648","413007872","413007872","413007872"
"15785.272183351","12027035648","12027035648","12027035648","413007872","413007872","413007872"
"15795.269957938","12027035648","12027035648","12027035648","413007872","413007872","413007872"
"15805.270164704","12027035648","12027035648","12027035648","413007872","413007872","413007872"
"15815.267438706","12027035648","12027035648","12027035648","413007872","413007872","413007872"
"15825.267091052","12027035648","12027035648","12027035648","413007872","413007872","413007872"
"15835.268344722","12027035648","12027035648","12027035648","413007872","413007872","413007872"
"15845.266382565","12027035648","12027035648","12027035648","413007872","413007872","413007872"
"15855.26780523","12027035648","12027035648","12027035648","413007872","413007872","413007872"
"15865.269361553","12027035648","12027035648","12027035648","413007872","413007872","413007872"
"15875.26684416","12027035648","12027035648","12027035648","413007872","413007872","413007872"
"15885.26819769","12027035648","12027035648","12027035648","413007872","413007872","413007872"
"15895.267574888","12027035648","12027035648","12027035648","413007872","413007872","413007872"
"15905.269667757","12027035648","12027035648","12027035648","413007872","413007872","413007872"
"15915.270914582","12027035648","12027035648","12027035648","413007872","413007872","413007872"
"15925.267816206","12027035648","12027035648","12027035648","413007872","413007872","413007872"
"15935.268415561","12027035648","12027035648","12027035648","413007872","413007872","413007872"
"15945.267000972","12027035648","12027035648","12027035648","413007872","413007872","413007872"
"15955.266347742","12027035648","12027035648","12027035648","413007872","413007872","413007872"
"15965.268086898","12027035648","12027035648","12027035648","413007872","413007872","413007872"
"15975.267104798","12027035648","12027035648","12027035648","413007872","413007872","413007872"
"15985.268400497","12027035648","12027035648","12027035648","413007872","413007872","413007872"
"15995.276855766","12027035648","12027035648","12027035648","413007872","413007872","413007872"
"16005.266809427","12027035648","12027035648","12027035648","413007872","413007872","413007872"
"16015.267629075","12027035648","12027035648","12027035648","413007872","413007872","413007872"
"16025.26533252","12027035648","12027035648","12027035648","413007872","413007872","413007872"
"16035.270016975","12027035648","12027035648","12027035648","413007872","413007872","413007872"
"16045.266977528","12027035648","12027035648","12027035648","413007872","413007872","413007872"
"16055.267819803","12027035648","12027035648","12027035648","413007872","413007872","413007872"
"16065.267149459","12027035648","12027035648","12027035648","413007872","413007872","413007872"
"16075.266827419","12027035648","12027035648","12027035648","413007872","413007872","413007872"
"16085.265455251","12027035648","12027035648","12027035648","413007872","413007872","413007872"
"16095.269731301","12027035648","12027035648","12027035648","413007872","413007872","413007872"
"16105.269101191","12027035648","12027035648","12027035648","413007872","413007872","413007872"
"16115.268168675","12027035648","12027035648","12027035648","413007872","413007872","413007872"
"16125.26904326","12027035648","12027035648","12027035648","413007872","413007872","413007872"
"16135.270340154","12027035648","12027035648","12027035648","413007872","413007872","413007872"
"16145.267500972","12027035648","12027035648","12027035648","413007872","413007872","413007872"
"16155.26879724","12027035648","12027035648","12027035648","413007872","413007872","413007872"
"16165.265410686","12027035648","12027035648","12027035648","413007872","413007872","413007872"
"16175.268066374","12027035648","12027035648","12027035648","413007872","413007872","413007872"
"16185.26931498","12027035648","12027035648","12027035648","413007872","413007872","413007872"
"16195.266075711","12027035648","12027035648","12027035648","413007872","413007872","413007872"
"16205.269393219","12027035648","12027035648","12027035648","413007872","413007872","413007872"
"16215.271060782","12027035648","12027035648","12027035648","413007872","413007872","413007872"
"16225.270780227","12027035648","12027035648","12027035648","413007872","413007872","413007872"
"16235.267777123","12027035648","12027035648","12027035648","413007872","413007872","413007872"
"16245.272170641","12027035648","12027035648","12027035648","413007872","413007872","413007872"
"16255.267573451","12027035648","12027035648","12027035648","413007872","413007872","413007872"
"16265.265327896","12027035648","12027035648","12027035648","413007872","413007872","413007872"
"16275.268042279","12027035648","12027035648","12027035648","413007872","413007872","413007872"
"16285.267229413","12027035648","12027035648","12027035648","413007872","413007872","413007872"
"16295.276866746","12027035648","12027035648","12027035648","413007872","413007872","413007872"
"16305.27506272","12027035648","12027035648","12027035648","413007872","413007872","413007872"
"16315.266550279","12027035648","12027035648","12027035648","413007872","413007872","413007872"
"16325.267828065","12027035648","12027035648","12027035648","413007872","413007872","413007872"
"16335.270663444","12027035648","12027035648","12027035648","413007872","413007872","413007872"
"16345.266907607","12027035648","12027035648","12027035648","413007872","413007872","413007872"
"16355.26758267","12027035648","12027035648","12027035648","413007872","413007872","413007872"
"16365.26790762","12027035648","12027035648","12027035648","413007872","413007872","413007872"
"16375.270842069","12027035648","12027035648","12027035648","413007872","413007872","413007872"
"16385.269269743","12027035648","12027035648","12027035648","413007872","413007872","413007872"
"16395.276909449","12027035648","12027035648","12027035648","413007872","413007872","413007872"
"16405.273405023","12027035648","12027035648","12027035648","413007872","413007872","413007872"
"16415.278377172","12027035648","12027035648","12027035648","413007872","413007872","413007872"
"16425.276114448","12027035648","12027035648","12027035648","413007872","413007872","413007872"
"16435.266764401","12027035648","12027035648","12027035648","413007872","413007872","413007872"
"16445.267026031","12027035648","12027035648","12027035648","413007872","413007872","413007872"
"16455.266670442","12027035648","12027035648","12027035648","413007872","413007872","413007872"
"16465.266630345","12027035648","12027035648","12027035648","413007872","413007872","413007872"
"16475.274845752","12027035648","12027035648","12027035648","413007872","413007872","413007872"
"16485.268300032","12027035648","12027035648","12027035648","413007872","413007872","413007872"
"16495.268309289","12027035648","12027035648","12027035648","413007872","413007872","413007872"
"16505.271673358","12027035648","12027035648","12027035648","413007872","413007872","413007872"
"16515.274677258","12027035648","12027035648","12027035648","413007872","413007872","413007872"
"16525.277882634","12027035648","12027035648","12027035648","413007872","413007872","413007872"
"16535.26763649","12027035648","12027035648","12027035648","413007872","413007872","413007872"
"16545.26851679","12027035648","12027035648","12027035648","413007872","413007872","413007872"
"16555.266225545","12027035648","12027035648","12027035648","413007872","413007872","413007872"
"16565.274232234","12027035648","12027035648","12027035648","413007872","413007872","413007872"
"16575.274600319","12027035648","12027035648","12027035648","413007872","413007872","413007872"
"16585.267648908","12027035648","12027035648","12027035648","413007872","413007872","413007872"
"16595.268079939","12027035648","12027035648","12027035648","413007872","413007872","413007872"
"16605.271912356","12027035648","12027035648","12027035648","413007872","413007872","413007872"
"16615.278343979","12027035648","12027035648","12027035648","413007872","413007872","413007872"
"16625.266007832","12027035648","12027035648","12027035648","413007872","413007872","413007872"
"16635.268516869","12027035648","12027035648","12027035648","413007872","413007872","413007872"
"16645.265275281","12027035648","12027035648","12027035648","413007872","413007872","413007872"
"16655.271711917","12027035648","12027035648","12027035648","413007872","413007872","413007872"
"16665.271796875","12027035648","12027035648","12027035648","413007872","413007872","413007872"
"16675.267635438","12027035648","12027035648","12027035648","413007872","413007872","413007872"
"16685.267859044","12027035648","12027035648","12027035648","413007872","413007872","413007872"
"16695.266222829","12027035648","12027035648","12027035648","413007872","413007872","413007872"
"16705.267630082","12027035648","12027035648","12027035648","413007872","413007872","413007872"
"16715.265913333","12027035648","12027035648","12027035648","413007872","413007872","413007872"
"16725.267712214","12027035648","12027035648","12027035648","413007872","413007872","413007872"
"16735.277437782","12027035648","12027035648","12027035648","413007872","413007872","413007872"
"16745.268086755","12027035648","12027035648","12027035648","413007872","413007872","413007872"
"16755.267429573","12027035648","12027035648","12027035648","413007872","413007872","413007872"
"16765.267705101","12027035648","12027035648","12027035648","413007872","413007872","413007872"
"16775.274730936","12027035648","12027035648","12027035648","413007872","413007872","413007872"
"16785.277513281","12027035648","12027035648","12027035648","413007872","413007872","413007872"
"16795.266815992","12027035648","12027035648","12027035648","413007872","413007872","413007872"
"16805.26791484","12027035648","12027035648","12027035648","413007872","413007872","413007872"
"16815.271266225","12027035648","12027035648","12027035648","413007872","413007872","413007872"
"16825.271361966","12027035648","12027035648","12027035648","413007872","413007872","413007872"
"16835.266624054","12027035648","12027035648","12027035648","413007872","413007872","413007872"
"16845.26810389","12027035648","12027035648","12027035648","413007872","413007872","413007872"
"16855.267465426","12027035648","12027035648","12027035648","413007872","413007872","413007872"
"16865.267116266","12027035648","12027035648","12027035648","413007872","413007872","413007872"
"16875.268396428","12027035648","12027035648","12027035648","413007872","413007872","413007872"
"16885.266113919","12027035648","12027035648","12027035648","413007872","413007872","413007872"
"16895.266856584","12027035648","12027035648","12027035648","413007872","413007872","413007872"
"16905.267199516","12027035648","12027035648","12027035648","413007872","413007872","413007872"
"16915.277479899","12027035648","12027035648","12027035648","413007872","413007872","413007872"
"16925.266418879","12027035648","12027035648","12027035648","413007872","413007872","413007872"
"16935.270480032","12027035648","12027035648","12027035648","413007872","413007872","413007872"
"16945.265988632","12027035648","12027035648","12027035648","413007872","413007872","413007872"
"16955.276396878","12027035648","12027035648","12027035648","413007872","413007872","413007872"
"16965.275233045","12027035648","12027035648","12027035648","413007872","413007872","413007872"
"16975.273733658","12027035648","12027035648","12027035648","413007872","413007872","413007872"
"16985.270988757","12027035648","12027035648","12027035648","413007872","413007872","413007872"
"16995.27041825","12027035648","12027035648","12027035648","413007872","413007872","413007872"
"17005.266365269","12027035648","12027035648","12027035648","413007872","413007872","413007872"
"17015.265749854","12027035648","12027035648","12027035648","413007872","413007872","413007872"
"17025.26652776","12027035648","12027035648","12027035648","413007872","413007872","413007872"
"17035.271809925","12027035648","12027035648","12027035648","413007872","413007872","413007872"
"17045.267520505","12027035648","12027035648","12027035648","413007872","413007872","413007872"
"17055.267542232","12027035648","12027035648","12027035648","413007872","413007872","413007872"
"17065.266381814","12027035648","12027035648","12027035648","413007872","413007872","413007872"
"17075.265854354","12027035648","12027035648","12027035648","413007872","413007872","413007872"
"17085.26764254","12027035648","12027035648","12027035648","413007872","413007872","413007872"
"17095.266886506","12027035648","12027035648","12027035648","413007872","413007872","413007872"
"17105.268292629","12027035648","12027035648","12027035648","413007872","413007872","413007872"
"17115.267400394","12027035648","12027035648","12027035648","413007872","413007872","413007872"
"17125.273721878","12027035648","12027035648","12027035648","413007872","413007872","413007872"
"17135.269207574","12027035648","12027035648","12027035648","413007872","413007872","413007872"
"17145.266985293","12027035648","12027035648","12027035648","413007872","413007872","413007872"
"17155.266730958","12027035648","12027035648","12027035648","413007872","413007872","413007872"
"17165.27448226","12027035648","12027035648","12027035648","413007872","413007872","413007872"
"17175.272359785","12027035648","12027035648","12027035648","413007872","413007872","413007872"
"17185.269398818","12027035648","12027035648","12027035648","413007872","413007872","413007872"
"17195.271419732","12027035648","12027035648","12027035648","413007872","413007872","413007872"
"17205.27161842","12027035648","12027035648","12027035648","413007872","413007872","413007872"
"17215.265827659","12027035648","12027035648","12027035648","413007872","413007872","413007872"
"17225.266828393","12027035648","12027035648","12027035648","413007872","413007872","413007872"
"17235.26744937","12027035648","12027035648","12027035648","413007872","413007872","413007872"
"17245.272881689","12027035648","12027035648","12027035648","413007872","413007872","413007872"
"17255.267158734","12027035648","12027035648","12027035648","413007872","413007872","413007872"
"17265.265956664","12027035648","12027035648","12027035648","413007872","413007872","413007872"
"17275.26617967","12027035648","12027035648","12027035648","413007872","413007872","413007872"
"17285.26778534","12027035648","12027035648","12027035648","413007872","413007872","413007872"
"17295.27063506","12027035648","12027035648","12027035648","413007872","413007872","413007872"
"17305.267730595","12027035648","12027035648","12027035648","413007872","413007872","413007872"
"17315.267349426","12027035648","12027035648","12027035648","413007872","413007872","413007872"
"17325.268378118","12027035648","12027035648","12027035648","413007872","413007872","413007872"
"17335.267402136","12027035648","12027035648","12027035648","413007872","413007872","413007872"
"17345.266780663","12027035648","12027035648","12027035648","413007872","413007872","413007872"
"17355.270233454","12027035648","12027035648","12027035648","413007872","413007872","413007872"
"17365.265643144","12027035648","12027035648","12027035648","413007872","413007872","413007872"
"17375.271250894","12027035648","12027035648","12027035648","413007872","413007872","413007872"
"17385.272061748","12027035648","12027035648","12027035648","413007872","413007872","413007872"
"17395.268697767","12027035648","12027035648","12027035648","413007872","413007872","413007872"
"17405.269637208","12027035648","12027035648","12027035648","413007872","413007872","413007872"
"17415.277929885","12027035648","12027035648","12027035648","413007872","413007872","413007872"
"17425.268160463","12027035648","12027035648","12027035648","413007872","413007872","413007872"
"17435.268400166","12027035648","12027035648","12027035648","413007872","413007872","413007872"
"17445.267440765","12027035648","12027035648","12027035648","413007872","413007872","413007872"
"17455.27121072","12027035648","12027035648","12027035648","413007872","413007872","413007872"
"17465.267162014","12027035648","12027035648","12027035648","413007872","413007872","413007872"
"17475.268585868","12027035648","12027035648","12027035648","413007872","413007872","413007872"
"17485.282270923","12027035648","12027035648","12027035648","413007872","413007872","413007872"
"17495.273576078","12027035648","12027035648","12027035648","413007872","413007872","413007872"
"17505.268171168","12027035648","12027035648","12027035648","413007872","413007872","413007872"
"17515.26515908","12027035648","12027035648","12027035648","413007872","413007872","413007872"
"17525.268951401","12027035648","12027035648","12027035648","413007872","413007872","413007872"
"17535.269452793","12027035648","12027035648","12027035648","413007872","413007872","413007872"
"17545.266533594","12027035648","12027035648","12027035648","413007872","413007872","413007872"
"17555.275919265","12027035648","12027035648","12027035648","413007872","413007872","413007872"
"17565.268650228","12027035648","12027035648","12027035648","413007872","413007872","413007872"
"17575.272761354","12027035648","12027035648","12027035648","413007872","413007872","413007872"
"17585.268196801","12027035648","12027035648","12027035648","413007872","413007872","413007872"
"17595.274957016","12027035648","12027035648","12027035648","413007872","413007872","413007872"
"17605.266960683","12027035648","12027035648","12027035648","413007872","413007872","413007872"
"17615.274020368","12027035648","12027035648","12027035648","413007872","413007872","413007872"
"17625.269712483","12027035648","12027035648","12027035648","413007872","413007872","413007872"
"17635.27506175","12027035648","12027035648","12027035648","413007872","413007872","413007872"
"17645.265432946","12027035648","12027035648","12027035648","413007872","413007872","413007872"
"17655.266257626","12027035648","12027035648","12027035648","413007872","413007872","413007872"
"17665.270654035","12027035648","12027035648","12027035648","413007872","413007872","413007872"
"17675.273184513","12027035648","12027035648","12027035648","413007872","413007872","413007872"
"17685.267795064","12027035648","12027035648","12027035648","413007872","413007872","413007872"
"17695.269475745","12027035648","12027035648","12027035648","413007872","413007872","413007872"
"17705.269087141","12027035648","12027035648","12027035648","413007872","413007872","413007872"
"17715.2678203","12027035648","12027035648","12027035648","413007872","413007872","413007872"
"17725.266156326","12027035648","12027035648","12027035648","413007872","413007872","413007872"
"17735.266457633","12027035648","12027035648","12027035648","413007872","413007872","413007872"
"17745.27004891","12027035648","12027035648","12027035648","413007872","413007872","413007872"
"17755.266823324","12027035648","12027035648","12027035648","413007872","413007872","413007872"
"17765.277649124","12027035648","12027035648","12027035648","413007872","413007872","413007872"
"17775.278195545","12027035648","12027035648","12027035648","413007872","413007872","413007872"
"17785.266930754","12027035648","12027035648","12027035648","413007872","413007872","413007872"
"17795.267971756","12027035648","12027035648","12027035648","413007872","413007872","413007872"
"17805.279514047","12027035648","12027035648","12027035648","413007872","413007872","413007872"
"17815.269591019","12027035648","12027035648","12027035648","413007872","413007872","413007872"
"17825.270061996","12027035648","12027035648","12027035648","413007872","413007872","413007872"
"17835.271824163","12027035648","12027035648","12027035648","413007872","413007872","413007872"
"17845.26803061","12027035648","12027035648","12027035648","413007872","413007872","413007872"
"17855.267670073","12027035648","12027035648","12027035648","413007872","413007872","413007872"
"17865.269790215","12027035648","12027035648","12027035648","413007872","413007872","413007872"
"17875.26741898","12027035648","12027035648","12027035648","413007872","413007872","413007872"
"17885.273603884","12027035648","12027035648","12027035648","413007872","413007872","413007872"
"17895.268801065","12027035648","12027035648","12027035648","413007872","413007872","413007872"
"17905.267190954","12027035648","12027035648","12027035648","413007872","413007872","413007872"
"17915.266183838","12027035648","12027035648","12027035648","413007872","413007872","413007872"
"17925.273795371","12027035648","12027035648","12027035648","413007872","413007872","413007872"
"17935.272437891","12027035648","12027035648","12027035648","413007872","413007872","413007872"
"17945.267300383","12027035648","12027035648","12027035648","413007872","413007872","413007872"
"17955.267904232","12027035648","12027035648","12027035648","413007872","413007872","413007872"
"17965.269052908","12027035648","12027035648","12027035648","413007872","413007872","413007872"
"17975.266330067","12027035648","12027035648","12027035648","413007872","413007872","413007872"
"17985.269110924","12027035648","12027035648","12027035648","413007872","413007872","413007872"
"17995.266145279","12027035648","12027035648","12027035648","413007872","413007872","413007872"
"18005.273910511","12027035648","12027035648","12027035648","413007872","413007872","413007872"
"18015.271839535","12027035648","12027035648","12027035648","413007872","413007872","413007872"
"18025.266356255","12027035648","12027035648","12027035648","413007872","413007872","413007872"
"18035.265080369","12027035648","12027035648","12027035648","413007872","413007872","413007872"
"18045.273935694","12027035648","12027035648","12027035648","413007872","413007872","413007872"
"18055.266782883","12027035648","12027035648","12027035648","413007872","413007872","413007872"
"18065.27586016","12027035648","12027035648","12027035648","413007872","413007872","413007872"
"18075.270207904","12027035648","12027035648","12027035648","413007872","413007872","413007872"
"18085.265237079","12027035648","12027035648","12027035648","413007872","413007872","413007872"
"18095.274436704","12027035648","12027035648","12027035648","413007872","413007872","413007872"
"18105.28035631","12027035648","12027035648","12027035648","413007872","413007872","413007872"
"18115.266027006","12027035648","12027035648","12027035648","413007872","413007872","413007872"
"18125.270061676","12027035648","12027035648","12027035648","413007872","413007872","413007872"
"18135.272021064","12027035648","12027035648","12027035648","413007872","413007872","413007872"
"18145.279368302","12027035648","12027035648","12027035648","413007872","413007872","413007872"
"18155.26698681","12027035648","12027035648","12027035648","413007872","413007872","413007872"
"18165.267423983","12027035648","12027035648","12027035648","413007872","413007872","413007872"
"18175.270756687","12027035648","12027035648","12027035648","413007872","413007872","413007872"
"18185.267282018","12027035648","12027035648","12027035648","413007872","413007872","413007872"
"18195.266100812","12027035648","12027035648","12027035648","413007872","413007872","413007872"
"18205.26701551","12027035648","12027035648","12027035648","413007872","413007872","413007872"
"18215.271504333","12027035648","12027035648","12027035648","413007872","413007872","413007872"
"18225.267486552","12027035648","12027035648","12027035648","413007872","413007872","413007872"
"18235.265482844","12027035648","12027035648","12027035648","413007872","413007872","413007872"
"18245.266710183","12027035648","12027035648","12027035648","413007872","413007872","413007872"
"18255.267767778","12027035648","12027035648","12027035648","413007872","413007872","413007872"
"18265.267328932","12027035648","12027035648","12027035648","413007872","413007872","413007872"
"18275.266077447","12027035648","12027035648","12027035648","413007872","413007872","413007872"
"18285.276480207","12027035648","12027035648","12027035648","413007872","413007872","413007872"
"18295.271579858","12027035648","12027035648","12027035648","413007872","413007872","413007872"
"18305.266790475","12027035648","12027035648","12027035648","413007872","413007872","413007872"
"18315.267231524","12027035648","12027035648","12027035648","413007872","413007872","413007872"
"18325.271618059","12027035648","12027035648","12027035648","413007872","413007872","413007872"
"18335.277495081","12027035648","12027035648","12027035648","413007872","413007872","413007872"
"18345.27480356","12027035648","12027035648","12027035648","413007872","413007872","413007872"
"18355.276915403","12027035648","12027035648","12027035648","413007872","413007872","413007872"
"18365.274037109","12027035648","12027035648","12027035648","413007872","413007872","413007872"
"18375.269240431","12027035648","12027035648","12027035648","413007872","413007872","413007872"
"18385.273895017","12027035648","12027035648","12027035648","413007872","413007872","413007872"
"18395.272742187","12027035648","12027035648","12027035648","413007872","413007872","413007872"
"18405.276071668","12027035648","12027035648","12027035648","413007872","413007872","413007872"
"18415.266060888","12027035648","12027035648","12027035648","413007872","413007872","413007872"
"18425.268418275","12027035648","12027035648","12027035648","413007872","413007872","413007872"
"18435.270287948","12027035648","12027035648","12027035648","413007872","413007872","413007872"
"18445.27354475","12027035648","12027035648","12027035648","413007872","413007872","413007872"
"18455.267122418","12027035648","12027035648","12027035648","413007872","413007872","413007872"
"18465.271811288","12027035648","12027035648","12027035648","413007872","413007872","413007872"
"18475.27081905","12027035648","12027035648","12027035648","413007872","413007872","413007872"
"18485.26541244","12027035648","12027035648","12027035648","413007872","413007872","413007872"
"18495.271555324","12027035648","12027035648","12027035648","413007872","413007872","413007872"
"18505.267832353","12027035648","12027035648","12027035648","413007872","413007872","413007872"
"18515.266732412","12027035648","12027035648","12027035648","413007872","413007872","413007872"
"18525.266355675","12027035648","12027035648","12027035648","413007872","413007872","413007872"
"18535.270500174","12027035648","12027035648","12027035648","413007872","413007872","413007872"
"18545.273563592","12027035648","12027035648","12027035648","413007872","413007872","413007872"
"18555.269769418","12027035648","12027035648","12027035648","413007872","413007872","413007872"
"18565.267785226","12027035648","12027035648","12027035648","413007872","413007872","413007872"
"18575.267475876","12027035648","12027035648","12027035648","413007872","413007872","413007872"
"18585.275880229","12027035648","12027035648","12027035648","413007872","413007872","413007872"
"18595.269194884","12027035648","12027035648","12027035648","413007872","413007872","413007872"
"18605.266042408","12027035648","12027035648","12027035648","413007872","413007872","413007872"
"18615.27605467","12027035648","12027035648","12027035648","413007872","413007872","413007872"
"18625.268696211","12027035648","12027035648","12027035648","413007872","413007872","413007872"
"18635.273787376","12027035648","12027035648","12027035648","413007872","413007872","413007872"
"18645.268659872","12027035648","12027035648","12027035648","413007872","413007872","413007872"
"18655.269623654","12027035648","12027035648","12027035648","413007872","413007872","413007872"
"18665.266096033","12027035648","12027035648","12027035648","413007872","413007872","413007872"
"18675.268245932","12027035648","12027035648","12027035648","413007872","413007872","413007872"
"18685.267688686","12027035648","12027035648","12027035648","413007872","413007872","413007872"
"18695.268959173","12027035648","12027035648","12027035648","413007872","413007872","413007872"
"18705.267492369","12027035648","12027035648","12027035648","413007872","413007872","413007872"
"18715.273139311","12027035648","12027035648","12027035648","413007872","413007872","413007872"
"18725.267585609","12027035648","12027035648","12027035648","413007872","413007872","413007872"
"18735.268802949","12027035648","12027035648","12027035648","413007872","413007872","413007872"
"18745.266922048","12027035648","12027035648","12027035648","413007872","413007872","413007872"
"18755.266907934","12027035648","12027035648","12027035648","413007872","413007872","413007872"
"18765.272459815","12027035648","12027035648","12027035648","413007872","413007872","413007872"
"18775.269118368","12027035648","12027035648","12027035648","413007872","413007872","413007872"
"18785.277821136","12027035648","12027035648","12027035648","413007872","413007872","413007872"
"18795.273333176","12027035648","12027035648","12027035648","413007872","413007872","413007872"
"18805.267034245","12027035648","12027035648","12027035648","413007872","413007872","413007872"
"18815.271389003","12027035648","12027035648","12027035648","413007872","413007872","413007872"
"18825.267896317","12027035648","12027035648","12027035648","413007872","413007872","413007872"
"18835.266384935","12027035648","12027035648","12027035648","413007872","413007872","413007872"
"18845.271046046","12027035648","12027035648","12027035648","413007872","413007872","413007872"
"18855.267490844","12027035648","12027035648","12027035648","413007872","413007872","413007872"
"18865.266265951","12027035648","12027035648","12027035648","413007872","413007872","413007872"
"18875.266054863","12027035648","12027035648","12027035648","413007872","413007872","413007872"
"18885.268327089","12027035648","12027035648","12027035648","413007872","413007872","413007872"
"18895.268509146","12027035648","12027035648","12027035648","413007872","413007872","413007872"
"18905.267378832","12027035648","12027035648","12027035648","413007872","413007872","413007872"
"18915.273659872","12027035648","12027035648","12027035648","413007872","413007872","413007872"
"18925.266288228","12027035648","12027035648","12027035648","413007872","413007872","413007872"
"18935.266467973","12027035648","12027035648","12027035648","413007872","413007872","413007872"
"18945.267974705","12027035648","12027035648","12027035648","413007872","413007872","413007872"
"18955.265913147","12027035648","12027035648","12027035648","413007872","413007872","413007872"
"18965.266265118","12027035648","12027035648","12027035648","413007872","413007872","413007872"
"18975.275199161","12027035648","12027035648","12027035648","413007872","413007872","413007872"
"18985.275328832","12027035648","12027035648","12027035648","413007872","413007872","413007872"
"18995.269108308","12027035648","12027035648","12027035648","413007872","413007872","413007872"
"19005.266414887","12027035648","12027035648","12027035648","413007872","413007872","413007872"
"19015.267211739","12027035648","12027035648","12027035648","413007872","413007872","413007872"
"19025.276098937","12027035648","12027035648","12027035648","413007872","413007872","413007872"
"19035.26585234","12027035648","12027035648","12027035648","413007872","413007872","413007872"
"19045.269912025","12027035648","12027035648","12027035648","413007872","413007872","413007872"
"19055.28117832","12027035648","12027035648","12027035648","413007872","413007872","413007872"
"19065.267851011","12027035648","12027035648","12027035648","413007872","413007872","413007872"
"19075.267422994","12027035648","12027035648","12027035648","413007872","413007872","413007872"
"19085.269721692","12027035648","12027035648","12027035648","413007872","413007872","413007872"
"19095.271279965","12027035648","12027035648","12027035648","413007872","413007872","413007872"
"19105.268389166","12027035648","12027035648","12027035648","413007872","413007872","413007872"
"19115.268018127","12027035648","12027035648","12027035648","413007872","413007872","413007872"
"19125.269935355","12027035648","12027035648","12027035648","413007872","413007872","413007872"
"19135.267790748","12027035648","12027035648","12027035648","413007872","413007872","413007872"
"19145.267543858","12027035648","12027035648","12027035648","413007872","413007872","413007872"
"19155.269145969","12027035648","12027035648","12027035648","413007872","413007872","413007872"
"19165.270048711","12027035648","12027035648","12027035648","413007872","413007872","413007872"
"19175.267828042","12027035648","12027035648","12027035648","413007872","413007872","413007872"
"19185.268115385","12027035648","12027035648","12027035648","413007872","413007872","413007872"
"19195.267564221","12027035648","12027035648","12027035648","413007872","413007872","413007872"
"19205.267801383","12027035648","12027035648","12027035648","413007872","413007872","413007872"
"19215.268777592","12027035648","12027035648","12027035648","413007872","413007872","413007872"
"19225.267099193","12027035648","12027035648","12027035648","413007872","413007872","413007872"
"19235.273727586","12027035648","12027035648","12027035648","413007872","413007872","413007872"
"19245.268638825","12027035648","12027035648","12027035648","413007872","413007872","413007872"
"19255.267406841","12027035648","12027035648","12027035648","413007872","413007872","413007872"
"19265.271735897","12027035648","12027035648","12027035648","413007872","413007872","413007872"
"19275.269903163","12027035648","12027035648","12027035648","413007872","413007872","413007872"
"19285.265540874","12027035648","12027035648","12027035648","413007872","413007872","413007872"
"19295.266968222","12027035648","12027035648","12027035648","413007872","413007872","413007872"
"19305.267115978","12027035648","12027035648","12027035648","413007872","413007872","413007872"
"19315.266656057","12027035648","12027035648","12027035648","413007872","413007872","413007872"
"19325.27093873","12027035648","12027035648","12027035648","413007872","413007872","413007872"
"19335.277933246","12027035648","12027035648","12027035648","413007872","413007872","413007872"
"19345.266667019","12027035648","12027035648","12027035648","413007872","413007872","413007872"
"19355.268659089","12027035648","12027035648","12027035648","413007872","413007872","413007872"
"19365.277687197","12027035648","12027035648","12027035648","413007872","413007872","413007872"
"19375.268581658","12027035648","12027035648","12027035648","413007872","413007872","413007872"
"19385.266324726","12027035648","12027035648","12027035648","413007872","413007872","413007872"
"19395.274102665","12027035648","12027035648","12027035648","413007872","413007872","413007872"
"19405.270526973","12027035648","12027035648","12027035648","413007872","413007872","413007872"
"19415.265966053","12027035648","12027035648","12027035648","413007872","413007872","413007872"
"19425.266768985","12027035648","12027035648","12027035648","413007872","413007872","413007872"
"19435.267897158","12027035648","12027035648","12027035648","413007872","413007872","413007872"
"19445.269688371","12027035648","12027035648","12027035648","413007872","413007872","413007872"
"19455.26933315","12027035648","12027035648","12027035648","413007872","413007872","413007872"
"19465.26963784","12027035648","12027035648","12027035648","413007872","413007872","413007872"
"19475.267519043","12027035648","12027035648","12027035648","413007872","413007872","413007872"
"19485.267813907","12027035648","12027035648","12027035648","413007872","413007872","413007872"
"19495.267403955","12027035648","12027035648","12027035648","413007872","413007872","413007872"
"19505.280413686","12027035648","12027035648","12027035648","413007872","413007872","413007872"
"19515.26764924","12027035648","12027035648","12027035648","413007872","413007872","413007872"
"19525.269813851","12027035648","12027035648","12027035648","413007872","413007872","413007872"
"19535.267458014","12027035648","12027035648","12027035648","413007872","413007872","413007872"
"19545.274397443","12027035648","12027035648","12027035648","413007872","413007872","413007872"
"19555.276986685","12027035648","12027035648","12027035648","413007872","413007872","413007872"
"19565.267381545","12027035648","12027035648","12027035648","413007872","413007872","413007872"
"19575.266617954","12027035648","12027035648","12027035648","413007872","413007872","413007872"
"19585.265977942","12027035648","12027035648","12027035648","413007872","413007872","413007872"
"19595.266903305","12027035648","12027035648","12027035648","413007872","413007872","413007872"
"19605.2739174","12027035648","12027035648","12027035648","413007872","413007872","413007872"
"19615.26859333","12027035648","12027035648","12027035648","413007872","413007872","413007872"
"19625.265692785","12027035648","12027035648","12027035648","413007872","413007872","413007872"
"19635.268219081","12027035648","12027035648","12027035648","413007872","413007872","413007872"
"19645.273191445","12027035648","12027035648","12027035648","413007872","413007872","413007872"
"19655.26680192","12027035648","12027035648","12027035648","413007872","413007872","413007872"
"19665.275435698","12027035648","12027035648","12027035648","413007872","413007872","413007872"
"19675.269243177","12027035648","12027035648","12027035648","413007872","413007872","413007872"
"19685.268825351","12027035648","12027035648","12027035648","413007872","413007872","413007872"
"19695.26692255","12027035648","12027035648","12027035648","413007872","413007872","413007872"
"19705.266034451","12027035648","12027035648","12027035648","413007872","413007872","413007872"
"19715.266304412","12027035648","12027035648","12027035648","413007872","413007872","413007872"
"19725.26777561","12027035648","12027035648","12027035648","413007872","413007872","413007872"
"19735.265830155","12094144512","12094144512","12094144512","413007872","413007872","413007872"
"19745.275418375","12094144512","12094144512","12094144512","413007872","413007872","413007872"
"19755.267863838","12094144512","12094144512","12094144512","413007872","413007872","413007872"
"19765.265842439","12094144512","12094144512","12094144512","413007872","413007872","413007872"
"19775.267780258","12094144512","12094144512","12094144512","413007872","413007872","413007872"
"19785.267570961","12094144512","12094144512","12094144512","413007872","413007872","413007872"
"19795.268287175","12094144512","12094144512","12094144512","413007872","413007872","413007872"
"19805.266074941","12094144512","12094144512","12094144512","413007872","413007872","413007872"
"19815.274512532","12094144512","12094144512","12094144512","413007872","413007872","413007872"
"19825.26960977","12094144512","12094144512","12094144512","413007872","413007872","413007872"
"19835.267077515","12094144512","12094144512","12094144512","413007872","413007872","413007872"
"19845.265638707","12094144512","12094144512","12094144512","413007872","413007872","413007872"
"20645.267958144","12094144512","12094144512","12094144512","413007872","413007872","413007872"
"21775.267899982","12094144512","12094144512","12094144512","413007872","413007872","413007872"
"21785.267030066","12094144512","12094144512","12094144512","413007872","413007872","413007872"
"21795.266270352","12094144512","12094144512","12094144512","413007872","413007872","413007872"
"21805.266304699","12094144512","12094144512","12094144512","413007872","413007872","413007872"