"Relative Time (Process)","StudyAbroadGPT-7B-continued - system/proc.memory.rssMB","StudyAbroadGPT-7B-continued - system/proc.memory.rssMB__MIN","StudyAbroadGPT-7B-continued - system/proc.memory.rssMB__MAX"
"15.25775746","3898.2578125","3898.2578125","3898.2578125"
"25.256304886","1611.03515625","1611.03515625","1611.03515625"
"35.256166487","1848.91796875","1848.91796875","1848.91796875"
"45.256248151","2067.40625","2067.40625","2067.40625"
"55.256638911","2182.8046875","2182.8046875","2182.8046875"
"65.256049609","2189.62109375","2189.62109375","2189.62109375"
"75.256288117","4206.52734375","4206.52734375","4206.52734375"
"85.256440853","4206.65234375","4206.65234375","4206.65234375"
"95.255844461","4206.77734375","4206.77734375","4206.77734375"
"105.256358168","4208.77734375","4208.77734375","4208.77734375"
"115.256422058","4212.90234375","4212.90234375","4212.90234375"
"125.256566361","4212.90234375","4212.90234375","4212.90234375"
"135.256541987","5108.90234375","5108.90234375","5108.90234375"
"145.256739459","5108.90234375","5108.90234375","5108.90234375"
"155.256676409","5109.02734375","5109.02734375","5109.02734375"
"165.255865333","5109.15234375","5109.15234375","5109.15234375"
"175.255725164","5109.15234375","5109.15234375","5109.15234375"
"945.255796058","5176.90234375","5176.90234375","5176.90234375"
"955.25597522","5176.90234375","5176.90234375","5176.90234375"
"965.255800661","5176.90234375","5176.90234375","5176.90234375"
"975.25583691","5176.90234375","5176.90234375","5176.90234375"
"985.256487045","5176.90234375","5176.90234375","5176.90234375"
"995.256408785","5176.90234375","5176.90234375","5176.90234375"
"1005.256739888","5176.90234375","5176.90234375","5176.90234375"
"1015.255710961","5176.90234375","5176.90234375","5176.90234375"
"1035.257062615","5225.42578125","5225.42578125","5225.42578125"
"1045.256504806","5452.9921875","5452.9921875","5452.9921875"
"1055.256480766","5452.9921875","5452.9921875","5452.9921875"
"1065.257105506","5452.9921875","5452.9921875","5452.9921875"
"1075.255951909","5452.9921875","5452.9921875","5452.9921875"
"1085.256542976","5452.9921875","5452.9921875","5452.9921875"
"1095.256861898","5452.9921875","5452.9921875","5452.9921875"
"1105.256516167","5452.9921875","5452.9921875","5452.9921875"
"1115.256378072","5452.9921875","5452.9921875","5452.9921875"
"1125.255797019","5452.9921875","5452.9921875","5452.9921875"
"1135.255781974","5452.9921875","5452.9921875","5452.9921875"
"1145.256393601","5452.9921875","5452.9921875","5452.9921875"
"1155.256277173","5453.1171875","5453.1171875","5453.1171875"
"1165.256087796","5453.1171875","5453.1171875","5453.1171875"
"1175.256158506","5453.1171875","5453.1171875","5453.1171875"
"1185.256495144","5425.2109375","5425.2109375","5425.2109375"
"1195.256656413","5425.3359375","5425.3359375","5425.3359375"
"1205.256093527","5425.3359375","5425.3359375","5425.3359375"
"1215.255714512","5425.3359375","5425.3359375","5425.3359375"
"1225.256084346","5425.3359375","5425.3359375","5425.3359375"
"1235.256088923","5425.3359375","5425.3359375","5425.3359375"
"1245.256796185","5425.3359375","5425.3359375","5425.3359375"
"1255.256651888","5425.3359375","5425.3359375","5425.3359375"
"1265.255641428","5425.3359375","5425.3359375","5425.3359375"
"1275.256091315","5425.3359375","5425.3359375","5425.3359375"
"1285.256091763","5425.4609375","5425.4609375","5425.4609375"
"1295.256173224","5425.4609375","5425.4609375","5425.4609375"
"1305.255976688","5425.4609375","5425.4609375","5425.4609375"
"1315.256498161","5427.5859375","5427.5859375","5427.5859375"
"1325.256291917","5427.7109375","5427.7109375","5427.7109375"
"1335.256127062","5427.7109375","5427.7109375","5427.7109375"
"1345.256520435","5427.7109375","5427.7109375","5427.7109375"
"1355.255939648","5427.7109375","5427.7109375","5427.7109375"
"1365.256507249","5427.7109375","5427.7109375","5427.7109375"
"1375.255722434","5427.7109375","5427.7109375","5427.7109375"
"1385.256323877","5427.7109375","5427.7109375","5427.7109375"
"1395.256617766","5427.7109375","5427.7109375","5427.7109375"
"1405.256325162","5427.7109375","5427.7109375","5427.7109375"
"1415.25600085","5427.7109375","5427.7109375","5427.7109375"
"1425.255720939","5427.8359375","5427.8359375","5427.8359375"
"1435.256192136","5427.8359375","5427.8359375","5427.8359375"
"1445.256282404","5429.3359375","5429.3359375","5429.3359375"
"1455.256372232","5429.3984375","5429.3984375","5429.3984375"
"1465.256746313","5429.5859375","5429.5859375","5429.5859375"
"1475.255671573","5429.5859375","5429.5859375","5429.5859375"
"1485.25632786","5429.5859375","5429.5859375","5429.5859375"
"1495.25570031","5429.5859375","5429.5859375","5429.5859375"
"1505.256310724","5429.5859375","5429.5859375","5429.5859375"
"1515.256033746","5429.5859375","5429.5859375","5429.5859375"
"1525.256277136","5429.5859375","5429.5859375","5429.5859375"
"1535.256582207","5429.5859375","5429.5859375","5429.5859375"
"1545.256458027","5429.5859375","5429.5859375","5429.5859375"
"1555.25634967","5429.5859375","5429.5859375","5429.5859375"
"1565.256069809","5430.5859375","5430.5859375","5430.5859375"
"1575.255592626","5430.5859375","5430.5859375","5430.5859375"
"1585.255625923","5430.5859375","5430.5859375","5430.5859375"
"1595.257139297","5430.5859375","5430.5859375","5430.5859375"
"1605.256523517","5430.5859375","5430.5859375","5430.5859375"
"1615.255858024","5430.5859375","5430.5859375","5430.5859375"
"1625.256130686","5430.5859375","5430.5859375","5430.5859375"
"1635.256456431","5430.5859375","5430.5859375","5430.5859375"
"1645.256472418","5430.5859375","5430.5859375","5430.5859375"
"1655.256256156","5430.5859375","5430.5859375","5430.5859375"
"1665.256489282","5430.5859375","5430.5859375","5430.5859375"
"1675.255962279","5430.5859375","5430.5859375","5430.5859375"
"1685.256411023","5430.5859375","5430.5859375","5430.5859375"
"1695.256540683","5430.5859375","5430.5859375","5430.5859375"
"1705.256135976","5431.5859375","5431.5859375","5431.5859375"
"1715.255676481","5431.5859375","5431.5859375","5431.5859375"
"1725.255997655","5431.7109375","5431.7109375","5431.7109375"
"1735.256103247","5431.7109375","5431.7109375","5431.7109375"
"1745.255805166","5431.7109375","5431.7109375","5431.7109375"
"1755.255714093","5431.7109375","5431.7109375","5431.7109375"
"1765.256673186","5431.7109375","5431.7109375","5431.7109375"
"1775.255832192","5431.7109375","5431.7109375","5431.7109375"
"1785.256491461","5431.7109375","5431.7109375","5431.7109375"
"1795.256287547","5431.7109375","5431.7109375","5431.7109375"
"1805.256437381","5431.7109375","5431.7109375","5431.7109375"
"1815.258123575","5431.7109375","5431.7109375","5431.7109375"
"1825.255560185","5431.7109375","5431.7109375","5431.7109375"
"1835.25572201","5432.3359375","5432.3359375","5432.3359375"
"1845.256711556","5432.3359375","5432.3359375","5432.3359375"
"1855.256403735","5432.3359375","5432.3359375","5432.3359375"
"1865.256745588","5432.3359375","5432.3359375","5432.3359375"
"1875.256243222","5432.3359375","5432.3359375","5432.3359375"
"1885.25635429","5432.3359375","5432.3359375","5432.3359375"
"1895.25575708","5432.3359375","5432.3359375","5432.3359375"
"1905.256373347","5432.3359375","5432.3359375","5432.3359375"
"1915.256614054","5432.3359375","5432.3359375","5432.3359375"
"1925.256488701","5432.3359375","5432.3359375","5432.3359375"
"1935.256507848","5432.3359375","5432.3359375","5432.3359375"
"1945.255803343","5432.3359375","5432.3359375","5432.3359375"
"1955.257127223","5432.3359375","5432.3359375","5432.3359375"
"1965.255938964","5432.3359375","5432.3359375","5432.3359375"
"1975.256432718","5432.7109375","5432.7109375","5432.7109375"
"1985.255743797","5432.7109375","5432.7109375","5432.7109375"
"1995.256397765","5432.7109375","5432.7109375","5432.7109375"
"2005.256090314","5432.7109375","5432.7109375","5432.7109375"
"2015.256166408","5432.7109375","5432.7109375","5432.7109375"
"2025.256485566","5432.7109375","5432.7109375","5432.7109375"
"2035.256266606","5432.7109375","5432.7109375","5432.7109375"
"2045.256178856","5432.7109375","5432.7109375","5432.7109375"
"2055.256480225","5432.7109375","5432.7109375","5432.7109375"
"2065.257106648","5432.7109375","5432.7109375","5432.7109375"
"2075.255703753","5432.7109375","5432.7109375","5432.7109375"
"2085.25608139","5432.7109375","5432.7109375","5432.7109375"
"2095.256352891","5432.7109375","5432.7109375","5432.7109375"
"2105.256396149","5433.2109375","5433.2109375","5433.2109375"
"2115.256299317","5433.2109375","5433.2109375","5433.2109375"
"2125.256918165","5433.2109375","5433.2109375","5433.2109375"
"2135.256495673","5433.2109375","5433.2109375","5433.2109375"
"2145.256561277","5433.2109375","5433.2109375","5433.2109375"
"2155.256018428","5433.2109375","5433.2109375","5433.2109375"
"2165.255587264","5433.2109375","5433.2109375","5433.2109375"
"2175.256169969","5433.2109375","5433.2109375","5433.2109375"
"2185.255551659","5433.2109375","5433.2109375","5433.2109375"
"2195.256173092","5433.2109375","5433.2109375","5433.2109375"
"2205.256069324","5433.2109375","5433.2109375","5433.2109375"
"2215.255973947","5433.2109375","5433.2109375","5433.2109375"
"2225.256200727","5433.2109375","5433.2109375","5433.2109375"
"2235.255986626","5433.3359375","5433.3359375","5433.3359375"
"2245.256370586","5433.3359375","5433.3359375","5433.3359375"
"2255.255950978","5433.3359375","5433.3359375","5433.3359375"
"2265.255609006","5433.3359375","5433.3359375","5433.3359375"
"2275.256371942","5433.3359375","5433.3359375","5433.3359375"
"2285.25641525","5433.3359375","5433.3359375","5433.3359375"
"2295.256281833","5433.3359375","5433.3359375","5433.3359375"
"2305.255932914","5433.3359375","5433.3359375","5433.3359375"
"2315.256322338","5433.3359375","5433.3359375","5433.3359375"
"2325.256070491","5433.3359375","5433.3359375","5433.3359375"
"2335.256638328","5433.3359375","5433.3359375","5433.3359375"
"2345.256840933","5433.3359375","5433.3359375","5433.3359375"
"2355.255670402","5433.5859375","5433.5859375","5433.5859375"
"2365.256078738","5433.5859375","5433.5859375","5433.5859375"
"2375.25592801","5433.5859375","5433.5859375","5433.5859375"
"2385.255741801","5433.5859375","5433.5859375","5433.5859375"
"2395.256083269","5433.5859375","5433.5859375","5433.5859375"
"2405.25620133","5433.5859375","5433.5859375","5433.5859375"
"2415.255612681","5433.5859375","5433.5859375","5433.5859375"
"2425.255791698","5433.5859375","5433.5859375","5433.5859375"
"2435.256121827","5433.5859375","5433.5859375","5433.5859375"
"2445.256983408","5433.5859375","5433.5859375","5433.5859375"
"2455.256431596","5433.5859375","5433.5859375","5433.5859375"
"2465.256300687","5433.5859375","5433.5859375","5433.5859375"
"2475.25650867","5433.5859375","5433.5859375","5433.5859375"
"2485.25640483","5433.7109375","5433.7109375","5433.7109375"
"2495.255980284","5433.7109375","5433.7109375","5433.7109375"
"2505.257266051","5433.7109375","5433.7109375","5433.7109375"
"2515.255650327","5433.7109375","5433.7109375","5433.7109375"
"2525.256291999","5433.7109375","5433.7109375","5433.7109375"
"2535.255603296","5433.7109375","5433.7109375","5433.7109375"
"2545.256598379","5433.7109375","5433.7109375","5433.7109375"
"2555.255791423","5433.7109375","5433.7109375","5433.7109375"
"2565.256705576","5433.7109375","5433.7109375","5433.7109375"
"2575.255534169","5433.7109375","5433.7109375","5433.7109375"
"2585.256551037","5433.7109375","5433.7109375","5433.7109375"
"2595.25651133","5433.7109375","5433.7109375","5433.7109375"
"2605.255862768","5433.7109375","5433.7109375","5433.7109375"
"2615.256617489","5433.7109375","5433.7109375","5433.7109375"
"2625.255739352","5433.7109375","5433.7109375","5433.7109375"
"2635.2566281","5433.7109375","5433.7109375","5433.7109375"
"2645.256504193","5433.7109375","5433.7109375","5433.7109375"
"2655.25612636","5433.7109375","5433.7109375","5433.7109375"
"2665.255609133","5433.7109375","5433.7109375","5433.7109375"
"2675.256252061","5433.7109375","5433.7109375","5433.7109375"
"2685.255789372","5433.7109375","5433.7109375","5433.7109375"
"2695.256365178","5433.7109375","5433.7109375","5433.7109375"
"2705.256360449","5433.7109375","5433.7109375","5433.7109375"
"2715.256932314","5433.7109375","5433.7109375","5433.7109375"
"2725.256150099","5433.7109375","5433.7109375","5433.7109375"
"2735.256097483","5433.7109375","5433.7109375","5433.7109375"
"2745.256542363","5433.8359375","5433.8359375","5433.8359375"
"2755.256152686","5433.8359375","5433.8359375","5433.8359375"
"2765.255517206","5433.8359375","5433.8359375","5433.8359375"
"2775.256602304","5433.8359375","5433.8359375","5433.8359375"
"2785.256359489","5433.8359375","5433.8359375","5433.8359375"
"2795.25622564","5433.8359375","5433.8359375","5433.8359375"
"2805.256417276","5433.8359375","5433.8359375","5433.8359375"
"2815.255980518","5433.8359375","5433.8359375","5433.8359375"
"2825.255820788","5433.8359375","5433.8359375","5433.8359375"
"2835.256286874","5433.8359375","5433.8359375","5433.8359375"
"2845.256003017","5433.8359375","5433.8359375","5433.8359375"
"2855.255618524","5433.8359375","5433.8359375","5433.8359375"
"2865.255679531","5433.8359375","5433.8359375","5433.8359375"
"2875.256242404","5433.8359375","5433.8359375","5433.8359375"
"2885.25614163","5433.9609375","5433.9609375","5433.9609375"
"2895.256139401","5433.9609375","5433.9609375","5433.9609375"
"2905.2564629","5433.9609375","5433.9609375","5433.9609375"
"2915.255829944","5433.9609375","5433.9609375","5433.9609375"
"2925.25619512","5433.9609375","5433.9609375","5433.9609375"
"2935.256227646","5433.9609375","5433.9609375","5433.9609375"
"2945.255920368","5433.9609375","5433.9609375","5433.9609375"
"2955.256371825","5433.9609375","5433.9609375","5433.9609375"
"2965.255562409","5433.9609375","5433.9609375","5433.9609375"
"2975.256267888","5433.9609375","5433.9609375","5433.9609375"
"2985.255771476","5433.9609375","5433.9609375","5433.9609375"
"2995.25711359","5433.9609375","5433.9609375","5433.9609375"
"3005.256517857","5433.9609375","5433.9609375","5433.9609375"
"3015.255546606","5433.9609375","5433.9609375","5433.9609375"
"3025.255731294","5434.0859375","5434.0859375","5434.0859375"
"3035.255651678","5434.0859375","5434.0859375","5434.0859375"
"3045.256121133","5434.0859375","5434.0859375","5434.0859375"
"3055.256160915","5434.0859375","5434.0859375","5434.0859375"
"3065.256388456","5434.0859375","5434.0859375","5434.0859375"
"3075.256408996","5434.0859375","5434.0859375","5434.0859375"
"3085.25657586","5434.0859375","5434.0859375","5434.0859375"
"3095.256437821","5434.0859375","5434.0859375","5434.0859375"
"3105.256311665","5434.0859375","5434.0859375","5434.0859375"
"3115.256240938","5434.0859375","5434.0859375","5434.0859375"
"3125.25605234","5434.0859375","5434.0859375","5434.0859375"
"3135.255895924","5434.0859375","5434.0859375","5434.0859375"
"3145.255965999","5434.2109375","5434.2109375","5434.2109375"
"3155.256616235","5434.2109375","5434.2109375","5434.2109375"
"3165.256480356","5434.2109375","5434.2109375","5434.2109375"
"3175.256302266","5434.2109375","5434.2109375","5434.2109375"
"3185.255776854","5434.2109375","5434.2109375","5434.2109375"
"3195.256916746","5434.2109375","5434.2109375","5434.2109375"
"3205.256262027","5434.2109375","5434.2109375","5434.2109375"
"3215.255774388","5434.2109375","5434.2109375","5434.2109375"
"3225.256444128","5434.2109375","5434.2109375","5434.2109375"
"3235.256034645","5434.2109375","5434.2109375","5434.2109375"
"3245.256283682","5434.2109375","5434.2109375","5434.2109375"
"3255.255651717","5434.2109375","5434.2109375","5434.2109375"
"3265.256554832","5434.2109375","5434.2109375","5434.2109375"
"3275.256117881","5434.2109375","5434.2109375","5434.2109375"
"3285.255786304","5434.2109375","5434.2109375","5434.2109375"
"3295.256112447","5434.3359375","5434.3359375","5434.3359375"
"3305.255607641","5434.3359375","5434.3359375","5434.3359375"
"3315.255547822","5434.3359375","5434.3359375","5434.3359375"
"3325.256048289","5434.3359375","5434.3359375","5434.3359375"
"3335.255782847","5434.3359375","5434.3359375","5434.3359375"
"3345.255902802","5434.3359375","5434.3359375","5434.3359375"
"3355.25658127","5434.3359375","5434.3359375","5434.3359375"
"3365.256185326","5434.3359375","5434.3359375","5434.3359375"
"3375.256069118","5434.3359375","5434.3359375","5434.3359375"
"3385.255658551","5434.3359375","5434.3359375","5434.3359375"
"3395.256394155","5434.3359375","5434.3359375","5434.3359375"
"3405.256500335","5434.3359375","5434.3359375","5434.3359375"
"3415.256207998","5434.3359375","5434.3359375","5434.3359375"
"3425.25575511","5434.3359375","5434.3359375","5434.3359375"
"3435.255724137","5434.3359375","5434.3359375","5434.3359375"
"3445.256943904","5434.3359375","5434.3359375","5434.3359375"
"3455.256128987","5434.3359375","5434.3359375","5434.3359375"
"3465.256058027","5434.3359375","5434.3359375","5434.3359375"
"3475.255730323","5434.3359375","5434.3359375","5434.3359375"
"3485.256247803","5434.3359375","5434.3359375","5434.3359375"
"3495.256409241","5434.3359375","5434.3359375","5434.3359375"
"3505.256323591","5434.3359375","5434.3359375","5434.3359375"
"3515.256136196","5434.3359375","5434.3359375","5434.3359375"
"3525.256099347","5434.3359375","5434.3359375","5434.3359375"
"3535.255619583","5434.3359375","5434.3359375","5434.3359375"
"3545.255823034","5434.3359375","5434.3359375","5434.3359375"
"3555.255913944","5434.3359375","5434.3359375","5434.3359375"
"3565.256339854","5434.3359375","5434.3359375","5434.3359375"
"3575.256022172","5434.3359375","5434.3359375","5434.3359375"
"3585.256053397","5434.3359375","5434.3359375","5434.3359375"
"3595.256633864","5434.3359375","5434.3359375","5434.3359375"
"3605.256748433","5434.3359375","5434.3359375","5434.3359375"
"3615.256604285","5434.3359375","5434.3359375","5434.3359375"
"3625.256539799","5434.3359375","5434.3359375","5434.3359375"
"3635.255993885","5434.3359375","5434.3359375","5434.3359375"
"3645.25630912","5434.3359375","5434.3359375","5434.3359375"
"3655.256031865","5434.3359375","5434.3359375","5434.3359375"
"3665.256063747","5434.3359375","5434.3359375","5434.3359375"
"3675.257133639","5434.3359375","5434.3359375","5434.3359375"
"3685.256630336","5434.3359375","5434.3359375","5434.3359375"
"3695.256903426","5434.3359375","5434.3359375","5434.3359375"
"3705.257370532","5434.3359375","5434.3359375","5434.3359375"
"3715.256110736","5434.3359375","5434.3359375","5434.3359375"
"3725.256585519","5434.3359375","5434.3359375","5434.3359375"
"3735.256143031","5434.3359375","5434.3359375","5434.3359375"
"3745.256462501","5434.3359375","5434.3359375","5434.3359375"
"3755.25562628","5434.3359375","5434.3359375","5434.3359375"
"3765.256239641","5434.3359375","5434.3359375","5434.3359375"
"3775.256082613","5434.3359375","5434.3359375","5434.3359375"
"3785.25611847","5434.3359375","5434.3359375","5434.3359375"
"3795.255772158","5434.3359375","5434.3359375","5434.3359375"
"3805.256091593","5434.3359375","5434.3359375","5434.3359375"
"3815.255794464","5434.3359375","5434.3359375","5434.3359375"
"3825.256863297","5434.3359375","5434.3359375","5434.3359375"
"3835.256157589","5434.3359375","5434.3359375","5434.3359375"
"3845.256070893","5434.3359375","5434.3359375","5434.3359375"
"3855.255809693","5434.3359375","5434.3359375","5434.3359375"
"3865.25640939","5434.3359375","5434.3359375","5434.3359375"
"3875.256022476","5434.3359375","5434.3359375","5434.3359375"
"3885.256938187","5434.3359375","5434.3359375","5434.3359375"
"3895.256397697","5434.3359375","5434.3359375","5434.3359375"
"3905.256422404","5434.3359375","5434.3359375","5434.3359375"
"3915.256349052","5434.3359375","5434.3359375","5434.3359375"
"3925.256605353","5434.3359375","5434.3359375","5434.3359375"
"3935.255826127","5434.3359375","5434.3359375","5434.3359375"
"3945.255986853","5434.3359375","5434.3359375","5434.3359375"
"3955.256526431","5434.3359375","5434.3359375","5434.3359375"
"3965.255859001","5434.3359375","5434.3359375","5434.3359375"
"3975.255894148","5434.3359375","5434.3359375","5434.3359375"
"3985.255764633","5434.3359375","5434.3359375","5434.3359375"
"3995.255674486","5434.3359375","5434.3359375","5434.3359375"
"4005.256810335","5434.3359375","5434.3359375","5434.3359375"
"4015.255718565","5434.3359375","5434.3359375","5434.3359375"
"4025.255909959","5434.3359375","5434.3359375","5434.3359375"
"4035.256104659","5434.3359375","5434.3359375","5434.3359375"
"4045.256434862","5434.3359375","5434.3359375","5434.3359375"
"4055.255544701","5434.3359375","5434.3359375","5434.3359375"
"4065.256997358","5434.3359375","5434.3359375","5434.3359375"
"4075.256384748","5434.3359375","5434.3359375","5434.3359375"
"4085.255724604","5434.3359375","5434.3359375","5434.3359375"
"4095.256890387","5434.3359375","5434.3359375","5434.3359375"
"4105.256565152","5434.3359375","5434.3359375","5434.3359375"
"4115.255722644","5434.3359375","5434.3359375","5434.3359375"
"4125.255915812","5434.3359375","5434.3359375","5434.3359375"
"4135.256656125","5434.3359375","5434.3359375","5434.3359375"
"4145.255842764","5434.3359375","5434.3359375","5434.3359375"
"4155.255812225","5434.3359375","5434.3359375","5434.3359375"
"4165.256461027","5434.3359375","5434.3359375","5434.3359375"
"4175.256507975","5434.3359375","5434.3359375","5434.3359375"
"4185.256182737","5434.3359375","5434.3359375","5434.3359375"
"4195.256367685","5434.3359375","5434.3359375","5434.3359375"
"4205.256422601","5434.3359375","5434.3359375","5434.3359375"
"4215.256091543","5434.3359375","5434.3359375","5434.3359375"
"4225.256221631","5434.3359375","5434.3359375","5434.3359375"
"4235.25580402","5434.3359375","5434.3359375","5434.3359375"
"4245.256494653","5434.3359375","5434.3359375","5434.3359375"
"4255.256232772","5434.3359375","5434.3359375","5434.3359375"
"4265.256112837","5434.3359375","5434.3359375","5434.3359375"
"4275.256118395","5434.3359375","5434.3359375","5434.3359375"
"4285.255611854","5434.3359375","5434.3359375","5434.3359375"
"4295.255796598","5434.3359375","5434.3359375","5434.3359375"
"4305.256293724","5434.3359375","5434.3359375","5434.3359375"
"4315.256992289","5434.3359375","5434.3359375","5434.3359375"
"4325.256137221","5434.3359375","5434.3359375","5434.3359375"
"4335.256078848","5434.3359375","5434.3359375","5434.3359375"
"4345.256176408","5434.3359375","5434.3359375","5434.3359375"
"4355.255570483","5434.3359375","5434.3359375","5434.3359375"
"4365.256373454","5434.3359375","5434.3359375","5434.3359375"
"4375.255515349","5434.3359375","5434.3359375","5434.3359375"
"4385.256990917","5434.3359375","5434.3359375","5434.3359375"
"4395.256555168","5434.3359375","5434.3359375","5434.3359375"
"4405.256228654","5434.3359375","5434.3359375","5434.3359375"
"4415.256351828","5434.3359375","5434.3359375","5434.3359375"
"4425.256714714","5434.3359375","5434.3359375","5434.3359375"
"4435.256389154","5434.3359375","5434.3359375","5434.3359375"
"4445.255895586","5434.3359375","5434.3359375","5434.3359375"
"4455.256567262","5434.3359375","5434.3359375","5434.3359375"
"4465.256368788","5434.3359375","5434.3359375","5434.3359375"
"4475.256128511","5434.3359375","5434.3359375","5434.3359375"
"4485.256536552","5434.3359375","5434.3359375","5434.3359375"
"4495.256079347","5434.3359375","5434.3359375","5434.3359375"
"4505.255565227","5434.3359375","5434.3359375","5434.3359375"
"4515.255812509","5434.3359375","5434.3359375","5434.3359375"
"4525.256096591","5434.3359375","5434.3359375","5434.3359375"
"4535.256609332","5434.3359375","5434.3359375","5434.3359375"
"4545.256633569","5434.3359375","5434.3359375","5434.3359375"
"4555.255780961","5434.3359375","5434.3359375","5434.3359375"
"4565.256554937","5434.3359375","5434.3359375","5434.3359375"
"4575.256361117","5434.3359375","5434.3359375","5434.3359375"
"4585.255569128","5434.3359375","5434.3359375","5434.3359375"
"4595.255808173","5434.3359375","5434.3359375","5434.3359375"
"4605.256911756","5434.3359375","5434.3359375","5434.3359375"
"4615.255757951","5434.3359375","5434.3359375","5434.3359375"
"4625.255976564","5434.3359375","5434.3359375","5434.3359375"
"4635.256864156","5434.3359375","5434.3359375","5434.3359375"
"4645.256239186","5434.3359375","5434.3359375","5434.3359375"
"4655.256323079","5434.3359375","5434.3359375","5434.3359375"
"4665.255821264","5434.3359375","5434.3359375","5434.3359375"
"4675.256386392","5434.3359375","5434.3359375","5434.3359375"
"4685.256252646","5434.3359375","5434.3359375","5434.3359375"
"4695.256211955","5434.3359375","5434.3359375","5434.3359375"
"4705.256590863","5434.3359375","5434.3359375","5434.3359375"
"4715.256508693","5434.3359375","5434.3359375","5434.3359375"
"4725.256503366","5434.3359375","5434.3359375","5434.3359375"
"4735.255729895","5434.3359375","5434.3359375","5434.3359375"
"4745.256442415","5434.3359375","5434.3359375","5434.3359375"
"4755.256450292","5434.3359375","5434.3359375","5434.3359375"
"4765.256496938","5434.3359375","5434.3359375","5434.3359375"
"4775.255539292","5434.3359375","5434.3359375","5434.3359375"
"4785.256543791","5434.3359375","5434.3359375","5434.3359375"
"4795.256225078","5434.3359375","5434.3359375","5434.3359375"
"4805.255523381","5434.3359375","5434.3359375","5434.3359375"
"4815.256462666","5434.3359375","5434.3359375","5434.3359375"
"4825.256264461","5434.3359375","5434.3359375","5434.3359375"
"4835.255606811","5434.3359375","5434.3359375","5434.3359375"
"4845.256225927","5434.3359375","5434.3359375","5434.3359375"
"4855.256813066","5434.3359375","5434.3359375","5434.3359375"
"4865.25606095","5434.3359375","5434.3359375","5434.3359375"
"4875.255546647","5434.3359375","5434.3359375","5434.3359375"
"4885.2564611","5434.3359375","5434.3359375","5434.3359375"
"4895.256459583","5434.3359375","5434.3359375","5434.3359375"
"4905.255781128","5434.3359375","5434.3359375","5434.3359375"
"4915.255902116","5434.3359375","5434.3359375","5434.3359375"
"4925.256383542","5434.3359375","5434.3359375","5434.3359375"
"4935.256925236","5434.3359375","5434.3359375","5434.3359375"
"4945.255808448","5434.3359375","5434.3359375","5434.3359375"
"4955.255731667","5434.3359375","5434.3359375","5434.3359375"
"4965.256076835","5434.3359375","5434.3359375","5434.3359375"
"4975.255749869","5434.3359375","5434.3359375","5434.3359375"
"4985.255743084","5434.3359375","5434.3359375","5434.3359375"
"4995.256272153","5434.3359375","5434.3359375","5434.3359375"
"5005.256428629","5434.3359375","5434.3359375","5434.3359375"
"5015.255611522","5434.3359375","5434.3359375","5434.3359375"
"5025.255905389","5434.3359375","5434.3359375","5434.3359375"
"5035.256031197","5434.3359375","5434.3359375","5434.3359375"
"5045.256437607","5434.3359375","5434.3359375","5434.3359375"
"5055.256826988","5434.3359375","5434.3359375","5434.3359375"
"5065.256163297","5434.3359375","5434.3359375","5434.3359375"
"5075.256487685","5434.3359375","5434.3359375","5434.3359375"
"5085.256740523","5434.3359375","5434.3359375","5434.3359375"
"5095.25604881","5434.3359375","5434.3359375","5434.3359375"
"5105.256492428","5434.3359375","5434.3359375","5434.3359375"
"5115.255523511","5434.3359375","5434.3359375","5434.3359375"
"5125.256314229","5434.3359375","5434.3359375","5434.3359375"
"5135.255708066","5434.3359375","5434.3359375","5434.3359375"
"5145.255643322","5434.3359375","5434.3359375","5434.3359375"
"5155.25578883","5434.3359375","5434.3359375","5434.3359375"
"5165.256176237","5434.3359375","5434.3359375","5434.3359375"
"5175.256924024","5434.3359375","5434.3359375","5434.3359375"
"5185.256156661","5434.3359375","5434.3359375","5434.3359375"
"5195.255591344","5434.3359375","5434.3359375","5434.3359375"
"5205.256638916","5434.3359375","5434.3359375","5434.3359375"
"5215.255811059","5434.3359375","5434.3359375","5434.3359375"
"5225.255756272","5434.3359375","5434.3359375","5434.3359375"
"5235.255516713","5434.3359375","5434.3359375","5434.3359375"
"5245.256243363","5434.3359375","5434.3359375","5434.3359375"
"5255.256024787","5434.3359375","5434.3359375","5434.3359375"
"5265.256641471","5434.3359375","5434.3359375","5434.3359375"
"5275.25608292","5434.3359375","5434.3359375","5434.3359375"
"5285.256022492","5434.3359375","5434.3359375","5434.3359375"
"5295.256317077","5434.3359375","5434.3359375","5434.3359375"
"5305.256539825","5434.3359375","5434.3359375","5434.3359375"
"5315.255715","5434.3359375","5434.3359375","5434.3359375"
"5325.257050338","5434.3359375","5434.3359375","5434.3359375"
"5335.256167389","5434.3359375","5434.3359375","5434.3359375"
"5345.256052594","5434.3359375","5434.3359375","5434.3359375"
"5355.256343834","5434.3359375","5434.3359375","5434.3359375"
"5365.256293506","5434.3359375","5434.3359375","5434.3359375"
"5375.255827203","5434.3359375","5434.3359375","5434.3359375"
"5385.255971811","5434.3359375","5434.3359375","5434.3359375"
"5395.256337372","5434.3359375","5434.3359375","5434.3359375"
"5405.256714026","5434.3359375","5434.3359375","5434.3359375"
"5415.256613969","5434.3359375","5434.3359375","5434.3359375"
"5425.256083198","5434.3359375","5434.3359375","5434.3359375"
"5435.255554553","5434.3359375","5434.3359375","5434.3359375"
"5445.255699355","5434.3359375","5434.3359375","5434.3359375"
"5455.256369472","5434.3359375","5434.3359375","5434.3359375"
"5465.255993687","5434.3359375","5434.3359375","5434.3359375"
"5475.25579652","5434.3359375","5434.3359375","5434.3359375"
"5485.256162842","5434.3359375","5434.3359375","5434.3359375"
"5495.255782737","5434.3359375","5434.3359375","5434.3359375"
"5505.256399406","5434.3359375","5434.3359375","5434.3359375"
"5515.255735583","5434.3359375","5434.3359375","5434.3359375"
"5525.25626941","5434.3359375","5434.3359375","5434.3359375"
"5535.255762436","5434.3359375","5434.3359375","5434.3359375"
"5545.256141939","5434.3359375","5434.3359375","5434.3359375"
"5555.255760087","5434.3359375","5434.3359375","5434.3359375"
"5565.255505023","5434.3359375","5434.3359375","5434.3359375"
"5575.256682584","5434.3359375","5434.3359375","5434.3359375"
"5585.255677928","5434.3359375","5434.3359375","5434.3359375"
"5595.2558023","5434.3359375","5434.3359375","5434.3359375"
"5605.25611566","5434.3359375","5434.3359375","5434.3359375"
"5615.256784287","5434.3359375","5434.3359375","5434.3359375"
"5625.256332794","5434.3359375","5434.3359375","5434.3359375"
"5635.25586626","5434.3359375","5434.3359375","5434.3359375"
"5645.256081579","5434.3359375","5434.3359375","5434.3359375"
"5655.255953888","5434.3359375","5434.3359375","5434.3359375"
"5665.255577093","5434.3359375","5434.3359375","5434.3359375"
"5675.256302917","5434.3359375","5434.3359375","5434.3359375"
"5685.255542185","5434.3359375","5434.3359375","5434.3359375"
"5695.256080065","5434.3359375","5434.3359375","5434.3359375"
"5705.256516808","5434.3359375","5434.3359375","5434.3359375"
"5715.256564801","5434.3359375","5434.3359375","5434.3359375"
"5725.255972928","5434.3359375","5434.3359375","5434.3359375"
"5735.256359739","5434.3359375","5434.3359375","5434.3359375"
"5745.255945984","5434.3359375","5434.3359375","5434.3359375"
"5755.256381601","5434.3359375","5434.3359375","5434.3359375"
"5765.256076234","5434.3359375","5434.3359375","5434.3359375"
"5775.25696425","5434.3359375","5434.3359375","5434.3359375"
"5785.256332199","5434.3359375","5434.3359375","5434.3359375"
"5795.256295803","5434.3359375","5434.3359375","5434.3359375"
"5805.255743999","5434.3359375","5434.3359375","5434.3359375"
"5815.256635129","5434.3359375","5434.3359375","5434.3359375"
"5825.255703438","5434.3359375","5434.3359375","5434.3359375"
"5835.256352305","5434.3359375","5434.3359375","5434.3359375"
"5845.256139552","5434.3359375","5434.3359375","5434.3359375"
"5855.256553558","5434.3359375","5434.3359375","5434.3359375"
"5865.255510887","5434.3359375","5434.3359375","5434.3359375"
"5875.256534099","5434.3359375","5434.3359375","5434.3359375"
"5885.255559594","5434.3359375","5434.3359375","5434.3359375"
"5895.256753656","5434.3359375","5434.3359375","5434.3359375"
"5905.255549449","5434.3359375","5434.3359375","5434.3359375"
"5915.256512152","5434.3359375","5434.3359375","5434.3359375"
"5925.255531564","5434.3359375","5434.3359375","5434.3359375"
"5935.255742058","5434.3359375","5434.3359375","5434.3359375"
"5945.256277318","5434.3359375","5434.3359375","5434.3359375"
"5955.256651279","5434.3359375","5434.3359375","5434.3359375"
"5965.256079402","5434.3359375","5434.3359375","5434.3359375"
"5975.255961372","5434.3359375","5434.3359375","5434.3359375"
"5985.255995057","5434.3359375","5434.3359375","5434.3359375"
"5995.255828741","5434.3359375","5434.3359375","5434.3359375"
"6005.255661566","5434.3359375","5434.3359375","5434.3359375"
"6015.257355691","5434.3359375","5434.3359375","5434.3359375"
"6025.255727926","5434.3359375","5434.3359375","5434.3359375"
"6035.256429433","5434.3359375","5434.3359375","5434.3359375"
"6045.256255453","5434.3359375","5434.3359375","5434.3359375"
"6055.256249095","5434.3359375","5434.3359375","5434.3359375"
"6065.256418909","5434.3359375","5434.3359375","5434.3359375"
"6075.255990213","5434.3359375","5434.3359375","5434.3359375"
"6085.25575485","5434.3359375","5434.3359375","5434.3359375"
"6095.256027806","5434.3359375","5434.3359375","5434.3359375"
"6105.257017645","5434.3359375","5434.3359375","5434.3359375"
"6115.256072607","5434.3359375","5434.3359375","5434.3359375"
"6125.256489894","5434.3359375","5434.3359375","5434.3359375"
"6135.256277338","5434.3359375","5434.3359375","5434.3359375"
"6145.255801766","5434.3359375","5434.3359375","5434.3359375"
"6155.256386495","5434.3359375","5434.3359375","5434.3359375"
"6165.255751646","5434.3359375","5434.3359375","5434.3359375"
"6175.256084849","5434.3359375","5434.3359375","5434.3359375"
"6185.256200731","5434.3359375","5434.3359375","5434.3359375"
"6195.256354617","5434.3359375","5434.3359375","5434.3359375"
"6205.256198968","5434.3359375","5434.3359375","5434.3359375"
"6215.256123555","5434.3359375","5434.3359375","5434.3359375"
"6225.255991541","5434.3359375","5434.3359375","5434.3359375"
"6235.256017083","5434.3359375","5434.3359375","5434.3359375"
"6245.25706806","5434.3359375","5434.3359375","5434.3359375"
"6255.256656001","5434.3359375","5434.3359375","5434.3359375"
"6265.255525281","5434.3359375","5434.3359375","5434.3359375"
"6275.255763049","5434.3359375","5434.3359375","5434.3359375"
"6285.256083325","5434.3359375","5434.3359375","5434.3359375"
"6295.256271397","5434.3359375","5434.3359375","5434.3359375"
"6305.256373658","5434.3359375","5434.3359375","5434.3359375"
"6315.255639946","5434.3359375","5434.3359375","5434.3359375"
"6325.256132694","5434.3359375","5434.3359375","5434.3359375"
"6335.25575849","5434.3359375","5434.3359375","5434.3359375"
"6345.256173797","5434.3359375","5434.3359375","5434.3359375"
"6355.256612746","5434.3359375","5434.3359375","5434.3359375"
"6365.256017467","5434.3359375","5434.3359375","5434.3359375"
"6375.255931723","5434.3359375","5434.3359375","5434.3359375"
"6385.256465577","5434.3359375","5434.3359375","5434.3359375"
"6395.255859989","5434.3359375","5434.3359375","5434.3359375"
"6405.255686109","5434.3359375","5434.3359375","5434.3359375"
"6415.255614949","5434.3359375","5434.3359375","5434.3359375"
"6425.25608813","5434.3359375","5434.3359375","5434.3359375"
"6435.256419975","5434.3359375","5434.3359375","5434.3359375"
"6445.255981391","5434.3359375","5434.3359375","5434.3359375"
"6455.256518934","5434.3359375","5434.3359375","5434.3359375"
"6465.255731437","5434.3359375","5434.3359375","5434.3359375"
"6475.256236769","5434.3359375","5434.3359375","5434.3359375"
"6485.257308954","5434.3359375","5434.3359375","5434.3359375"
"6495.257084316","5434.3359375","5434.3359375","5434.3359375"
"6505.256457182","5434.3359375","5434.3359375","5434.3359375"
"6515.256257537","5434.3359375","5434.3359375","5434.3359375"
"6525.256337738","5434.3359375","5434.3359375","5434.3359375"
"6535.256155721","5434.3359375","5434.3359375","5434.3359375"
"6545.256007635","5434.3359375","5434.3359375","5434.3359375"
"6555.256480767","5434.3359375","5434.3359375","5434.3359375"
"6565.256558089","5434.3359375","5434.3359375","5434.3359375"
"6575.256129228","5434.3359375","5434.3359375","5434.3359375"
"6585.256154607","5434.3359375","5434.3359375","5434.3359375"
"6595.256227632","5434.3359375","5434.3359375","5434.3359375"
"6605.256424797","5434.3359375","5434.3359375","5434.3359375"
"6615.256604885","5434.3359375","5434.3359375","5434.3359375"
"6625.256778238","5434.3359375","5434.3359375","5434.3359375"
"6635.256074109","5434.3359375","5434.3359375","5434.3359375"
"6645.255645806","5434.3359375","5434.3359375","5434.3359375"
"6655.25556907","5434.3359375","5434.3359375","5434.3359375"
"6665.256491268","5434.3359375","5434.3359375","5434.3359375"
"6675.256310717","5434.3359375","5434.3359375","5434.3359375"
"6685.256506647","5434.3359375","5434.3359375","5434.3359375"
"6695.255826895","5434.3359375","5434.3359375","5434.3359375"
"6705.256220404","5434.3359375","5434.3359375","5434.3359375"
"6715.255709435","5434.3359375","5434.3359375","5434.3359375"
"6725.256106142","5434.3359375","5434.3359375","5434.3359375"
"6735.256689105","5434.3359375","5434.3359375","5434.3359375"
"6745.256457781","5434.3359375","5434.3359375","5434.3359375"
"6755.256110362","5434.3359375","5434.3359375","5434.3359375"
"6765.25678992","5434.3359375","5434.3359375","5434.3359375"
"6775.256318486","5434.3359375","5434.3359375","5434.3359375"
"6785.255952462","5434.3359375","5434.3359375","5434.3359375"
"6795.256566248","5434.3359375","5434.3359375","5434.3359375"
"6805.256421299","5434.3359375","5434.3359375","5434.3359375"
"6815.256169597","5434.3359375","5434.3359375","5434.3359375"
"6825.256407914","5434.3359375","5434.3359375","5434.3359375"
"6835.255889163","5434.3359375","5434.3359375","5434.3359375"
"6845.256240828","5434.3359375","5434.3359375","5434.3359375"
"6855.255552825","5434.3359375","5434.3359375","5434.3359375"
"6865.256397308","5434.3359375","5434.3359375","5434.3359375"
"6875.256098166","5434.3359375","5434.3359375","5434.3359375"
"6885.255640752","5434.3359375","5434.3359375","5434.3359375"
"6895.256560683","5434.3359375","5434.3359375","5434.3359375"
"6905.255971335","5434.3359375","5434.3359375","5434.3359375"
"6915.256853036","5434.3359375","5434.3359375","5434.3359375"
"6925.256586498","5434.3359375","5434.3359375","5434.3359375"
"6935.256352288","5434.3359375","5434.3359375","5434.3359375"
"6945.255681084","5434.3359375","5434.3359375","5434.3359375"
"6955.256239377","5434.3359375","5434.3359375","5434.3359375"
"6965.256510148","5434.3359375","5434.3359375","5434.3359375"
"6975.25661414","5434.3359375","5434.3359375","5434.3359375"
"6985.256114029","5434.3359375","5434.3359375","5434.3359375"
"6995.256282352","5434.3359375","5434.3359375","5434.3359375"
"7005.256130895","5434.3359375","5434.3359375","5434.3359375"
"7015.256141234","5434.3359375","5434.3359375","5434.3359375"
"7025.25618843","5434.3359375","5434.3359375","5434.3359375"
"7035.255741238","5434.3359375","5434.3359375","5434.3359375"
"7045.256099557","5434.3359375","5434.3359375","5434.3359375"
"7055.256462835","5434.3359375","5434.3359375","5434.3359375"
"7065.256431975","5434.3359375","5434.3359375","5434.3359375"
"7075.255724929","5434.3359375","5434.3359375","5434.3359375"
"7085.255833727","5434.3359375","5434.3359375","5434.3359375"
"7095.255730401","5434.3359375","5434.3359375","5434.3359375"
"7105.256047969","5434.3359375","5434.3359375","5434.3359375"
"7115.255722138","5434.3359375","5434.3359375","5434.3359375"
"7125.255989044","5434.3359375","5434.3359375","5434.3359375"
"7135.256460507","5434.3359375","5434.3359375","5434.3359375"
"7145.256259898","5434.3359375","5434.3359375","5434.3359375"
"7155.256139969","5434.3359375","5434.3359375","5434.3359375"
"7165.256089821","5434.3359375","5434.3359375","5434.3359375"
"7175.256109363","5434.3359375","5434.3359375","5434.3359375"
"7185.256482694","5434.3359375","5434.3359375","5434.3359375"
"7195.256494841","5434.3359375","5434.3359375","5434.3359375"
"7205.256496318","5434.3359375","5434.3359375","5434.3359375"
"7215.255989673","5434.3359375","5434.3359375","5434.3359375"
"7225.256061915","5434.3359375","5434.3359375","5434.3359375"
"7235.256220129","5434.3359375","5434.3359375","5434.3359375"
"7245.257118252","5434.3359375","5434.3359375","5434.3359375"
"7255.256394655","5434.3359375","5434.3359375","5434.3359375"
"7265.255804145","5434.3359375","5434.3359375","5434.3359375"
"7275.255787341","5434.3359375","5434.3359375","5434.3359375"
"7285.256503467","5434.3359375","5434.3359375","5434.3359375"
"7295.256493903","5434.3359375","5434.3359375","5434.3359375"
"7305.255695952","5434.3359375","5434.3359375","5434.3359375"
"7315.256462065","5434.3359375","5434.3359375","5434.3359375"
"7325.25640917","5434.3359375","5434.3359375","5434.3359375"
"7335.256094884","5434.3359375","5434.3359375","5434.3359375"
"7345.25649303","5434.3359375","5434.3359375","5434.3359375"
"7355.256304274","5434.3359375","5434.3359375","5434.3359375"
"7365.255637228","5434.3359375","5434.3359375","5434.3359375"
"7375.256229052","5434.3359375","5434.3359375","5434.3359375"
"7385.256383799","5434.3359375","5434.3359375","5434.3359375"
"7395.256557027","5434.3359375","5434.3359375","5434.3359375"
"7405.256458169","5434.3359375","5434.3359375","5434.3359375"
"7415.256287552","5434.3359375","5434.3359375","5434.3359375"
"7425.257551591","5434.3359375","5434.3359375","5434.3359375"
"7435.255802983","5434.3359375","5434.3359375","5434.3359375"
"7445.256029491","5434.3359375","5434.3359375","5434.3359375"
"7455.256566136","5434.3359375","5434.3359375","5434.3359375"
"7465.256615049","5434.3359375","5434.3359375","5434.3359375"
"7475.256282053","5434.3359375","5434.3359375","5434.3359375"
"7485.257034505","5434.3359375","5434.3359375","5434.3359375"
"7495.255968096","5434.3359375","5434.3359375","5434.3359375"
"7505.256485796","5434.3359375","5434.3359375","5434.3359375"
"7515.256624015","5434.3359375","5434.3359375","5434.3359375"
"7525.255922834","5434.3359375","5434.3359375","5434.3359375"
"7535.257503317","5434.3359375","5434.3359375","5434.3359375"
"7545.256274072","5434.3359375","5434.3359375","5434.3359375"
"7555.255766737","5434.3359375","5434.3359375","5434.3359375"
"7565.2558849","5434.3359375","5434.3359375","5434.3359375"
"7575.255652323","5434.3359375","5434.3359375","5434.3359375"
"7585.256394228","5434.3359375","5434.3359375","5434.3359375"
"7595.256411447","5434.3359375","5434.3359375","5434.3359375"
"7605.255777894","5434.3359375","5434.3359375","5434.3359375"
"7615.255724731","5434.3359375","5434.3359375","5434.3359375"
"7625.255695787","5434.3359375","5434.3359375","5434.3359375"
"7635.25579484","5434.3359375","5434.3359375","5434.3359375"
"7645.25569647","5434.3359375","5434.3359375","5434.3359375"
"7655.256502655","5434.3359375","5434.3359375","5434.3359375"
"7665.256137171","5434.3359375","5434.3359375","5434.3359375"
"7675.256106073","5434.3359375","5434.3359375","5434.3359375"
"7685.25625607","5434.3359375","5434.3359375","5434.3359375"
"7695.257084511","5434.3359375","5434.3359375","5434.3359375"
"7705.256244851","5434.3359375","5434.3359375","5434.3359375"
"7715.255556192","5434.3359375","5434.3359375","5434.3359375"
"7725.256826392","5434.3359375","5434.3359375","5434.3359375"
"7735.255802636","5434.3359375","5434.3359375","5434.3359375"
"7745.256513602","5434.3359375","5434.3359375","5434.3359375"
"7755.256194049","5434.3359375","5434.3359375","5434.3359375"
"7765.256390214","5434.3359375","5434.3359375","5434.3359375"
"7775.256377313","5434.3359375","5434.3359375","5434.3359375"
"7785.255746189","5434.3359375","5434.3359375","5434.3359375"
"7795.256156999","5434.3359375","5434.3359375","5434.3359375"
"7805.256509318","5434.3359375","5434.3359375","5434.3359375"
"7815.255771696","5434.3359375","5434.3359375","5434.3359375"
"7825.256105673","5434.3359375","5434.3359375","5434.3359375"
"7835.256083969","5434.3359375","5434.3359375","5434.3359375"
"7845.256045413","5434.3359375","5434.3359375","5434.3359375"
"7855.25662381","5434.3359375","5434.3359375","5434.3359375"
"7865.255532975","5434.3359375","5434.3359375","5434.3359375"
"7875.255978583","5434.3359375","5434.3359375","5434.3359375"
"7885.256058185","5434.3359375","5434.3359375","5434.3359375"
"7895.256067694","5434.3359375","5434.3359375","5434.3359375"
"7905.256337669","5434.3359375","5434.3359375","5434.3359375"
"7915.256388139","5434.3359375","5434.3359375","5434.3359375"
"7925.25576292","5434.3359375","5434.3359375","5434.3359375"
"7935.255962976","5434.3359375","5434.3359375","5434.3359375"
"7945.256433076","5434.3359375","5434.3359375","5434.3359375"
"7955.255795922","5434.3359375","5434.3359375","5434.3359375"
"7965.255795181","5434.3359375","5434.3359375","5434.3359375"
"7975.255836092","5434.3359375","5434.3359375","5434.3359375"
"7985.256001097","5434.3359375","5434.3359375","5434.3359375"
"7995.256428285","5434.3359375","5434.3359375","5434.3359375"
"8005.256526785","5434.3359375","5434.3359375","5434.3359375"
"8015.256467954","5434.3359375","5434.3359375","5434.3359375"
"8025.25705286","5434.3359375","5434.3359375","5434.3359375"
"8035.255915463","5434.3359375","5434.3359375","5434.3359375"
"8045.255965658","5434.3359375","5434.3359375","5434.3359375"
"8055.256317386","5434.3359375","5434.3359375","5434.3359375"
"8065.256583439","5434.3359375","5434.3359375","5434.3359375"
"8075.256661327","5434.3359375","5434.3359375","5434.3359375"
"8085.256707739","5434.3359375","5434.3359375","5434.3359375"
"8095.256062704","5434.3359375","5434.3359375","5434.3359375"
"8105.256067548","5434.3359375","5434.3359375","5434.3359375"
"8115.256306077","5434.3359375","5434.3359375","5434.3359375"
"8125.256169032","5434.3359375","5434.3359375","5434.3359375"
"8135.255613446","5434.3359375","5434.3359375","5434.3359375"
"8145.256821558","5434.3359375","5434.3359375","5434.3359375"
"8155.255794506","5434.3359375","5434.3359375","5434.3359375"
"8165.256024186","5434.3359375","5434.3359375","5434.3359375"
"8175.257091826","5434.3359375","5434.3359375","5434.3359375"
"8185.256269293","5434.3359375","5434.3359375","5434.3359375"
"8195.25625419","5434.3359375","5434.3359375","5434.3359375"
"8205.256750035","5434.3359375","5434.3359375","5434.3359375"
"8215.256630072","5434.3359375","5434.3359375","5434.3359375"
"8225.256252421","5434.3359375","5434.3359375","5434.3359375"
"8235.25660529","5434.3359375","5434.3359375","5434.3359375"
"8245.256369932","5434.3359375","5434.3359375","5434.3359375"
"8255.25628508","5434.3359375","5434.3359375","5434.3359375"
"8265.256918386","5434.3359375","5434.3359375","5434.3359375"
"8275.256383388","5434.3359375","5434.3359375","5434.3359375"
"8285.256497612","5434.3359375","5434.3359375","5434.3359375"
"8295.255745292","5434.3359375","5434.3359375","5434.3359375"
"8305.256059919","5434.3359375","5434.3359375","5434.3359375"
"8315.255693364","5434.3359375","5434.3359375","5434.3359375"
"8325.256194899","5434.3359375","5434.3359375","5434.3359375"
"8335.256487205","5434.3359375","5434.3359375","5434.3359375"
"8345.256200302","5434.3359375","5434.3359375","5434.3359375"
"8355.256560507","5434.3359375","5434.3359375","5434.3359375"
"8365.255741753","5434.3359375","5434.3359375","5434.3359375"
"8375.2564362","5434.3359375","5434.3359375","5434.3359375"
"8385.25624313","5434.3359375","5434.3359375","5434.3359375"
"8395.255997772","5434.3359375","5434.3359375","5434.3359375"
"8405.256867208","5434.3359375","5434.3359375","5434.3359375"
"8415.256151481","5434.3359375","5434.3359375","5434.3359375"
"8425.256486933","5434.3359375","5434.3359375","5434.3359375"
"8435.256431153","5434.3359375","5434.3359375","5434.3359375"
"8445.256107357","5434.3359375","5434.3359375","5434.3359375"
"8455.25569824","5434.3359375","5434.3359375","5434.3359375"
"8465.256202841","5434.3359375","5434.3359375","5434.3359375"
"8475.255504515","5434.3359375","5434.3359375","5434.3359375"
"8485.255666283","5434.3359375","5434.3359375","5434.3359375"
"8495.256440423","5434.3359375","5434.3359375","5434.3359375"
"8505.25655009","5434.3359375","5434.3359375","5434.3359375"
"8515.255922586","5434.3359375","5434.3359375","5434.3359375"
"8525.255683792","5434.3359375","5434.3359375","5434.3359375"
"8535.255753426","5434.3359375","5434.3359375","5434.3359375"
"8545.256346567","5434.3359375","5434.3359375","5434.3359375"
"8555.256409253","5434.3359375","5434.3359375","5434.3359375"
"8565.25582163","5434.3359375","5434.3359375","5434.3359375"
"8575.25659715","5434.3359375","5434.3359375","5434.3359375"
"8585.257035428","5434.3359375","5434.3359375","5434.3359375"
"8595.255722942","5434.3359375","5434.3359375","5434.3359375"
"8605.255857989","5434.3359375","5434.3359375","5434.3359375"
"8615.256170906","5434.3359375","5434.3359375","5434.3359375"
"8625.256315185","5434.3359375","5434.3359375","5434.3359375"
"8635.25559189","5434.3359375","5434.3359375","5434.3359375"
"8645.256540742","5434.3359375","5434.3359375","5434.3359375"
"8655.256729163","5434.3359375","5434.3359375","5434.3359375"
"8665.255774462","5434.3359375","5434.3359375","5434.3359375"
"8675.255731334","5434.3359375","5434.3359375","5434.3359375"
"8685.257279938","5434.3359375","5434.3359375","5434.3359375"
"8695.256014479","5434.3359375","5434.3359375","5434.3359375"
"8705.256539331","5434.3359375","5434.3359375","5434.3359375"
"8715.256975857","5434.3359375","5434.3359375","5434.3359375"
"8725.256433024","5434.3359375","5434.3359375","5434.3359375"
"8735.256178102","5434.3359375","5434.3359375","5434.3359375"
"8745.256486656","5434.3359375","5434.3359375","5434.3359375"
"8755.256257718","5434.3359375","5434.3359375","5434.3359375"
"8765.255969452","5434.3359375","5434.3359375","5434.3359375"
"8775.255844211","5434.3359375","5434.3359375","5434.3359375"
"8785.256453104","5434.3359375","5434.3359375","5434.3359375"
"8795.256060975","5434.3359375","5434.3359375","5434.3359375"
"8805.256735055","5434.3359375","5434.3359375","5434.3359375"
"8815.256332199","5434.3359375","5434.3359375","5434.3359375"
"8825.256737512","5434.3359375","5434.3359375","5434.3359375"
"8835.256456066","5434.3359375","5434.3359375","5434.3359375"
"8845.256110323","5434.3359375","5434.3359375","5434.3359375"
"8855.256317699","5434.3359375","5434.3359375","5434.3359375"
"8865.256466362","5434.3359375","5434.3359375","5434.3359375"
"8875.256545123","5434.3359375","5434.3359375","5434.3359375"
"8885.256304231","5434.3359375","5434.3359375","5434.3359375"
"8895.256053004","5434.3359375","5434.3359375","5434.3359375"
"8905.255989458","5434.3359375","5434.3359375","5434.3359375"
"8915.255654474","5434.3359375","5434.3359375","5434.3359375"
"8925.256017711","5434.3359375","5434.3359375","5434.3359375"
"8935.256052629","5434.3359375","5434.3359375","5434.3359375"
"8945.255760232","5434.3359375","5434.3359375","5434.3359375"
"8955.25621067","5434.3359375","5434.3359375","5434.3359375"
"8965.256036151","5434.3359375","5434.3359375","5434.3359375"
"8975.256120418","5434.3359375","5434.3359375","5434.3359375"
"8985.257070348","5434.3359375","5434.3359375","5434.3359375"
"8995.255707472","5434.3359375","5434.3359375","5434.3359375"
"9005.255716462","5434.3359375","5434.3359375","5434.3359375"
"9015.255572465","5434.3359375","5434.3359375","5434.3359375"
"9025.256226169","5434.3359375","5434.3359375","5434.3359375"
"9035.256054274","5434.3359375","5434.3359375","5434.3359375"
"9045.256355295","5434.3359375","5434.3359375","5434.3359375"
"9055.258942187","5434.3359375","5434.3359375","5434.3359375"
"9065.256468275","5434.3359375","5434.3359375","5434.3359375"
"9075.255613245","5434.3359375","5434.3359375","5434.3359375"
"9085.256957309","5434.3359375","5434.3359375","5434.3359375"
"9095.255772883","5434.3359375","5434.3359375","5434.3359375"
"9105.25664859","5434.3359375","5434.3359375","5434.3359375"
"9115.256446958","5434.3359375","5434.3359375","5434.3359375"
"9125.255830001","5434.3359375","5434.3359375","5434.3359375"
"9135.256023743","5434.3359375","5434.3359375","5434.3359375"
"9145.256246223","5434.3359375","5434.3359375","5434.3359375"
"9155.256219123","5434.3359375","5434.3359375","5434.3359375"
"9165.256111038","5434.3359375","5434.3359375","5434.3359375"
"9175.256568569","5434.3359375","5434.3359375","5434.3359375"
"9185.256017234","5434.3359375","5434.3359375","5434.3359375"
"9195.25632209","5434.3359375","5434.3359375","5434.3359375"
"9205.255986485","5434.3359375","5434.3359375","5434.3359375"
"9215.256622912","5434.3359375","5434.3359375","5434.3359375"
"9225.255700324","5434.3359375","5434.3359375","5434.3359375"
"9235.255562919","5434.3359375","5434.3359375","5434.3359375"
"9245.256220035","5434.3359375","5434.3359375","5434.3359375"
"9255.255701199","5434.3359375","5434.3359375","5434.3359375"
"9265.256566797","5434.3359375","5434.3359375","5434.3359375"
"9275.256815012","5434.3359375","5434.3359375","5434.3359375"
"9285.255675067","5434.3359375","5434.3359375","5434.3359375"
"9295.255607977","5434.3359375","5434.3359375","5434.3359375"
"9305.256578808","5434.3359375","5434.3359375","5434.3359375"
"9315.25644256","5434.3359375","5434.3359375","5434.3359375"
"9325.256545136","5434.3359375","5434.3359375","5434.3359375"
"9335.255767537","5434.3359375","5434.3359375","5434.3359375"
"9345.256148029","5434.3359375","5434.3359375","5434.3359375"
"9355.256391976","5434.3359375","5434.3359375","5434.3359375"
"9365.255847053","5434.3359375","5434.3359375","5434.3359375"
"9375.256294298","5434.3359375","5434.3359375","5434.3359375"
"9385.256088201","5434.3359375","5434.3359375","5434.3359375"
"9395.256419304","5434.3359375","5434.3359375","5434.3359375"
"9405.255736593","5434.3359375","5434.3359375","5434.3359375"
"9415.256765449","5434.3359375","5434.3359375","5434.3359375"
"9425.256214407","5434.3359375","5434.3359375","5434.3359375"
"9435.25648556","5434.3359375","5434.3359375","5434.3359375"
"9445.256375263","5434.3359375","5434.3359375","5434.3359375"
"9455.256835935","5434.3359375","5434.3359375","5434.3359375"
"9465.25679281","5434.3359375","5434.3359375","5434.3359375"
"9475.255614976","5434.3359375","5434.3359375","5434.3359375"
"9485.256579734","5434.3359375","5434.3359375","5434.3359375"
"9495.255977445","5434.3359375","5434.3359375","5434.3359375"
"9505.255537663","5434.3359375","5434.3359375","5434.3359375"
"9515.25607029","5434.3359375","5434.3359375","5434.3359375"
"9525.256332303","5434.3359375","5434.3359375","5434.3359375"
"9535.256039906","5434.3359375","5434.3359375","5434.3359375"
"9545.256149245","5434.3359375","5434.3359375","5434.3359375"
"9555.256145644","5434.3359375","5434.3359375","5434.3359375"
"9565.256268249","5434.3359375","5434.3359375","5434.3359375"
"9575.256107731","5434.3359375","5434.3359375","5434.3359375"
"9585.255996914","5434.3359375","5434.3359375","5434.3359375"
"9595.256511211","5434.3359375","5434.3359375","5434.3359375"
"9605.256536665","5434.3359375","5434.3359375","5434.3359375"
"9615.256770248","5434.3359375","5434.3359375","5434.3359375"
"9625.256310258","5434.3359375","5434.3359375","5434.3359375"
"9635.255982576","5434.3359375","5434.3359375","5434.3359375"
"9645.256394355","5434.3359375","5434.3359375","5434.3359375"
"9655.256510851","5434.3359375","5434.3359375","5434.3359375"
"9665.256584547","5434.3359375","5434.3359375","5434.3359375"
"9675.256188387","5434.3359375","5434.3359375","5434.3359375"
"9685.255828534","5434.3359375","5434.3359375","5434.3359375"
"9695.255537201","5434.3359375","5434.3359375","5434.3359375"
"9705.255619811","5434.3359375","5434.3359375","5434.3359375"
"9715.25604101","5434.3359375","5434.3359375","5434.3359375"
"9725.255791757","5434.3359375","5434.3359375","5434.3359375"
"9735.256490281","5434.3359375","5434.3359375","5434.3359375"
"9745.256363515","5434.3359375","5434.3359375","5434.3359375"
"9755.256141225","5434.3359375","5434.3359375","5434.3359375"
"9765.256195651","5434.3359375","5434.3359375","5434.3359375"
"9775.256091358","5434.3359375","5434.3359375","5434.3359375"
"9785.256052811","5434.3359375","5434.3359375","5434.3359375"
"9795.256533655","5434.3359375","5434.3359375","5434.3359375"
"9805.255594739","5434.3359375","5434.3359375","5434.3359375"
"9815.256499033","5434.3359375","5434.3359375","5434.3359375"
"9825.256216237","5434.3359375","5434.3359375","5434.3359375"
"9835.255761165","5434.3359375","5434.3359375","5434.3359375"
"9845.256614003","5434.3359375","5434.3359375","5434.3359375"
"9855.256473328","5434.3359375","5434.3359375","5434.3359375"
"9865.256053682","5434.3359375","5434.3359375","5434.3359375"
"9875.256549061","5434.3359375","5434.3359375","5434.3359375"
"9885.255833208","5434.3359375","5434.3359375","5434.3359375"
"9895.255750385","5434.3359375","5434.3359375","5434.3359375"
"9905.255981751","5434.3359375","5434.3359375","5434.3359375"
"9915.25655588","5434.3359375","5434.3359375","5434.3359375"
"9925.256738455","5434.3359375","5434.3359375","5434.3359375"
"9935.256371523","5434.3359375","5434.3359375","5434.3359375"
"9945.256518186","5434.3359375","5434.3359375","5434.3359375"
"9955.256317201","5434.3359375","5434.3359375","5434.3359375"
"9965.256485409","5434.3359375","5434.3359375","5434.3359375"
"9975.255854968","5434.3359375","5434.3359375","5434.3359375"
"9985.255562283","5434.3359375","5434.3359375","5434.3359375"
"9995.256185604","5434.3359375","5434.3359375","5434.3359375"
"10005.256955405","5434.3359375","5434.3359375","5434.3359375"
"10015.256214296","5434.3359375","5434.3359375","5434.3359375"
"10025.256144362","5434.3359375","5434.3359375","5434.3359375"
"10035.255852363","5434.3359375","5434.3359375","5434.3359375"
"10045.256296842","5434.3359375","5434.3359375","5434.3359375"
"10055.255640298","5434.3359375","5434.3359375","5434.3359375"
"10065.256470248","5434.3359375","5434.3359375","5434.3359375"
"10075.256078274","5434.3359375","5434.3359375","5434.3359375"
"10085.255825844","5434.3359375","5434.3359375","5434.3359375"
"10095.257367309","5434.3359375","5434.3359375","5434.3359375"
"10105.255807014","5434.3359375","5434.3359375","5434.3359375"
"10115.256300351","5434.3359375","5434.3359375","5434.3359375"
"10125.256121078","5434.3359375","5434.3359375","5434.3359375"
"10135.255658994","5434.3359375","5434.3359375","5434.3359375"
"10145.256464963","5434.3359375","5434.3359375","5434.3359375"
"10155.256477598","5434.3359375","5434.3359375","5434.3359375"
"10165.256372032","5434.3359375","5434.3359375","5434.3359375"
"10175.256138688","5434.3359375","5434.3359375","5434.3359375"
"10185.256884412","5434.3359375","5434.3359375","5434.3359375"
"10195.255847214","5434.3359375","5434.3359375","5434.3359375"
"10205.25593568","5434.3359375","5434.3359375","5434.3359375"
"10215.256492337","5434.3359375","5434.3359375","5434.3359375"
"10225.256552212","5434.3359375","5434.3359375","5434.3359375"
"10235.256495036","5434.3359375","5434.3359375","5434.3359375"
"10245.256068161","5434.3359375","5434.3359375","5434.3359375"
"10255.256036146","5434.3359375","5434.3359375","5434.3359375"
"10265.256409343","5434.3359375","5434.3359375","5434.3359375"
"10275.25710326","5434.3359375","5434.3359375","5434.3359375"
"10285.256598184","5434.3359375","5434.3359375","5434.3359375"
"10295.256464319","5434.3359375","5434.3359375","5434.3359375"
"10305.255786205","5434.3359375","5434.3359375","5434.3359375"
"10315.256569648","5434.3359375","5434.3359375","5434.3359375"
"10325.255822445","5434.3359375","5434.3359375","5434.3359375"
"10335.256643591","5434.3359375","5434.3359375","5434.3359375"
"10345.256015697","5434.3359375","5434.3359375","5434.3359375"
"10355.256288302","5434.3359375","5434.3359375","5434.3359375"
"10365.255517774","5434.3359375","5434.3359375","5434.3359375"
"10375.256081198","5434.3359375","5434.3359375","5434.3359375"
"10385.256311966","5434.3359375","5434.3359375","5434.3359375"
"10395.256977679","5434.3359375","5434.3359375","5434.3359375"
"10405.256471784","5434.3359375","5434.3359375","5434.3359375"
"10415.25644781","5434.3359375","5434.3359375","5434.3359375"
"10425.256525485","5434.3359375","5434.3359375","5434.3359375"
"10435.25615333","5434.3359375","5434.3359375","5434.3359375"
"10445.256328582","5434.3359375","5434.3359375","5434.3359375"
"10455.255821585","5434.3359375","5434.3359375","5434.3359375"
"10465.256228374","5434.3359375","5434.3359375","5434.3359375"
"10475.25625525","5434.3359375","5434.3359375","5434.3359375"
"10485.255952896","5434.3359375","5434.3359375","5434.3359375"
"10495.258014068","5434.3359375","5434.3359375","5434.3359375"
"10505.256721749","5434.3359375","5434.3359375","5434.3359375"
"10515.256462835","5434.3359375","5434.3359375","5434.3359375"
"10525.256794637","5434.3359375","5434.3359375","5434.3359375"
"10535.255859052","5434.3359375","5434.3359375","5434.3359375"
"10545.255982187","5434.3359375","5434.3359375","5434.3359375"
"10555.256597368","5434.3359375","5434.3359375","5434.3359375"
"10565.256588488","5434.3359375","5434.3359375","5434.3359375"
"10575.256581159","5434.3359375","5434.3359375","5434.3359375"
"10585.255745364","5434.3359375","5434.3359375","5434.3359375"
"10595.255840074","5434.3359375","5434.3359375","5434.3359375"
"10605.255531361","5440.0234375","5440.0234375","5440.0234375"
"10615.256051143","5440.0234375","5440.0234375","5440.0234375"
"10625.256779165","5440.0234375","5440.0234375","5440.0234375"
"10635.256187432","5440.0234375","5440.0234375","5440.0234375"
"10645.256292981","5440.0234375","5440.0234375","5440.0234375"
"10655.256270911","5440.0234375","5440.0234375","5440.0234375"
"10665.25607399","5440.0234375","5440.0234375","5440.0234375"
"10675.256437533","5440.0234375","5440.0234375","5440.0234375"
"10685.25639516","5440.0234375","5440.0234375","5440.0234375"
"10695.255634038","5440.0234375","5440.0234375","5440.0234375"
"10705.256233528","5440.0234375","5440.0234375","5440.0234375"
"10715.256413105","5440.0234375","5440.0234375","5440.0234375"
"10725.255608767","5440.0234375","5440.0234375","5440.0234375"
"10735.255828795","5440.0234375","5440.0234375","5440.0234375"
"10745.256602387","5440.1484375","5440.1484375","5440.1484375"
"10755.255800308","5440.1484375","5440.1484375","5440.1484375"
"10765.256116645","5440.1484375","5440.1484375","5440.1484375"
"10775.256515515","5440.1484375","5440.1484375","5440.1484375"
"10785.256765448","5440.1484375","5440.1484375","5440.1484375"
"10795.255933392","5440.1484375","5440.1484375","5440.1484375"
"10805.256713506","5440.1484375","5440.1484375","5440.1484375"
"10815.256866269","5440.1484375","5440.1484375","5440.1484375"
"10825.2564039","5440.1484375","5440.1484375","5440.1484375"
"10835.256131782","5440.1484375","5440.1484375","5440.1484375"
"10845.256938529","5440.1484375","5440.1484375","5440.1484375"
"10855.255940237","5440.1484375","5440.1484375","5440.1484375"
"10865.256362365","5440.1484375","5440.1484375","5440.1484375"
"10875.256037778","5440.1484375","5440.1484375","5440.1484375"
"10885.256109346","5440.1484375","5440.1484375","5440.1484375"
"10895.256083342","5440.1484375","5440.1484375","5440.1484375"
"10905.256539195","5440.1484375","5440.1484375","5440.1484375"
"10915.256373122","5440.1484375","5440.1484375","5440.1484375"
"10925.256693052","5440.1484375","5440.1484375","5440.1484375"
"10935.256640839","5440.1484375","5440.1484375","5440.1484375"
"10945.256598975","5440.1484375","5440.1484375","5440.1484375"
"10955.255810793","5440.1484375","5440.1484375","5440.1484375"
"10965.256333156","5440.1484375","5440.1484375","5440.1484375"
"10975.25612693","5440.1484375","5440.1484375","5440.1484375"
"10985.25631437","5440.1484375","5440.1484375","5440.1484375"
"10995.256621451","5440.1484375","5440.1484375","5440.1484375"
"11005.255543571","5440.1484375","5440.1484375","5440.1484375"
"11015.25692866","5440.1484375","5440.1484375","5440.1484375"
"11025.255760081","5440.1484375","5440.1484375","5440.1484375"
"11035.255861168","5440.1484375","5440.1484375","5440.1484375"
"11045.256229338","5440.1484375","5440.1484375","5440.1484375"
"11055.25649966","5440.1484375","5440.1484375","5440.1484375"
"11065.256105704","5440.1484375","5440.1484375","5440.1484375"
"11075.256317991","5440.1484375","5440.1484375","5440.1484375"
"11085.256128556","5440.1484375","5440.1484375","5440.1484375"
"11095.256094837","5440.1484375","5440.1484375","5440.1484375"
"11105.256108735","5440.1484375","5440.1484375","5440.1484375"
"11115.256508917","5440.1484375","5440.1484375","5440.1484375"
"11125.25639947","5440.1484375","5440.1484375","5440.1484375"
"11135.256452583","5440.1484375","5440.1484375","5440.1484375"
"11145.256152457","5440.1484375","5440.1484375","5440.1484375"
"11155.256327026","5440.1484375","5440.1484375","5440.1484375"
"11165.256345499","5440.1484375","5440.1484375","5440.1484375"
"11175.256379246","5440.1484375","5440.1484375","5440.1484375"
"11185.256106906","5440.1484375","5440.1484375","5440.1484375"
"11195.256341228","5440.1484375","5440.1484375","5440.1484375"
"11205.256422988","5440.1484375","5440.1484375","5440.1484375"
"11215.255849155","5440.1484375","5440.1484375","5440.1484375"
"11225.256118842","5440.1484375","5440.1484375","5440.1484375"
"11235.256244679","5440.1484375","5440.1484375","5440.1484375"
"11245.256511248","5440.1484375","5440.1484375","5440.1484375"
"11255.25654951","5440.1484375","5440.1484375","5440.1484375"
"11265.256788065","5440.1484375","5440.1484375","5440.1484375"
"11275.256502223","5440.1484375","5440.1484375","5440.1484375"
"11285.256343052","5440.1484375","5440.1484375","5440.1484375"
"11295.256181262","5440.1484375","5440.1484375","5440.1484375"
"11305.25575639","5440.1484375","5440.1484375","5440.1484375"
"11315.256982785","5440.1484375","5440.1484375","5440.1484375"
"11325.255779404","5440.1484375","5440.1484375","5440.1484375"
"11335.255590089","5440.1484375","5440.1484375","5440.1484375"
"11345.256608273","5440.1484375","5440.1484375","5440.1484375"
"11355.255579692","5440.1484375","5440.1484375","5440.1484375"
"11365.256122355","5440.1484375","5440.1484375","5440.1484375"
"11375.256462172","5440.1484375","5440.1484375","5440.1484375"
"11385.256199655","5440.1484375","5440.1484375","5440.1484375"
"11395.256244797","5440.1484375","5440.1484375","5440.1484375"
"11405.255514351","5440.1484375","5440.1484375","5440.1484375"
"11415.255570207","5440.1484375","5440.1484375","5440.1484375"
"11425.25599526","5440.1484375","5440.1484375","5440.1484375"
"11435.255893966","5440.1484375","5440.1484375","5440.1484375"
"11445.25583306","5440.1484375","5440.1484375","5440.1484375"
"11455.256521781","5440.1484375","5440.1484375","5440.1484375"
"11465.256440274","5440.1484375","5440.1484375","5440.1484375"
"11475.255724506","5440.1484375","5440.1484375","5440.1484375"
"11485.255550034","5440.1484375","5440.1484375","5440.1484375"
"11495.255987443","5440.1484375","5440.1484375","5440.1484375"
"11505.256407893","5440.1484375","5440.1484375","5440.1484375"
"11515.256706533","5440.1484375","5440.1484375","5440.1484375"
"11525.256408267","5440.1484375","5440.1484375","5440.1484375"
"11535.256284952","5440.1484375","5440.1484375","5440.1484375"
"11545.256352109","5440.1484375","5440.1484375","5440.1484375"
"11555.256103127","5440.1484375","5440.1484375","5440.1484375"
"11565.256283374","5440.1484375","5440.1484375","5440.1484375"
"11575.255969914","5440.1484375","5440.1484375","5440.1484375"
"11585.256600565","5440.1484375","5440.1484375","5440.1484375"
"11595.255748258","5440.1484375","5440.1484375","5440.1484375"
"11605.256323494","5440.1484375","5440.1484375","5440.1484375"
"11615.256748644","5440.1484375","5440.1484375","5440.1484375"
"11625.256480938","5440.1484375","5440.1484375","5440.1484375"
"11635.256227228","5440.1484375","5440.1484375","5440.1484375"
"11645.256145528","5440.1484375","5440.1484375","5440.1484375"
"11655.256459725","5440.1484375","5440.1484375","5440.1484375"
"11665.256292371","5440.1484375","5440.1484375","5440.1484375"
"11675.255952679","5440.1484375","5440.1484375","5440.1484375"
"11685.256650886","5440.1484375","5440.1484375","5440.1484375"
"11695.255889203","5440.1484375","5440.1484375","5440.1484375"
"11705.256265374","5440.1484375","5440.1484375","5440.1484375"
"11715.256853784","5440.1484375","5440.1484375","5440.1484375"
"11725.255703274","5440.1484375","5440.1484375","5440.1484375"
"11735.256442574","5440.1484375","5440.1484375","5440.1484375"
"11745.25607625","5440.1484375","5440.1484375","5440.1484375"
"11755.256436791","5440.1484375","5440.1484375","5440.1484375"
"11765.256338095","5440.1484375","5440.1484375","5440.1484375"
"11775.255916415","5440.1484375","5440.1484375","5440.1484375"
"11785.256206983","5440.1484375","5440.1484375","5440.1484375"
"11795.256767304","5440.1484375","5440.1484375","5440.1484375"
"11805.256256181","5440.1484375","5440.1484375","5440.1484375"
"11815.256282424","5440.1484375","5440.1484375","5440.1484375"
"11825.256493836","5440.1484375","5440.1484375","5440.1484375"
"11835.256835139","5440.1484375","5440.1484375","5440.1484375"
"11845.256665994","5440.1484375","5440.1484375","5440.1484375"
"11855.25595159","5440.1484375","5440.1484375","5440.1484375"
"11865.25582336","5440.1484375","5440.1484375","5440.1484375"
"11875.256372483","5440.1484375","5440.1484375","5440.1484375"
"11885.256108333","5440.1484375","5440.1484375","5440.1484375"
"11895.255820713","5440.1484375","5440.1484375","5440.1484375"
"11905.255980058","5440.1484375","5440.1484375","5440.1484375"
"11915.256340703","5440.1484375","5440.1484375","5440.1484375"
"11925.256404594","5440.1484375","5440.1484375","5440.1484375"
"11935.256539865","5440.1484375","5440.1484375","5440.1484375"
"11945.255976203","5440.1484375","5440.1484375","5440.1484375"
"11955.256998298","5440.1484375","5440.1484375","5440.1484375"
"11965.255982005","5440.1484375","5440.1484375","5440.1484375"
"11975.256750305","5440.1484375","5440.1484375","5440.1484375"
"11985.256805009","5440.1484375","5440.1484375","5440.1484375"
"11995.255551866","5440.1484375","5440.1484375","5440.1484375"
"12005.256030043","5440.1484375","5440.1484375","5440.1484375"
"12015.255504228","5440.1484375","5440.1484375","5440.1484375"
"12025.255614464","5440.1484375","5440.1484375","5440.1484375"
"12035.255600068","5440.1484375","5440.1484375","5440.1484375"
"12045.257014577","5440.1484375","5440.1484375","5440.1484375"
"12055.256130346","5440.1484375","5440.1484375","5440.1484375"
"12065.256446541","5440.1484375","5440.1484375","5440.1484375"
"12075.256550235","5440.1484375","5440.1484375","5440.1484375"
"12085.256234148","5440.1484375","5440.1484375","5440.1484375"
"12095.256212769","5440.1484375","5440.1484375","5440.1484375"
"12105.256031128","5440.1484375","5440.1484375","5440.1484375"
"12115.256407898","5440.1484375","5440.1484375","5440.1484375"
"12125.255550754","5440.1484375","5440.1484375","5440.1484375"
"12135.255710168","5440.1484375","5440.1484375","5440.1484375"
"12145.255648429","5440.1484375","5440.1484375","5440.1484375"
"12155.255810812","5440.1484375","5440.1484375","5440.1484375"
"12165.255798209","5440.1484375","5440.1484375","5440.1484375"
"12175.256475564","5440.1484375","5440.1484375","5440.1484375"
"12185.257997264","5440.1484375","5440.1484375","5440.1484375"
"12195.255923431","5440.1484375","5440.1484375","5440.1484375"
"12205.255735056","5440.1484375","5440.1484375","5440.1484375"
"12215.256182933","5440.1484375","5440.1484375","5440.1484375"
"12225.257061748","5440.1484375","5440.1484375","5440.1484375"
"12235.256157474","5440.1484375","5440.1484375","5440.1484375"
"12245.256273151","5440.1484375","5440.1484375","5440.1484375"
"12255.258348905","5440.1484375","5440.1484375","5440.1484375"
"12265.255953526","5440.1484375","5440.1484375","5440.1484375"
"12275.255708445","5440.1484375","5440.1484375","5440.1484375"
"12285.255634679","5440.1484375","5440.1484375","5440.1484375"
"12295.256289985","5440.1484375","5440.1484375","5440.1484375"
"12305.25664289","5440.1484375","5440.1484375","5440.1484375"
"12315.256094869","5440.1484375","5440.1484375","5440.1484375"
"12325.256492288","5440.1484375","5440.1484375","5440.1484375"
"12335.256639635","5440.1484375","5440.1484375","5440.1484375"
"12345.255968319","5440.1484375","5440.1484375","5440.1484375"
"12355.256811114","5440.1484375","5440.1484375","5440.1484375"
"12365.256324236","5440.1484375","5440.1484375","5440.1484375"
"12375.256784084","5440.1484375","5440.1484375","5440.1484375"
"12385.256459349","5440.1484375","5440.1484375","5440.1484375"
"12395.256348542","5440.1484375","5440.1484375","5440.1484375"
"12405.25634628","5440.1484375","5440.1484375","5440.1484375"
"12415.25602158","5440.1484375","5440.1484375","5440.1484375"
"12425.255625728","5440.1484375","5440.1484375","5440.1484375"
"12435.257117233","5440.1484375","5440.1484375","5440.1484375"
"12445.256560761","5440.1484375","5440.1484375","5440.1484375"
"12455.255980144","5440.1484375","5440.1484375","5440.1484375"
"12465.257199176","5440.1484375","5440.1484375","5440.1484375"
"12475.256375256","5440.1484375","5440.1484375","5440.1484375"
"12485.25668145","5440.1484375","5440.1484375","5440.1484375"
"12495.255573193","5440.1484375","5440.1484375","5440.1484375"
"12505.255662399","5440.1484375","5440.1484375","5440.1484375"
"12515.256012834","5440.1484375","5440.1484375","5440.1484375"
"12525.255574316","5440.1484375","5440.1484375","5440.1484375"
"12535.255595562","5440.1484375","5440.1484375","5440.1484375"
"12545.256390545","5440.1484375","5440.1484375","5440.1484375"
"12555.256100238","5440.1484375","5440.1484375","5440.1484375"
"12565.256810814","5440.1484375","5440.1484375","5440.1484375"
"12575.255803656","5440.1484375","5440.1484375","5440.1484375"
"12585.255798535","5440.1484375","5440.1484375","5440.1484375"
"12595.25626062","5440.1484375","5440.1484375","5440.1484375"
"12605.255998179","5440.1484375","5440.1484375","5440.1484375"
"12615.256283706","5440.1484375","5440.1484375","5440.1484375"
"12625.256038381","5440.1484375","5440.1484375","5440.1484375"
"12635.25604653","5440.1484375","5440.1484375","5440.1484375"
"12645.257044927","5440.1484375","5440.1484375","5440.1484375"
"12655.256481263","5440.1484375","5440.1484375","5440.1484375"
"12665.255711466","5440.1484375","5440.1484375","5440.1484375"
"12675.25582804","5440.1484375","5440.1484375","5440.1484375"
"12685.256229634","5440.1484375","5440.1484375","5440.1484375"
"12695.255644813","5440.1484375","5440.1484375","5440.1484375"
"12705.257040305","5440.1484375","5440.1484375","5440.1484375"
"12715.256451007","5440.1484375","5440.1484375","5440.1484375"
"12725.256049208","5440.1484375","5440.1484375","5440.1484375"
"12735.256051631","5440.1484375","5440.1484375","5440.1484375"
"12745.255587349","5440.1484375","5440.1484375","5440.1484375"
"12755.256137324","5440.1484375","5440.1484375","5440.1484375"
"12765.256030797","5440.1484375","5440.1484375","5440.1484375"
"12775.256391102","5440.1484375","5440.1484375","5440.1484375"
"12785.255732964","5440.1484375","5440.1484375","5440.1484375"
"12795.256168758","5440.1484375","5440.1484375","5440.1484375"
"12805.256667664","5440.1484375","5440.1484375","5440.1484375"
"12815.256443859","5440.1484375","5440.1484375","5440.1484375"
"12825.256615223","5440.1484375","5440.1484375","5440.1484375"
"12835.256250683","5440.1484375","5440.1484375","5440.1484375"
"12845.256849447","5440.1484375","5440.1484375","5440.1484375"
"12855.255652647","5440.1484375","5440.1484375","5440.1484375"
"12865.256222993","5440.1484375","5440.1484375","5440.1484375"
"12875.256131371","5440.1484375","5440.1484375","5440.1484375"
"12885.256577469","5440.1484375","5440.1484375","5440.1484375"
"12895.256360476","5440.1484375","5440.1484375","5440.1484375"
"12905.255906155","5440.1484375","5440.1484375","5440.1484375"
"12915.255983006","5440.1484375","5440.1484375","5440.1484375"
"12925.256108696","5440.1484375","5440.1484375","5440.1484375"
"12935.255714625","5440.1484375","5440.1484375","5440.1484375"
"12945.256169283","5440.1484375","5440.1484375","5440.1484375"
"12955.256258702","5440.1484375","5440.1484375","5440.1484375"
"12965.256389505","5440.1484375","5440.1484375","5440.1484375"
"12975.255800074","5440.1484375","5440.1484375","5440.1484375"
"12985.256553313","5440.1484375","5440.1484375","5440.1484375"
"12995.256295816","5440.1484375","5440.1484375","5440.1484375"
"13005.256029419","5440.1484375","5440.1484375","5440.1484375"
"13015.256533938","5440.1484375","5440.1484375","5440.1484375"
"13025.256397368","5440.1484375","5440.1484375","5440.1484375"
"13035.256443496","5440.1484375","5440.1484375","5440.1484375"
"13045.256095148","5440.1484375","5440.1484375","5440.1484375"
"13055.256080796","5440.1484375","5440.1484375","5440.1484375"
"13065.255894212","5440.1484375","5440.1484375","5440.1484375"
"13075.255641418","5440.1484375","5440.1484375","5440.1484375"
"13085.256649375","5440.1484375","5440.1484375","5440.1484375"
"13095.256854304","5440.1484375","5440.1484375","5440.1484375"
"13105.256432788","5440.1484375","5440.1484375","5440.1484375"
"13115.256063","5440.1484375","5440.1484375","5440.1484375"
"13125.256100274","5440.1484375","5440.1484375","5440.1484375"
"13135.256236321","5440.1484375","5440.1484375","5440.1484375"
"13145.256278681","5440.1484375","5440.1484375","5440.1484375"
"13155.25639871","5440.1484375","5440.1484375","5440.1484375"
"13165.256335735","5440.1484375","5440.1484375","5440.1484375"
"13175.256605524","5440.1484375","5440.1484375","5440.1484375"
"13185.256044431","5440.1484375","5440.1484375","5440.1484375"
"13195.256459596","5440.1484375","5440.1484375","5440.1484375"
"13205.255715554","5440.1484375","5440.1484375","5440.1484375"
"13215.256146202","5440.1484375","5440.1484375","5440.1484375"
"13225.256319667","5440.1484375","5440.1484375","5440.1484375"
"13235.25616526","5440.1484375","5440.1484375","5440.1484375"
"13245.255760463","5440.1484375","5440.1484375","5440.1484375"
"13255.256329691","5440.1484375","5440.1484375","5440.1484375"
"13265.256158266","5440.1484375","5440.1484375","5440.1484375"
"13275.256161131","5440.1484375","5440.1484375","5440.1484375"
"13285.255647264","5440.1484375","5440.1484375","5440.1484375"
"13295.255867338","5440.1484375","5440.1484375","5440.1484375"
"13305.256190496","5440.1484375","5440.1484375","5440.1484375"
"13315.255946246","5440.1484375","5440.1484375","5440.1484375"
"13325.25642075","5440.1484375","5440.1484375","5440.1484375"
"13335.256495304","5440.1484375","5440.1484375","5440.1484375"
"13345.256207163","5440.1484375","5440.1484375","5440.1484375"
"13355.256508786","5440.1484375","5440.1484375","5440.1484375"
"13365.255541512","5440.1484375","5440.1484375","5440.1484375"
"13375.256206711","5440.1484375","5440.1484375","5440.1484375"
"13385.25637792","5440.1484375","5440.1484375","5440.1484375"
"13395.255787265","5440.1484375","5440.1484375","5440.1484375"
"13405.256100917","5440.1484375","5440.1484375","5440.1484375"
"13415.25598719","5440.1484375","5440.1484375","5440.1484375"
"13425.25605901","5440.1484375","5440.1484375","5440.1484375"
"13435.256708054","5440.1484375","5440.1484375","5440.1484375"
"13445.256427208","5440.1484375","5440.1484375","5440.1484375"
"13455.256613773","5440.1484375","5440.1484375","5440.1484375"
"13465.255911306","5440.1484375","5440.1484375","5440.1484375"
"13475.25626384","5440.1484375","5440.1484375","5440.1484375"
"13485.255651967","5440.1484375","5440.1484375","5440.1484375"
"13495.256421847","5440.1484375","5440.1484375","5440.1484375"
"13505.25655489","5440.1484375","5440.1484375","5440.1484375"
"13515.256445656","5440.1484375","5440.1484375","5440.1484375"
"13525.25627813","5440.1484375","5440.1484375","5440.1484375"
"13535.256301332","5440.1484375","5440.1484375","5440.1484375"
"13545.256583129","5440.1484375","5440.1484375","5440.1484375"
"13555.255724377","5440.1484375","5440.1484375","5440.1484375"
"13565.256021554","5440.1484375","5440.1484375","5440.1484375"
"13575.256574003","5440.1484375","5440.1484375","5440.1484375"
"13585.256093051","5440.1484375","5440.1484375","5440.1484375"
"13595.256422464","5440.1484375","5440.1484375","5440.1484375"
"13605.256736151","5440.1484375","5440.1484375","5440.1484375"
"13615.256606292","5440.1484375","5440.1484375","5440.1484375"
"13625.256468939","5440.1484375","5440.1484375","5440.1484375"
"13635.255866876","5440.1484375","5440.1484375","5440.1484375"
"13645.255969134","5440.1484375","5440.1484375","5440.1484375"
"13655.25556686","5440.1484375","5440.1484375","5440.1484375"
"13665.256105339","5440.1484375","5440.1484375","5440.1484375"
"13675.256307416","5440.1484375","5440.1484375","5440.1484375"
"13685.256727781","5440.1484375","5440.1484375","5440.1484375"
"13695.257164111","5440.1484375","5440.1484375","5440.1484375"
"13705.256241002","5440.1484375","5440.1484375","5440.1484375"
"13715.256468869","5440.1484375","5440.1484375","5440.1484375"
"13725.256310428","5440.1484375","5440.1484375","5440.1484375"
"13735.256432218","5440.1484375","5440.1484375","5440.1484375"
"13745.256346722","5440.1484375","5440.1484375","5440.1484375"
"13755.257039889","5440.1484375","5440.1484375","5440.1484375"
"13765.256929763","5440.1484375","5440.1484375","5440.1484375"
"13775.256446932","5440.1484375","5440.1484375","5440.1484375"
"13785.255914476","5440.1484375","5440.1484375","5440.1484375"
"13795.255618776","5440.1484375","5440.1484375","5440.1484375"
"13805.256619246","5440.1484375","5440.1484375","5440.1484375"
"13815.255795963","5440.1484375","5440.1484375","5440.1484375"
"13825.256382447","5440.1484375","5440.1484375","5440.1484375"
"13835.256600856","5440.1484375","5440.1484375","5440.1484375"
"13845.256487115","5440.1484375","5440.1484375","5440.1484375"
"13855.256541133","5440.1484375","5440.1484375","5440.1484375"
"13865.256606805","5440.1484375","5440.1484375","5440.1484375"
"13875.256642297","5440.1484375","5440.1484375","5440.1484375"
"13885.256600983","5440.1484375","5440.1484375","5440.1484375"
"13895.256446805","5440.1484375","5440.1484375","5440.1484375"
"13905.256803838","5440.1484375","5440.1484375","5440.1484375"
"13915.256858565","5440.1484375","5440.1484375","5440.1484375"
"13925.256640404","5440.1484375","5440.1484375","5440.1484375"
"13935.255907472","5440.1484375","5440.1484375","5440.1484375"
"13945.256227879","5440.1484375","5440.1484375","5440.1484375"
"13955.256002985","5440.1484375","5440.1484375","5440.1484375"
"13965.256941466","5440.1484375","5440.1484375","5440.1484375"
"13975.256667133","5440.1484375","5440.1484375","5440.1484375"
"13985.255814119","5440.1484375","5440.1484375","5440.1484375"
"13995.256074667","5440.1484375","5440.1484375","5440.1484375"
"14005.256250955","5440.1484375","5440.1484375","5440.1484375"
"14015.256562389","5440.1484375","5440.1484375","5440.1484375"
"14025.255994536","5440.1484375","5440.1484375","5440.1484375"
"14035.256716513","5440.1484375","5440.1484375","5440.1484375"
"14045.256489889","5440.1484375","5440.1484375","5440.1484375"
"14055.255691968","5440.1484375","5440.1484375","5440.1484375"
"14065.25644002","5440.1484375","5440.1484375","5440.1484375"
"14075.256548513","5440.1484375","5440.1484375","5440.1484375"
"14085.255906463","5440.1484375","5440.1484375","5440.1484375"
"14095.256278741","5440.1484375","5440.1484375","5440.1484375"
"14105.256264726","5440.1484375","5440.1484375","5440.1484375"
"14115.255613369","5440.1484375","5440.1484375","5440.1484375"
"14125.256109939","5440.1484375","5440.1484375","5440.1484375"
"14135.255993977","5440.1484375","5440.1484375","5440.1484375"
"14145.257154356","5440.1484375","5440.1484375","5440.1484375"
"14155.255843511","5440.1484375","5440.1484375","5440.1484375"
"14165.256450972","5440.1484375","5440.1484375","5440.1484375"
"14175.255630222","5440.1484375","5440.1484375","5440.1484375"
"14185.256097855","5440.1484375","5440.1484375","5440.1484375"
"14195.256412841","5440.1484375","5440.1484375","5440.1484375"
"14205.256767701","5440.1484375","5440.1484375","5440.1484375"
"14215.256127729","5440.1484375","5440.1484375","5440.1484375"
"14225.256295232","5440.1484375","5440.1484375","5440.1484375"
"14235.255842911","5440.1484375","5440.1484375","5440.1484375"
"14245.256356318","5440.1484375","5440.1484375","5440.1484375"
"14255.256214997","5440.1484375","5440.1484375","5440.1484375"
"14265.256954007","5440.1484375","5440.1484375","5440.1484375"
"14275.256157642","5440.1484375","5440.1484375","5440.1484375"
"14285.256404714","5440.1484375","5440.1484375","5440.1484375"
"14295.256710859","5440.1484375","5440.1484375","5440.1484375"
"14305.25655473","5440.1484375","5440.1484375","5440.1484375"
"14315.256400394","5440.1484375","5440.1484375","5440.1484375"
"14325.255850137","5440.1484375","5440.1484375","5440.1484375"
"14335.256728038","5440.1484375","5440.1484375","5440.1484375"
"14345.256199376","5440.1484375","5440.1484375","5440.1484375"
"14355.256047077","5440.1484375","5440.1484375","5440.1484375"
"14365.255564822","5440.1484375","5440.1484375","5440.1484375"
"14375.256149215","5440.1484375","5440.1484375","5440.1484375"
"14385.255676658","5440.1484375","5440.1484375","5440.1484375"
"14395.255767816","5440.1484375","5440.1484375","5440.1484375"
"14405.256417368","5440.1484375","5440.1484375","5440.1484375"
"14415.255620832","5440.1484375","5440.1484375","5440.1484375"
"14425.25599135","5440.1484375","5440.1484375","5440.1484375"
"14435.256476431","5440.1484375","5440.1484375","5440.1484375"
"14445.257259753","5440.1484375","5440.1484375","5440.1484375"
"14455.256472258","5440.1484375","5440.1484375","5440.1484375"
"14465.256421195","5440.1484375","5440.1484375","5440.1484375"
"14475.255598556","5440.1484375","5440.1484375","5440.1484375"
"14485.25579815","5440.1484375","5440.1484375","5440.1484375"
"14495.256446794","5440.1484375","5440.1484375","5440.1484375"
"14505.25608508","5440.1484375","5440.1484375","5440.1484375"
"14515.256269102","5440.1484375","5440.1484375","5440.1484375"
"14525.256412331","5440.1484375","5440.1484375","5440.1484375"
"14535.255586304","5440.1484375","5440.1484375","5440.1484375"
"14545.256084269","5440.1484375","5440.1484375","5440.1484375"
"14555.256066507","5440.1484375","5440.1484375","5440.1484375"
"14565.256793902","5440.1484375","5440.1484375","5440.1484375"
"14575.256027928","5440.1484375","5440.1484375","5440.1484375"
"14585.256358164","5440.1484375","5440.1484375","5440.1484375"
"14595.256311433","5440.1484375","5440.1484375","5440.1484375"
"14605.255686404","5440.1484375","5440.1484375","5440.1484375"
"14615.256489771","5440.1484375","5440.1484375","5440.1484375"
"14625.257189484","5440.1484375","5440.1484375","5440.1484375"
"14635.256479175","5440.1484375","5440.1484375","5440.1484375"
"14645.256405948","5440.1484375","5440.1484375","5440.1484375"
"14655.256053509","5440.1484375","5440.1484375","5440.1484375"
"14665.256128604","5440.1484375","5440.1484375","5440.1484375"
"14675.256265573","5440.1484375","5440.1484375","5440.1484375"
"14685.256341714","5440.1484375","5440.1484375","5440.1484375"
"14695.255776213","5440.1484375","5440.1484375","5440.1484375"
"14705.256479259","5440.1484375","5440.1484375","5440.1484375"
"14715.256166304","5440.1484375","5440.1484375","5440.1484375"
"14725.256366498","5440.1484375","5440.1484375","5440.1484375"
"14735.256247934","5440.1484375","5440.1484375","5440.1484375"
"14745.257218658","5440.1484375","5440.1484375","5440.1484375"
"14755.256360552","5440.1484375","5440.1484375","5440.1484375"
"14765.256234416","5440.1484375","5440.1484375","5440.1484375"
"14775.257341554","5440.1484375","5440.1484375","5440.1484375"
"14785.256545385","5440.1484375","5440.1484375","5440.1484375"
"14795.255711996","5440.1484375","5440.1484375","5440.1484375"
"14805.257180283","5440.1484375","5440.1484375","5440.1484375"
"14815.256567175","5440.1484375","5440.1484375","5440.1484375"
"14825.256644327","5440.1484375","5440.1484375","5440.1484375"
"14835.256559674","5440.1484375","5440.1484375","5440.1484375"
"14845.255610545","5440.1484375","5440.1484375","5440.1484375"
"14855.256446381","5440.1484375","5440.1484375","5440.1484375"
"14865.256234675","5440.1484375","5440.1484375","5440.1484375"
"14875.256123964","5440.1484375","5440.1484375","5440.1484375"
"14885.255715025","5440.1484375","5440.1484375","5440.1484375"
"14895.255670755","5440.1484375","5440.1484375","5440.1484375"
"14905.256161911","5440.1484375","5440.1484375","5440.1484375"
"14915.256435437","5440.1484375","5440.1484375","5440.1484375"
"14925.256356119","5440.1484375","5440.1484375","5440.1484375"
"14935.255995945","5440.1484375","5440.1484375","5440.1484375"
"14945.256086439","5440.1484375","5440.1484375","5440.1484375"
"14955.256333959","5440.1484375","5440.1484375","5440.1484375"
"14965.256005409","5440.1484375","5440.1484375","5440.1484375"
"14975.255722359","5440.1484375","5440.1484375","5440.1484375"
"14985.256760933","5440.1484375","5440.1484375","5440.1484375"
"14995.256283074","5440.1484375","5440.1484375","5440.1484375"
"15005.256478508","5440.1484375","5440.1484375","5440.1484375"
"15015.256261031","5440.1484375","5440.1484375","5440.1484375"
"15025.255920918","5440.1484375","5440.1484375","5440.1484375"
"15035.256418859","5440.1484375","5440.1484375","5440.1484375"
"15045.256623622","5440.1484375","5440.1484375","5440.1484375"
"15055.255835226","5440.1484375","5440.1484375","5440.1484375"
"15065.25613784","5440.1484375","5440.1484375","5440.1484375"
"15075.255710622","5440.1484375","5440.1484375","5440.1484375"
"15085.256239354","5440.1484375","5440.1484375","5440.1484375"
"15095.255608631","5440.1484375","5440.1484375","5440.1484375"
"15105.256671839","5440.1484375","5440.1484375","5440.1484375"
"15115.255939387","5440.1484375","5440.1484375","5440.1484375"
"15125.255842315","5440.1484375","5440.1484375","5440.1484375"
"15135.256405714","5440.1484375","5440.1484375","5440.1484375"
"15145.25614002","5440.1484375","5440.1484375","5440.1484375"
"15155.256599711","5440.1484375","5440.1484375","5440.1484375"
"15165.255520248","5440.1484375","5440.1484375","5440.1484375"
"15175.256265393","5440.1484375","5440.1484375","5440.1484375"
"15185.256258893","5440.1484375","5440.1484375","5440.1484375"
"15195.25626438","5440.1484375","5440.1484375","5440.1484375"
"15205.256393363","5440.1484375","5440.1484375","5440.1484375"
"15215.256481204","5440.1484375","5440.1484375","5440.1484375"
"15225.255683328","5440.1484375","5440.1484375","5440.1484375"
"15235.255857921","5440.1484375","5440.1484375","5440.1484375"
"15245.256243089","5440.1484375","5440.1484375","5440.1484375"
"15255.257135644","5440.1484375","5440.1484375","5440.1484375"
"15265.255721592","5440.1484375","5440.1484375","5440.1484375"
"15275.256597818","5440.1484375","5440.1484375","5440.1484375"
"15285.256942963","5440.1484375","5440.1484375","5440.1484375"
"15295.256287787","5440.1484375","5440.1484375","5440.1484375"
"15305.256583035","5440.1484375","5440.1484375","5440.1484375"
"15315.256120626","5440.1484375","5440.1484375","5440.1484375"
"15325.255533384","5440.1484375","5440.1484375","5440.1484375"
"15335.256883254","5440.2734375","5440.2734375","5440.2734375"
"15345.257121906","5440.2734375","5440.2734375","5440.2734375"
"15355.255908633","5440.2734375","5440.2734375","5440.2734375"
"15365.255581133","5440.2734375","5440.2734375","5440.2734375"
"15375.256111777","5440.2734375","5440.2734375","5440.2734375"
"15385.257304803","5440.2734375","5440.2734375","5440.2734375"
"15395.257168232","5440.2734375","5440.2734375","5440.2734375"
"15405.256389906","5440.2734375","5440.2734375","5440.2734375"
"15415.25651743","5440.2734375","5440.2734375","5440.2734375"
"15425.255855036","5440.2734375","5440.2734375","5440.2734375"
"15435.255676291","5440.2734375","5440.2734375","5440.2734375"
"15445.256481687","5440.2734375","5440.2734375","5440.2734375"
"15455.256440414","5440.2734375","5440.2734375","5440.2734375"
"15465.256437973","5440.2734375","5440.2734375","5440.2734375"
"15475.256563292","5440.2734375","5440.2734375","5440.2734375"
"15485.256708258","5440.2734375","5440.2734375","5440.2734375"
"15495.25672675","5440.2734375","5440.2734375","5440.2734375"
"15505.255653378","5440.2734375","5440.2734375","5440.2734375"
"15515.256387815","5440.2734375","5440.2734375","5440.2734375"
"15525.256715886","5440.2734375","5440.2734375","5440.2734375"
"15535.256413181","5440.2734375","5440.2734375","5440.2734375"
"15545.255845498","5440.2734375","5440.2734375","5440.2734375"
"15555.257212114","5440.2734375","5440.2734375","5440.2734375"
"15565.255544068","5440.2734375","5440.2734375","5440.2734375"
"15575.255824837","5440.2734375","5440.2734375","5440.2734375"
"15585.255781864","5440.2734375","5440.2734375","5440.2734375"
"15595.256641706","5440.2734375","5440.2734375","5440.2734375"
"15605.255948634","5440.2734375","5440.2734375","5440.2734375"
"15615.257077957","5440.2734375","5440.2734375","5440.2734375"
"15625.256134217","5440.2734375","5440.2734375","5440.2734375"
"15635.256326534","5440.2734375","5440.2734375","5440.2734375"
"15645.256970664","5440.2734375","5440.2734375","5440.2734375"
"15655.256071291","5440.2734375","5440.2734375","5440.2734375"
"15665.25634597","5440.2734375","5440.2734375","5440.2734375"
"15675.256243208","5440.2734375","5440.2734375","5440.2734375"
"15685.25574527","5440.2734375","5440.2734375","5440.2734375"
"15695.256711936","5440.2734375","5440.2734375","5440.2734375"
"15705.257166808","5440.2734375","5440.2734375","5440.2734375"
"15715.255735661","5440.2734375","5440.2734375","5440.2734375"
"15725.25651428","5440.2734375","5440.2734375","5440.2734375"
"15735.255535428","5440.2734375","5440.2734375","5440.2734375"
"15745.255543598","5440.2734375","5440.2734375","5440.2734375"
"15755.255636268","5440.2734375","5440.2734375","5440.2734375"
"15765.255574089","5440.2734375","5440.2734375","5440.2734375"
"15775.256137307","5440.2734375","5440.2734375","5440.2734375"
"15785.256385529","5440.2734375","5440.2734375","5440.2734375"
"15795.257201926","5440.2734375","5440.2734375","5440.2734375"
"15805.256507049","5440.2734375","5440.2734375","5440.2734375"
"15815.256221686","5440.2734375","5440.2734375","5440.2734375"
"15825.257020842","5440.2734375","5440.2734375","5440.2734375"
"15835.257162657","5440.2734375","5440.2734375","5440.2734375"
"15845.256486574","5440.2734375","5440.2734375","5440.2734375"
"15855.256074917","5440.2734375","5440.2734375","5440.2734375"
"15865.256521226","5440.2734375","5440.2734375","5440.2734375"
"15875.256768269","5440.2734375","5440.2734375","5440.2734375"
"15885.256138585","5440.2734375","5440.2734375","5440.2734375"
"15895.256147924","5440.2734375","5440.2734375","5440.2734375"
"15905.255695364","5440.2734375","5440.2734375","5440.2734375"
"15915.256697957","5440.2734375","5440.2734375","5440.2734375"
"15925.256352171","5440.2734375","5440.2734375","5440.2734375"
"15935.255672983","5440.2734375","5440.2734375","5440.2734375"
"15945.25619264","5440.2734375","5440.2734375","5440.2734375"
"15955.256623544","5440.2734375","5440.2734375","5440.2734375"
"15965.256257133","5440.2734375","5440.2734375","5440.2734375"
"15975.256732548","5440.2734375","5440.2734375","5440.2734375"
"15985.256275255","5440.2734375","5440.2734375","5440.2734375"
"15995.255789709","5440.2734375","5440.2734375","5440.2734375"
"16005.256367999","5440.2734375","5440.2734375","5440.2734375"
"16015.256431471","5440.2734375","5440.2734375","5440.2734375"
"16025.255511115","5440.2734375","5440.2734375","5440.2734375"
"16035.257742093","5440.2734375","5440.2734375","5440.2734375"
"16045.256816255","5440.2734375","5440.2734375","5440.2734375"
"16055.256339274","5440.2734375","5440.2734375","5440.2734375"
"16065.255597914","5440.2734375","5440.2734375","5440.2734375"
"16075.256748505","5440.2734375","5440.2734375","5440.2734375"
"16085.255846422","5440.2734375","5440.2734375","5440.2734375"
"16095.256277127","5440.2734375","5440.2734375","5440.2734375"
"16105.256579261","5440.2734375","5440.2734375","5440.2734375"
"16115.2564214","5440.2734375","5440.2734375","5440.2734375"
"16125.2568112","5440.2734375","5440.2734375","5440.2734375"
"16135.256512102","5440.2734375","5440.2734375","5440.2734375"
"16145.256599155","5440.2734375","5440.2734375","5440.2734375"
"16155.256065084","5440.2734375","5440.2734375","5440.2734375"
"16165.255979146","5440.2734375","5440.2734375","5440.2734375"
"16175.256462687","5440.2734375","5440.2734375","5440.2734375"
"16185.257054905","5440.2734375","5440.2734375","5440.2734375"
"16195.256526945","5440.2734375","5440.2734375","5440.2734375"
"16205.255671108","5440.2734375","5440.2734375","5440.2734375"
"16215.256693457","5440.2734375","5440.2734375","5440.2734375"
"16225.256221662","5440.2734375","5440.2734375","5440.2734375"
"16235.256475594","5440.2734375","5440.2734375","5440.2734375"
"16245.256545522","5440.2734375","5440.2734375","5440.2734375"
"16255.256571747","5440.2734375","5440.2734375","5440.2734375"
"16265.255797884","5440.2734375","5440.2734375","5440.2734375"
"16275.257350119","5440.2734375","5440.2734375","5440.2734375"
"16285.25611121","5440.2734375","5440.2734375","5440.2734375"
"16295.256597977","5440.2734375","5440.2734375","5440.2734375"
"16305.256758405","5440.2734375","5440.2734375","5440.2734375"
"16315.25645624","5440.2734375","5440.2734375","5440.2734375"
"16325.256555962","5440.2734375","5440.2734375","5440.2734375"
"16335.256097119","5440.2734375","5440.2734375","5440.2734375"
"16345.255996739","5440.2734375","5440.2734375","5440.2734375"
"16355.255553513","5440.2734375","5440.2734375","5440.2734375"
"16365.255834053","5440.2734375","5440.2734375","5440.2734375"
"16375.256322966","5440.2734375","5440.2734375","5440.2734375"
"16385.256397906","5440.2734375","5440.2734375","5440.2734375"
"16395.256973761","5440.2734375","5440.2734375","5440.2734375"
"16405.256239309","5440.2734375","5440.2734375","5440.2734375"
"16415.255766496","5440.2734375","5440.2734375","5440.2734375"
"16425.256560908","5440.2734375","5440.2734375","5440.2734375"
"16435.256768868","5440.2734375","5440.2734375","5440.2734375"
"16445.256562848","5440.2734375","5440.2734375","5440.2734375"
"16455.256487763","5440.2734375","5440.2734375","5440.2734375"
"16465.256369907","5440.2734375","5440.2734375","5440.2734375"
"16475.256569284","5440.2734375","5440.2734375","5440.2734375"
"16485.255507531","5440.2734375","5440.2734375","5440.2734375"
"16495.256394178","5440.2734375","5440.2734375","5440.2734375"
"16505.255578229","5440.2734375","5440.2734375","5440.2734375"
"16515.256936339","5440.2734375","5440.2734375","5440.2734375"
"16525.255735104","5440.2734375","5440.2734375","5440.2734375"
"16535.256332996","5440.2734375","5440.2734375","5440.2734375"
"16545.255932454","5440.2734375","5440.2734375","5440.2734375"
"16555.256516467","5440.2734375","5440.2734375","5440.2734375"
"16565.256245425","5440.2734375","5440.2734375","5440.2734375"
"16575.256921072","5440.2734375","5440.2734375","5440.2734375"
"16585.256490132","5440.2734375","5440.2734375","5440.2734375"
"16595.255777277","5440.2734375","5440.2734375","5440.2734375"
"16605.25600868","5440.2734375","5440.2734375","5440.2734375"
"16615.2566812","5440.2734375","5440.2734375","5440.2734375"
"16625.255766932","5440.2734375","5440.2734375","5440.2734375"
"16635.256102256","5440.2734375","5440.2734375","5440.2734375"
"16645.255618418","5440.2734375","5440.2734375","5440.2734375"
"16655.256633749","5440.2734375","5440.2734375","5440.2734375"
"16665.256263249","5440.2734375","5440.2734375","5440.2734375"
"16675.256070616","5440.2734375","5440.2734375","5440.2734375"
"16685.256127941","5440.2734375","5440.2734375","5440.2734375"
"16695.256414995","5440.2734375","5440.2734375","5440.2734375"
"16705.2562658","5440.2734375","5440.2734375","5440.2734375"
"16715.256029023","5440.2734375","5440.2734375","5440.2734375"
"16725.255900537","5440.2734375","5440.2734375","5440.2734375"
"16735.25570665","5440.2734375","5440.2734375","5440.2734375"
"16745.256452248","5440.2734375","5440.2734375","5440.2734375"
"16755.256641322","5440.2734375","5440.2734375","5440.2734375"
"16765.255804269","5440.2734375","5440.2734375","5440.2734375"
"16775.255912234","5440.2734375","5440.2734375","5440.2734375"
"16785.25644462","5440.2734375","5440.2734375","5440.2734375"
"16795.256249535","5440.2734375","5440.2734375","5440.2734375"
"16805.256352298","5440.2734375","5440.2734375","5440.2734375"
"16815.256728451","5440.2734375","5440.2734375","5440.2734375"
"16825.256427457","5440.2734375","5440.2734375","5440.2734375"
"16835.256095686","5440.2734375","5440.2734375","5440.2734375"
"16845.255780761","5440.2734375","5440.2734375","5440.2734375"
"16855.256213685","5440.2734375","5440.2734375","5440.2734375"
"16865.256137472","5440.2734375","5440.2734375","5440.2734375"
"16875.255607569","5440.2734375","5440.2734375","5440.2734375"
"16885.256202685","5440.2734375","5440.2734375","5440.2734375"
"16895.255973476","5440.2734375","5440.2734375","5440.2734375"
"16905.25596108","5440.2734375","5440.2734375","5440.2734375"
"16915.256634301","5440.2734375","5440.2734375","5440.2734375"
"16925.256095149","5440.2734375","5440.2734375","5440.2734375"
"16935.256455413","5440.2734375","5440.2734375","5440.2734375"
"16945.255776696","5440.2734375","5440.2734375","5440.2734375"
"16955.255595844","5440.2734375","5440.2734375","5440.2734375"
"16965.257747092","5440.2734375","5440.2734375","5440.2734375"
"16975.256149431","5440.2734375","5440.2734375","5440.2734375"
"16985.256126848","5440.2734375","5440.2734375","5440.2734375"
"16995.25654152","5440.2734375","5440.2734375","5440.2734375"
"17005.256527865","5440.2734375","5440.2734375","5440.2734375"
"17015.256211353","5440.2734375","5440.2734375","5440.2734375"
"17025.256592343","5440.2734375","5440.2734375","5440.2734375"
"17035.256052919","5440.2734375","5440.2734375","5440.2734375"
"17045.255787242","5440.2734375","5440.2734375","5440.2734375"
"17055.255974474","5440.2734375","5440.2734375","5440.2734375"
"17065.256342928","5440.2734375","5440.2734375","5440.2734375"
"17075.256144592","5440.2734375","5440.2734375","5440.2734375"
"17085.256023911","5440.2734375","5440.2734375","5440.2734375"
"17095.255900245","5440.2734375","5440.2734375","5440.2734375"
"17105.255848244","5440.2734375","5440.2734375","5440.2734375"
"17115.256545233","5440.2734375","5440.2734375","5440.2734375"
"17125.25561425","5440.2734375","5440.2734375","5440.2734375"
"17135.255930843","5440.2734375","5440.2734375","5440.2734375"
"17145.256451508","5440.2734375","5440.2734375","5440.2734375"
"17155.255793638","5440.2734375","5440.2734375","5440.2734375"
"17165.256187432","5440.2734375","5440.2734375","5440.2734375"
"17175.256626201","5440.2734375","5440.2734375","5440.2734375"
"17185.255927753","5440.2734375","5440.2734375","5440.2734375"
"17195.255539955","5440.2734375","5440.2734375","5440.2734375"
"17205.256126739","5440.2734375","5440.2734375","5440.2734375"
"17215.256299251","5440.2734375","5440.2734375","5440.2734375"
"17225.256453847","5440.2734375","5440.2734375","5440.2734375"
"17235.256488198","5440.2734375","5440.2734375","5440.2734375"
"17245.255832507","5440.2734375","5440.2734375","5440.2734375"
"17255.255955852","5440.2734375","5440.2734375","5440.2734375"
"17265.255674406","5440.2734375","5440.2734375","5440.2734375"
"17275.256180439","5440.2734375","5440.2734375","5440.2734375"
"17285.256422205","5440.2734375","5440.2734375","5440.2734375"
"17295.256676111","5440.2734375","5440.2734375","5440.2734375"
"17305.256024933","5440.2734375","5440.2734375","5440.2734375"
"17315.256391663","5440.2734375","5440.2734375","5440.2734375"
"17325.255865691","5440.2734375","5440.2734375","5440.2734375"
"17335.255794165","5440.2734375","5440.2734375","5440.2734375"
"17345.256229245","5440.2734375","5440.2734375","5440.2734375"
"17355.256480128","5440.2734375","5440.2734375","5440.2734375"
"17365.256328191","5440.2734375","5440.2734375","5440.2734375"
"17375.25608971","5440.2734375","5440.2734375","5440.2734375"
"17385.256588277","5440.2734375","5440.2734375","5440.2734375"
"17395.256579823","5440.2734375","5440.2734375","5440.2734375"
"17405.2569136","5440.2734375","5440.2734375","5440.2734375"
"17415.25713135","5440.2734375","5440.2734375","5440.2734375"
"17425.256422614","5440.2734375","5440.2734375","5440.2734375"
"17435.255908948","5440.2734375","5440.2734375","5440.2734375"
"17445.255818274","5440.2734375","5440.2734375","5440.2734375"
"17455.256433118","5440.2734375","5440.2734375","5440.2734375"
"17465.256303605","5440.2734375","5440.2734375","5440.2734375"
"17475.25670052","5440.2734375","5440.2734375","5440.2734375"
"17485.256114571","5440.2734375","5440.2734375","5440.2734375"
"17495.25649918","5440.2734375","5440.2734375","5440.2734375"
"17505.256490096","5440.2734375","5440.2734375","5440.2734375"
"17515.255673748","5440.2734375","5440.2734375","5440.2734375"
"17525.256043099","5440.2734375","5440.2734375","5440.2734375"
"17535.256533455","5440.2734375","5440.2734375","5440.2734375"
"17545.256005499","5440.2734375","5440.2734375","5440.2734375"
"17555.25683026","5440.2734375","5440.2734375","5440.2734375"
"17565.256038465","5440.2734375","5440.2734375","5440.2734375"
"17575.256384191","5440.2734375","5440.2734375","5440.2734375"
"17585.255805661","5440.2734375","5440.2734375","5440.2734375"
"17595.25670039","5440.2734375","5440.2734375","5440.2734375"
"17605.255711717","5440.2734375","5440.2734375","5440.2734375"
"17615.255613048","5440.2734375","5440.2734375","5440.2734375"
"17625.256295869","5440.2734375","5440.2734375","5440.2734375"
"17635.256304045","5440.2734375","5440.2734375","5440.2734375"
"17645.255715443","5440.2734375","5440.2734375","5440.2734375"
"17655.255489584","5440.2734375","5440.2734375","5440.2734375"
"17665.256042027","5440.2734375","5440.2734375","5440.2734375"
"17675.25591687","5440.2734375","5440.2734375","5440.2734375"
"17685.256102714","5440.2734375","5440.2734375","5440.2734375"
"17695.256564354","5440.2734375","5440.2734375","5440.2734375"
"17705.256594959","5440.2734375","5440.2734375","5440.2734375"
"17715.256123685","5440.2734375","5440.2734375","5440.2734375"
"17725.256217465","5440.2734375","5440.2734375","5440.2734375"
"17735.255929503","5440.2734375","5440.2734375","5440.2734375"
"17745.256428778","5440.2734375","5440.2734375","5440.2734375"
"17755.256316917","5440.2734375","5440.2734375","5440.2734375"
"17765.256517801","5440.2734375","5440.2734375","5440.2734375"
"17775.256281581","5440.2734375","5440.2734375","5440.2734375"
"17785.256185561","5440.2734375","5440.2734375","5440.2734375"
"17795.256604209","5440.2734375","5440.2734375","5440.2734375"
"17805.256377547","5440.2734375","5440.2734375","5440.2734375"
"17815.256499088","5440.2734375","5440.2734375","5440.2734375"
"17825.256061456","5440.2734375","5440.2734375","5440.2734375"
"17835.255577478","5440.2734375","5440.2734375","5440.2734375"
"17845.257011298","5440.2734375","5440.2734375","5440.2734375"
"17855.256780864","5440.2734375","5440.2734375","5440.2734375"
"17865.256493475","5440.2734375","5440.2734375","5440.2734375"
"17875.256259091","5440.2734375","5440.2734375","5440.2734375"
"17885.256179625","5440.2734375","5440.2734375","5440.2734375"
"17895.256441175","5440.2734375","5440.2734375","5440.2734375"
"17905.256432325","5440.2734375","5440.2734375","5440.2734375"
"17915.256367451","5440.2734375","5440.2734375","5440.2734375"
"17925.256605042","5440.2734375","5440.2734375","5440.2734375"
"17935.25620337","5440.2734375","5440.2734375","5440.2734375"
"17945.256504208","5440.2734375","5440.2734375","5440.2734375"
"17955.256070373","5440.2734375","5440.2734375","5440.2734375"
"17965.257392162","5440.2734375","5440.2734375","5440.2734375"
"17975.256439188","5440.2734375","5440.2734375","5440.2734375"
"17985.25693062","5440.2734375","5440.2734375","5440.2734375"
"17995.256161534","5440.2734375","5440.2734375","5440.2734375"
"18005.256589415","5440.2734375","5440.2734375","5440.2734375"
"18015.256709796","5440.2734375","5440.2734375","5440.2734375"
"18025.256338377","5440.2734375","5440.2734375","5440.2734375"
"18035.255682856","5440.2734375","5440.2734375","5440.2734375"
"18045.25640163","5440.2734375","5440.2734375","5440.2734375"
"18055.256258812","5440.2734375","5440.2734375","5440.2734375"
"18065.256034594","5440.2734375","5440.2734375","5440.2734375"
"18075.257189788","5440.2734375","5440.2734375","5440.2734375"
"18085.255776657","5440.2734375","5440.2734375","5440.2734375"
"18095.256602012","5440.2734375","5440.2734375","5440.2734375"
"18105.256107148","5440.2734375","5440.2734375","5440.2734375"
"18115.25630319","5440.2734375","5440.2734375","5440.2734375"
"18125.256126561","5440.2734375","5440.2734375","5440.2734375"
"18135.25622389","5440.2734375","5440.2734375","5440.2734375"
"18145.256201796","5440.2734375","5440.2734375","5440.2734375"
"18155.256189338","5440.2734375","5440.2734375","5440.2734375"
"18165.255554611","5440.2734375","5440.2734375","5440.2734375"
"18175.256402198","5440.2734375","5440.2734375","5440.2734375"
"18185.256419823","5440.2734375","5440.2734375","5440.2734375"
"18195.255970663","5440.2734375","5440.2734375","5440.2734375"
"18205.256050983","5440.2734375","5440.2734375","5440.2734375"
"18215.25624819","5440.2734375","5440.2734375","5440.2734375"
"18225.257038695","5440.2734375","5440.2734375","5440.2734375"
"18235.256306178","5440.2734375","5440.2734375","5440.2734375"
"18245.25611758","5440.2734375","5440.2734375","5440.2734375"
"18255.256496003","5440.2734375","5440.2734375","5440.2734375"
"18265.256562855","5440.2734375","5440.2734375","5440.2734375"
"18275.256333353","5440.2734375","5440.2734375","5440.2734375"
"18285.256380543","5440.2734375","5440.2734375","5440.2734375"
"18295.255620996","5440.2734375","5440.2734375","5440.2734375"
"18305.255758128","5440.2734375","5440.2734375","5440.2734375"
"18315.255974222","5440.2734375","5440.2734375","5440.2734375"
"18325.256185163","5440.2734375","5440.2734375","5440.2734375"
"18335.256984696","5440.2734375","5440.2734375","5440.2734375"
"18345.256784407","5440.2734375","5440.2734375","5440.2734375"
"18355.255911414","5440.2734375","5440.2734375","5440.2734375"
"18365.256208292","5440.2734375","5440.2734375","5440.2734375"
"18375.256289239","5440.2734375","5440.2734375","5440.2734375"
"18385.256372326","5440.2734375","5440.2734375","5440.2734375"
"18395.256435761","5440.2734375","5440.2734375","5440.2734375"
"18405.256382304","5440.2734375","5440.2734375","5440.2734375"
"18415.256491033","5440.2734375","5440.2734375","5440.2734375"
"18425.25644405","5440.2734375","5440.2734375","5440.2734375"
"18435.257239777","5440.2734375","5440.2734375","5440.2734375"
"18445.25625093","5440.2734375","5440.2734375","5440.2734375"
"18455.25582391","5440.2734375","5440.2734375","5440.2734375"
"18465.256217988","5440.2734375","5440.2734375","5440.2734375"
"18475.255934327","5440.2734375","5440.2734375","5440.2734375"
"18485.255912158","5440.2734375","5440.2734375","5440.2734375"
"18495.256343381","5440.2734375","5440.2734375","5440.2734375"
"18505.256690257","5440.2734375","5440.2734375","5440.2734375"
"18515.25583931","5440.2734375","5440.2734375","5440.2734375"
"18525.256458292","5440.2734375","5440.2734375","5440.2734375"
"18535.255818954","5440.2734375","5440.2734375","5440.2734375"
"18545.25606205","5440.2734375","5440.2734375","5440.2734375"
"18555.256811396","5440.2734375","5440.2734375","5440.2734375"
"18565.256307573","5440.2734375","5440.2734375","5440.2734375"
"18575.256040873","5440.2734375","5440.2734375","5440.2734375"
"18585.255548985","5440.2734375","5440.2734375","5440.2734375"
"18595.25639483","5440.2734375","5440.2734375","5440.2734375"
"18605.256462104","5440.2734375","5440.2734375","5440.2734375"
"18615.256708456","5440.2734375","5440.2734375","5440.2734375"
"18625.256473187","5440.2734375","5440.2734375","5440.2734375"
"18635.256311302","5440.2734375","5440.2734375","5440.2734375"
"18645.256546489","5440.2734375","5440.2734375","5440.2734375"
"18655.256329226","5440.2734375","5440.2734375","5440.2734375"
"18665.256026127","5440.2734375","5440.2734375","5440.2734375"
"18675.25629834","5440.2734375","5440.2734375","5440.2734375"
"18685.255940127","5440.2734375","5440.2734375","5440.2734375"
"18695.25562361","5440.2734375","5440.2734375","5440.2734375"
"18705.255791615","5440.2734375","5440.2734375","5440.2734375"
"18715.256483101","5440.2734375","5440.2734375","5440.2734375"
"18725.257110451","5440.2734375","5440.2734375","5440.2734375"
"18735.25696297","5440.2734375","5440.2734375","5440.2734375"
"18745.25606207","5440.2734375","5440.2734375","5440.2734375"
"18755.256556571","5440.2734375","5440.2734375","5440.2734375"
"18765.255686755","5440.2734375","5440.2734375","5440.2734375"
"18775.256255745","5440.2734375","5440.2734375","5440.2734375"
"18785.256733932","5440.2734375","5440.2734375","5440.2734375"
"18795.256094263","5440.2734375","5440.2734375","5440.2734375"
"18805.255621688","5440.2734375","5440.2734375","5440.2734375"
"18815.256167625","5440.2734375","5440.2734375","5440.2734375"
"18825.256636193","5440.2734375","5440.2734375","5440.2734375"
"18835.255564752","5440.2734375","5440.2734375","5440.2734375"
"18845.255783636","5440.2734375","5440.2734375","5440.2734375"
"18855.256574634","5440.2734375","5440.2734375","5440.2734375"
"18865.255763234","5440.2734375","5440.2734375","5440.2734375"
"18875.256439111","5440.2734375","5440.2734375","5440.2734375"
"18885.257106195","5440.2734375","5440.2734375","5440.2734375"
"18895.255579796","5440.2734375","5440.2734375","5440.2734375"
"18905.256118995","5440.2734375","5440.2734375","5440.2734375"
"18915.255525722","5440.2734375","5440.2734375","5440.2734375"
"18925.256569339","5440.2734375","5440.2734375","5440.2734375"
"18935.256647542","5440.2734375","5440.2734375","5440.2734375"
"18945.257110282","5440.2734375","5440.2734375","5440.2734375"
"18955.255529486","5440.2734375","5440.2734375","5440.2734375"
"18965.255637736","5440.2734375","5440.2734375","5440.2734375"
"18975.256187426","5440.2734375","5440.2734375","5440.2734375"
"18985.256053684","5440.2734375","5440.2734375","5440.2734375"
"18995.256341386","5440.2734375","5440.2734375","5440.2734375"
"19005.256516322","5440.2734375","5440.2734375","5440.2734375"
"19015.256839341","5440.2734375","5440.2734375","5440.2734375"
"19025.256226813","5440.2734375","5440.2734375","5440.2734375"
"19035.256003487","5440.2734375","5440.2734375","5440.2734375"
"19045.256253461","5440.2734375","5440.2734375","5440.2734375"
"19055.256499764","5440.2734375","5440.2734375","5440.2734375"
"19065.256523056","5440.2734375","5440.2734375","5440.2734375"
"19075.255998357","5440.2734375","5440.2734375","5440.2734375"
"19085.256509052","5440.2734375","5440.2734375","5440.2734375"
"19095.256359922","5440.2734375","5440.2734375","5440.2734375"
"19105.256487776","5440.2734375","5440.2734375","5440.2734375"
"19115.256340594","5440.2734375","5440.2734375","5440.2734375"
"19125.257346489","5440.2734375","5440.2734375","5440.2734375"
"19135.256039653","5440.2734375","5440.2734375","5440.2734375"
"19145.256589829","5440.2734375","5440.2734375","5440.2734375"
"19155.256168608","5440.2734375","5440.2734375","5440.2734375"
"19165.256842807","5440.2734375","5440.2734375","5440.2734375"
"19175.256053909","5440.2734375","5440.2734375","5440.2734375"
"19185.25692991","5440.2734375","5440.2734375","5440.2734375"
"19195.256582056","5440.2734375","5440.2734375","5440.2734375"
"19205.256295091","5440.2734375","5440.2734375","5440.2734375"
"19215.256860681","5440.2734375","5440.2734375","5440.2734375"
"19225.255622947","5440.2734375","5440.2734375","5440.2734375"
"19235.255522075","5440.2734375","5440.2734375","5440.2734375"
"19245.257073616","5440.2734375","5440.2734375","5440.2734375"
"19255.256800452","5440.2734375","5440.2734375","5440.2734375"
"19265.256413819","5440.2734375","5440.2734375","5440.2734375"
"19275.257128985","5440.2734375","5440.2734375","5440.2734375"
"19285.256299568","5440.2734375","5440.2734375","5440.2734375"
"19295.25610284","5440.2734375","5440.2734375","5440.2734375"
"19305.2557461","5440.2734375","5440.2734375","5440.2734375"
"19315.25623047","5440.2734375","5440.2734375","5440.2734375"
"19325.256978862","5440.2734375","5440.2734375","5440.2734375"
"19335.255799102","5440.2734375","5440.2734375","5440.2734375"
"19345.255998351","5440.2734375","5440.2734375","5440.2734375"
"19355.257095424","5440.2734375","5440.2734375","5440.2734375"
"19365.257102746","5440.2734375","5440.2734375","5440.2734375"
"19375.256277252","5440.2734375","5440.2734375","5440.2734375"
"19385.255523464","5440.2734375","5440.2734375","5440.2734375"
"19395.255571576","5440.2734375","5440.2734375","5440.2734375"
"19405.255981785","5440.2734375","5440.2734375","5440.2734375"
"19415.256825981","5440.2734375","5440.2734375","5440.2734375"
"19425.255662791","5440.2734375","5440.2734375","5440.2734375"
"19435.256205159","5440.2734375","5440.2734375","5440.2734375"
"19445.256348581","5440.2734375","5440.2734375","5440.2734375"
"19455.255572528","5440.2734375","5440.2734375","5440.2734375"
"19465.255751154","5440.2734375","5440.2734375","5440.2734375"
"19475.25663819","5440.2734375","5440.2734375","5440.2734375"
"19485.256199315","5440.2734375","5440.2734375","5440.2734375"
"19495.255929678","5440.2734375","5440.2734375","5440.2734375"
"19505.255585601","5440.2734375","5440.2734375","5440.2734375"
"19515.257076224","5440.2734375","5440.2734375","5440.2734375"
"19525.256574263","5440.2734375","5440.2734375","5440.2734375"
"19535.256038722","5440.2734375","5440.2734375","5440.2734375"
"19545.256939055","5440.2734375","5440.2734375","5440.2734375"
"19555.256215262","5440.2734375","5440.2734375","5440.2734375"
"19565.255758956","5440.2734375","5440.2734375","5440.2734375"
"19575.256622012","5440.2734375","5440.2734375","5440.2734375"
"19585.256460583","5440.2734375","5440.2734375","5440.2734375"
"19595.256389774","5440.2734375","5440.2734375","5440.2734375"
"19605.256612414","5440.2734375","5440.2734375","5440.2734375"
"19615.256693696","5440.2734375","5440.2734375","5440.2734375"
"19625.256366568","5440.2734375","5440.2734375","5440.2734375"
"19635.255891132","5440.2734375","5440.2734375","5440.2734375"
"19645.255978427","5440.2734375","5440.2734375","5440.2734375"
"19655.25581594","5440.2734375","5440.2734375","5440.2734375"
"19665.255514957","5440.2734375","5440.2734375","5440.2734375"
"19675.256391154","5440.2734375","5440.2734375","5440.2734375"
"19685.25649293","5440.2734375","5440.2734375","5440.2734375"
"19695.255551206","5440.2734375","5440.2734375","5440.2734375"
"19705.255964347","5440.2734375","5440.2734375","5440.2734375"
"19715.256558597","5440.2734375","5440.2734375","5440.2734375"
"19725.255944253","5440.2734375","5440.2734375","5440.2734375"
"19735.256398831","5632.48828125","5632.48828125","5632.48828125"
"19745.255781405","5632.73828125","5632.73828125","5632.73828125"
"19755.255613601","5632.73828125","5632.73828125","5632.73828125"
"19765.25646547","5632.73828125","5632.73828125","5632.73828125"
"19775.256154662","5632.98828125","5632.98828125","5632.98828125"
"19785.256265436","5633.11328125","5633.11328125","5633.11328125"
"19795.255813543","5633.11328125","5633.11328125","5633.11328125"
"19805.255761735","5633.11328125","5633.11328125","5633.11328125"
"19815.256569736","5633.36328125","5633.36328125","5633.36328125"
"19825.25626009","5633.36328125","5633.36328125","5633.36328125"
"19835.255826118","5633.61328125","5633.61328125","5633.61328125"
"19845.255824924","5633.61328125","5633.61328125","5633.61328125"
"20645.256076755","5646.078125","5646.078125","5646.078125"
"21775.256687177","5812.296875","5812.296875","5812.296875"
"21785.255518323","6010.05078125","6010.05078125","6010.05078125"
"21795.255840178","8924.3359375","8924.3359375","8924.3359375"
"21805.255801448","6269.96875","6269.96875","6269.96875"